1.2270058676399311	0.5821167111774026	0.23614479391043136	0.8895875778243485	0.33416813114626603	0.6080052301850842	0.8908953546346021	0.3873938318258012	1.0517861873672838	0.37395067016086364	1.0158416209407388	0.18908756601962923	0.6587585532135918	0.5263962872074339	0.07261821037676497	1.0377529105577243	1.1160330296048475	0.6339245706206921	1.3866151883686018	0.9890919809846801	0.7433142819050317	0.9135358037139036	0.5281194498723008	0.24361589665176492	0.6216443099169365	0.467835081126198	0.8273894640796278	0.35399996528023703	0.6981115643197496	0.6032807926105235	0.8758938200210817	0.10434019256969296	0.3442582580956072	0.4178414084557899	0.8457534535748162	0.6781121309462802	0.23214271627981908	0.7300035303054921	0.280446148953338	0.15286429711228788	1.3454197660999012	0.49317086984116404	0.479395956675291	0.781173301613358	1.03109063524667	0.9990936336453946	0.5255668376267792	1.0953203967496745	0.5400647718008864	0.26861988664691805	0.516812310516894	1.0589485689208125	0.5034742789052442	0.44006094707180465	1.0127264332665324	0.8093937373880462	0.724032132446174	0.7190582319863454	0.4904181842675032	1.1915038962517934	0.2509226346467125	0.8292559207611683	0.32300388444707395	0.7164471405497668	0.1826704802854242	0.21014536053696198	0.7794809131575403	0.2695136469500077	0.31918142326029686	0.25504169426887824	0.44187664484876765	0.8460988985502416	0.28962635563314276	0.13512721737765798	0.7423215772216135	0.02293240895436577	-0.31495743218188715	0.20223553470518063	0.3810669202598149	0.2904019534727401	0.2259025791228677	0.09392941055564119	0.9797091400470244	1.2759326922676308	0.9254315236004116	0.679016090526921	0.22198914104695366	0.7336809392668019	0.30470767626182027	0.7617362075741857	0.4015101999719465	0.2905102708002628	0.44642229230985025	0.7884790244024382	0.8073417507926522	0.3641443453310946	0.7281690283049396	0.6995582674005034	0.25086637474290013	0.5377554367676733
0.7957808752435591	0.7419739601778208	0.23174936914190802	0.6464452045757869	0.6223629631789971	0.8124198841470951	0.47089547268179616	1.114144416159411	0.9135629892882586	0.7069543296238738	0.4550095743218189	0.16031234593105215	0.24317415155315392	0.5633664337664971	0.25603274629158207	0.6341721683602966	0.6357552006732856	0.4468116494526082	0.4443373122181623	0.4258383628381879	-0.12054908194002922	0.9777012072755958	0.625560014498973	0.7674472349875219	0.6913077893093684	0.6370285910303576	0.22897195337552478	0.6068866899705716	0.5902518363282601	0.23206021517920256	0.6584490293048686	0.532065338427417	0.9647324300639815	0.3705354731817607	0.5240601915697638	0.6754441893699197	0.9008356713621672	0.8105884513735833	0.3980870938308536	0.3097231279451039	0.4718886023351124	0.7124739955919789	0.793421489588932	0.2728961809649595	0.35933957872428485	0.3867039931893713	-0.003127297927507877	0.5994843837450403	0.3320665425087945	0.3787335160981653	0.17042727390143197	0.5152887017725133	0.4246755799241998	0.5040919809846802	0.7057870373070796	0.6245088542339362	0.2973687947103747	0.4555616199408098	0.7065870820261342	1.285393454074781	0.8377022460909018	0.30092466505844717	0.5778385281042593	0.5155881444508792	0.7058917659999084	0.6993681808649665	1.262840771000943	0.5908206446487818	0.3645668848456568	0.297513717778324	0.1386812225800672	0.6979019652774595	0.755763582024051	0.6191539543726764	0.278042544208674	0.35223629020722147	0.5018474524721165	0.5904288321243911	0.1640938461303436	0.3253736582547625	0.3785685375063711	1.0049027443889391	0.9069611291422414	0.6766837723994551	0.47515300999512533	0.0913510529115299	0.45796230961418016	0.5592375178980378	-0.24834848920423686	-0.055904359552309435	0.2397865651183042	0.788760441968694	0.012506446071181065	0.6651679186613171	0.6014220089965849	1.0530862675004964	0.43711158792918836	0.3967802377887122	0.3773087572963582	0.9659200376084471
0.5288625264043796	0.5249184557760492	0.3490836940716699	1.034721640550461	0.7179712923112391	1.295334172162805	1.1446172896086526	0.6998400627177799	0.6202563693405052	0.1667876983713653	0.2824000411081993	0.384812404954649	0.2584266836654625	0.9781744348664192	-0.021772138362421534	0.6710324865877555	0.7234258573351053	0.4344510361071646	0.35255921177805466	0.5856964617784017	0.16064645837586505	0.23503555581479652	0.7873366511538766	0.17630682132237852	1.050250466980811	0.6838062192816897	0.7947203892502059	0.6235260530156892	0.44239076259876037	0.5590061745626351	0.39553594537053627	0.5345939051539406	0.7474260462106157	0.9564799687799892	0.6936721565555773	0.8035025505137832	0.9129744559760351	0.4054212534945441	0.19014222048160478	0.7759717645000146	0.9474395855293583	0.744610608137479	0.48480858022556733	0.5930021137391657	0.023337760797499052	0.3625938815445017	0.4757624723804287	0.47837493316445634	0.18884546927925938	0.2432639479703521	0.8453750039927728	0.27601599608916594	0.5943468740408666	0.8169592403871392	0.4843766094346095	0.2987632987107858	0.7188448790432901	0.20795237004045541	0.6775904109570017	0.6037844874876919	0.08473415355301228	0.10448497398100964	0.4438707188796349	0.4187860929295286	0.4740080397082985	0.6199518978516799	0.5997286761632162	0.6159854579745047	0.3152088449290398	0.4400986388464151	-0.0053463407453083756	0.19468134062726106	0.2939891174375149	-0.22142584344720023	0.4462658367254543	0.25318409112687856	0.6019045150968473	0.42484716915885123	0.8608181656577104	0.5533446311441829	0.417983522000525	0.6539030513116433	0.0816557841041815	0.2887646208393573	1.2918482551930348	0.4019879369655761	0.03832245077084817	0.12584686223614716	0.33381958222403685	1.0918160644176593	0.28778703730707966	0.1506460570154059	0.5817787031751918	0.11266436544078129	0.24413690835788016	1.3511946320468966	1.1083067504940622	1.0097801197415184	0.5098909868884287	0.8858915535149592
0.13561762014079565	0.5362547166797907	0.5582516710621886	0.5791408747435945	0.06177849069024277	1.382669134547414	0.11231232232161337	0.7633125584160011	0.3908421167389532	-0.019211215594450937	0.8002859630776155	0.4561460452106864	0.07059307882358334	0.7485927482914405	0.8906450890284159	0.6126999323659019	0.5664225047947993	0.3166180687201323	0.021145218880329275	0.6039209583765595	0.48078354311014077	0.8720365710206637	0.2792861283436868	0.12914507722369672	0.5291416066361967	0.6273640492131807	0.6193047909106437	0.8579727560964432	0.5181661951722865	0.7918360018943102	0.7212301753625785	0.350954943469282	0.8883441589554074	0.6400676757618559	0.7574246060348504	0.3352288768434459	0.4103953428298829	0.5122562512933111	0.6870043094169718	0.30683590745655515	0.07647213044631562	0.7689976987741147	0.0658073761441898	1.4950589402695085	1.2298668941505533	0.7047318870468898	1.1978195350051593	0.5636541314434673	0.7619876536523107	0.16501701129503332	0.460016515496819	0.6959610110950475	0.11448657942284646	0.5616558785419367	0.1996012004705222	0.14604589674898028	0.6230164446685026	0.2677124689778919	0.44926812684101536	0.41529290425261534	0.4952099781821011	0.5913208453290115	0.4304011743612606	0.9061481464507376	1.1723970899283522	0.2773407828056624	0.3052281449508438	0.7276238530326323	0.3219586029322923	0.6890720198985905	0.31784693306446354	0.071486626641724	1.187430413956789	0.7074607159770627	0.69890697047848	0.2568489870856371	0.2476282443882447	0.3100138240207986	0.052122212176637484	0.27073193426576725	1.1171794400674397	0.7074052115752911	0.07873885183132867	0.13301828620472722	0.23795935843433313	0.7705427212794649	0.038018404251921045	0.26929073218424804	0.1911796053335112	0.6748378906494124	0.3480873535346801	1.5697255833267365	0.6657221363486754	0.5364119513756664	0.4249127659013042	0.5626918107189629	0.8198079427707204	0.7339199903895697	0.9197255361078591	0.481030550613776
0.5863673545346093	0.08114510083313542	0.22161679381043842	0.7116981616579936	0.10425514164968869	1.6221451480520128	1.0221457382879824	0.4953698571351195	0.34237115565425225	0.6221489255622171	0.9657054569745753	0.5479816332454229	0.7658438166185452	0.46206592866338636	0.15569986153758553	0.6887533119181835	0.7135873417299607	-0.09266079902673563	0.9781723572358068	0.4196163688405405	0.9656999795847794	1.0418961573555205	0.39553511904017913	0.5757247333869407	0.610781725183355	0.798503707376283	0.23649997708495646	0.35925202520377036	1.1537803322264673	0.5493939026541176	1.007563485086473	0.8576208546339079	0.10298470247246383	0.30276358202405107	0.7537035918289121	0.7995110026928648	1.5247567825056836	0.25564641115698755	0.5219233429298757	0.9770040261037065	1.326474727484581	0.5288329562767082	0.6841675881291742	0.6520611831661923	0.7845318845470668	0.4933984592758013	0.6503741540529767	0.578628858233653	0.04287853360386973	0.26501892365957413	-0.08048262275866569	0.46060162544042027	0.32240681701712803	0.10501873478406387	0.8563807883052729	-0.08017541257494254	0.7114641865645627	0.2034060615150871	0.8446314552719183	0.3265717719994834	0.30168381961833257	0.5188777781018288	0.4010113214202883	0.8119818693398108	1.0256775158981795	0.9803996397477401	0.636065220380223	0.20490118616597985	0.8403738471302726	0.4686254584744691	0.6380146739605945	0.7120978125160579	0.3918484912874227	0.24951671617704851	0.7425434767815059	0.4729319367655902	0.6368491287422697	0.5436268042124794	0.7403161942695725	0.8483696210407319	0.5119035707192963	0.19045986603726683	0.31135185563244827	0.01212591885852532	0.34721160723337663	0.14843298738561583	0.5784867682983567	-0.003600950488229282	0.5086996962715141	0.7193372177804072	0.30825197798489273	0.3852778650401152	0.36055491486019736	0.2489147018752838	0.21910974639296382	0.8790276466528064	0.40239088064595424	0.840974880945933	1.0751668326271333	0.24203286433877602
1.3287014669794222	0.1256709052553222	0.882422528404238	0.443534812117475	0.22411758472663745	0.6792303642380886	0.5648699633775942	0.29792723848727376	0.7460083702404413	0.4723991203400869	0.0965676403476976	0.7209820818247596	0.8172589427693315	0.4615910956307261	0.9019251844661003	0.6470330059954087	1.1428386933703307	0.17394807312259825	1.011974243491086	0.5904176176409727	0.1014175704220951	0.1623942095768216	0.9415035893290891	0.280977619640831	0.3021719794847865	0.4000056079361045	0.1433352345875501	0.5047265513137265	0.5819498438305064	0.5912003691405192	0.6123133847463583	0.6037878636374366	0.004984371940320864	0.354403015897485	0.5031781179388682	0.4062628855456072	0.18023012814370087	0.6788415973313001	0.7913127000726338	0.7952847353867989	0.8738371115379326	0.16230731712059293	0.726865430365349	0.1344773717417238	0.8414798507327953	0.7577057638972794	0.6588449970904839	0.0758221320434247	1.05221366125455	0.799686298609404	0.004910700769806597	0.5680192069728395	0.2892957373852685	0.5650489895854599	0.7115514803812507	0.304577697968616	0.4799915728191475	0.9173777899065483	0.110186357633001	0.10877278970517368	0.8526325649155406	0.48376875249114304	0.3752632632966276	1.1856212087754896	0.8904822352861117	0.855565798811473	0.6827603475309387	0.9117049611763611	0.7433436867666319	0.06084620117186146	0.8296778228208835	0.29220672007954995	0.4765658696397894	0.3831796997712662	0.340375712275936	0.8929309451691616	0.6312631216399949	0.5792369276620685	0.51629011833884	0.2805659640775445	0.45923451949931315	0.33090059593001053	-0.10140243538304922	0.5737639597750716	0.43623801369625204	1.2753180830246746	0.5859260344058963	0.656453113737777	0.23767097608363852	0.36008586614003724	0.6298625027949409	0.6982489559767293	0.8793310793263256	1.0053305835281112	0.4044425603186441	0.6362229036554357	0.7153904084571787	0.17827942326307444	0.11900135823712488	0.008533206675638283
0.24247765505498914	0.5732277671998234	0.549674517499455	0.07973117876372648	0.7921482881073701	-0.0037702023884419456	0.4425101291436302	0.6565102944097015	1.111957469679231	0.8952626494512195	0.35123433062380305	0.05015185313262538	0.7936770909282814	1.0807010184000854	0.8818975503124084	0.8480609470718047	0.6044184675807687	0.7657785851279979	0.6979703007148104	0.8350258759448983	0.17633681641994808	0.588918904355386	0.9193624673807828	0.4079216194408452	0.3938952129779696	0.4780343989522965	0.5535866570562362	0.32039411513906657	0.06645183882808298	0.45803862504183745	0.4300659522728252	0.5809541171389249	0.4824293751414831	0.5199577293830575	0.2958729381668799	1.067040962376276	0.26231683172441955	0.6936482763026508	1.1300916504525373	-0.048214993104655046	0.4326731481520059	1.0420332656992353	0.5347568297245611	0.6705066585561301	0.7022053507321009	0.09609408222473137	0.6492340709199764	0.7980131865659514	0.4586264736803365	0.42321335433184604	0.5256280082938569	0.3218251068327105	0.1443232298823277	0.14640778500411777	0.3966047654957774	0.7215502526904345	0.4517132953082489	0.4450178612348292	0.021519879841844558	0.17902215815268652	1.0051320100937295	0.48059966585700176	0.9143480781222441	0.28534378120438686	0.17395576979963923	0.7138992974108778	0.5942595330053011	0.41375730191333665	1.931009881244523	-0.008962602648978968	0.7369274037533452	0.33534592966331556	0.40417559172891926	0.7090390027928578	0.462458473080379	0.20112469116770892	0.239711500990902	0.5341557250805845	0.2181796053335111	0.3418156394477614	0.19581481311740423	0.7591741751625926	0.28892539695104935	-0.24188040847106662	0.7002025648183252	1.0328413376274737	0.5239782570956781	0.21155859793264642	0.3629476009338227	0.48836208962976235	0.16689030221470424	0.8339712214829227	1.0739422415912208	0.5767201059369406	0.7368042833077102	1.0853617354881806	0.35069603680850386	0.7244761204414687	0.3765897971115935	0.03800485243406371
0.6036167702009996	0.828784888848151	1.32978529020861	0.702009125742482	0.5933712973108849	0.7189830025928718	0.35409412944360885	0.43542720307311567	0.062070178362365946	0.5405973757414406	0.4502085616157746	-0.0739872147945076	0.4351796289429499	0.14287270207249214	0.4952031078354173	0.689921005595437	0.6626947382893711	0.6908601418510633	0.6195239517756381	0.6957475276056835	0.8153350457120399	0.44180640815719996	0.5044716346481013	0.877782032106059	0.314728912257604	0.4586752257826182	0.4951412761040537	0.24880919407097557	0.5453664337664971	0.460591851132767	0.4335398409279343	0.4821773624368273	0.38606944646976393	0.21331815385299102	0.4999249955905902	0.7146514871863243	0.44276190575389796	0.5595921816649099	0.26026288554560717	0.5781235106957702	0.7000091965707985	0.4297024821852897	0.6685096805642934	0.09720825469307037	0.19368186003491428	0.005790673160651072	0.44984544566982054	1.0880956640571293	1.189512560915824	0.5978228875454655	0.8278498134159941	0.04071459382738163	0.3962120322032745	-0.055371661174000164	-0.007705679181058023	0.21435176119469312	0.3021555362050744	-0.11867736035364163	0.447716458973045	0.3531597386851766	0.11329661093450327	0.1382376595546705	0.07745915775410361	0.7772067672984274	0.393289787806697	0.23251140405332404	0.23331541515809295	0.1870923351262619	0.3036200755224283	0.21850727240153817	0.827118576323066	0.7969231068354881	0.4949499854871391	1.0243180121963584	0.2413470865258156	0.268928584225284	0.7347666512510919	0.24507145327205992	0.5862321113365581	0.8821442508933395	0.19514562024078852	0.770035178063776	0.420670291409914	0.840755059016653	0.20339428040513796	1.1905054780841913	0.3679481911697921	0.5258348922506877	0.34511052550444343	0.3436671513545569	0.831693062019218	0.51105216436058	0.87230120227595	0.6630815928316188	0.2685584326665751	1.3335872472922057	1.0584738303259076	0.24142071047745228	0.5259225638183963	0.5332561804649948
0.63206238724757	0.2903676614573135	0.7045076737619973	0.470617997891816	0.6454815270029485	0.8031496338453804	0.3777614571745612	0.45078906771881433	0.5240421428482149	0.4628179059538837	0.7332047368866927	0.4469269787834472	0.1588449734810451	1.1992033675392437	0.4375357801044648	0.6056469541740793	0.8617267874081143	0.6365308929506382	1.1654427491941541	0.160333133347499	0.8244743261241217	0.664527021002679	1.2780813567372311	0.9804452517946645	0.776226020101354	0.261200392749958	0.6322553069157602	1.1427271415496958	0.7532825869278705	0.5480086299442679	-0.00026697970004896376	0.6113981759625361	-0.07343280823163911	0.9842335515123235	0.314150200471911	0.376155158454054	0.6236269222596732	0.732708030403402	0.7890161141363596	0.5474846198394281	0.4964570801234912	0.8362590372070866	0.3296771617565978	0.3692930222998094	1.0364311222399525	0.6352624605757093	-0.1763491974874002	1.1447319342657671	0.5354571745612463	0.37162300309283647	0.40145776479721584	0.601933329722478	0.20168160033108773	0.5771791567541743	0.2758486093346165	0.9390693992508864	0.31926283832672964	0.4297649041526226	0.09223931221538484	0.2978270191972513	0.2828256498498024	0.7841844452684602	0.04254715985395474	0.011881461174278019	0.9103192634966135	0.318011038107023	0.17134234102862156	0.6275360161988525	0.20747635653585655	0.6844192939111257	0.7924252434896971	0.5668669885883084	0.29547774949274425	0.2942659783820868	0.8569869217597086	0.23434888084316252	-0.2594310611331697	0.2777878164185592	0.6131718378281539	0.6015031407497525	0.8095022672005178	0.5878930173001635	0.8660819469732004	0.3718328146200755	1.0948333340277285	0.6708321771652286	0.5049451455521901	0.17302800079438824	0.5500816400504964	0.4211954819866926	1.0793610744238948	0.5537197990142364	1.2982481296463722	0.41813789995430883	1.0253893696418726	0.884337996891887	0.3261698546352967	0.7513085920302867	1.1258400154989021	0.21870042816411622
0.5462006524537846	0.7127018211210039	0.7081755445100417	0.6257017502926876	0.9463109529741642	0.7009494424700473	0.4803970427094747	-0.13871184124457853	0.6228748977502983	0.1500662119766517	0.15326118566601532	0.4634832741014179	0.704982577622974	0.3040935628170782	0.7473976093360053	0.09386901900004307	0.4913944692806481	0.9500329823859699	0.4075862320863384	0.4700586569562433	1.2822507739035152	0.48627692066256417	0.8124978286260278	0.6242781011345029	1.281695777104677	0.5750851342474352	0.6848943630381736	0.9242281921697214	0.53711656952077	0.30923492085977244	0.4865093264227117	0.07073231201678765	0.1393152498920216	0.19884497348104513	0.47115135733441094	0.9359049164573066	0.14704469266760278	0.6467123509306979	1.3273524458684176	0.48557299969029966	0.007179392848562061	0.3544268017126564	0.2858174573745471	0.7120412692989803	0.545038034805868	0.94303876669847	0.2299278051138045	0.9579282064742636	-0.007624877960033416	0.015456230183695352	0.47759586473735893	0.8665670265022893	0.3420999373655478	0.5859027916078166	0.7157360895269917	0.8159282300837024	0.3284843365261627	0.8132388400266092	0.4176007991100631	0.502466594727318	-0.11650676271541871	0.528770759293439	0.12449068746519343	0.4480745224991006	0.4549307326842126	0.3639544712805065	0.3694840296034587	-0.0035765036087721525	0.36061429120992816	0.23192058062553905	0.14903446978061274	0.43706089985292707	0.5562320641176806	0.3237903190190695	0.35282076269597573	0.5069570683187719	1.2700397346854597	0.2213700932295073	0.9317242375887265	-0.05533334444365745	0.5176129218624792	0.6216678360282814	0.41996963965052475	0.8845524122596871	1.4556903941526365	1.1173282225842336	1.3324419936921135	0.5172214398702315	0.6747503843477753	0.7595286736633933	0.8301948209224069	0.7272488615389743	0.4444457003740013	0.3725025741232218	0.6205054780841912	0.5448119327658735	0.6855066349466914	0.3409517089761698	0.573703284906208	0.9690643232215495
0.4016751313448631	0.7194253851463298	0.4310924531734558	0.14300652870421676	1.0852566290443315	1.1527798836471306	0.0771478395280335	0.0847905315040185	0.5516535884263754	0.5170933267226905	0.9403696682596094	0.37509228790738436	0.3093165956300318	0.6452619647774949	0.566814624241894	1.0755907178797055	1.167645608436069	0.33533863434673383	0.6673634117583337	0.4810861022344251	1.0818356713621673	0.5139726380492493	0.07074795257558147	0.5357498413306836	0.2668368518341062	0.41803057422321477	0.7370332656992351	0.2261181041342905	0.6938437693996676	0.06478998848692663	0.9703711320448135	1.0816728176198631	0.2053672600968543	0.7311775277028988	0.26637559422874213	0.16409826109539472	0.32026564784994405	0.1956864638754755	0.4704680821219608	0.3051872311822357	0.613901800011388	-0.025183510612442728	0.5369808069150658	0.5850102589955433	0.6216494567745896	0.742871332725043	0.8340090785236046	0.6351503421285438	0.1815978243207773	0.7528723007120328	0.3156518177184672	-0.13195925010867288	0.5890648426292028	0.18234219937198892	0.9669817512926169	0.29931595817518475	-0.015518213293225114	0.39573762414051217	0.16221104060684588	1.133049697868623	0.501272707072138	0.3861319864842907	0.30168041985914895	0.47140256731814834	0.7891243134166885	0.4129562655978535	0.5940926656584047	0.4028655484125431	0.3744460309061441	0.6263362261839786	0.5107264096570937	0.6679209583765595	-0.04293782523737899	1.0869846552535862	0.6924866738606016	0.9740946960701394	0.6052616578547908	0.822618824222173	1.2252561096366785	0.42180647898551626	0.6570802470936088	0.5873299460732643	0.46674604021104055	0.4080247426918371	0.25980251259980197	0.051830713380024485	0.5994449684813993	0.5396394699819873	0.5283611216427726	0.25952848478788304	0.8970578070164474	1.0951128392294436	0.350114468280719	0.8219758725423616	0.695422953374136	0.4799518978516799	0.423176984685807	0.42692872588191666	1.1786496928689774	0.13495414074836365
0.6657316745619408	0.5223993092155972	0.285173821021011	0.2904216076361258	0.7475327817057402	0.5206703622382303	0.6561177499927088	1.0628167963102613	1.0915125136969464	0.2711476978714008	0.33759121367792	0.4456475444100487	0.42403692516224545	0.08517689024805197	0.018509231984956687	0.3343413258227542	0.2609780682201678	0.607450256995685	0.4592265867278845	0.7471980554155191	0.48155980201402404	0.8878352463922694	0.46555729941351376	0.9965292875088014	0.7150863619382515	0.9856154244629893	-0.04154929442497818	0.24389830581444927	0.5306189894882446	1.5162292545944662	0.3888967239820512	0.05022736583936421	0.1482001330461315	0.2717283692405121	0.0827886427489164	0.2032936597546563	0.27565611463632433	0.6674082335834546	0.16118904910902143	0.5307151840633512	0.9909848441290964	0.7113433798439276	0.2278723007120329	0.3835083820451607	1.0965072487920995	0.369312983385899	0.1894516735620116	0.16153757442181182	0.6028165838253124	0.33136962104073187	0.32714684793160487	0.4715908123174608	0.4037293136180632	0.378504769801028	0.516505407255875	0.6383688891481297	0.6249864967898107	0.2792361249411499	0.5708222737000574	1.2427694135554288	-0.2813117654166163	0.41607334202716195	0.4624032992107504	0.5073480309033666	0.19529018916715624	0.02865082612203851	0.9295343635381381	0.9604476363479808	1.569503825423477	0.805225382646507	0.7478663039145839	0.2589208403293656	0.9972584469711173	-0.0919341657743688	0.07987156881943092	0.6150090549141658	0.7668695147982575	1.0084472349875218	0.30358859303021596	0.44272496948132833	1.027303185468807	0.8296328121202525	0.7441892963137332	1.0221912795065904	1.1836939827873303	0.4120536517552229	0.6629168267247736	0.6002508447318315	0.5007523911500713	0.5118644387689205	0.71944688084594	0.5306425392090282	1.1091706337467762	0.3529490883284656	0.9074239921894423	0.02234118416612163	0.19412410093173948	0.5435991228399101	0.32551596067500776	0.1619276634571718
0.8609556281430066	1.0269277106760493	0.0767292427897468	0.4888960156988881	0.9900892422897822	0.7039762975122595	0.8807829528741713	0.28745403450588913	0.2635101527530689	0.417035083626021	0.38278550269355927	0.774843627743035	0.622735758994849	0.06267735063210811	0.43323194607048676	0.07895187424224115	1.0766985630184527	0.5221693352276435	0.5749463968524451	0.2121427398892578	0.1730048760435025	1.2735313887488524	0.8256418309258649	0.7991685797256027	0.39253500099298516	-0.022048834040922116	0.04720173848796827	0.04678356671957956	0.2880617734021618	0.39295305471417996	0.5971736085360619	0.16678576239738574	0.0933704945899666	1.1392051854660297	0.19318170657356215	0.44765266765826317	0.6651282798024027	0.28577045237073495	0.37774288904535924	0.29760313644450187	-0.13231729002528986	-0.10226424100515097	0.5412633813438216	0.384737340827247	0.5455691277423405	0.5350379403681128	0.9842292309850276	0.2018424944899736	0.21245379841150147	-0.026188893564483617	0.76561714795202	0.2047287233820938	0.7807012308850345	0.213061017900121	1.2458955199006738	0.44639505951661756	0.889537432765179	0.45495971257591483	0.36410144836962943	0.9733266768603891	0.03418831721641946	0.2855986742605733	0.28779225499304917	0.39881443536638383	0.22861991025635686	0.779562328223973	0.48736666986088484	0.7045621393484629	0.20444905291430743	0.6680590110978251	0.6188421875672695	0.44875801019649997	0.42945231101685855	0.15059345657460377	0.26823265435364996	1.7832027536938355	0.569394681765597	0.29686450959723687	0.21678033222646736	0.8820010040955433	0.7857456860694589	0.9709682703030758	0.8059652482949123	0.8196630905310873	0.603552435869126	0.5563315279056622	0.6043891335474849	0.39569707562380996	0.6211110213026578	0.6727239542754611	0.15289240345475535	0.6413910459120258	0.0631145391090353	0.6769774543747595	0.6438657845069307	0.19836872388205834	0.4904009854857503	0.05654782091824062	1.010653942567957	0.5715393687391588
0.5921552528918091	0.5895667904079016	0.6464785286042238	0.8479497730021901	0.557398175962536	0.5662006052349069	-0.016326190783708394	0.230005135747329	0.7665061863673546	0.41545164995257283	0.7928132785038838	0.34767971157598554	1.1975962424883795	0.226097481983915	0.4253989550740156	0.3755362522932404	0.6927861873672837	0.8421984567759784	0.8783682989121603	0.8538387641986471	0.35700553710778815	0.2228957323856227	0.2002284754829866	0.7792559915894847	1.032868782905655	0.5165108610362322	0.7367856207407532	0.754840157155535	0.33214524248976807	0.5168415265029838	0.9238150019929144	0.7445395340052302	0.15234458392530525	0.15595836683790454	-0.10248351991733917	0.13340313394467895	0.3565464751802303	0.6763267476887054	0.4219379099536005	-0.2795634711985679	0.9834092015704442	1.116292314016646	0.41831579290911336	-0.04871084964814987	0.9792872379873092	0.6901733488322355	0.3195904581758793	0.9457001684602895	0.2910324157594392	0.1095055016936301	0.593564641948973	-0.017715075737690766	0.8570333601369902	0.7136700553155262	0.7373670003930277	1.0852004399688355	1.1220372556943883	0.6593190274022257	0.4265428865455364	0.09799143116251485	1.3721569291619624	0.34276395977507146	0.017150365737982565	0.3063390829260705	0.8842812647992988	0.9630303617382657	0.19392114725206966	0.4346166993726833	0.32553346637946473	0.6135328997529343	0.7440914379675884	0.463953267199129	1.0145674514721874	0.5296235697193671	0.8494807951103465	0.41100853550651273	0.3935915914289405	0.6275877194809811	0.26114307042140067	0.6040577361881311	0.8401673520347864	0.3925227476942606	1.2192159388709967	0.8237723050172836	1.181578464580981	0.7599730158002698	0.5852257603975273	0.2553639547754256	0.6734469044553789	0.6491146099373517	1.031169831025858	0.6105050767237321	0.7404782689003974	-0.18527486525260012	0.8923100085966132	0.6648126882679144	0.2640107547937577	0.578406935064322	0.3178470983305349	0.2605982492906752
0.37567994767037327	0.2807848652387123	0.3531419607777782	0.8741418427305845	1.4852546222420355	0.44720199819179474	0.2095069418693954	1.0064514374676237	-0.024768738603237805	0.28650994026811993	0.5464534914887974	0.20201212414120673	0.5526245613157957	0.2829293397273249	0.18676332232022463	0.3750127143771761	0.4840916740619762	0.12875895457405107	0.430980570820678	1.7043950595166173	0.7725062099767933	0.16478481801983474	0.492923012397733	0.46878078080580404	1.1090318727423474	0.2753419632776012	0.2612032022731724	0.5261989053553151	0.6870899505729454	0.4373695266029767	0.5040367362867352	0.7441464701805846	0.703429587626432	1.0706550286021406	0.6004607868053792	0.4541004803826396	1.1962102378859276	0.09049118326340777	0.8526050488090426	0.4809927769005251	0.625268693467546	0.3670968917479457	0.36895461293713916	0.6202027773032743	0.3409778085163412	0.7199233901487532	0.38070302520238153	0.7247844166593754	0.49572718876857336	0.9757511634592548	0.6456443099169366	0.29231239314992974	0.053698893550595705	0.0720068356269209	1.0098111772638327	1.2826464347664261	0.22445554550997082	1.3397871317448347	1.9577629209597653	0.06862800829385707	0.9015405019922201	0.33534592966331556	0.4394534678793586	0.36222526459931315	0.9131110213026579	0.7012774164607785	0.6582837673998092	0.2047264568759713	0.8411707990128476	0.3857285581160223	1.018122991288117	1.1067348382267368	0.6988997223807758	0.5623992856061585	-0.10090830232858505	0.45073172178081833	0.10509228790738434	0.6988937491927655	0.5223937373880461	0.5948098787447	0.8036385019949975	0.38707798058748616	0.31966254751399553	1.5865792200830218	0.6454140526157175	0.3119731574569023	0.4624480377084401	0.6347833306251918	-0.08499441567333421	0.7655333955511483	0.6333916125385564	0.6329750462120044	1.118922587427835	0.5036731717614447	0.4645897971115935	0.3255058558352117	0.38203888474566383	0.6794890348044791	0.668651534405202	0.8249018708397043
0.4755651377471872	0.8881984331665396	0.9412526626586173	0.10647383032590746	0.5955581493533098	0.6034203563358705	-0.023854521415844154	0.708562328223973	0.14212096087638237	0.7550077800044719	0.583593952372818	0.2322635466098929	0.33423994967023174	0.4289338019112535	0.48259947698149164	0.6110399707798476	0.3088434624769635	0.314565704373718	0.33803413924846987	0.28903404481071476	1.190228239388599	1.4968670358071858	0.42573018716729794	0.48239335963702573	0.5120875188007517	0.4297266457514815	0.8935570161002485	0.12616879221055177	0.6740042621980942	0.5270357210808678	1.0895633198204016	0.3412024703805703	1.084291157154146	0.527125423060311	0.2728243277212309	0.9056030420067467	0.2694896250404486	0.5079925171966985	0.6590191597539617	0.3949362100740086	0.5739323145166108	0.19720537434153962	0.3060907060749864	0.7427838736422836	0.5710349419693883	0.5902278616375785	0.6921483353262478	0.6885055961313851	0.5688652650992778	0.6910604276641514	0.9420878729423332	0.4220892895086598	-0.016544997507121018	0.06625950939586234	0.3518672010732573	0.5732832952110336	0.6568421167389533	0.4857341535530123	0.6722915585146052	0.4125703082142792	0.8856758396280264	0.5054253851463298	1.0067852665991714	0.3229755420102188	0.618028850734184	0.32880749419138366	0.8789497257833125	0.4743670240024665	0.6974778675399382	0.8162306711607927	0.34126191755861734	0.583706023601106	0.7761494921887478	0.5993423882474991	0.645178235986062	0.024791830023151107	0.5719039248608778	0.38237016405782376	0.42761724238977517	0.6413394370676522	0.437862384747747	1.1644143831478604	0.2714417339882869	0.5429687424918512	0.6370818525354454	0.1520572876087944	1.1268383864476266	0.42817861373708255	0.39481795317276136	0.4957871317448348	1.0403662921098644	0.4235053128181198	0.7881733488322356	0.4461487130772681	0.32867609933185293	0.517092642048966	0.4572080422081213	0.3239028152172554	-0.1111005373230507	0.5280122185789619
0.5938136562549042	0.18433910653550933	0.7719500563154555	1.0039480495131594	0.723032533806633	0.5650332656992352	1.1658143881475063	0.5085361342460465	0.05364744997229365	0.7792559679800459	0.3490371140377557	1.0320177431876352	0.01860318366337943	0.04987869886994123	0.6737651638564491	1.2435700721198915	0.3841783068143785	0.5900952626966702	0.01981580471383282	0.6585384243616078	-0.08051745779118419	1.1121765124970313	0.1874512485921136	0.3090357446903067	0.8360600263036924	0.40633665115387657	0.6389188571365085	0.855753052214357	0.6818961337460818	0.3956177145785507	0.2338955435101125	0.61234198688704	1.0880164446685026	0.3595981548529201	0.12412967275929065	0.7443545943273462	1.647658593627396	0.5756022156763896	0.05063176219462229	0.40157611613621824	0.4753766094346096	0.4812065548134785	0.6405397700996179	0.3385658224209118	1.258145030004819	0.2653971843661074	0.9277583407286428	0.5516177145785506	0.10114540775583947	0.6069803819451679	0.7100613956511412	0.6541429759836455	0.5717572074755815	1.2270331712614801	0.320617572921918	0.3466727704009855	0.5264263059144422	1.3508482079741573	0.19057259832984053	0.5449276634571719	0.6965635559147894	0.5157858096162632	0.5280063634381453	0.38583758372670823	0.3906450182000997	0.7185594006535649	0.004422292309850306	0.3173690071953237	0.3421480756224212	1.0646514399674467	0.34412223578607626	0.1231505073946152	0.6653985537135564	0.48790128060373494	0.18635058072275434	0.09482397357964922	0.7620703200189988	0.9774830616164688	0.15770141976054475	0.8589529366669861	0.6545870348072567	0.8012770623191969	0.6039438234236185	1.399779222582845	0.5595590229025443	0.6469790362071576	0.32887100219290033	0.28437542896267065	0.09068268636527133	-0.03868116147328449	0.9170633552345598	0.47984152650298373	0.15031229871217455	0.4965405019922201	0.15798430111200457	0.33754135193201595	0.6941541432481865	-0.06304267197740154	0.32106559813124347	0.30256664875126904
0.5611711295449906	0.8264499264635423	0.48150443926888514	0.5086962729028917	0.18367208572726101	0.4982014551747029	0.593702977983504	0.41331312504253176	0.8759823415285862	0.8135934329651651	-0.05723833034048981	0.23907154770981498	-0.16070223220299673	0.4438791002304002	0.6557908148172839	0.2936259778821222	0.3324808187197852	0.706482613037132	0.8865100110964362	0.7597056694595244	0.8374552858061444	0.23328870177251337	0.8094012451895768	0.3382868838457276	0.5667025766230447	0.2018684759829512	0.7973960747224849	0.6962010538142438	1.2068416445501775	1.3617856207407533	0.24209051719947622	-0.12259955753134155	0.10390826899761263	0.4206575548120898	0.5651294130554642	0.8174892472894281	-0.09714995048961805	0.34840728920590347	0.4311020386055987	0.2606561618552019	0.3732648451290256	0.40059518006363437	1.2181753556345314	0.5051747417891231	1.010756947771755	0.5096494803840282	0.09223041145696631	0.5427602058743061	0.41231579290911335	0.2863155804241644	-0.03724487015503064	0.9261421260438496	0.7123923444311584	0.8613134791841134	0.08895159092897587	0.46592818286482485	0.3932604773828521	0.7276518649373447	1.0281250216998519	0.5910651967707843	0.10961854090890788	0.8435362050743629	1.0843943984523319	0.34550410873674225	0.467088958976517	0.19617094066948032	0.16083845727594293	0.9687612446896123	0.7051496338453803	0.4875431462493629	0.7721273590342906	0.7679606097345881	0.7898209043526084	-0.09017649860912624	0.03563119556809169	0.09338185073001781	0.14465795617254884	0.737010613137125	0.524234023701099	0.014815474181689825	0.7748979044539901	1.0525875069960322	0.8821432592969107	0.4622584469711174	0.5638150019929143	0.5383442297837238	1.3435424143567607	-0.01597975421185438	0.501713177261055	0.377432113836381	0.674513080323477	0.9990662591955293	0.17453677170089343	0.21934415895540738	0.8660155002909515	0.3417967171769779	0.7383233243200829	0.22512365235240284	0.552590151253175	0.6125039670801096
0.7387256541550529	0.5470879673800884	0.8591141849674537	0.3003372649992848	0.6499470815261696	0.8200320380084188	0.9467008767434528	0.07014845337344155	0.35501068396544144	0.7256236169382447	0.6687351687588796	0.6456293304224284	0.5429660871243842	0.5554364579731157	0.5738515841239024	0.691430437566228	0.5768462956096165	0.599148713077268	0.7490102589955434	0.6160123838450333	0.5835405964299752	0.5936780589152714	0.12209467246070071	0.5735378341256383	0.5620917684997312	1.1125388257220667	0.818786470680549	0.6098144825852613	0.3381213858462804	0.24478809973182458	0.39064912624244674	-0.3150979875036629	0.23412766595699475	0.8029051997705718	0.436933849130131	0.46957363714514666	0.36782092796204713	0.2976245377063569	0.34773549929102254	0.01917972338070506	0.4721508615361967	0.571174340428664	0.6901170181001068	0.2264237324856156	0.7527305649183182	-0.20165414116500074	0.21923265435364991	0.46765099138810995	0.2527876983713653	0.16025974549025002	0.1181173722416885	0.371060592930223	1.287644144650865	0.3888125702207205	0.4554510124977259	0.6269268371268147	0.3533446783630604	0.4048454220603819	0.8966230267022751	0.49237120287312974	0.3636430822261201	0.4545342691003832	0.34928157172200297	0.8338371587568103	0.2984490529143074	0.8474492417898176	0.8194226700608707	0.6961505782229314	0.6149019652774596	0.5397922549930491	0.6912664269614235	0.39285156051446357	0.30154699458788337	0.0865467112746181	0.24610272327932325	0.10957243306376918	0.29365627990239584	0.7685940940294507	0.3424559940893075	0.09856636543800368	0.49087048278524703	0.6400909657788127	0.6261203470309743	0.4014567732007872	-0.19326695609061023	0.9589275926288553	0.2227918536325899	1.1977426529509714	0.41698852720154533	0.06412452590163753	0.19776676929828585	0.14626807962213784	0.6390674396674682	0.35051140405332404	-0.2800398388447485	0.24088167365922697	0.035128020098576296	0.3920097395878903	0.07892218606737572	0.9401151529544436
0.4165905998325119	0.20853124709221982	0.33761233162650983	1.1305320498131382	0.5360586333468047	0.580893583926694	0.16283944887237156	0.9256771145377203	0.07848181031621371	0.18700990485396174	0.14307329480828446	0.2547721522503268	0.3093301946667666	-0.09142107434056757	0.17562954290737742	0.564322474380287	1.7477085262016163	-0.012045009311840382	1.0650154766815128	0.045880988985502524	0.5343200426080931	0.27593281031482497	1.211095168258915	0.9531195915289332	0.667065007895274	0.37981571027607774	0.7886215156981935	0.8914812436896832	0.6699292688990086	0.30093165345232487	0.07848362824299937	0.4654585202992566	0.4880672035730802	0.25254031311670977	-0.019822023717764425	0.20598328590613724	0.8624579772821648	0.6633719347657319	0.3718157338855165	0.3194257865067891	0.5540377751020413	0.7345314595771688	0.188806927564853	0.7046980200013611	0.872227696371507	0.5558118383281184	0.36761920197319364	0.6460932322849353	1.0575089722811302	0.462617785406867	0.2687294788841346	0.19742151319837076	0.4404223867476054	0.49147848138534633	0.19553467046084233	0.556813467379394	0.5170095507123802	-0.027934661572583064	0.26767595767522023	0.2167274484723999	0.49041820787694207	0.6212545514137192	0.7529187154798758	0.24289266315858188	0.7525848155200118	0.5167521314462448	0.23575623948859176	0.5842585650183112	0.6047081484505958	1.0230643232215495	0.49731763444533794	0.6016808448290468	0.9005998075136343	-0.14145572049757588	0.016820668258220595	0.7572086560535295	0.1593510293020911	0.5615459321631384	0.11637665665348707	0.6573186496512052	0.23320497298108056	0.17837453180399732	0.05373557011933883	0.5489011861659799	0.4540105186993698	0.46559371627843027	0.9633176108358992	0.15357382602065683	0.5425144260614873	0.36801172278074745	0.45154409062691403	0.5822104975897542	0.9477924202591206	-0.03390381653521768	0.2782370929281398	0.3163532013704585	0.6652680560126991	0.49948570587361185	0.22111680561515784	1.0208678857469817
0.6323398148186725	0.9013356123385703	0.18217020877687828	0.8376162507933467	0.24700518296620655	0.33308737714411896	0.7133419632776012	0.5487297858068385	0.3485091375472015	0.46698271927960644	0.06665311623759984	0.39399525589159656	0.9380263842422272	0.18505125609158246	-0.08847943548443093	0.6760745461085396	0.8612380373056908	0.16682406801740435	0.26474041005428783	0.16960297117843048	0.06534656711816245	0.2574609520714505	0.306708030403402	0.3933439228610195	0.22178630541447752	0.7786467652985692	0.6148976447501636	0.4451781887671846	1.1002927153771052	0.1848479482703309	0.9995382354860974	0.28881736293679205	0.257344725581938	-0.14168090176945802	0.6581213386274027	0.09759267746312417	0.5852600288035154	0.445036240488521	0.5197325481111753	0.6965966674582772	0.7592591316448418	1.7881717669998372	0.888784156955549	0.509614409257122	0.3243653005134358	0.27100657592309435	0.26070137254166714	0.29800985763508414	0.5981732543944803	-0.012717318634374475	0.12300582042105346	0.684144085627268	1.025229703173803	-0.20643894668572088	0.1938687592962165	0.7695657752020344	0.0849584848850985	0.19390031261674523	0.3808690898283593	0.7158380795249226	0.3791136655598007	0.7147522494934387	0.7516649084578731	0.7835547968130037	0.8918347505940551	0.6763624201619052	0.532643932165916	0.5497594031533878	0.33503760983597	0.4631200164988314	0.7143720764223644	0.7383990495117707	0.5654853517320302	0.479848255193035	0.8154028270219748	0.8523750984305278	0.01590446787796984	-0.004206375659501882	0.3433192871060523	1.4479314645768147	0.6553486447487749	0.7529840650176168	0.663509397251028	0.6450642287837944	0.7070636621572639	0.685094011396415	0.1672375415074765	0.9129327630959474	0.4061255411075049	0.594818519799292	0.4861266271416885	0.022097481983915035	0.5989848677385352	0.22306791185624353	0.5115683014119833	0.7675975173980731	0.3034866266417241	0.5611209372669435	0.3590915087959047	0.4471204414687293
0.6085890180001139	0.6258093829464858	1.3154462670005318	1.012141040009666	0.18669896437891204	0.7190346822655617	0.4808693731416246	0.05784110153308586	-0.003764323638186684	0.21373734082724705	0.4134076197380464	1.052496613434326	0.2235244600729671	0.2501657118731867	0.10741456091304646	0.009712988385544907	-0.2476188575531455	0.004327031001970738	0.8276289054525303	0.8131821787623376	0.17848681551723422	1.1639852218801168	0.7346212087754894	0.2588148839457205	0.035955675361884154	0.5698146950702103	1.0320101645577882	0.7528480663175248	-0.011901148668636008	0.4275174716790895	-0.0017392865227602305	0.768037184866072	0.18828872538195218	0.3086192728015099	0.2987291955708693	1.17164636393811	0.4400366182395413	0.35064801659882416	0.40025976909968886	0.5653717694996604	0.6373140930295215	0.13783975579507568	0.933865642850298	0.7857525800255815	0.6506153536346732	0.5304505166995115	1.0906746119372102	0.4186736911690977	1.511924570620692	0.7686453251228038	0.12036695317415019	0.42455963674795255	0.4371141613580149	1.2302246507539047	0.43814760343364567	0.502537432765179	0.4590667077748659	0.6218421875672696	0.4278420459106369	0.4471160028942395	0.5499219971918654	0.7042547402892295	0.7625860196013893	0.3994725554162136	0.3029180780250288	1.0201960958321008	1.0265299957919647	0.48364211423913034	0.4020596721621107	0.3598954254629186	0.8861197567950047	-0.05577145368869707	0.22814982272089057	0.22529096827863582	0.6682091754611826	0.6582369276620684	0.4217355465099001	0.6427062596954938	0.30970821927891223	0.3823207745006951	1.771905058113939	0.17006571617843735	0.3117312495920428	0.6347265040948489	0.6973135972313074	0.12453960483354654	0.5142126460486827	-0.1212024328832263	0.8199649302618841	0.7039616485498944	0.8444045505110055	0.06559919366822631	1.0264867446889179	0.8175963841450119	0.5829019888868983	0.7478742602954512	0.06851090825510975	1.1552582817050459	0.4458121688602613	-0.020798662872490936
0.9272558263234132	1.2273914708819236	1.3011124378689842	0.8966405324067324	0.3430606637585394	0.6364234727817891	0.3518680982319308	0.6678444304639531	0.47912681601719875	0.42010184973008846	0.47135681361459125	0.29244016465500366	0.23457968116147332	0.0957700037913981	0.3623813313223647	0.2692414606743133	0.5287406461486757	0.1682976261403707	0.49257368436402427	-0.20826244668780403	0.282764644448796	0.21373689224791015	0.4887045125970243	0.5955906470513894	0.7207592614967552	0.6099565253016799	0.7651267451888824	0.3665149926880179	1.0468186850653634	0.9892326543536499	1.0380095034935026	1.044867980184737	0.5433950359071789	0.5360323449311228	0.7341706809656539	0.7290319671801024	0.3680049704812575	0.4373135500124298	0.5693427659985196	0.49642184373051357	0.0978930881284798	0.024563154554330224	0.8427003573357998	0.6779229651788554	0.28975543676767335	0.7988360491131878	0.3010623636381312	-0.06629487355756741	0.4304008910479953	0.44600846467819644	0.4846983033146264	0.8478923090170002	1.4202785497138397	0.5750000361085534	0.45189152990552056	-0.21029888716215933	0.5212020454106723	0.6974230242024524	0.6323130542142152	0.6483370997332133	0.6045890888284303	0.6312557791045357	0.14050269217041572	0.3896409809860691	0.4159766280444024	0.38325407922494376	0.9794456295456848	1.0913100794249295	0.9426423031146405	0.43892246938064106	0.9521181041342905	0.42339328880870936	0.4368991557542452	0.11184381661854514	0.23812280241260697	0.6846231683589078	0.6987898468302939	0.5352873324250644	0.6763194523721237	0.44895822518127204	0.7492060354058254	0.4447345076945939	0.21970548058401418	0.4269807124773106	0.15181495477403684	0.4090685493110904	0.3101851063327459	0.1410486590533171	0.7399356198380392	0.26309847358034366	0.6676236641571222	0.12776480971486748	0.3126279846844182	0.18537684552899725	0.313181092728154	0.7600090076952881	0.8072026356466416	0.8884239449705646	0.6330595068960393	0.394672392649965
0.7508636360480021	0.6336109858884996	0.8866942188817182	0.1257258430305631	0.6599226346467124	0.2560901394484557	0.3518659969918797	0.18576119747073472	0.12882040855439414	0.16857200809387107	-0.011731778721229436	0.4263815201978749	-0.0768429764002827	0.6764883973496322	0.34521122948235605	0.07754597938201602	0.3218770225997881	0.48460171987817524	-0.17073095239087227	0.8294616839640524	0.33940429080717893	0.7742373998508439	0.2247354284627061	0.06700773278559446	0.3430357210808679	0.4239576349453025	0.6929349351643148	0.5426820253009856	0.4128713563344819	0.7559782098768003	0.7011463757428295	0.515310362738195	0.6253349040554073	0.7446405796256099	0.4635552453923402	0.22811392526362723	0.5645865153996037	0.7722519307660152	0.6631403789453802	0.16703149499132708	0.9572796829669008	0.2799479314659656	0.32442151319837065	-0.07404770078786088	0.9391162153791884	0.39170285993631004	0.6394282891072993	0.30917913314473555	0.4269839233609841	-0.02787970018790331	-0.12282622619786654	0.8195308221223219	0.8443335110985193	1.3658593627395836	0.6793629395695582	0.5905028338270484	0.6385311054355871	0.1776422322863242	0.4525894429700118	0.9075599908895343	0.7469505285042308	0.5308674371676451	0.5642287824056906	0.3353369816860195	0.6591176555549537	0.0592283574357928	0.3148386225420144	0.8710912018732005	0.41228355491486024	0.3243669059552727	0.999755460377112	0.23186476930106342	0.6190046399491147	0.37539305271432155	0.5077309190598999	-0.17073815326969893	0.724399875842128	0.729870270300298	0.6374849031526932	0.37190052510169425	0.3779000529129187	0.515483462976928	0.18328896147633988	0.5152639007514745	0.7607630626163979	0.08954203660574045	0.8957125161967694	0.03796275819351691	0.7172698503300461	0.8749642928070372	0.692680514296904	0.5581560320032886	0.1289080092937861	0.6217368922479101	0.5752645382063214	0.5190974111555986	-0.04396146939591772	0.23017403350596	0.6603384690806624	0.9604212062756665
-0.014193875156065294	0.144973724083433	0.19364008382739561	0.6278610862286145	0.47222599649191516	0.6772003219216416	0.338559589529075	0.6960107075748803	1.0342363846449765	0.7305124192591914	0.4875943065143997	0.5527085025921775	0.6288760073939208	0.3902350861258439	0.29459378710674655	0.3314279585751565	1.2212610676188214	0.836625789006612	0.27670916365646314	0.1736270639163059	0.4693218133160012	0.9055710401068814	0.817594377342716	0.6464241338460748	0.3678136326454654	0.42470571667840196	0.06015263224410494	0.6765433823437507	1.137786872041008	0.39311763194551497	0.7333937137786073	0.2811960250037845	0.4620847328869761	0.5874166968728605	0.5789184085571716	0.3866682373887405	0.4324184675807686	0.217667765199965	0.6000814511749862	0.42972421397928756	0.6323082614981439	0.5548616292457061	0.620891813218786	0.5259778557352187	0.17669738254651407	1.0418116258431696	-0.08276694428589088	0.8792340237010989	0.6565936690595526	0.012315840127990918	1.097952110336629	1.0674499500729808	0.8495846974728178	0.9564153983537278	0.5196661125392507	0.19252978330701576	0.5719488286246391	0.9982795413102683	0.9409765808255249	0.8936157077762548	1.1941712003733067	0.1726470722212733	0.27614514805201296	0.5040583264241005	0.8674205216019422	0.6120305978326536	0.7576972172804427	0.6178941977721022	0.8436159438706425	0.15925509443081115	0.4385041559556198	0.5757856443501919	0.2703381149390807	0.5369487577963228	0.13742467686316662	0.8910633788439986	1.093478528604224	0.1988116494526082	0.4620931378471802	0.4810401832647966	0.43603760983596995	0.8979556045335678	0.6345076265431198	1.1734557107760422	0.35731987734202164	0.33409677370075175	0.8062640896269848	0.8086002324835325	1.0942663089142295	0.41462704030686726	0.7204042435883014	0.4271828398266233	0.04010128310355798	0.19315463904640084	0.1712040522129682	0.9027633223202245	0.7675701901670853	0.5327879344657532	0.7757835903290184	0.7414220562154625
0.6163369344671419	0.6751410636191046	1.2148368990529836	0.819446243391093	0.6490316838668373	-0.004910663272462645	0.6672842395885847	0.36503645297346987	0.34445401089645034	0.6250652912085395	0.3125640989318812	0.8060920990318742	-0.11874006563423978	0.14445280681507278	0.9324498084163482	0.11181271187735314	0.8022583525333623	0.6543160526129398	0.6542627202795358	0.4592635466098929	0.04765380091132432	-0.02454029922880463	1.06375935593451	0.5741761347460109	0.6184548136173689	0.6756516052335181	0.6904845962299891	0.33284376939966753	0.8653725013922624	0.31214672988441095	0.38930989054941945	0.15072478060581818	0.4113053339277357	0.5965241170417095	1.2386091207428362	0.5509440359085676	0.5343623965524664	0.7926655223032812	0.40880697478373057	0.7308886023351124	0.6516119538754892	0.7187236237433183	0.3247548229222652	0.8828112480921491	0.8698384808853817	0.5423117556950827	0.1994263531333197	0.26559253580649145	0.8515921108365935	0.5302304350664051	0.37509160323365986	0.496059955475376	0.6811139016541885	0.8765304443713016	0.5781963319264886	0.43964213784856904	0.5590303617382657	0.4998895703221022	0.4465009214625076	0.870335659557448	0.6736165341066118	-0.01566035044739883	0.2842821619579724	1.1675021963722014	0.6567809460718754	0.8464173815465849	0.16163987134244662	0.8527248042152569	0.3707510690214999	0.4329758961518004	-0.006910568834707531	0.45034059393015213	0.8860605221019068	0.3723953192204441	0.789230317019211	0.18719824429102944	0.6740870230025374	0.7510332184803576	0.17670314324957537	0.5422868130174113	0.3247593559345102	0.38342555041240145	0.5259253969510492	0.48212004010827014	0.7344554982910932	0.412984041408178	0.2879866148370046	0.2656821197387408	0.9396796171382304	0.34373457852291023	0.2970400416081639	0.9463764205590993	0.7293757831042523	-0.10701432954054646	0.8437356409476552	0.1922610912282603	0.19620525629434582	1.010288630944197	0.4628431083353818	0.7443133375274806
0.8098395905290042	0.25706113594731483	0.6511991650591415	0.7245621393484629	0.48208999779182304	0.8699774779841984	0.794562753193871	0.3933400273036216	1.0767004517735548	0.9740059384682473	0.29264381411872215	0.13503524889209234	0.22253228590752605	0.36003378510688827	0.26158974989271594	0.1778416445501777	0.38661960333365275	0.3077577032737959	0.4430111561542168	0.3922609495716275	0.3975425087945159	0.21159730491312423	0.8999283717403351	-0.1704029075718248	0.054872678463053326	0.9015657752020343	0.9969541643578025	0.7501480756224213	0.1884800396083055	0.24870087674345293	0.6798082733028634	0.9826967214822284	1.1554443310265523	0.5345255572174749	0.20788798848970413	0.9389141588581918	0.46733027660540716	0.5173042006746744	0.5083347387893358	0.3270582792052229	1.1115574882890238	0.7905893013133791	0.649397538507689	0.5414524998923687	0.5905040379084261	0.8219205097972226	0.6401737974115722	0.15536992796343585	0.603398600932434	-0.03832007593906539	0.42848424208840763	0.5448106814656183	0.5060029400695228	0.5306683082170569	1.0085290986332913	1.173974786508178	0.5100008624389106	0.7885299957919647	0.8669171336474778	0.5345587395892791	0.9458680274036144	0.8281424565759925	1.2406688040152711	0.8734202618981156	-0.03977530202721752	0.5370849217624862	0.46939314715207675	1.2071427634986966	0.5660855356078944	0.5465306804656893	0.30014536053696195	0.8091468951504824	0.3404217020738809	0.8375884513735834	0.3051129808860762	0.0029481675603533763	0.9245864209618486	0.7326154480724282	1.1557300927295429	0.5485392979108424	0.6718167963102613	1.0761205831253617	0.6935650196999935	0.6386202407884997	0.5838711438495329	0.9513687002726194	0.8441785429087661	0.3932337639972724	0.27381495477403683	0.21220350919587638	0.22889726699914315	0.7866473083156609	0.8602327251819664	0.7321526558535437	0.5048737881066759	0.6127330911282672	0.6853122278838581	0.5124801104366219	1.1530072842062575	0.6878110592166389
0.4847288650387265	0.8161464465711457	0.4278686648584614	0.7551209136575047	1.2993408536339786	0.18975314665211213	1.0197825279042734	0.8875062808051095	0.6972836021337377	0.8865048406293443	0.127949678564435	0.35389658232541865	0.5481684380689701	0.3523102446910011	1.175588168060318	0.5060616789644066	0.6897273776440837	0.3922866241419011	0.48648216445779524	0.1442373762414051	0.20746059792986893	0.3877344840851551	0.44179298688565116	0.6371255883263826	0.37001228940727815	0.47851055411352816	0.30756511413774856	0.4354564190592055	0.7286208074150304	0.721977926563535	0.6347840861272326	0.9402819966919009	0.3452227856082416	0.3813020049968682	0.30727819557225805	0.5673890627191684	0.729055115540427	0.31972218356755283	0.6506410754238241	0.8673661976721093	0.674282303614605	0.957670409457108	1.3093669531741503	1.2116439793847935	0.8970607345868558	0.7639775724219535	0.2617047250819733	0.9555637920091772	0.1946761465507305	0.06978802890350833	0.15220287174102953	0.4579479786848432	-0.09582943708154001	1.2630846148397823	0.17450139365128298	0.34075158842915293	1.0814449448719605	0.8189444608784656	0.5742503961524947	0.3286687804058323	0.37566908732853643	0.5827538785447143	0.704585948773073	0.45955796047779945	0.22614181912114556	1.1243084031547765	0.41986389575182864	0.60816728120647	0.24350188944949736	0.259837394851198	0.5746168410293159	0.8386719204611895	0.9372010774236825	0.7695038490329158	0.9071673520347864	0.1902819730824622	0.27283687544354496	0.19814389675175792	0.6335938815445016	0.11453870767487306	0.4830674160580293	0.08703810563418424	0.7535370786235974	0.35725561383846427	0.45203295877653116	0.28875491736002035	1.17389674759149	0.03648046457820342	0.46292634132860033	0.2994251726613809	1.0230630010929782	0.8023682044744053	0.6589526061348432	0.9003698335256808	0.3470364057545924	0.25031300699533776	0.4738962045743982	0.6931183874475557	0.6072878754421561	0.3428400627177797
0.5060356502525515	0.391705079223555	0.6472336223406397	0.5943751220399666	0.4565389673786995	0.7890900214012619	0.5865338441304853	0.6265054072558749	0.8351425982326253	0.9202852075755745	0.5867586712607856	0.06153601619885252	0.8533408536339786	1.332146918759921	0.5995895846266446	0.7825063280239872	0.6072566054348929	0.2965101999719465	0.6047340118963795	-0.02837352631966339	0.8334048810431484	0.24187952520029843	0.28159957141924674	0.08790406651751059	0.7706781533530264	0.34348365185243823	0.08965007061999775	0.7919852927084332	0.6057590017929286	0.5705310818261483	0.49381146057709796	0.41736565465501746	0.36822488684829263	0.3730006971728392	0.1668625500138185	0.6189161420510492	0.3801425982326252	0.7867245209019917	0.8903617118787419	0.2874445907303788	0.36936308122619094	0.08964114625214042	1.099781512698406	1.0217827876081	0.06656017976504447	0.7507550354072142	0.6353403342263255	0.3934756010338156	0.37961327600406086	0.31497587254236153	0.6530310936308676	0.24156171437856488	0.48458873468684854	0.7675303263241076	0.49572322238285904	1.034528083427424	0.6205580549155547	0.310863022202594	0.6714446851681339	0.678557275804075	0.26483477420349394	0.3642225495138539	0.013945664959843174	0.4695841780651648	1.022030125643878	0.2653075532149806	0.646140615039768	0.26050165335510955	0.3931654868891231	0.18425200159433158	0.17361561333849962	0.2680023262241147	0.3608924506736329	0.7474490056954299	0.17544841545946044	1.0077553895487958	1.381504887848222	0.9269530783236188	0.627816088027098	0.5999280884270698	0.5390709574738457	0.0678761018316758	0.5937612682990511	0.5146490318046917	1.0042863880475132	0.8419772654992492	0.44780848578781224	0.8630031997733494	0.8753654657795074	0.6319519450705574	0.461479354934581	0.36372914835199177	0.4142007232821009	0.8167833306251917	0.2978395905290042	0.7258678149186655	0.867699601833759	1.1019770766237391	0.10881275909623073	0.264619792209163
0.9367841097366714	0.3504260462106157	0.6925419185585466	0.40212752430036214	0.5640146975700332	0.4248433680392084	0.6140918393280475	0.9550905408089148	0.33903661823954134	0.7073426951702033	0.8772033911486825	0.48142573928791166	0.6790097159784515	0.004811484186536763	0.6245048406293443	1.438534599632526	0.46325726649917853	0.9320672035730801	0.4737618585350204	0.20007017836236596	0.4820674160580294	0.3656254348650304	0.48204211923877616	0.336014508694523	-0.13742735445128185	-0.23804224700750365	-0.09060111575430074	0.37643317626112605	0.9861222357860762	0.8240890298048333	0.8008083205217409	0.22936565465501751	0.275535662057271	0.2766729120576182	0.44825613324611724	0.17506250529476386	0.22311763194551493	0.29856121858035056	1.0600040024942676	0.14722339945364976	1.5213629395695583	0.20275468126563262	0.6812813356276153	0.5818942449909796	0.9097513287253265	0.5172268936505886	0.37172841645938964	0.14125306401907645	0.1436409337671915	0.6851675881291743	0.6161143974524027	-0.21329997319634303	0.713089171461466	0.4428340659203306	0.9726965798255958	0.6045019602778137	0.33472180581653244	1.1807247569963795	1.0393895821268218	0.3757501246439488	0.5597239306660222	0.6966392574970384	0.711333133347499	0.11394384703305738	0.0709718589377697	0.49175182452354066	0.1296667972129752	0.07233320417581535	0.6020536753646617	0.6550826080374862	0.18477830181473254	0.879781607136161	0.5914197897093401	0.3442814064559316	1.1200597902093046	0.5370064578759004	0.1608971017330717	-0.0035721358625986355	1.8139313229201819	0.9219024610756739	0.3758481607552798	0.8899045623157248	0.629011769999625	0.3036466944702527	0.6510062453909515	0.6282269172600274	0.5836142912099281	0.5492520488132091	0.8860851342474352	0.35378238624764075	1.1175300430108421	0.5822009593764887	0.8556724398688426	0.7486696303456282	0.8528369462718614	0.41714382592344157	0.15563956441974253	0.930337241389846	0.5410621983720597	0.4801179624776578
0.5656494567745896	0.8685426268417098	0.35607645847308034	0.17457824098570807	0.759797519897896	0.6667631570541531	0.5953432854061725	0.8472312613967622	0.43475602700364274	0.7421189304646476	0.8286487957103039	0.47670219887202436	0.1465346704608424	0.2943128417292664	0.857506540508936	0.35978573878794695	0.4890102589955434	0.08465028310494671	1.037735853432604	0.05620792416092746	-0.031124299528783372	0.12962871657702024	0.39935041545668293	1.0261875381049397	0.7433514070531116	0.38631850799457257	0.6057857623973858	0.49023513334472146	0.07873389384918561	0.7259519450705575	0.7134211118379115	0.539281477284248	0.08678727340146741	0.7371179388682191	0.9282284990924254	0.3887050083952387	0.5880927837055986	0.2516193436298263	0.2368372295851266	0.4180033886488596	0.4515032587969463	0.6915059502729668	1.1266187061749793	0.4751715309054497	0.6229757781046064	0.032980381945167836	0.3790664008521619	0.40572872338209376	0.4822571720614235	0.5012840979319522	-0.017408904369273837	0.36922967956436414	0.4638114841865368	0.47614257462318643	0.8590854175607006	0.9484190578167379	0.36750283382704835	1.1587258430305631	0.5350025387090637	0.7621677061763681	1.3423342429911214	0.34963949359142615	0.6577505023949692	0.4571400720226762	0.3767231279451039	0.8601400011943598	-0.058695681278131684	1.0981344293668087	0.28505289625318203	0.4545814393702668	0.7539723783454226	0.45097797378241267	0.27383621437925926	1.1503918014140664	0.4420034358677371	0.36831288894814396	1.1101496102359416	0.524430744488932	0.1216262375859487	0.0046270875257447	0.22859626609781813	0.04496044446851677	0.19665049558989567	0.515922374942886	0.749588474983022	0.07175274529165293	0.4008594099584613	0.25761100949793836	0.739360743891752	1.484695682666922	0.9228342075769633	0.4748085802255673	0.8065020783250075	0.4987520370084897	1.3022804620783806	0.31627925799700296	0.45772336403949165	0.3896985394090141	1.0162567234820865	0.6753142346861541
0.4717400795221449	-0.09281220219123365	0.16130232441868708	0.017527694566079388	0.6366621350432122	0.7723511237398462	0.5393737763019565	0.5637051028329939	0.11937047098052778	0.3099810430094535	0.2896199574752344	0.5907561450508365	0.5272250048954866	1.0460055134983495	0.45450526559924226	0.37811614455087206	0.3035080987318953	0.0017034973911570495	0.7467059527727896	0.20415038934742125	0.8237093525319734	0.4674351830634219	0.1465181327433751	0.5260169640761557	1.0702135195979174	-0.04654195188951893	0.7569556517524453	0.0030399943892863712	0.29487532272019623	0.34681585193271036	0.20920242316169269	0.07389566155730637	0.08081304240949605	0.19122970317380295	0.6055345524136484	0.24895392826341478	0.49820622428133565	0.1428439582751777	0.3447587184796632	0.5564213715417379	0.6877281331461245	0.11150642246174225	0.7155613602369832	0.47011947348173944	0.5880088424292168	0.5020061273437577	0.4210651731613455	0.07273332722265513	0.047956808614945445	0.3840926656584047	-0.16204338026056492	0.2769296702594678	0.09875994617047956	0.9570631427496108	0.9427274484723998	0.33003151860076585	0.9312000386083763	0.4440355558147965	0.4913375719219889	0.9980630247024169	1.1656688512341487	0.553695163259269	1.1357484719832345	0.7099150560168654	0.4148332631994122	0.4294684709833053	0.43760732642548933	0.3644102278866358	0.2236897803072282	0.6632746305470029	0.9805825490138893	0.6256987282845243	0.2705568744436158	0.4471145863279129	0.43575508262609175	0.992955580924129	0.4975692930084118	0.7122904488709827	0.3359306618558964	0.6952086560535297	0.7941504129568601	0.5449300716199268	0.04331888574559295	0.5103409716811727	0.4136979727824835	0.7483045312068173	0.6765529788862178	0.6439978876496248	0.17460701950278523	0.4897496524551733	0.31036116886165005	0.34505414755343716	0.4676655695221588	0.3710013110182473	0.4932547166797907	1.6300598138187432	0.5439744323665963	0.14172714154969573	1.092148311716809	0.057876314316624766
0.2999091189374087	0.5183534138554075	-0.024780884965092675	0.7270551280395415	0.6076927439861898	0.3328528590335962	0.7677093289225346	0.254567498691065	-0.0024914999076454114	0.551564854433922	0.7322558971517296	0.9768637304857573	0.0076681429509853904	0.7847240487132161	0.7663928638388113	0.5339742671005248	0.636170468480705	0.4339232012732432	0.5136217990114589	0.7048164421686797	-0.05234268128229802	0.5578800209985125	-0.055371330641857286	0.6142112767012337	0.5538786044321862	0.40226527009892354	0.3239576349453025	0.3988212584941899	0.42073474378898157	0.7647844638782529	0.9461723336263681	0.5339238151186513	0.6041469659787988	0.6362324654781398	0.11697901259771881	0.17745105971660335	0.4948425180994124	0.9649530547141799	0.680841715378494	0.5865626823655546	0.7358389058552797	0.38880850939725103	0.32739498868830125	0.7981221177388823	0.24264964565009983	0.5598127590962305	-0.1378779766988727	0.24218137604141932	0.08915506401629891	0.7216801837647612	0.050068738186600625	0.018794592327487925	-0.03395887235765249	0.5683446783630605	0.1758141756625573	0.9998964170593472	0.21350727240153816	0.7132305058947214	0.08233768996918278	1.0599474120583126	0.9258356477527288	0.5502781483533805	0.2929988084177371	1.018662500295118	0.7409415805269349	1.0076923301266159	0.9645803061172057	0.7716901816676873	0.8381365778257374	0.42522044827380284	0.4138314688820653	0.27677705051447743	1.0884479904895625	0.2461430940308395	0.5463677558950686	0.4240661411483354	0.28598711063521887	0.5492611620565766	0.23740100909518913	0.5067041348460041	0.3125370314047199	0.018317374741511405	0.6438760310033594	0.3459816096359841	0.8874189869884217	0.9757203892502058	0.8525814865891443	0.3401918225236824	0.5555811560570014	0.9376925662210037	0.9946115052961526	0.5550256398505106	0.5124975925316401	0.6324464558760421	1.0009749281648106	0.390586373742971	0.27955907012142195	0.30639501229773997	0.22065028310494672	0.2031294366649029
0.4952158333229175	0.024358537103621902	0.6600538531298477	1.2980796221378763	0.4879384529706924	0.27557292886198337	0.17251492185970163	-0.261459073037882	0.8274295167981157	0.516508122341334	0.3564751760639177	0.5813335819268357	0.7258334992938001	0.38788893286725523	0.7601411108379823	1.1088048735436793	0.5043924388689135	0.3952034855864376	0.5569553212203026	0.4110104714804923	0.3023197592948278	0.3778753699390738	0.2679607750006596	0.15606913954705992	0.18379086203616135	0.7581785901276438	0.3450408915479598	0.2847668873454797	0.33990307492108207	0.2213992856061585	0.4135632017732077	0.662120158155464	0.05278812334126337	0.4890970097951396	0.6153434978911216	1.133926695470182	0.5337327842055632	0.8542861047342479	0.0905382827049751	0.6768125702207204	1.1685870820261341	0.10700270397513512	0.5663362497934173	0.07784124318971852	-0.026961445786478966	0.32181601719878183	0.4392055396076111	0.4735683958497384	0.2517665332038981	0.3398214237602615	0.2012962331834829	0.06301505171161492	0.4309016111358779	0.4482634285626991	0.1779272620967126	0.08703496557882706	0.27150665855613004	0.6725034240630178	0.679609356837224	0.42694349289147576	0.4972793052158805	0.5953629631789972	1.0408634707819306	0.5578322479935449	0.7160526365493556	1.2037172964137262	0.23863583412841594	0.7534949010556196	0.9277474331679285	0.7790567682011412	0.649219480286813	1.1774721304463156	0.47002792996607184	0.25092256381839617	0.19634170357377467	0.6050114866863597	0.8409598542325474	0.9348194405674042	0.5716249862856937	0.9236219170586527	0.3006777519925672	0.2872605482111683	0.996120890048066	0.27372907752367537	0.5019203209217125	0.8965840600179709	1.1287236473527569	0.3369154337678859	0.8751928613389883	0.15011135183480057	0.768003978884829	0.4658927575963369	0.9776408865483139	0.22575014825338763	0.022166596532745608	0.48039189585182157	0.2699206042349778	0.6349536449501494	0.2801770555141233	0.40051799108674246
0.31965913664448764	-0.06014192328043422	0.8020278480274313	-0.022031646369493174	0.45796396227489444	0.48882425689291464	0.03901422538125776	0.9001487839055844	0.36625766785963765	0.6331414649795639	0.7055293819465567	0.9126120483132445	0.8491664312666742	0.4022233050158947	0.7087511398498162	0.8439426429516796	0.4227517064763468	0.469616841029316	0.19017717356131725	0.23956742786274865	0.1886258598349283	0.0980431816635211	0.6909026027323064	0.5023743901473646	0.4067327133772469	1.145569812416065	0.6242387219794152	0.6519864967898108	0.624427486386381	0.04295244086877181	0.46253433992869947	0.23759279551031798	0.7707351687588795	0.15037181671853805	0.5898707188796348	0.834650566418212	0.6767868484315696	0.37464525429448753	0.3217319342657673	0.21836841695935433	0.45658781391873626	0.6003669767835889	0.36755949509131997	0.14478453470656938	0.35728771017608474	0.19831680811498076	0.31754102139987306	-0.07129114326624086	0.282875983784482	0.5234618020112466	-0.12023049200681613	0.335626426461459	0.05043291655729942	0.27693148818625346	0.4944578828444097	0.6741748362268783	0.10847824529095862	0.4827523911500713	0.6312504905902498	0.4292792816064418	0.10542245757592178	0.216061017900121	0.44630998498717456	0.8318615111985124	0.5836913149207487	0.7873556678624154	0.8730769417721801	0.8417160923323487	0.18888281802261225	0.411860071022747	0.566525439170281	0.23377459513284476	0.9521947737035293	0.5367552951110408	0.6511502476907886	0.950765163856449	0.29812792566082125	0.14404679390765374	0.27515253780634985	0.30173375219255305	0.7251222121766375	0.47962087824334676	0.6499794611770554	0.6532000149989374	0.6520022553957985	0.5141415121984416	0.9411405206020129	0.4641101005345455	0.5836670805262405	0.4260549502743556	0.15652848478788306	1.3916145745231936	0.7267808752435592	0.6993061130392153	0.7924707847083052	0.19500336503942078	0.7873395078959684	1.3251208428291885	0.5104851156376424	0.1762929278620542
0.6314629588737464	0.5569924463683822	0.33752134362704855	0.2754099806819239	0.4429069468690411	0.0970715713192537	0.21698359282884128	1.0229507645986187	0.5168401807649736	0.1698633527347369	1.3655009922908237	0.39605742926542703	1.0778897591976124	0.8966100415109486	0.7763033507348784	1.530499386848987	0.6752238952518641	0.12014299959308444	0.3508692550944308	0.9732883712403704	0.3753786162369054	0.46173821437648155	1.1641775513123376	1.000315816518552	0.10217700829524579	0.5526233336249793	0.511955037907037	0.31959463704654256	0.4350372793038271	0.2929209583765594	0.997200912157611	0.21578576239738578	0.6959503396287208	0.7759503396287206	0.5503712028731298	0.4014853281225914	0.37203711403775575	0.3988152144778634	1.1014264947899521	0.7767586240419081	0.30353655921594447	0.03470141976054475	0.3369222568956921	0.6174788591363667	0.6033428604362746	0.7160963487308538	0.08537814404812993	0.10312556471694379	0.20151503990689545	0.09832448118258286	-0.15206438016196078	0.8297678789419083	0.8171868062123379	-0.203151957291914	0.2577097775018714	0.13262196427753037	-0.16074481113143374	0.653474302514683	0.6174466211421136	0.5680575709220597	0.5691155543149027	0.37989287564353075	-0.03166589866551117	0.3817203892502059	0.4316624058573628	0.39190851620232453	0.5241302741055842	0.9418547352895836	1.0706608948532812	0.6347747131800388	1.6858583475337166	0.5586106553563566	0.7360862911099353	0.9876433655393855	0.8286214684793161	0.2930155711192679	0.3046546508511203	0.9255717956089221	0.8357095650169225	0.08751277340077313	0.1637598753421633	0.31531255841600114	0.04531192096115416	0.594005135747329	1.1007555312054285	0.5719484036547411	0.5943918250235054	1.1518072817064349	0.4183632937111399	0.3919176766645696	0.6812506086374439	-0.10246986255140256	0.22053219146977088	0.920001759597584	0.4991913739443456	0.6956667972129751	0.14778441665937547	1.0833728791432828	0.3886827571935877	0.5260400652176026
0.5099884799826678	0.3347947812029981	0.3269338255206923	0.7488833971482576	0.4370483993494907	0.050792396649681826	0.09906548008404958	0.6479230123977329	0.7645318609376279	0.4072507739035152	0.283804826324802	0.1272491212428009	0.4117502190817039	0.4509432567970879	0.7869140644204368	0.9614695334080501	0.9826087666012546	0.25436279791292565	0.7236161563555916	1.0222866713607788	0.12368049068746523	0.2595169994903138	0.5727922549930492	0.4130414817839292	-0.16793237145702172	0.2339803819451678	0.3272871435495541	0.7281182930098007	0.48189592126113284	0.6636977839069733	0.16158524048990974	0.5606433891488242	-0.013603712792566058	-0.026102189983765012	0.5879540227011698	0.4491211261424538	0.8615101291436302	0.23162267256069358	0.038956619739435094	0.2529285370064065	0.2310118644373801	0.6313971607566685	0.08392032092171248	0.2653969010528421	0.4426769020527712	0.01303989995153132	0.4443210105950829	0.3947075346051877	0.029180502492184623	0.20204006521760265	0.33437587754200737	0.05787825029060445	-0.1287329119742907	0.5307096830641163	0.916733752192553	0.14909257122064967	0.5255333719417097	0.6587550590166531	0.49978413334611027	0.616697807516412	0.7775857835070015	0.5283910459120257	0.43411397248250466	0.6262212982135986	0.9614127068777072	0.4786306872707628	0.9588798668427654	0.6012999273662559	0.7493574149608846	1.0971346654611964	0.19555623698876884	0.6733625145996602	0.5522564637782603	0.20125752620300508	0.31923307932354783	0.3315965021922058	0.6964032992107504	0.18446043266379752	0.5494322318835749	0.5175950384070017	0.7522566054348929	0.5839527950103534	0.11864697778351818	0.3190360752224495	0.5964528776433891	0.8164225520136767	0.4919230596166105	-0.11657704662586393	0.6958122160791388	1.309672510697159	0.06364501820009977	0.1575345051947709	0.5618956615573063	1.0620048996529412	0.17894639685244523	0.4291152001733211	0.42836940855578287	0.4649282773025799	1.101764526401602	0.5124583550331852
0.5960129504715639	0.5380134698792169	0.0397105093944734	-0.08937194448726538	0.3704053532319239	0.38606963534527416	0.989343568719438	0.8450343753428577	0.5166715899290466	0.8442231161403844	0.2870265606186229	0.2692785969327172	1.0732765665209825	0.7294157288858707	0.5536080583180913	0.17119198778975375	1.0237462290865509	0.8737510454120611	0.053227365839364216	0.13845297208114427	-0.00251493158123528	0.16187409502937988	0.36073377580199173	0.010653895349079456	0.6610099992917168	0.07137214725068086	0.6163453158179073	0.6293686530537419	1.0012301753625785	0.15528289385057453	0.8636981616579937	-0.3754119027679984	0.7371723336263682	0.7760640635177231	0.47431501379763386	0.5987547520939489	1.2537862581956	0.44273266615836937	0.40320757001934593	0.03109833192371103	0.0462091518517439	0.467147036807115	0.4985905053947568	1.0887889496716205	0.5526487721008652	0.15812046507816813	0.26198160963598416	0.3086507316842835	0.16079301049508998	-0.10179320909213374	0.10937762464047696	0.44571159542865724	0.8583515014908666	-0.26101239356656675	0.05112589524908662	0.3632608551338724	0.03875860043246937	0.41411985123275996	0.46484124318971853	0.46905889305063114	0.3837822918098857	0.4113346207421419	0.7868628333270838	0.6311952222828661	0.8315529788862178	0.23321721378069055	0.887354865141497	0.3907165173022467	0.43588385683791847	0.6184152803065339	0.40742000219428903	0.7421148224223005	0.3540874007535577	0.9218956615573064	0.7064550497117565	0.6905433587343119	0.1488213529319452	0.3443483142166319	0.3475124900875076	0.10581304240949607	0.785424842129238	0.15217448208529671	0.9001758750421844	0.31278649428998784	0.4425635323053505	0.24308964365024144	0.7273418688398461	0.6353135027935521	0.4777046306442183	0.6512601232412704	1.4155104124568954	0.3923986245418727	0.7250340920295923	0.338672723182108	0.4226428461317323	0.8948665400089715	0.3792007941104172	0.8258127590962305	0.21653436353813832	0.4670102826049821
0.5628157102760778	1.2778756296429004	0.8090161141363597	0.11007275179119258	0.2323200898269706	0.7429286314441617	0.9536774214604244	0.7765904817853181	0.2856394463725486	0.884332188969948	0.46680258342811826	0.40424529651371915	0.8401360584180841	1.4785253919514034	1.1822203066171701	0.6048052276852611	0.37883449089022864	0.5160297478928575	0.716394610937281	1.0927602530931837	0.6233443006120399	0.907677657554812	0.3986497164784162	0.03506928120369257	0.9600378223209189	0.3361226607559742	0.43737009322950726	0.3885900804248588	0.9728961573555207	0.17959102480240985	0.6740334545747453	0.8057561922697141	0.8875087834056199	0.07536914885195634	0.42875836433808157	0.4704795438100912	0.6685087125773036	0.10401254911110469	-0.3448177740187848	0.8336815295027713	0.4982918654373093	0.26284627200017785	0.4535122539931199	0.2985406672582914	-0.07823866087263265	0.0022308600363030173	-0.0301018358421834	0.2805117581949057	0.21379267996294715	0.04748695717386686	0.056901705573633055	-0.01643047089720029	-0.05206692998134854	0.24959584112792021	0.3773736346453237	0.12606769937129458	0.5517037807044223	0.5655647363867281	1.092008086927176	0.4590886520538129	0.3629493480322921	0.27231241675936846	0.4133937846069236	0.6062792579970029	0.7223005412116643	0.7964940747252625	0.4273293794467336	0.75246818767004	1.2592719390709823	0.10299843066671666	0.734863447172492	0.11270028650748348	0.6768381031343612	0.6929236026337025	0.8252573845463723	0.34148757101927496	0.6497669345643572	0.8230676993712946	0.3347324536734203	0.061701396151105925	0.2831756861666743	0.6638424708805349	0.5483154859864093	0.20498116105664732	0.9704250782236259	0.2097026946702386	0.4953405467112746	0.40484322638257575	0.5782598635374439	0.0555678292232078	1.510761032204663	0.6783161234412562	0.7081759458705009	0.872728912257604	0.6195914733817467	0.3446182575956426	0.5330060329060025	0.8750338087163272	0.04089495327414305	0.44670295437406515
0.5532334098556908	1.5265093264227114	0.34448773628534646	0.18868023098363873	0.6138447137772185	0.14937188754685438	0.7941238412279129	0.5659813027132801	0.4501681783651435	0.7406077986142647	0.7155232671019136	1.0533269240651009	1.0314414742844604	1.092911727085998	0.6698847303871532	1.730052778205988	0.46878019056983466	0.46900565515498205	0.6795057377880178	0.7927054097556978	1.2804829907881525	0.5670116519524311	0.7063453158179074	0.6155127261818955	0.49822979761155806	0.4955911900684812	0.7616735022935875	0.21531317226140928	0.5899760141989943	0.40470106561896313	1.0512290421095172	0.8002275783243131	0.25281377430209806	0.3690641107366006	0.09506519677078429	0.1335939995916956	0.415956950271578	0.11001453230396174	0.22357299969029976	0.26251442606148734	0.12357113454463653	-0.030123968996640493	0.45984898708563704	0.14784643726624924	0.8615916150383793	0.2749512131779554	0.6106175965313569	1.0423173747415113	0.42609708062345586	-0.14065388146117425	-0.13207245459002215	0.09362345167217334	0.09201219496952306	0.03006604671058033	-0.05331896629544297	0.1815667904079017	0.3506504483710181	0.47009665565355796	0.39570595277278964	0.5377036390477896	0.417758742089102	0.3950354613770414	0.29636780311394617	0.20149926880179314	0.24341157362464605	0.6443285767258152	0.8527742173818242	0.5049142769053858	0.4368044249643428	0.5882805801255745	0.6970316130385209	0.27533979120923374	0.4781189776835252	1.0365354967911995	0.6636479221610692	0.46701476839834943	0.05453854240880163	0.7319296230405902	0.5325102708002627	0.2309817040737393	0.7005091375472016	0.43400933822743115	0.6798458470302797	0.3544579300632872	0.5142592496920356	1.0507014669794223	0.19934425339316242	0.5695990756210324	0.3231817301830009	0.435180242788358	0.451122046910566	0.39501044787105355	0.21662238924742838	0.5421486658583906	0.6453685822254258	0.536228758796252	0.9911715545148885	1.5195884513735833	0.7335905526136344	0.6413168553338584
0.9923165011922767	0.1728972669991432	-0.11795969868800954	0.6419307562936514	0.25217743326514375	0.10597587254236157	0.6703102919098787	0.47064284613173235	0.6082782900100132	1.1465545134997384	0.5526621933724138	0.8184101334488808	1.0683837978143216	0.7642183942526294	0.6606904649809526	1.212580565821032	0.865334172162805	0.1733677558950686	0.33931260563487864	0.6782358180184459	0.9989033582343473	0.008176654153664198	0.3097899884869266	0.12373113154484894	0.8304249365669931	0.8625883569358281	0.024228097731966214	0.4019496077361187	0.5451164514735761	0.8169531019330575	0.265982365138025	0.27231293616702146	0.5746735967313427	0.023232607134772376	0.36265063724652835	0.29187463804647173	0.43098741755792314	0.449655949370253	0.6365706623558609	-0.017517811932765914	0.1967327369866857	0.1557074165579938	0.18217977059958257	0.17417752770289885	0.8693097725022255	0.8423096780644704	0.12533957872428486	0.21381273548679186	0.18936957382185426	-0.05215996089165903	0.38053807022002606	0.15037174589022173	0.18831657202059304	-0.14215420018859776	0.22045545107221576	0.39662373498543857	-0.1742642882240285	0.029486060015193383	0.5543183899473787	-0.08843195829184325	0.4362619175586173	0.41306720357308024	0.40725932052035196	0.5995851932710322	0.9102467839083619	0.1428859580779695	0.3133297808071928	0.5894156580575542	0.5390558946519066	0.5877231043356651	0.7358082024745469	0.5905045337066402	0.5235915206006241	0.9556466472513753	0.1895355440100771	0.6096789088550671	0.4111518767420641	0.43815126289665585	0.41131676089610325	0.25939963974774016	0.43220516185659075	-0.09121095589062445	1.0331236759618416	0.12248230611442812	0.5370649134575189	1.1018720173987675	0.5234579772821648	0.22640502269978102	0.7879870634163413	0.8182638299231582	0.6509341560528352	0.28981901559750634	0.5969562419884147	0.8624540817247668	0.21350802790357903	0.3796764534734345	1.071422315919289	0.5682562985121886	0.25442606982005445	-0.0488206779797542
0.48703775149260264	0.0927551534544081	0.5147569005528775	1.0968399918894634	0.4743127945103889	0.3005605102971873	0.14436355341496643	0.5463358012140807	0.4948888620389389	0.9878857219835817	0.644911207678345	0.6002702155819518	0.639049213180733	0.7454662989149381	0.036883479086897986	0.596777522703253	0.7287245209019917	0.5646716371479241	0.6776760285035366	0.5512627674984133	0.6386236641571222	0.8128979044539901	0.5265653738415751	0.7460382709002558	0.3541208192197497	1.309090328323966	0.0069233429298757865	0.4340921698601905	0.6550630955307333	0.5735350246024241	0.11662052410176504	1.236425880944544	0.4627049611763613	0.48220882131960097	0.02943057922286063	0.5517382379859204	0.009151805913747868	0.20015166425711506	-0.020099805430448647	0.7413400273036216	0.40931043356651126	0.44817197948478654	0.32406215115318227	0.26414491195762524	0.22733856351841752	0.4919185266043655	0.26489119937337774	0.49861344127013224	0.06164258642790582	0.05136442696420118	0.091946939869537	0.10989278120577567	-0.014440268814292334	-0.05265699790709266	0.1418987780032248	0.27512140945571917	-0.28268352241716205	-0.20976677901981944	-0.002042034522554692	-0.042901243106391096	0.3465454363649242	-0.25070931503462945	0.5280666369465497	0.46933582482351943	0.1681110213026577	0.5773583829478746	0.08988983002592871	0.45175189535185695	0.36003064505153104	1.14153374969273	0.032256699872647954	0.5339768641387901	-0.07268534034394786	0.7458730562140737	0.07934564635005026	0.962397869039832	0.40609382252090476	0.1172613037132092	0.25603607522244953	0.49350713074490554	0.5168691134377982	0.5966743758428222	0.2714809839858566	0.5485339621776791	1.066342813217397	0.29193016605768196	0.2577089275620754	0.5711536474499723	0.37034597688219306	0.7819020124963371	0.3991550876257377	0.6822908974503196	1.2145968799432263	0.5075094444699055	0.18895260613484333	0.23636822808384406	0.7947282984121957	0.0481741751625927	0.2143715334052726	0.12028917396128891
0.23109131992039456	0.8277569477717551	0.51497783212578	0.6500868105175883	0.9198662094768286	1.0072542444910153	0.46977813654866113	0.9666396824669363	0.969358005196854	0.8579959988945227	1.0853828534367702	1.1997979559781182	0.6300491659618555	0.9204401049370112	0.5975799047567465	0.6641946084374579	0.4669758961518003	0.7048934186606227	0.17434118416612165	0.41250956251709947	0.31017866095596003	0.8560930906283026	0.7565950620164406	0.3131781179388683	0.12826024128846425	0.4759541407483636	0.38578554991243674	0.6075108610362322	0.24492421647911045	0.5566773978509857	0.3935651613566261	0.04967897968338364	0.2682655298027501	0.04598652039924955	0.28345840225206265	-0.08115191007303646	0.1534283835450545	0.2057075109957489	0.374453113737777	0.5371764888875927	0.11203595717525572	0.36611560153378025	-0.12585848780155845	0.30800095687666573	0.34058200599679744	0.19843993967094004	-0.199617099344352	-0.02000494548302828	-0.09669787695593784	-0.19558700980902738	-0.09236470888867593	0.3812473033160151	-0.032335823434728905	0.2125003312265381	-0.03260505853057627	0.37222769637150704	-0.13602056243238325	-0.21273968788321934	0.2839591931682617	-0.3250664105736954	0.36998585933496386	-0.0036274986077374782	0.807589749892716	0.4476973825465141	0.6863894640796278	0.8288320827274736	0.8748339714825756	0.4525884513735832	-0.07435177091622669	0.10487076609851242	0.26300936183686996	0.17370033372636112	0.6099786348466985	0.16106439404986583	0.5406481110365793	1.0166210198999792	0.01406795907512115	0.12103782232091898	0.403007142549625	0.10058885273404244	0.9106715899290465	0.47431045717595005	0.6512561096366785	0.20042668366546257	0.7413730444093545	0.0677335397076041	-0.04948552671963513	0.2471798178184601	1.178735877042043	0.42192856061584527	0.10973429520964495	0.8432637827042806	0.36964811103657935	0.2842046424489377	0.7973140930295216	0.09597861123725965	0.833395531705393	0.48398364004771877	0.7192882768026154	0.7201767958102967
0.6411744820852967	0.597754940969459	0.6300621983720597	0.6869213597370186	0.40316907552381703	0.5512240841273743	0.6934444962926238	1.2277779948920284	0.4654974980938851	0.636688434569218	0.3869374960940266	1.421021177666582	0.8391595609199904	0.8084676210435093	0.27702460103520443	0.40230696297901125	1.0413089461718685	0.3853651588568032	0.11456329621096284	0.6034533026132872	0.7863980106964645	0.1379284189592126	0.8939012097754186	1.0176237822043162	0.34989863634659213	0.6322029425693457	0.7933464490709686	0.10370675549370811	0.12029110993526848	0.5371800775222867	0.37239815235309726	-0.033098483301877146	-0.0822054312819509	0.8246526676582632	0.6065990756210323	0.1357907912078451	0.2984331998705647	0.5587913578343757	0.15595654891111876	0.9782586594560663	0.24725695957647448	0.11811283922944343	0.7099442720029553	-0.004531198484551802	0.13907833472906783	0.35521638745033335	0.20276567076498747	0.2844331401525726	0.12446245057641753	-0.12437075290500255	0.03362997898759951	0.2335189229651789	0.004517931368750283	0.26482679421318767	0.2865285320067607	0.22880586514010814	0.1264472349875217	0.22059064705138942	0.4189570683187719	0.002263145249433718	1.0538156158383225	0.5346763826451183	-0.17096626211198923	0.57486502900489	0.19422545347482334	0.8881146099373516	0.05955942426300359	0.610895165759092	0.5589834747816473	0.2863203023119195	0.7040406082346944	0.38631562764304195	1.285868405154635	0.8932265395090071	0.37417214475085797	0.4232865533135848	-0.06895925010867288	0.4005394159580363	0.8677023877475345	0.6638964878876635	-0.07185452141584414	0.06986885373397167	0.12120372168082538	0.2741221885671987	0.2688704355663696	0.3424004188592197	0.48926139815096437	0.2415391798636486	0.45632018426472565	0.20323633742609903	1.0780391680589292	0.9593720764223646	0.5368999348657247	0.5155668140173405	0.3596779172586386	0.22700931461799234	0.9789828137173616	0.48101018816722696	0.2774815978312647	0.39095333802744525
0.4299506701608636	0.3712815245031255	0.5561133350276578	0.1953073407300317	0.19502870907755143	0.6208885551162349	0.6210584680807332	0.9125594242630035	0.6451393401300742	1.0856087902106935	0.487522063020536	1.381603572524724	0.2532437146813212	0.5093562108795071	0.4646073028160505	0.6429174641796207	0.6165632962109627	-0.05410443288044875	0.7760637802044578	0.5122036036336316	0.6454281474506667	0.5078440999318105	0.4744275572146973	0.9075668376267791	0.03639869537018903	0.8177920897269776	0.6762079949892439	0.5802348264220173	0.7652919834845031	0.5721831467493276	0.2522077352854173	0.14709656121580283	0.9490420484104598	0.09998456081583118	0.5458454928886981	0.3901261785623519	0.13398581211608618	0.5185964077544507	0.8107892093754471	0.209534292709822	0.17336161744098683	-0.04016692567609792	0.4324980647204157	0.5322448951532599	0.08657667026363414	0.22079679911561823	0.16129135713998036	0.05062452520724228	0.4572917348910008	0.1466518288287913	0.18370993026882818	-0.03220700200402468	0.02309971238148406	0.02890735933982458	-0.08367137605530717	-0.0313657240945433	0.2888614167607573	-0.2714940025081556	-0.12057829792611907	0.013509586126538298	-0.14349192487754342	0.09420433552623364	0.9171998969517436	0.735507083526028	0.5392310489118133	0.1328675316054002	0.2850623636381312	0.5845905526136344	0.29401146307692094	0.6182617286831071	0.4854277224807688	0.43195416435780243	0.5978686648584615	0.33503588634693937	0.43583942526293273	0.19822963234548663	0.7910932086754966	0.3485369605764036	0.20322838104523155	0.320009881244523	0.03898068886787187	0.3060081105366148	0.5635372438896689	0.21967680761501618	0.20567827140022021	0.635455214977828	0.38984483182441243	-0.011155097347271159	0.7240978361254966	0.12412785483250488	0.21295598228458823	0.6189847496913413	0.2539855524122596	0.3455382118766588	0.42126257862290317	0.19017821237662336	1.1377056458500856	0.5652341889671703	0.3645697415877487	0.09903817646250057
0.23050620997679327	1.0957550826260918	0.7901988581364375	0.07764298778836498	0.7728901133391939	0.9690821122392719	0.8004445199020624	-0.0683316209546268	0.850472083227438	0.8121087311870964	1.3076071847688566	0.5808277385907388	0.8198283760455856	0.8205228421320157	0.701996612739931	0.9551121073368414	0.4160622455909373	0.628036028003572	0.5416482526932122	0.6732854200605235	0.7564822825049893	0.03967909773057743	0.669842447271096	0.0008989196598574445	0.6855117581949057	0.43865193576566097	0.3966506608559671	0.4200962542930986	0.17407024919068237	0.035043228882398636	0.003985835725525022	0.19395546287693521	0.7061215983312293	0.3492358416278847	0.71162737083901	0.6160978361254965	0.6006801837647612	0.42173294947163464	0.06145327900384845	-0.23888588586086262	0.5534984896903137	0.4423031146404907	0.1792986052376846	0.06807304621478202	0.22398990765931856	-0.03845795228393542	0.10951056522385219	0.013370694575800895	0.07837102510794375	0.1555106832710461	0.034678093635034185	0.11923372788871903	-0.027653563428146066	0.20606969367447586	-0.054121691380193904	0.07488329021138784	0.4173566358494051	0.07874875529649983	0.48594320957821047	0.22792095837655946	0.2740636385478251	0.8129552267825473	0.3300907532938639	0.3806758396280264	0.11728787544215624	0.5793426951702032	0.23781344376995517	0.3506212559943671	0.5029562183789759	0.5125129622762832	0.3437351923683183	0.7159276162382942	0.8352851367472581	0.4295072015732219	0.251562753193871	0.7698416917690553	0.11362045327344861	1.1940900922295783	0.8652024231616926	0.48892449979237573	0.2284243935499014	0.9066195325053364	0.30073110793541014	0.34303515445433724	0.9243399564753052	0.42223130861563973	0.6295083820451606	0.4762627438889746	0.5385462154764039	0.3395980840246038	0.9178186614559246	0.5148736936689207	1.0276796407476692	0.2663174219603889	0.07276336953910212	0.26659751739807325	0.20179159392876334	-0.15407025891221593	0.3188748505314206	0.2494527123773177
0.20759279551031795	0.3719796264431269	0.5838397085761982	0.9105623046145341	0.7844755538149382	0.5901671395498375	0.6305282486934952	0.7821392693017578	0.6687504551760917	0.3926671277451181	0.6809145129997736	0.33196675929899416	1.0745775438128689	0.6239686480540962	0.6914407187824195	0.7336366132398955	0.5491670215026435	1.321337760797499	0.8080368307244903	0.3747046778630958	-0.03515670278910793	0.1990946252418231	0.3877599461704796	0.6703149429693176	0.9876769492716487	0.40353731471798526	0.356146729884411	0.23784686223614715	0.6186548633360692	-0.18493036465472584	0.3733740832246605	0.2189559586751494	0.35717887344090904	0.919622625341816	0.8205684194591771	-0.0472340570320714	-0.11093168678329729	0.6363457171783666	-0.3476838293398662	0.6677227974129611	0.2777197281859201	0.32260536684207086	0.025824504097626433	0.45879398959240386	0.0326523246270056	0.28584484293473655	-0.06885063835756076	0.033757383851977144	-0.07393866406685082	0.01081208553283032	0.028450338934325484	0.05175681722544653	0.06359202750916254	0.04878822888934256	0.043876561521336704	-0.04392310544669753	-0.11719791237009602	0.221718689370614	0.04852395177563812	0.28302611203928607	0.18916829641233746	0.24872659853260398	0.6124513902487463	0.0964791896685096	0.5278427305843614	0.5819541407483637	0.6752052799037845	0.06512199969168853	0.4515704026520343	0.7155695999311161	0.5426256237405406	0.2260934211604455	0.5474518388280831	0.7219484508736186	0.05617025599575587	1.0379198487329369	0.28500390805651266	0.38525438614764784	-0.024718428277996973	0.9103954136581993	0.6063685113971093	0.45295206311775144	0.4408650762237675	0.4068633055158593	0.20500367196212493	0.6590053246228391	1.0185347412891586	0.2550376806642862	0.12998404140817799	0.06506958812639663	0.6262627438889745	0.10179168836651853	0.27020563404536624	0.3294849739810096	0.7598174337651082	0.5059859773821578	1.3037377421877063	0.5386808920479244	0.5333756178381808	0.33703942776275564
0.5660939169586598	0.35292346097706967	0.9197852902086101	1.2607569241623162	0.3992539139588724	0.7598625500138183	0.2764463378288483	0.6089494188606084	0.3428359074565552	0.5025290750238525	0.5549692382900655	0.4136933453324834	0.68144225339594	0.9262482949124438	0.8419991861687575	0.9289717408905758	0.47108503980968014	0.6370037191810023	0.418339767599795	0.7777618821444592	-0.1068496106525787	1.0945935746217976	0.18075680611512235	-0.02588066817489315	0.5980904463711598	0.4434523346262973	0.2026489609763753	0.6790950266022824	0.9371241009317395	0.039985505193382176	0.9387614571745612	0.3693188149172767	0.5142057993114377	0.295788264997896	0.33356480721504445	0.3584279349657177	0.3194268725409728	0.30959492035980785	0.797479897951673	0.5323884488737604	0.03063564525290574	0.2712975192035008	0.4503482072797621	0.03001324489515328	0.07687358673205094	-0.09954609604041934	0.07386947868970394	0.011172226689498382	0.16283653241228746	0.034391647258319204	-0.0385800339142644	0.13147747728980308	0.06156170187945019	-0.09479758933742193	0.5020388486371105	-0.03664818047610513	0.0187708176226406	-0.11489403111724028	0.14093801550167973	0.38507953881044543	0.13169476189880996	0.1904760260037136	0.5508636360480021	0.37472676379867537	0.6092586594560663	0.5589802166790965	0.7428988488315412	0.42750953890766064	0.5191755917289191	0.877508145950773	0.12339886063626049	0.16806342606287616	0.558062269200376	0.2582795413102683	0.6973060894297765	0.0063881655604950405	0.22511090325546385	0.7783927930104951	0.6459510951307614	0.43514850059231913	1.2449544476710677	0.5044484154594605	0.8691139724825045	0.6455017950117422	1.0603919194612603	0.5576164868877345	0.4936737619974141	0.6321719086564703	0.9545645947300955	0.0021253994508722007	-0.02243174580689422	1.5318481607552799	0.04790449148740861	0.1345407853054853	0.9312057993114378	0.4207892329848858	0.9043749095550175	0.6893444658781114	0.6435110263023036	0.614790271800192
0.2963178705397257	0.5640663300238457	1.0073162887073277	0.4902307892079868	0.8195589992931056	1.3498065970327102	0.1670860786249863	0.35039331241814814	0.6545018894494973	0.81822474519166	1.1760832454923331	-0.05536062445576767	0.996779198973406	0.7512212509947211	0.5793336291457134	0.7083339596778562	0.9146961312462589	1.0974468572365015	0.7096449001529057	0.688203343929805	0.562594920359808	0.7069258691398247	0.18484532762262673	0.7324534206604809	0.2612000386083763	0.5623942567956992	0.4619519450705575	0.5637306829655121	0.3632600996318317	0.680205964577509	0.30511760833607615	0.34636740175348685	0.7990934919887619	0.3104809367669791	-0.041965530219387204	0.4075333483322709	0.12322906571895603	0.4177283220216346	0.7844215368078093	0.24636388394710929	0.17849246928342577	0.012352716682568321	0.26626405351843135	0.006789385751842597	0.053760429469579235	0.30592368457234276	0.1061178319313493	0.024616073028160504	-0.025858311425162935	0.12833479711853743	0.0424732512002622	0.11044682112794788	0.1335880375140094	-0.004410404263031367	0.15075832822952817	0.2923490100006805	0.041658085330066874	0.03535467626598676	0.18293690585805733	0.7704397035765521	0.2025534038561158	0.016614007896662897	0.21894859253025134	0.57130930031345	0.6330899977918231	0.5618415501124226	0.46323088364574183	-0.013214709791389778	0.08239531922044419	0.6061953875489376	0.3459509062552513	0.41059109563072616	0.4644763801452953	0.13855760633621783	0.4290247426918371	1.3119403764455573	0.5350275049961739	1.3554444254643072	0.8064735234032032	0.6539752823063921	0.3989189279648247	0.4794436699622666	0.7985859487730731	1.5466689928907815	0.6255301374485973	0.554256156855556	0.35423019897201724	0.28411867076082115	1.314399545309985	1.0266508025125998	0.4741239828845457	0.4214299181585749	-0.014123968996640479	0.881010825622074	1.3772885601158806	1.0637352395871957	0.4217354048532673	0.8779843247214434	0.25162430161196914	0.6749838761421066
0.6649267426890596	0.8740374445698986	0.25276152800287754	0.8600383889474496	1.1919493008134145	0.28583656852084094	0.6343370997332133	0.39850103950970145	0.8739730630191473	1.1230865980326392	0.8112797537952174	0.42683453810910615	0.2415056197408239	0.9629193529347227	1.0380275049961738	0.41222231341946614	0.49019576529995795	0.829976132246188	0.5728105161995469	0.825647001392957	0.4397612446896122	0.8637611738612959	1.0391778818444803	-0.015518402168735235	0.09164478210571192	0.31234134943219305	0.49486899539060425	0.9715358037139035	1.0113139513728888	0.197507296010977	0.5070616553549678	0.6569239567752839	0.011367826723384877	0.4168940325060308	0.18800329421110445	0.3795586687609628	0.25641997858485027	0.3451407094775232	0.07991640175487569	0.15124711444050487	0.5048800321088367	0.41993308112897554	0.18548536284235423	0.12220481882533321	0.2640636024392716	0.09647962574873167	0.024255931871492442	-0.043330051621343485	-0.0048324007605016865	-0.005221852341014734	-0.002777581032454645	-0.012387869748115062	-0.008858004502458855	-0.019938900161238574	0.0010637677053430966	0.066263038312564	0.023740916962826264	-0.0020635663307182472	0.42507618627013916	0.20613525569716584	0.3213314098584684	0.09061337044181589	0.6105892304850628	0.5143939734824339	0.3706179742823773	0.3330358391280618	0.09417313634728652	0.08589492966470436	0.7899798625375147	0.3657819612777428	1.3921436370479312	0.20369811443911612	0.3030015943315127	0.5549450511144349	0.6423324722832133	0.32388692606495934	0.30505301430037596	0.5194146428516869	0.8495566855681056	0.9216398713424465	0.7041096519552086	1.3842468075178007	0.3304995993339361	0.7408637540951959	0.4827544923901224	0.6301189068552088	0.5513165011922766	0.8918432736014532	0.41545306651889935	0.0926753910486896	0.37928995307276847	0.21581882672199615	0.2750121241412067	0.9122905196992991	-0.003236441585387606	0.10621007261985616	-0.002795215894429659	0.4263181774624297	0.7950143198190128	0.2011501296435947
0.6898415973313	0.6846478513327529	0.24550909032832402	0.23862156291707115	0.9748969128575614	0.522783731985651	0.7350059620776863	0.5698373004134429	0.7054723901501421	0.13544378800946044	0.6492220301062008	0.8898079663801592	1.1817819848871816	0.634783543110141	0.5256426572562221	0.8602246271444662	0.37080824969342446	0.6054755538149381	0.6650335254030616	0.3929792250826678	0.4497324536734203	0.647706967978657	0.23015171147599267	0.9401201817649028	0.527672392649965	0.010617761797428238	0.6680048524340638	0.5012560860272397	0.6181466826655335	0.8442013135180702	1.1615888527340423	0.30689367836444914	0.3711971818662844	0.28158635013353217	0.10100336503942081	0.8530014290654411	0.4347492510947142	0.8240524240644065	0.11955116095943208	0.4925761272465423	0.37024038575045376	0.14384850239774682	-0.0570988499425735	0.09737140285896417	0.017814281210636468	0.07606216226350634	0.14153180121963582	0.015918962684587618	0.013306643557192478	-0.0009443775510345794	-0.001277687274929137	-0.005165993797661554	0.07397512815064489	-0.05249455802436216	-0.009019370850120334	0.08548578781225216	0.08329695257697023	0.020823205578493792	0.307796397755159	0.1875519164614729	0.17636013004634393	0.11736126329940516	0.21175465765619378	0.19936629210986445	0.9340334309653066	0.3423150610165113	0.43575640475466326	0.5362840507130744	0.7347035682194735	1.099674635546649	0.44939685383396455	0.7944218909493911	0.5323644269642012	0.49347491636009116	0.8613055936315622	0.43891517406405933	0.7776638696425668	0.48555382882601367	1.0896131815663057	0.29105886944119236	0.6186114580772751	0.5191391748640027	0.7020842843076393	0.6160588222223149	0.6477550826260917	0.0004789063552442796	0.791898754393786	0.6643995925288626	0.48714991715864564	0.2645973049131243	0.5091280200985763	0.4814323499307688	0.6007079831845245	0.15820662564179477	0.5204836754618771	0.6625342927098221	0.6407566172396121	0.6549278287232432	0.8003180358057972	0.6958413848463512
0.0038669649788695692	0.5484221506532176	1.1434512485921136	0.31914481751987006	0.517533442770026	0.9596722273838936	0.6331709406694803	1.0839492772039758	0.9059184557760491	0.6579984778855942	0.7645263127195157	0.7698910341073062	0.46044872238216455	0.25667246347828143	0.2911158140187292	0.46500327060166574	0.5957295261030122	0.7788955671195512	0.08353504821186286	0.062007685566716764	0.7630111325447781	0.11012577720189265	0.5007644083544083	0.3745676167382588	0.7828422820050246	0.8070356738619904	0.8786181159390098	0.19284027520272867	1.2739197306857433	-0.10655295388798847	1.0724752941111115	0.3399199431706921	0.5535564966925954	1.0586664194619548	0.36588864955398986	0.20147066666111152	0.49855090125560547	0.1792460756251988	0.6652170721240578	0.23752189775446458	0.6443799730852398	0.43709862634730046	0.40234643657185387	0.15717909703618216	0.24462181012178305	-0.018102721890532747	-0.04599619888035708	0.20589125770257938	0.11425156412531891	-0.011082548319494035	-0.004944094237769269	0.01364021298491357	0.13928096898691897	0.16461640356030335	0.05606350800151656	0.11012557582726776	0.1426280902324974	0.2112958665427866	0.03932760873882546	0.2428565532163694	0.21819460843745797	0.680166336828919	-0.02235934954607377	0.34980860383500606	0.18980957182199593	1.0440336434502555	-0.13854766537370267	0.382785526302998	0.5112299864870682	0.9070640635177231	0.3480360043941332	0.6080906116372313	0.2933114487723786	0.4606416892692323	0.7786135120984485	1.4117520606179284	0.9137522022745611	0.7845238337284443	0.5043055700221234	0.29772319877342024	0.40655666195866685	0.3131971818662845	0.7637269762836243	0.5556159202612039	0.6439222332862534	0.734757372741653	0.053955085125914626	0.9766261431481936	0.3580983791425886	0.28093441575666167	0.5489637497899454	-0.11890291937654413	0.28612275519372943	0.29142968206418707	0.3475918275233283	0.8566184936900303	0.5458403224216062	0.9777871553542735	0.17345667876303206	0.7013108349269703
0.6875328761434953	0.992448155755634	0.48058946657945056	0.5920621747626209	0.29800412054146164	0.32958715285445056	0.45077908092621216	0.5804222450909726	0.16291923488752874	0.4258870441121531	0.8087219710826039	0.687696013199065	0.06644678640818497	0.3431707517939701	0.08975711303782646	0.07828501870006432	0.24378949268871242	0.6633715097958338	0.7106199102563567	0.8654783161192748	0.8530956404476906	-0.0922384247782449	0.3185686083346875	0.7674286904677585	0.15870566945952436	0.430149468579309	1.1150667313843048	0.7057306593560733	0.21019536393949872	0.8824444726831848	0.6930304561760209	0.29364471127739566	0.7884754357677443	0.7474987966130178	0.4901355862293088	0.7559130492145696	0.4726354563773955	0.07557631612205246	0.15279753100822024	0.2985762216842973	0.16096432752680018	0.55340609623485	0.1654875113012828	0.34254261434259514	0.19701315045739815	-0.03107364756107553	0.002394810923115165	0.11961557722994622	0.042837287914328295	0.04008592446923898	0.03919605972354736	-0.001330830732823092	-0.01010690076119608	0.0016175840322421725	0.2974252309905826	0.3847076165438281	0.05196302900766747	0.023769094133610003	0.2766606823683322	0.035440789610735934	0.2509705840280758	0.16880756501969996	0.3976132760040609	0.5782229036554356	0.8055855710220527	-0.1128304758968462	0.4540905171994762	0.6117299510729102	0.9038410307047696	0.8502314974911499	0.6260106603560025	0.42642725029199324	0.40337221807899715	0.9580337614974495	0.28875309943323463	-0.12841112365651874	0.8795592353874933	0.46113629451247207	1.1913327555964786	1.0152204010549253	0.14316508552866397	0.6990853467323842	0.7123394370676521	0.67447744257004	0.3695067529938852	0.9086481346460181	0.5115113804438853	0.4849034998909799	0.2608733867462165	0.9544574342650729	0.6051514989910437	0.5553152262825829	0.40375963924777547	0.9181779054539191	0.6930645829253761	0.6093983648380462	0.41822705891666	0.3929762975122596	0.6233668351269563	0.6248098079163837
0.5147308010127061	0.5382536070361683	0.9258396613573205	1.247477655054989	0.40758842776414445	0.1421430232025232	0.5098369226624225	0.953726598532604	0.5800885103971801	0.35075220227456116	1.2158620542156042	0.09841893976954408	0.4593364622783664	0.07220140795582536	0.2603950595166176	0.4224237560950544	1.0123158873468685	0.24631541515809297	0.3247852902086102	0.4177321231412775	0.8719551087353533	0.16123366955951735	0.7214844073544789	0.2547603475309388	0.6227030488118201	0.4100646065348149	0.47534191605872356	-0.06363403842227844	0.8894447559964502	0.3028324132596163	0.5568636360480022	0.25831038634763376	0.4759476481527003	0.43216829641233745	0.15066566395991393	0.5567456624600202	0.7657740048968754	0.37743639825512365	-0.06450672799565585	0.5263840339087092	0.605520599235332	0.1186291290478036	0.07360149489411172	0.14371179541449147	0.07090459703548774	0.0897888663441895	0.007063484392077782	0.18045133053075407	-0.03335631642758637	-0.025440021609580428	-0.04363405092139307	0.22172599579751986	0.05728309383640881	0.12547929521658885	0.1944552260881521	0.1252370568195864	0.04832260353780496	-0.09883989606291776	0.015330819622498992	0.22933129181127448	0.31814082752471706	0.15883552970553472	0.42083630881701434	0.3738354116583409	0.5135295708220667	0.34922295087431304	0.9975051475520483	0.6373960038941686	0.3847867776032531	0.19789580321393901	-0.09379320909213379	0.25723381121614997	0.5325104832852118	0.4699775252030759	0.02758705841669551	0.5763149429693175	0.3760860786249863	0.7915297833070157	0.5233883072171277	0.7775579840872382	0.6658336409504327	0.8027242375887265	0.08381013844852658	0.7865938107161854	0.4380646537536925	0.4411492324849212	-0.1950693617535424	0.11584976619711662	0.19551241925919138	0.21578540825580417	0.5312572192803009	0.29722786163757847	0.36697861123725956	0.3964263767427585	0.7750940113964151	0.13350467536327293	0.9964186092374012	0.9854461017344605	0.5696163688405405	0.7488941505532247
0.2019814443699126	0.5703698335256807	0.48325672348208665	0.36869785473528954	0.49158585433531793	0.6766713538346589	0.046256699872647966	0.9105883097169507	0.4348116494526082	0.5352534653795356	0.6638619361684102	0.35172211273923654	0.41233627340285617	0.22823107252125197	0.9162007941104171	0.9181197567950047	0.28431676089610325	0.5095409505715567	0.8574283599356156	0.5143156984713582	0.40448098398585663	0.3402062715002132	0.45401162834299236	0.43047900079299944	0.7967807808058041	0.23672763734791002	0.4165063752428647	0.3097254416701039	0.23514205521553333	0.7470284729831638	0.18550396708010958	0.34486469847274703	0.020336533106682764	0.9336124496737037	0.14674894417201007	0.8863025480139601	0.31919234193133544	0.31802410523699015	0.3029132853089573	-0.13855828962115183	0.38108017626529234	0.258937141952445	0.5124362802079298	0.04540685173689085	0.27940654481418675	0.034515216283291045	-0.051960018109828324	0.1286755202062076	-0.05193635034185078	0.036480097937507214	0.06517314745761063	0.03236779061483144	0.1007580213068241	0.12237050570029068	0.06478898439138339	0.0880426025378758	0.22740845717872754	-0.04664437935646221	-0.1530839759961447	0.22011163514806598	0.33567107052139356	0.035477466179479	0.8061700907296844	1.0725856654598078	0.27744836824058294	0.48358724729220565	0.5324494070558891	0.820951260396833	0.2948996751618982	0.30317408072483754	0.7013142819050316	0.6605906706608281	0.1900357446903067	1.0204482029745114	0.7414747983128973	0.8988134437699551	1.3948704591758085	0.8036981852674324	0.899390691770444	0.2931992831063355	0.6512217467929355	0.2804467391893074	0.39300617456263515	0.12375911984012244	0.6798976683596023	0.5181488075150232	0.5901230857258722	0.854208915757356	1.3588720882270837	0.4377273068157672	0.30847685233407085	0.7002545986325969	0.6958355769244122	0.6220025387090637	0.799030763098725	0.20283871697976946	0.8817806863680488	0.4149747865081779	0.5458652650992777	0.5084773717417238
0.3249223041145697	0.1628145298041389	1.1919258927492635	1.6291994247629682	0.7798641082367777	0.7436722509933323	0.5486194852864589	0.09206333162512104	0.6837586948702243	0.6124488876482359	0.6796431530544363	0.48772763734791	0.37669955461488147	0.4368398738422695	0.11681299519061844	0.2712612801037705	0.6455131039329158	0.4147073693391162	0.5370099756822782	0.00014663544665594053	0.4327302343861754	0.4586754382675672	1.0820078508327882	0.25800534823227805	0.2784760496131524	0.5916152355874793	0.7292830118977685	1.0308669649788698	0.017255212478005044	0.3068928756435308	0.2975901276437363	-0.04888324160371971	0.5417528633388469	0.9114723665407032	0.9600823483336598	0.5233048145200825	0.12622051910211912	0.7366645543162915	1.2374464322666032	0.34830561724100095	0.19299819457232892	0.32730127310426627	-0.031532072033786496	0.7118549949934103	0.1441864631810802	0.13554521138086054	0.19179309243373038	-0.04023737485261461	0.37203936804476345	0.5222046535592618	0.2282883115223783	0.2337046181451036	-0.021350461286769956	0.5307899995972507	0.2687640889325895	0.0968211987761978	0.06457544257281778	-0.137862855547732	0.26102974789285754	0.42469813804855494	0.7467855735218755	0.6028125702207203	0.423781512698406	0.6996139134589078	0.0654189633789829	0.5811705156995826	0.48342148958893194	1.0486718024139956	0.6068401099366574	0.6576442863074976	0.9450630719212945	1.1454494778842055	0.12184008632721849	0.8387851013331	0.18103609883188831	0.49534208132479496	0.7772062478907743	0.6526461986720384	0.6117302107767367	1.221479661857285	0.37333634423117246	0.06967050389486307	0.20342052160194213	0.7295637683997385	0.4673135027935522	0.921865642850298	0.3109821998719535	-0.15199047289705864	0.4037858568351408	0.16697490455537178	0.6321958125188356	0.3225849807860832	0.44161126920176486	1.7112775345079725	0.2319997055764106	0.4564482501933891	0.6278669177599919	0.19742274088918704	0.6659203917500289	0.4826710233025161
0.8004527832056341	0.5139219971918656	0.744038648651276	0.11578703730707962	0.40031258202543984	0.6087834014535083	0.9863150610165113	1.129207239487203	0.5587068971503408	0.07700853550651277	0.8515359217610975	0.41506760493353945	1.206843627743035	1.0628976919690412	0.1879838525326678	0.7040665425087944	0.5005666959701467	0.4743725722205788	0.5152340945294153	0.5599244997923758	1.0213672600968542	0.09975942676282656	0.6170602387886412	0.8138659969918797	0.4455867042751138	0.5795877903092975	0.4645300666202811	0.4367856207407531	0.2647842513933041	0.9265045809255178	0.7167272123780122	0.37542146597949305	0.3889235790242635	0.3476994365676876	0.434639824123569	0.9036116469527853	1.233501181166334	0.9391124378689841	0.34742071047745227	0.4161143266240864	0.22969709923324877	0.30544508652859315	0.6243304418714786	0.14902575789770445	-0.16858974850392539	0.0781852354902639	-0.1258716854778342	-0.09406713135597339	0.3314034991965846	0.7465705554189911	0.22782091546293248	-0.015207663068310423	0.2678475580201958	0.17470915115734856	-0.030038670871924356	0.017158710980194447	0.14838533242784196	0.7256693706418017	-0.11557980893020076	0.004227743590384581	0.14659005681541998	0.12834083002453994	0.15775399659190803	0.5470601679603251	0.5806135829267649	0.6132268464317111	0.09275574369037748	0.28094675099402683	-0.00930327851777163	0.7373103155193172	0.1965630601165751	0.5863946581561585	0.6965910248024099	0.6907590490118061	0.672619886646918	0.6804492653992565	0.4809263177191615	0.7293478184184174	0.6227651402470102	0.1810398055137762	0.347535024602424	0.412448580725532	0.8542562985121886	0.020120158155464085	0.8877845583160081	0.47489526019684714	0.25495333802744524	0.5711988345269987	0.811388283607689	0.8873865601186581	0.41116385783784754	0.6299682703030758	1.0528039527755673	0.6412207551965069	0.9786383131194873	0.16528289385057443	0.7507563811452244	0.22070328490620805	0.5573127236820725	0.7701753792439702
1.049007567519523	0.23614786313747227	0.6637890204999367	-0.069847792725793	0.11528931561792155	0.8912887962102686	0.9374004660780971	0.4084858947491219	0.14468013654588352	0.667261421760403	0.060622601732377324	0.019513883044395497	0.025152821119615143	0.37906916315649863	0.21398694536914742	0.4667591198401224	0.29425764425019896	0.3222355110957419	0.34087319787070636	0.45564702500239573	0.4209788001127697	0.6110625761230802	0.8271171361473006	0.10058771948098122	0.2982267756033947	0.8335051711614871	0.6147543507334898	0.16564405021310985	0.35447652180192796	0.9474499972918584	0.2893675670195583	0.7674500681201748	0.39056074639157506	0.8740327226821432	0.3466148814458975	0.7653648755435378	-0.06377223280017663	0.5041443925499722	-0.12499559614527306	0.24158974989271592	0.4593132194802868	0.38975498818833665	-0.04782955512873388	0.391472720682285	0.16530127310426623	0.5839945114998799	0.07721440425747622	-0.0740900672313489	0.21799248108814517	0.21799264635421656	0.06007708342881268	0.03135205561828258	0.04615611394192912	0.01513178510966584	0.07510353711056578	0.1725518692425953	0.24052824869349532	0.38652985413533203	0.6623112126779908	-0.12837985364925542	-0.022463724097320836	0.1562889850857787	0.0535130094951608	0.8017819612777428	0.6218917423904696	0.5400039316659514	1.0818652414898389	0.2954190814261768	0.562835293611147	0.03520114825199888	0.17317146007713347	0.30611623898862717	0.9032309072551805	0.961287474081697	0.7710920754224353	0.6918993446297554	0.017904019298632945	0.34468367796169996	0.49009623068365993	0.4595374327651791	0.19773547568158378	0.692340192569693	0.8207277790045426	0.7667289594764816	0.5692552360874437	0.7007265985326041	0.23914219687216598	0.6514157524953094	1.106745449975071	0.6629393376302513	1.0301608122202455	1.0714392313877767	0.8440508658414473	0.6409429026555062	0.43577471318003863	0.461776885248406	0.48527939965363565	0.3308638957518287	0.5655086181395484	0.5304266128371462
0.6106507080748447	0.8412638535325971	0.7618151908684246	0.3962337167783949	0.3448186142370472	0.6096536592546916	0.2815671445494833	0.953264160455301	0.22304259142755167	0.7492374234602825	0.20470930531309595	0.48476417226002044	0.8151523017119622	0.3787092108753407	0.6534311930682687	0.4859841122364944	0.3998174573745471	0.6369572335848434	0.3877341535530122	0.516146304914513	0.9627848180198346	0.2154487459916034	0.12978236263820203	0.5210035775243698	0.4025580549155546	0.2916712593969038	0.03072803870836932	0.6749472467922412	0.9264721776651932	0.7395305151996177	0.8348681218413694	0.6498398974517083	0.7879516617572923	0.9258397794045145	0.13092187914467174	0.3507553895487958	0.2678395433101266	0.11842477130092177	0.03761995747523439	0.052063591328947556	0.47100577320217596	-0.28241185554912085	0.05114396758007422	0.2863638839471093	0.07647050139504008	0.06194094307208797	0.07785693096738983	0.24330384653309278	-0.15575288555949507	0.3106628072178221	-0.06339260274619435	-0.20056022559513143	-0.11961587165353563	-0.07055725080584568	-0.014002608148589446	0.46847342896544825	-0.03535701221163501	0.19603090475535762	0.4853953192204441	0.764398081524781	0.562122566318219	1.0140678882468048	0.3105979423679711	0.5811214566745967	-0.038219219194195964	0.7960288743436229	0.6345575591173402	0.35994859253025135	-0.06085744898625234	0.05781207442250624	0.2509222805051309	0.7861434717818598	0.3282034619769989	0.4236204296640098	0.5536796171382306	0.5013753109154767	0.42113033382357645	0.15018451609677652	0.6301809746809601	0.68364983452561	0.9456795935287917	0.2052321349459969	0.6875089958905688	0.4017849596764674	0.4922844520735337	0.7441428815458904	0.16986134593244095	1.2223878114189133	1.1605229837886482	0.5314374842893073	1.0468558213237675	0.5564693917514176	0.8428303120195653	0.7663576746647112	0.7294972147806198	0.49410915615699447	0.2029162128793655	0.6265823129195015	0.3659525116970882	0.7124536803643075
0.23270682632202444	1.2279834511722085	0.9349850330046067	0.6937887135772327	0.06287511023524717	0.13537658582517076	0.7317930577139674	0.13057085123137113	0.8262637590948417	0.17026541175555632	0.22451496907857915	0.9044863905473361	0.8435669084550955	0.5335661765624934	0.17134371037607055	0.09256917496121797	0.5364835101958054	0.26754064364885266	0.5889001001317963	0.8186159438706424	0.06261695907650988	0.15972936083694073	0.9485308693411993	1.3490591763638964	0.8895863029146546	0.5427828348269775	0.6843670240024664	0.5321444633782884	0.9871992358874578	0.4273097961116643	0.8003408064151012	0.3907285108971447	0.48414245657599253	0.5923665282042522	1.1145073432298545	0.32028414515082965	0.6548970781236331	0.21590052510169422	0.5805095625170994	0.32178684843156946	0.45028372018093166	0.2355056197408239	0.19892268186559003	0.0271425037948701	0.02458469747281794	0.15422207732507837	0.1846936758646262	0.8159714103584328	0.1368615584173899	0.3098343256241572	0.20783357012211634	0.5094744205618769	0.03233521097811132	0.20005742926542708	0.051613984287224135	-0.12296508164005049	0.6461190721212804	0.3339259871870187	0.31645403450588916	-0.04432305072835119	-0.042099309632234405	0.9620958765420782	0.3226497636972937	0.5529771474520555	0.8999167086775798	1.010524919762628	0.7525576771645341	0.45044744747247073	0.6264203091169932	-0.05565914636602126	0.9507569477717551	0.7155617379880037	0.40745249989236876	0.8348142701003123	0.7943734221603749	-0.03623351401497943	1.1606825210991998	0.2775995005909304	0.3049054594743983	0.2607935062933042	0.5791506254418091	0.5626230267022753	0.03673320917546119	0.8900925712206496	0.2983098433305419	0.4781692407898885	0.21213768746935974	0.13569473828937123	0.9508861469534797	1.033578582628175	0.3065246128399239	0.14366502650506696	0.7353338888495398	0.6096090735239588	1.0981648022153987	0.6781378763448701	1.114028024403827	0.4375597311857076	0.48300761473840054	0.3882866005324622
0.16990198888689834	0.20140235483319935	0.18793042576150853	0.6722073339249581	-0.0846214545914109	0.6191865228990723	1.322375310915477	0.055182155152898815	0.02118099829039899	0.2847102260812081	0.842125210575362	0.17173408272469592	0.03098425389312698	0.4927355937287775	0.6231542376859417	0.620262271700199	0.5391222357860763	0.7585083584357218	0.358504557316079	1.27794630241469	0.6746994129582489	1.1202265631184458	0.7001954347678152	1.0315869875883792	-0.03461041787317837	0.1938111536543939	1.1370355322053578	0.511284215979146	0.5182281685602825	0.24842189094939104	0.2162545514137193	0.26436792116113994	0.27042193816826865	0.7895064932900585	0.33492596357757987	0.3401749542740722	0.20951060133240562	0.16542663644658506	0.2072045480111826	0.10173516875887956	0.9191211733613314	0.5131458091162986	0.47778866635835526	0.061953101933057586	0.20255895207422803	0.0628659497730022	0.9840353905487251	-0.1815784868016293	0.051951095130761626	0.22881304240949607	0.2513674253629257	0.49472825119331826	0.6564746802657033	0.20739451649952567	-0.10504814936719759	0.6353464962898462	-0.008900865355370713	0.02068016015532237	0.5076507080748447	0.5083722180789971	0.02137337494149727	0.6177603475309388	0.3497312968109204	0.1629485925302514	0.2735279889896688	0.34769537574421816	0.8291412052757374	1.0052518599376987	0.3738121452508225	0.12387104941177784	1.1791752611967763	0.58987081331739	0.3819846080347087	0.6222053979509785	0.8179545893277004	0.934454695570175	0.10053974649017916	0.7789010917282247	0.3984583786426239	0.6501547807030336	0.28685073418410645	0.28054144636977096	0.2440080160988597	0.8000612539945087	0.9517231987734202	0.864611788609418	0.44841683852949304	0.10383380621650407	0.7999461607580574	0.35416527440417417	0.4501070549169433	0.3564418992543584	0.20025152940555602	1.1225828795460322	0.9873325431115294	0.6688879884897042	0.6614459128589503	0.9038352227828307	0.4211456202407885	1.3752020926295498
-0.0351549320811998	0.44593094516916176	0.344571181763514	0.22004190675382718	-0.18912078172240576	0.04651515795408934	0.4493753817437931	0.5191586054321152	0.3513256380450829	0.36651513434465055	-0.05809477661998941	0.43498404140817803	0.24226191755861737	0.6120955224004966	0.6399014222603676	0.6149810902283309	0.36886722468269606	0.44725710123310713	0.9011144918901578	0.494390479285495	0.8391119656802088	0.4027268818458693	0.8900840009943739	0.6714734761843257	0.5618071636592408	0.744585216880471	1.0578362615981367	0.695003365039421	0.09580921768041428	0.6036144800854384	-0.0016075611310865101	0.6812557791045357	0.14537101399761965	0.6024285724205648	0.4465980368057263	0.17923350429344598	0.39909623068365985	0.09131640675452157	0.01248511563764243	0.1890960181987109	0.9453462838048972	0.37217915675417435	0.2759016819641943	0.35356811253647313	0.36379027180019197	0.4572044299639887	-0.01390402902016663	-0.14073864906791322	0.10187562964290031	0.03259617166006301	0.3965399117562506	0.10723100169293565	0.7047577741021122	0.01245375119262393	0.1317596156383367	0.47970951779804494	0.4711552292823702	0.3106289054525304	-0.12734442838076743	0.6050700130962946	0.3452071922683255	0.5978728673385635	0.3592874504722583	-0.16088286385269934	0.1315028574364871	0.557447518300787	0.9043629159601196	0.8170010749238595	0.44217311273784776	0.5310374445698984	0.3824532317849708	0.31284372218079004	0.2478194169579655	0.4038461303435452	0.4236513691391305	0.29956636543800363	0.5775415171980873	0.5012393358248236	0.16704282752193944	1.2913496363452033	0.2746261667576324	0.4865141899670995	0.8291738210210111	0.5682561096366785	0.6861401428509923	0.49377893926957955	-0.0003881641717045081	0.5413887321870257	1.1570585389090495	0.693526902955485	0.5654960579181197	0.2616386200421915	0.3371701851674396	0.3739470579167309	0.5930566501539474	0.30647267346340745	0.7980022553957984	0.2690031761639106	0.4047567825056836	0.4270097159784515
0.4126536356452528	0.4809315826240085	1.0932658839443317	0.5015181091339364	0.5941245259016376	0.8199314881862535	-0.01245600381084111	0.4635173064130179	0.3148493176177799	0.5149004778828167	0.559595439767461	0.5819570683187718	0.2713454102556625	0.6386795463099141	0.8400963015119762	0.1716220823247243	1.0916996490526365	0.6423930527143216	0.8209469870884145	1.0004706666611116	0.5833614285654767	0.5260295590173474	0.7237514939913978	1.2851972763040396	1.0893329680814277	0.2668058179212306	0.9197483775454793	0.6407496996740508	1.2527499829873163	0.9744752941111114	0.6314461253438992	0.4026149994930915	0.8121460216012477	0.040868546811267614	0.7828989196598575	0.6271757806044294	-0.24257041237356802	0.7545397937090568	0.778872607634737	-0.044293551428995936	0.3402908030125644	0.43079086203616146	0.3752925973299114	0.5309871578540963	-0.014570931781221041	0.3454033464296279	-0.06678796779672547	0.3815164800826608	-0.21528805042976124	0.17131834272850122	0.6323186968700828	0.1177345549134714	0.6615403603355874	0.3978148131174042	0.3168990377070513	0.380319735685389	0.7654610937280832	-0.12486980783305623	0.28432374928998094	-0.1993471906851042	0.5336784838851693	0.037567994489279166	0.8123467323842338	0.5357859512728959	0.5925607463915752	0.07850694186939539	0.13947656902080546	0.04058745977715472	0.8845323095169648	-0.09588302911877072	0.29431355001242976	0.9158452095754329	0.5865153232201609	0.05217974699014383	0.06151430801429347	0.06009623068365988	1.6137951353445796	0.37010586333468054	0.9744636671569097	1.2308518910466066	0.16654796257487325	0.23281778790668994	0.28298326229669846	0.2832567234820867	1.031393949872995	0.05983822118155524	0.6704467155798687	0.5173350457120398	0.5757811585568245	0.48786649279009403	0.4055589520742281	0.3426433891488242	0.5710044746830434	0.7611161209414333	0.7932521432509643	1.2588921437509286	0.4702553069157602	0.8196440029942325	0.7459513784440269	1.0943442770026013
0.6554045505110054	0.3593237492899809	0.03829514714929916	0.546879029402084	0.6402926917676663	1.2926818364254755	0.30695978340423113	0.25346003130333816	0.311959476481527	0.4854879251608566	0.3611509087550743	0.3688448082149737	0.4794835338052442	0.7540708630360906	0.6397373644366858	0.9120365710206637	0.24856362674310561	0.37867166075736297	0.5729469162600982	0.5932513877489233	0.6855017477928648	0.5644180662203093	0.888333652755152	0.42972034203132836	0.7667239542754611	0.9262238716424253	0.6456934397702385	0.1974406951729808	1.0685813449325117	0.13588978280705116	0.38755859793264646	0.4720030817261555	1.1245631781637688	-0.04163148860289062	0.5934552149778279	0.33281556861944506	0.4909826956701677	0.2906782714002203	0.5399832622966984	-0.11476578742339083	0.19204466905816397	-0.10915153232201608	0.49809726949896604	0.37612702850214785	0.2873475823240298	0.09190420817414324	0.2537129175572286	-0.13095485875306057	-0.05787120078994401	0.01826855181091347	0.016657861734793777	0.23398911743751483	-0.2634868960670841	-0.0038743408453011385	-0.0854289598931186	0.363403228382434	0.42892962304059024	0.3390983555331498	0.11065642155902844	0.3712933056130747	0.3433189329644706	0.40793217285997796	0.5595426032322711	0.2881502713002273	0.550061962277672	0.489342388247499	0.36737136813920124	0.3883698571351195	0.36272879421041015	0.3029521575555064	0.0393684877876706	0.12803923888724544	0.2877068971503408	0.588015783604217	0.18662692225967326	0.6710142253812578	1.1397086206393714	0.07410192055840492	0.6753233007106442	0.7942401149363032	0.7153784037519564	0.5453713681392013	0.46295371577846567	0.47053974649017927	0.2088715688194308	0.7724207576963298	1.014976250293382	0.8847817015739163	1.441446337828848	0.29122800329421117	0.33753086934119947	0.3685045100972014	0.4300624108570087	0.6944237797044932	0.17575501179777542	0.5886194852864589	0.10586684693167564	0.49273028160505294	0.23387109663065542	0.2091825801227969
0.0978241860645982	-0.08392524140651136	0.32523921777762965	0.35754496417614867	0.755210497589754	-0.11600731753723004	0.387573401050759	0.5159606805629046	0.44329290425261536	0.4026817183782815	0.09184589424915734	0.18720332032036624	0.7253972079755461	0.28162132682268337	0.04473162734306324	0.38976077250083674	0.7711759930893783	0.6435343399286995	0.45039536643932165	0.7590600971320087	0.33161693546707105	0.4151128628388822	1.0352531584568316	0.4651427398892578	0.32972605551551215	0.4517262680004611	0.6023880947321787	0.6864951843688849	0.32169131492074865	0.17780716365924082	0.8451409927907884	0.4231171361473007	0.43656402810356487	0.4733419868870399	0.919456064917624	0.46076188214445923	-0.10015639586640385	0.057903051311643305	0.4096828752407815	0.9661800539128478	0.7881840911268785	0.32784986063487165	0.15443357762158516	0.0365712762012691	-0.04804073600342196	0.15848665025116282	0.1716811989706285	-0.18728880593180203	-0.2746455001104088	0.11771856021309601	0.24969099688772045	-0.14836868638471434	0.52456971797831	0.1895430518116078	0.23737691635731362	0.44029330561307456	0.05279171197595722	0.906458048110481	0.2261506962701253	0.8646233100155406	0.018902508294551312	0.07046000769389948	0.5573205384063074	1.536261516198158	0.7155661765624935	0.3287893982509573	0.15593129931074323	0.7036778464303224	-0.062293433381802044	0.10526203560581127	0.5549242636979881	0.4028731978707064	0.545626332023704	0.334434852531279	0.3459341560528352	0.11543565525219746	-0.19251179152587794	-0.16578718868524595	0.1318252012704656	0.41243475809352403	0.34640327560131157	0.1394003008120258	0.2972621300435664	0.2539274509722228	0.9009240984319166	0.47005981381874345	0.5057808516341205	0.25914085113415575	0.4641680603179497	0.17939406792018897	0.8066984213618201	0.7268950241024594	0.3082042174790397	-0.11671299810707852	0.46842923348485044	0.815512773400773	-0.04907363506196083	0.5013168081149808	0.15606913954705992	0.37807187824195787
0.7655472070728323	0.1567682566929287	0.19185297708079008	0.8369085287014392	0.4821031718586599	0.7257145702179428	0.49021243356373356	0.49165986853708976	0.627601224079961	0.09537507482108909	0.38359430651439974	0.08895376299734326	0.29514800479410486	0.2830647245820088	0.4483153443297767	0.0571495157981865	0.3571760875271335	0.8872831299449622	0.7053379968918869	0.2354205452113809	0.4187563103169082	0.6524195536149522	0.41822661033732333	0.4705062808051096	0.29756013254616687	0.29545023338624626	0.1374746094373871	0.8299158115189063	0.7663027841083478	0.7817764130596305	0.5799741018344533	0.40625462224203557	0.17586857042070636	0.522899604333582	0.5292902363860338	0.21273361053592033	0.7909025082945513	0.5134066281416177	0.8118521035315553	0.13526590755377055	0.46495931121545553	0.5192920543128196	0.6018215418074554	0.2691531988706355	0.40551409552934436	-0.3715710498284149	0.48984669697007577	0.5148753699390739	-0.14339655663279405	0.2702153139152643	0.2504938747394282	0.701880611234482	0.003598131243481406	0.3843219077537562	0.666904751191235	0.0203495419074482	0.6995134580744976	0.062037704273725014	0.23397988614695342	0.6699513784440269	0.511984891347974	0.49048577670192817	-0.1908200405249072	0.6541239120562292	0.41634371037607054	0.990759167059	0.6911224954899028	0.9057075582146263	0.4257906731606511	-0.2377653388440541	0.04520761723822342	0.3179866620558821	0.7351850118949906	0.323436221878728	0.03229705951383999	0.17710222748110904	-0.040931757611613606	0.4519312520918658	0.550765281903643	0.17437526369659928	0.5194865322039688	0.4374007966102401	0.5544535623171136	0.11611857632306605	0.17456249349004443	0.8461720267036641	0.36011758472663746	-0.0006330232164110106	1.0968105634184244	0.675341561917142	0.3846770437094039	0.2769005959300105	1.0404300598152076	0.20701424899069654	1.0655689388668301	0.2684564898875219	0.11515182952318659	0.6860158308230944	0.7992669699785155	-0.08737076401532662
0.2101829814832561	-0.04367865887277422	0.382796363035396	0.9636593255199978	1.450076812614662	0.7529099452677657	0.47674319596806347	1.6029095202978678	0.698602380942461	-0.1250101034510056	0.4244315708192892	0.2817610322046633	0.30973311473770615	-0.0049335755383993485	0.7639269551740084	0.8228412195802798	0.7200373501321433	-0.12360253232062729	1.0915607227821362	1.0135052655992423	1.3252283574357928	1.4759205570161003	0.21020039274995805	-0.05488333604147483	0.5297278498328591	0.21066967756450583	0.5958646512538696	0.3886699608777711	0.9790563196218045	0.49119626109817216	0.5117253708417875	0.6472559443706071	0.6541192373873518	-0.0030702116933383206	0.38821011983873377	0.09826517566116844	0.39906996587741694	0.4775998075136345	0.45045842586150153	0.6570435121956638	0.7043183427285011	0.7615118526326607	1.1008168435291388	0.3346203352262548	0.37528435763577855	0.1938724895875431	0.13995787103969026	0.5533501557528565	0.17618505911386828	-0.2352585275209672	0.47260214484807317	0.3254879251608567	0.3674339081537279	0.4532101670576112	0.2815682305836671	0.27920740475327444	-0.009874317235862407	0.40542651839939114	0.4698391183402287	0.2988151672589858	0.37825880111269894	0.22953882572206685	0.4144567023724709	0.3343471101352543	0.6097643611355306	0.2920142489906965	0.2346796879665468	0.2548186614559247	0.610984348330882	0.19801106171646177	0.7508466733606369	0.6885981548529202	0.4186841737599143	0.533546309914159	-0.1530384222784219	0.38437498038333395	0.17673278420556326	0.8625945189993486	0.24092967025946777	0.27078989404917153	0.7953475351051522	0.20092733292502885	0.35878682482213065	0.42167567436195486	0.8770345406089292	0.7910922170790681	0.2115646655584118	0.3634238269233708	0.39342267006087067	0.7768120980319448	0.15506824238838635	0.5359856468500147	0.9388196530523533	0.6355702137765241	0.21715423768594166	0.3367085262016163	0.5162887017725134	0.47976412504114285	-0.013988135562619908	0.936291369639095
0.07829528880593184	0.5514611881658382	0.036047077220919155	0.6279648358241292	-0.04147752311989017	0.3263539332630604	0.0937435028907675	-0.13550775431184736	0.793406179562281	0.3457354756815837	0.8875404075544648	0.2990959709798333	0.5121501060341559	1.0937894926887124	0.2666492915085181	0.30814422728390073	0.07403557942423533	0.3751437550951252	0.2513376191408664	0.877531341529975	0.48611465715622926	0.612367165659099	0.7307564991924183	0.32797658082552483	0.8505602978122382	0.22920022748388658	0.043810020401332694	0.7432806981727682	0.5005573938512689	0.728032132446174	1.2854212771039828	0.2074212771039829	1.3289250900283451	0.14976096137634698	0.7742363610355377	0.291318153852991	0.8518738825444309	0.6610410332045924	0.28309564044769053	0.37398248318521876	0.4991762764026436	0.9463989314645768	0.17978340145350818	0.40247666345856054	0.4062264922901295	0.5307850068953448	0.6946227197795711	0.09626248418514805	0.026513552512252625	0.22268304050685306	-0.1192887351034857	0.19545776479721577	0.20279190085146748	0.14926293276448477	0.6006722037744548	0.21611560153378023	0.8969243109168656	0.4677865887277429	0.5169756364479738	0.06161620357446901	0.2845067529938852	0.23054123388482206	0.10973767135938983	0.29387813224341064	0.05954295737385262	0.315401127142383	0.44206559813124346	1.3853148249221237	0.5412027536938356	0.3735384479710465	0.4327604419686939	0.2752367387865582	0.5076536828641305	0.28373611313643066	0.6908155214005675	0.16745689124798102	0.9745418241207914	0.7354845017922341	0.23747999238942796	0.313230647551354	0.7722333862462522	0.5672330321046702	0.33531617066013375	0.734345976882193	0.4237043237215141	0.4409558642373943	1.0231780235011132	0.6173420341059174	0.8367301635578591	0.7770918157186087	0.3340394749816332	0.5987074873863102	0.3537948992501919	0.5497652819036429	0.588154615436962	0.6258739533727473	0.40159522728251196	-0.037572773317445574	0.551870695270196	0.8861776457500927
0.36259787153965484	0.3835444447684955	0.07351999788903851	1.428683371038996	0.11810510783263961	0.8461644369634929	0.6851890491090215	0.13610494256656813	0.2066287165770202	0.5834861308435096	0.8023183899473787	0.29787459082759415	0.49081818926714904	1.0235660349058606	0.5588711910684104	0.1918128771434246	0.1702286879679356	0.6633935721219746	0.9284223395287279	0.8785901276437365	0.9458928520340919	0.8266147633987038	-0.06599207833889537	0.6263090878285011	0.8591699254636129	0.6064208521340848	0.3801695949314701	0.8526146453515098	0.4083912820064134	1.042308544811409	0.8981722155791743	0.5712006288443457	0.30528676579853364	0.3453705654182829	0.37301377680192105	1.1493466379464787	0.3483477239806625	1.1389808305245044	0.2720655273029271	-0.0758510036094665	0.04422722418273156	0.27872947888413463	-0.07146584894681068	0.6370024442713085	0.3534478016140523	0.17975484653170404	0.29423189885160916	0.4175123956497525	0.21565007061999775	0.02020778250429489	0.5045962897072568	0.04512072478199458	0.4378143881475063	1.152173183566164	0.5626408393294364	0.4581981026343968	0.5196680012943528	0.36458535853710367	0.1927515884291529	0.656419175863932	0.22097943756761673	0.2827595448100204	0.2077914522721307	0.36687534632963503	-0.06962830132865583	0.288731650952502	0.6583135027935523	0.9778971489519492	0.8424524762829299	0.7463702112767012	0.5500929961905476	0.35767461193721006	0.4161757333855519	0.6143712028731299	0.10864695417407944	0.5147562630980306	0.5408968656386838	0.7102021398484273	1.142920981985998	0.6108429430693104	0.24517554451004164	0.4106768076150161	0.5148165129969959	0.2627917828042736	0.6798176462500573	0.07468037264027139	0.8486212323849283	0.3387009239623305	0.6805603922499934	0.8473441589554073	-0.3281229537907731	0.8703195468098788	0.5471287047723009	0.3048756296429004	1.040541635245281	0.38917627640264363	0.14064582092101807	0.4128707660985125	0.6908715688194308	0.5207603239215001
-0.07193175761161363	0.32301254911110466	0.3277340591152572	0.27293257422043715	0.33888167365922683	-0.19397987225904828	0.1956015310026652	0.12818364254754178	0.4521551348446151	0.5495133164178648	0.05298576489720863	0.11453785773507719	0.6520652912085394	0.3779543296238739	0.5123176108358991	0.7415654682793303	0.7691186471513825	0.7026167229821221	0.4737009475717693	0.21584223478614717	0.5275619268635139	0.7196983033146263	1.2206150939308467	0.6401672103781538	0.5217546812656326	0.20081242856408782	0.5896719440706284	0.3175305388090565	0.6291959305660294	0.6893086864680418	0.9291156959715352	1.330007260596819	0.537452688767879	0.5192040758224069	1.1138443124167594	0.18004077350076586	0.8233754289626707	0.6760114394674822	0.5283176580547766	0.25667477720328147	0.3776727467915468	0.659228640749058	0.3653688183198135	0.426698964378912	0.2028636832668797	0.5599750698214432	0.6558678385281043	0.6588674843865227	0.23556393366580985	0.2727875331052939	0.07686866485846144	0.29455923538749346	0.19033797328244811	0.6183067504940621	0.3474441657604809	0.16636041335960927	0.09811080881770878	0.9301679658801947	0.35083479781293264	0.6358896647598573	0.6008389294647185	0.6173126056348787	0.5148181420482716	0.7142908266220032	0.6258423292239023	0.5240948613362109	0.1145359217610975	0.48428459373016636	0.6458392127779837	0.5351712712016232	0.30572959693132845	0.5562593677392296	0.4073702821050176	0.5012845229018499	0.10839491785998495	0.30031118906855214	0.8482282629980376	0.348281359237054	0.7268908216223572	0.8015880027942466	0.8330627649985904	0.3619241456507942	0.621482731084326	0.6722633341249439	0.7859009264621533	0.4106768076150161	1.0413151554542663	0.603813254894445	0.46325906081652546	0.18426222448132146	0.24512509252816816	0.2765987450888896	0.1427394184578592	0.654295147149299	0.25709859162753745	0.4810955460099353	0.5243421521531113	0.400924688667886	0.9353130542142154	0.5226198158186018
0.5530108728409516	0.33592886753854934	0.3554016937689136	0.6734619436678791	0.428353248589336	0.6405158662372527	0.5856275833239589	0.8275412811036995	0.48865127470137526	0.632261327322648	0.7757331855660224	0.422260264897903	1.1744799215611117	1.2248424944899736	0.29251024719082397	0.8810685257016516	0.28723230021206836	0.7055646891678505	0.890672699572669	0.7152556846667806	0.2535358509327811	0.38892074589161046	0.34769714645212635	0.3841123434312292	0.28381032732403677	0.12095007992489426	0.6375054780841913	0.22397634473113714	0.33367125939690384	0.51314250379487	1.0818899244636837	0.8801424565759925	0.020868192669685925	0.613005773202176	0.1386481346460181	0.28990120977541867	0.6624542942097157	0.5170641815649168	0.7825938579350629	0.49150958612653817	0.889227389448803	0.2989222096768146	0.3910318727423474	0.41741922308280943	0.5336962020745752	0.5292225022949764	-0.045078711091297685	0.07892272908446762	0.07147574269044832	0.7363656782644563	0.13000152350319627	0.12652985413533202	0.6111648966531538	0.4920537698024168	0.28722200649676205	0.5910256398505106	0.2356072319877342	0.5041379943920639	0.3847775699221306	0.09794495667667985	0.17255892846478926	0.3547267165797979	0.7121211497518926	0.3462857033737887	0.8037269526741855	0.4546192019731936	0.47800766195727795	0.6988105634184245	0.4853121570555419	0.8826996254431977	0.378001240189931	0.2693361317462235	1.1531423857476764	0.41981214525082244	0.6636981380485548	0.5278340423108918	0.325890113339194	0.7437524855878265	0.4823088753435521	0.8102810995332275	0.773811059216639	0.7561723808452456	0.6812577150785152	0.2649537866067819	0.44231520267314406	0.48995324358969017	-0.08185015366967063	0.9010099520728393	0.659009668759574	0.12301103810702296	0.46454002980344455	0.18187725869417581	0.5230997248805989	0.9174022367860055	0.9390986152369762	0.3585704970897895	0.23634916415642782	0.17673233562622648	0.7269268607362533	0.47453686613864854
0.5780649842858353	0.5134543650380319	0.21309585293263955	0.39779161753820214	0.43632001899865425	0.582738497689747	0.6310157127759005	0.258681458674455	0.5705679472704016	0.35520525629434585	0.30931404581064403	0.21356598768698332	0.7163717222807829	0.8174554982910932	-0.034684254309764184	0.40242869046775853	0.5536219878869691	0.614980358335729	0.902202069020111	0.7156181867673262	0.16403307682372503	0.4956705983326182	0.17253353720778114	0.04053356081721993	0.6637005226018713	0.21292641215691677	0.37395310193305753	0.6365364175593119	0.4832580928295357	0.5505045809255177	0.6665272807065055	0.746003884447074	0.5846690401096589	1.0956689928907815	0.6405044628783239	0.06459326769909357	0.5347850541142225	0.8192568415292807	0.5740363585357148	0.6191194734817395	0.10956128940866694	1.1160024678807474	0.3322500184014744	0.9429714103584328	0.47613936373951293	0.4690019720825331	0.37833714695209086	0.5360835996339148	0.5977217585976549	0.6647505968327243	0.17310962834576998	0.500608412459673	0.1731634800868272	0.12877412294406926	0.5276088846484486	0.4615236684623728	0.1626908427319732	0.434027811918878	0.5954463142194095	0.14900383722819632	0.01958816806031799	0.2687833778440694	0.24309179210916998	0.5343451977707133	0.6019782098768004	0.26783878780808584	1.0707546812656326	0.9530895728219251	0.06447739535116259	0.7436709052553222	1.0007794350677937	1.0349441067368839	0.5324721776651931	0.5846413351276506	0.769556732786983	0.9346106553563567	0.42978096968131424	0.7990852286851904	0.454781725183355	1.067475766299887	0.306531129045026	0.1788961809649594	0.505119638747811	0.7388146714607716	0.16642784052796256	0.36898092496225965	0.2529539518728535	0.9712333626368133	0.8187048667386059	0.7713149665787563	0.5024849031526932	0.4229594764815269	0.503320562015746	0.5198763851449411	0.4809630651162209	0.6264055184979952	0.5461246439488314	0.11395683222438413	0.20828730881562563	0.9190671327447638
0.18992353180538596	0.3761768430291743	0.5845656807642792	0.44056296567882003	0.3948967239820512	0.8188156630572001	0.050290732184248066	0.5249586973700475	0.22848188114453005	0.4673698807445583	0.32731553320528683	0.3632031078354172	0.6292323710403845	0.31595567536188407	0.6726470250023957	0.6622862463908806	0.7197856443501918	0.4394793077157035	0.21834257712300942	0.23128634082863575	-0.062076657070124164	0.5995878847470527	0.3307542090768571	0.19498085413394328	0.10009372808314976	0.005290661355931814	0.5163456227406116	0.24959546337689964	0.3587890204999368	0.613007355034574	0.47586679971279805	0.787977005795423	0.03647715925677486	0.6984774189606013	0.8322527570963723	1.0154774897889176	0.41511522378275983	0.6913930527143215	0.3307257249833693	0.819452051313032	0.48500421497921675	0.5471396470527782	0.5373882836076889	0.6158878940519491	0.5085268557366075	0.3913607438917521	0.14563859643275268	0.34816409393223535	0.3076643182219037	0.4141927432917946	0.1250797040765168	0.27074637074318353	0.6706633974537914	0.23254927220433003	0.6999938976544717	0.687797861540363	0.5355229837886484	1.2048313272254327	0.7599737004739943	0.09405974299042708	0.2515318137187505	0.6540062217815126	0.986731768999696	0.007372477782823683	0.21650963334541573	0.5747596392477755	0.9648707188796348	0.3287825042948347	0.373364969981293	0.209949041109588	0.7603386579561726	0.48455890485535047	1.1802803912500641	0.5332774872890949	0.1130543600383862	0.8489158587377839	1.264919305715845	0.4996724634782814	0.7503954372676379	0.9229218791446718	0.5261710587166741	0.6564504694806339	0.46022975039268055	0.14106370937614143	0.35948067706315245	0.7219812554944025	0.4682588011126989	0.8653426479513258	-0.04182207093664203	0.08287303260463497	0.7015932440896548	0.23773512154000198	0.46509797778212947	-0.11098364976925246	0.6732395955286501	0.6812098129160296	0.33537287914328284	0.7670931378471801	1.1873112598968683	1.0068153089156184
0.6194807478914687	0.6201191429495966	0.5329790598165964	0.37039309993319913	1.0281428579364518	0.41828301189776834	0.8370647954103251	0.5802598635374439	0.3481764652781538	0.43234359232887665	0.5613990495117707	0.6265341274437506	0.8368399210611471	0.4355615255030546	0.418142409357115	0.7898939144588368	1.0729771710614942	0.29791989595181456	0.831424535206534	0.3093409008528563	0.628896653153735	0.7592832716015948	1.2029783515334331	0.6434543886474707	0.15837330411318096	0.8972643021119336	0.1684046921676381	0.5352912043730236	0.31231633592620534	0.6015666015323914	0.3760379403681128	0.30967496607879164	0.3165331594567607	0.6282801551556765	0.7603620896297623	0.9344459836872667	0.9991692643993273	0.47816843806897014	0.7745289333672198	0.2166690165002202	-0.009329496105136947	0.8096961784651364	0.523777617141008	0.41413570427650265	0.25380508602862856	0.08441509143102366	0.7075259585779341	0.3477743118195794	0.44977532702544687	0.30199564475294105	0.3270227831084187	0.6380787833084045	0.6942734028561866	0.6070229483744901	0.0677448125202243	0.5619925046975839	0.47188192086393876	0.9456602810078731	0.8876917398906468	0.3096120247038057	0.710863848532951	0.9469781626579229	0.4963144707805419	0.26448490315269335	0.23045951189568514	1.1167334688792878	0.21659466065598132	0.6580932795038128	0.01920152600301922	0.8641724752830009	0.24747751339835644	1.3216991060355445	0.12339505951661761	0.5604468336270625	0.6089723311265451	0.8523607675011909	0.49508600779666995	0.40489561433842886	0.6085909067552159	0.12664674168913037	0.364535968979975	0.49759144977230785	0.3412257367880887	0.7088402988121676	0.298507296010977	0.5260360043941332	0.9682313322250784	0.5308984710805207	0.5378454456698206	0.5540954987910578	0.40767527300149575	0.3730664008521619	0.22193231451661066	0.21646036183548112	0.35104384272780675	0.4594862725001424	0.2564861544529484	0.14248407682233621	0.45937299719047664	0.9997608905480305
0.5024812200802444	0.23272903030479786	1.2236718024139956	0.5920049940906964	0.8483678739422623	1.7503118029139602	0.7162006524537845	0.7618133021133224	0.33489681841980634	0.7493993800439135	0.3585927482914404	0.3982872143778705	1.0698117911092409	1.1164772773039686	0.922529452774873	0.5883354470724991	0.9915023852477116	0.5430311172403066	0.7145860432108282	1.0095054780841912	0.27147758422667284	0.34364390855647725	0.44598047638292293	0.21556813614591197	0.9883474878862748	0.10643459282745249	-0.03415042267839363	0.16704334692959255	0.635400702172485	0.04009044637115983	0.7309244997923758	0.2313713445297625	0.062145643850227306	0.8500032942111044	0.818056272402927	0.05447144577259111	0.7401912322877129	0.7564172162805134	0.6370540058968044	0.5782795177008295	0.3986979255636059	1.0821121073368414	0.1851640231039191	0.3033003051172764	0.2859428554366288	0.2138866663611328	0.4961884463739374	0.33071578540964464	0.540298345533858	0.38332720737836623	0.4392428175226477	0.3114926817683747	0.4452982510961029	0.7535776854695015	0.47274275849905073	0.5190482688031821	1.0735757967143993	0.17805098388864116	0.3499400695228533	0.49949879661301766	1.0538104217617918	0.1802871435495541	0.4557380727198489	0.5844619200584404	0.2767904606757021	0.5193215772216134	0.34507124078711093	-0.12020906713552226	0.7218435096958411	0.315646788908008	0.6721461396484414	0.26270222248146313	0.3464221034343401	0.8242528279246887	0.7897811113379468	0.1965291458521688	0.3661972999134783	0.40148088954810146	0.7490087952103391	0.5322015496124579	0.17448086593866274	0.5792315919289049	0.5213672364874156	0.4931192609967905	1.0949539754822921	-0.21684928012043586	0.6255938579350628	0.013707180463606083	0.13215204200813557	0.3135944953899099	0.2931524905874723	0.12379149949100832	-0.05970605693207842	0.10159652580164458	0.28140407832223	-0.04001050481146473	0.7794034172579443	0.9918219195584758	0.7140684076544577	0.45845493166456264
0.3241723100169293	1.0411430940308395	0.3059474828866289	0.6949233901487533	0.18248046457820344	0.528676075722414	0.3208957796045003	0.12064494737178338	0.27786576089749204	0.39958998598710366	0.8537612682990511	0.39753582732334236	0.8225055253030689	0.22875484653170408	0.317448368240583	0.8907498413306836	1.3123048145200826	0.6688071636592408	0.5120290160002555	0.45467149549129154	0.35808834513110877	0.9211744820852967	0.4316779408680774	0.4870952390872313	0.12756818336478948	0.32040476299595444	0.3427128467289122	0.31210118866580283	0.7920412456895414	0.5775358981516587	0.6985083584357218	0.7150075203006454	0.6387265040948489	0.4945019130589361	0.4977796947716203	0.715416012199136	0.8814142414912278	1.4215004020548543	0.9079717645000145	0.9364156344481156	0.47622224259114976	0.30369325089472826	0.5591644716832558	0.5217734146609059	0.6571644244643783	0.7587471026357855	0.33063448839040566	0.40741124309250315	0.3155476667624932	0.5137429709839998	0.6413273018161213	0.3901038676427086	0.5659340727254042	0.841131973985176	0.13610497728633109	0.7169944642810022	0.715967302316086	0.5291079284661782	0.6528026070375572	0.5036679068565977	0.2751456438502273	0.5442038161185805	0.42662302670227525	0.6920458967489802	0.5449588862455577	0.9443508640360195	0.25107541965777425	0.3848800209985127	0.8305139538727118	0.8753181066341134	0.04037403600578293	0.6172023759428151	0.24673132042035917	0.36789629901215326	0.464866705275043	0.7779216666597226	1.096947364839435	0.4678142228814348	0.6793694085557828	1.2418685704207062	0.3420105423088087	0.43626274388897457	0.36334144386994816	0.5087863054144774	0.3370368071150517	0.6203732568943033	0.2905681125364732	-0.19659887285761696	0.4094833921486116	0.14809535713442523	0.5843720292034871	0.5755951800636344	0.4543218841443175	0.8369867328841984	0.3110152641965639	0.3199587681983638	0.3759033582343473	0.5919054830838371	0.4120379403681128	0.5124235908289829
1.039282728584503	0.3391978429305702	0.6301426218420639	0.6890879909895271	0.072450469480634	0.5449804055546066	0.8632858686398602	-0.03871561875478263	0.8330364057545924	0.21570347378171828	0.22767340785583245	0.6648103037145979	0.8462265158995682	1.2102546930703517	0.8838094065559245	0.2977510454120611	0.4788351283450756	0.8396122607981935	0.8158643443311655	0.8114773009134074	0.2808411251425247	0.019731863437450925	1.0072300809248234	0.06559300799526702	1.0807112885059529	0.49818333562483763	0.5941291769610765	0.5405155357051097	0.5852625786229032	0.2581514281627273	0.516067652152417	0.23036532412287458	1.0511970638190906	0.8415560008943811	0.8200849925908027	0.16044546427961348	0.18691458382808995	1.0526940063967691	0.6512749610791458	1.203998501495033	0.508387858637791	0.37035826490068063	0.3524968370295993	0.41930226470069487	0.44260829441247906	1.1471919169614375	0.48541346237974803	0.5090511963735902	0.6128827708037348	0.5867715731246814	0.09238160213651536	0.4856042335890096	0.25613187954742095	0.24266051710226078	0.6268003405314345	0.41660524879487704	0.7830222400913269	0.5994421589581849	0.33102490795790857	0.04952850839732187	0.2894783869475912	0.2632908266220032	0.5566793338249652	0.06593042576150854	0.12870838454498368	0.07485462974150436	0.09619299188529706	0.3220785833225701	-0.24392708294273602	0.6215415171980874	0.12131836633794002	1.0768700578153492	0.5108150256023531	1.1871746709608069	0.22703364345025562	0.4028645332066756	0.9692830591166459	1.1297554367676734	0.17016994907305183	0.4145329941906893	0.8502022106767436	0.33267829500965906	0.7814214659794931	0.7366736203407813	0.13520398138465195	0.5162898350255746	0.5075144732803648	0.7995389673786994	0.963232866838599	0.43573512154000205	0.04442857242056475	0.2531244314638824	1.097599760294757	0.1798230055926595	0.8039074662766943	0.47826380631371934	0.6216509205597937	0.2959274981911003	0.7031222121766375	0.5624769467718258
-0.04302438716146495	0.30753086934119944	1.0673066324468683	0.5957523675406324	0.9318372531945653	0.871144723082115	1.0529238623375288	0.3860659286633864	0.10843102780219727	0.2226768784433325	0.4954500445107361	0.4713386579561726	0.6565878375281752	0.3078667761033594	0.4504183023146971	-0.030027125856362913	0.851585334927665	0.5494219381682687	0.5692560860272396	0.12817285303402126	0.46911430301464757	0.39875609783195914	0.5078139395681694	0.5140661175388965	0.5805680417081568	0.014877069818665656	0.36332256881804204	0.04835265835336666	0.401154190467064	0.43756877360075885	0.545400914657434	0.36455932982524847	1.0181965680208762	0.780805770702353	0.6516670096979242	0.7170545016950189	0.3599957155812574	0.7438288482343611	1.2425784409715421	0.8353019577779905	1.3051648966531537	0.3627466540564488	0.5213291905712234	0.6866622878101689	0.24010653550929034	0.285885485889194	0.33699444067156353	0.30363382732611993	1.161020209679592	0.7270192416926022	0.6085203631409442	0.8072690115005742	0.3972704044574621	0.8493834672821787	0.9876890956335038	0.8746329301674464	0.9208536492554	0.42844050629747066	1.0204154219631665	0.31583333402772856	0.5544787883080503	0.37853915625420986	0.7721525850252273	0.4511528919479314	0.1549315590145698	0.3945494263600774	0.37446626419517515	0.07924542706002768	0.438601955972563	1.2018492231800249	0.618151357334411	0.9449552976108637	0.11014757982420698	0.752505619740824	0.34061363014564244	0.5586134176606934	0.8754761204414687	0.5157272595968897	0.5297248278246958	0.20128194947302347	0.34070007402253455	0.054506068320160694	0.2297557436903775	1.12256277680331	0.9807597572949693	0.6879009972904696	0.39145575799491983	0.5029002417884288	0.2934580953293586	0.5302362665977828	0.5308747797031043	0.16120723948720306	0.5693477239806624	0.5727412599940839	0.4659370600138045	0.5539062149764391	0.7368455637170144	0.7591728294245824	0.8440055371077883	0.5739746212421064
0.9385837058763892	0.5570313061158167	0.5921954819866926	0.491725229185155	0.8988392836063002	0.3820351072354597	0.5723699043539971	0.3436510149975487	0.10993002440104938	0.531123227382505	0.29261936723926507	0.2723412313849992	0.812422221481534	0.7267811585568243	0.627558952074228	0.8666128746436017	0.641949253594537	0.6231466826655334	1.0482273186204867	0.7903649699812929	0.5508125466112819	0.8472057284831215	0.8038445012922695	0.6597054333651365	0.2049532199802514	0.03204266225586805	0.4137974490695797	0.26910196777728246	0.5422929278620541	0.13184376939966758	0.42028933922736034	0.21081101199776126	0.6038920257037349	0.6740861730627414	0.009557984087238292	1.0502481296463722	0.6398865719233776	0.3802741111393499	0.46494188744963894	0.6038317994142082	0.395275362439605	0.8310830330073841	0.7174971911711809	0.3686633974537915	0.3191912322877129	-0.02453211925266402	0.3086071139405403	0.9075774021562362	0.34679746017990387	0.6517132591996956	0.7302416606601476	0.7982979205639601	1.0421625829281538	0.4028839512756735	0.20107842916682295	0.7750245774257656	0.3420225234045922	0.22077504371218154	0.6825560953321362	0.3389742907099636	0.9501176083360762	0.3358451387471165	-0.20156890136948635	0.36115421407650294	0.5139898729395557	0.03782671227454726	0.042075089125631404	0.23432457562033804	-0.2052892072922612	0.4690720435080292	0.42659973668531814	0.4963982467908523	0.35603494196938823	0.667197441570111	0.47811213094628013	0.6082533237229029	0.4153090642190623	0.32967048028542423	0.5219215250030902	0.42750467536327286	0.4582262089768641	0.5896689928907813	0.6021172305850557	0.26589526019684717	0.400148831124462	0.23600959793125764	0.6884268725409727	0.42748185753509127	0.7642077116759785	0.6115418241207914	0.7926502594955079	1.5306489609763752	0.545009881244523	0.06837502760221159	0.43296020837412896	0.6623470393069381	0.13776233072379596	0.37878285843641635	0.7581150349072496	1.1312534889889745
0.7713045784256949	0.14150151169847686	0.9944743733429994	0.7239469398695371	0.7201435898290537	0.4714801812649382	0.7344220089965849	0.0034539400681340426	0.26609353920763945	1.2660394513721944	0.596036877943368	0.556729974682349	0.5340365710206638	0.4358083677406183	0.1775875069960322	0.4841989053553152	0.9674506583561443	0.93384025159329	0.22517351409830694	0.5780600026942535	0.7387016558549324	-0.07576285985298259	0.26731980651370535	0.5523748623361402	0.5206787671984345	0.415489152851673	0.3133810480090994	-0.08447707454055331	0.934349353031938	0.6425957230807262	0.7448143173191899	1.0171154834865863	0.6609480967320371	0.6044752468922339	0.7637799780848857	0.8324417339882868	0.8706371798664261	0.8738568837485122	0.6351337919119617	0.7420818289260067	0.6883875044962093	0.33988593446853077	0.33158028250776683	0.5073040826274805	0.40216447168325575	0.38841587054250326	0.42874663044701	0.44554941386096264	0.4275486111400443	0.6153260977347438	0.3135497680025443	0.29924350219637225	0.6327187838083691	0.3768040944321999	0.747773934068559	0.8617493927513467	0.6100250023956637	0.4138839984945511	0.2663360136990297	0.47756136023698326	0.5457847235820796	1.0577335160981653	0.511457198170685	0.11123581801844595	0.533100645648711	-0.012677029821498764	0.22240504630921987	-0.2580318352450035	-0.08300601901809734	0.13954746677665886	0.5278474524721165	0.9530407971102046	0.37945179160920545	0.43527968296690095	0.7356410282049466	0.6077543743429283	0.44883817396267767	0.9280877312857005	0.42050340045357903	1.101335753995203	0.7286141259438568	0.46278295287417137	0.8197037098761061	0.48325842336167857	-0.0959311909850829	0.44478857192060006	0.3010102353861046	0.26112225939551503	0.21698729951072915	0.4721236759618417	0.8214825658182545	0.2516215865265099	0.6818164421686798	0.5630119588751351	0.5472900947294012	0.8169563600356086	0.3059276398477331	0.9307295733218897	0.3252526390491784	0.8656118830471731
0.9729177711023247	1.0994188689412279	0.373835081126198	1.364668402654812	1.220143873142319	0.6585912608967976	0.3385908831457771	0.13814455781604357	0.05061932002038749	0.15626009963183163	0.44672792066117545	1.0331183874475558	1.0374515791242565	0.3613930763237604	0.779392061117893	0.541531742890434	1.0588413848463512	0.4728697272832063	0.43709072968442514	0.39678618736728366	0.2711219052539334	0.18401174639018625	0.20598569406889233	0.20076436113553064	1.2183483614355095	0.05649262343917316	0.16702114294681913	0.47848794877029543	0.6760671799636414	0.5890099992917169	0.540006717579727	0.7708114133582205	0.6417802141792734	0.3685826906705219	0.813775822823661	0.9051076451529128	1.3422187956130884	0.5378579225638185	0.709551680367085	1.0084126360493908	0.396719326825461	0.37716496748147005	0.26363821868173226	0.29894311514045535	0.7314135332080643	0.11019439595250896	0.5813082142792663	0.8598305245045141	0.03349697868623197	0.4608577809071857	0.3914414270655829	0.6827726119399876	0.610968341131392	0.3094444018548686	0.707553687169381	0.6678346089374225	1.0759152685018143	0.5706101595581423	0.32139272218217874	0.14172888864816524	0.2450893603369761	0.7098666344467266	0.6553680864272113	-0.10493468518202181	0.5326802309836388	0.3030414109556129	0.9562385567133439	0.8153829603736402	0.5278524812825758	1.03862621397651	0.23037179310909928	0.5012296087360478	0.5307854082558041	0.6212797301857784	0.7866666083374649	0.4692261381485478	1.115780355835906	0.6430061273437575	0.6528117438903632	1.2580590583167026	0.8393121806649806	1.198118269400362	0.10787071887963484	0.40526161063591326	0.6439022722001635	0.057624844629061034	0.8698726312441757	1.1970896436502414	0.6142614217604031	0.5114542942097157	0.6558412195802797	0.8194263059144421	0.4181202762026579	0.9443123223216133	0.805234118138854	0.025507839028068857	0.3812858922492991	0.06119956641960084	0.4200011221427371	0.8973330625191825
0.42619706381909056	0.5553096780644705	0.45591755861737576	1.0473647102774664	0.9292803912500643	1.1718667524939206	0.3337610085952245	0.13358998598710375	0.10867600489409779	0.23456289485050363	0.51447841055703	0.3598431083353818	0.35684197508232063	0.7222562276838723	0.48197650999720854	0.8646467889080078	0.6110659286633864	0.42092853700640653	0.33551067216072195	0.4898410307047695	0.09856660153239138	1.368041292908419	0.05540216595768921	0.29545800089160357	1.0725712053729528	0.663074616936856	0.44623959552865	0.9808714743816757	0.6736191547543161	0.48270311964013657	0.33089618096495943	0.5964510361071645	0.5522250521143641	1.714553923263769	0.9223319528755601	0.5991090145003618	0.5240266314469393	0.5949708201224635	0.6486091915711527	0.4337724938927937	0.5402727890107784	1.0605539232637688	0.3731119892896475	0.16955630781708525	0.6633894876890665	0.22608591335891481	0.7284487223821647	0.5622253118181907	0.8078900897297552	0.23872241966194058	0.5363599647802726	0.25844192286379714	0.5771957416905191	0.13797473928930037	0.25119493896960077	0.5736107970129893	0.980444897653083	0.3177261971721448	0.47611442106184143	0.21031069327033775	0.1162252409898743	0.4178646276444308	1.2294748691412136	0.5970067175797271	0.392453845630379	-0.0627098816611601	1.101430248690718	0.25321063924638676	0.5544607868053791	0.16570961223580005	0.5146207838055915	0.5407289830859203	0.5390903755428436	0.04939291105768895	0.18180914685209792	1.3790601679603252	0.5789203209217124	0.5411159320659232	0.8650874715818739	0.20489393806827577	0.5570902102767721	0.38856265875611595	0.652285561717156	1.5599557697996393	0.020345835225560438	0.5039271440495188	0.31906633002384555	0.5602287824056906	0.8288693259227471	0.7633670948307829	1.0250933975510068	0.7024813853463158	0.6289244053546206	0.44189625179327574	0.3642602648979031	0.03314684793160483	0.5776444987924466	0.7563385635184174	1.2377813002134572	1.1239731574569023
0.5853944692806482	0.4718683579357573	0.9320873535346802	0.7466985157995752	0.5199193057158451	0.47808768406682306	0.6783708723409869	0.5350099520728392	0.13717908592585804	0.9531204414687292	0.8565909067552159	0.3872573373274949	0.42758984433047104	0.44109077690330273	0.28933865795617253	0.48834172718321345	0.7097625195993061	0.4405976354452671	0.2688716396477472	0.3048145298041389	1.010007118940186	0.5135420366057405	0.4961515462099212	0.1691816829641234	0.2835172591941405	0.9952096240405193	0.38851437884260986	0.6205954869863384	0.37861960333365274	0.2439536685595881	-0.09118275511040186	0.13270370987610602	0.7971436842668088	0.6688904910902144	1.1385261238440054	0.31369268426819763	0.5190830330073841	0.8438871149404694	0.5685234087585462	0.793687584629422	0.2008037639000571	0.3511648258248374	0.27436386033767046	0.24333778440693787	0.7638382684004328	0.3816995546148815	0.03431015025324602	0.5108932061756737	0.732672510697159	0.7755317901093117	0.7180596721621106	0.5069212416898248	0.45142014385092166	0.5310305742232148	0.552253536207852	0.2528898536353675	0.21089138824888792	0.6110047816057473	0.6344198369282175	0.7041695713220313	1.2150592944110903	0.5912242021745681	0.5355596367479525	0.35697745437475953	0.8672577386879541	0.3109006431488881	0.32093059102758004	0.1517101080340143	0.32109644316860886	0.5958185434087309	0.2695369369669648	0.4192015023935804	0.2811191193401579	0.9899514020534657	0.7386992713016163	0.19792190275411042	0.22458960823608326	0.6280365474112249	0.09920235233337638	0.7337290066953591	0.5677283928499508	0.7874274155580646	0.1914015285028422	0.5950707922077741	0.29057049708978944	0.459568962476269	0.05417799989167438	0.3073706126371605	0.2596754854864447	0.8950627413891517	0.4055631309448914	0.9993119681800318	0.3310352016732148	0.45164737914397735	0.14825873028438263	0.5637312732014815	1.2291460924295639	0.5666460806248447	0.8339501507532106	0.565506233586232
0.18225809282953576	0.03523154471002743	0.7355908831457771	0.8874487932104809	0.7093647102774663	0.6423661032343542	0.9506427280845384	0.24342316585908497	0.49953521347793417	1.0168968656386839	0.890149161656605	0.4004540108964504	0.3938686648584614	0.1737861401484061	0.3132625786229032	0.23048400599401986	0.4223157456902358	0.5576512274824977	0.019955179563669767	0.6839831206400658	0.04942717946367692	0.6889839233609841	0.3436224600757447	0.3805950856258793	1.2924597715995119	0.9024327040723504	0.5931544973897682	0.014374791507823836	0.12340169376891363	0.3115961480506242	0.45851071937959953	0.40623281961972135	0.07206401629884551	1.2034210410095951	0.44961462174207106	1.3464998354283237	0.9059706076375145	0.2219143005148247	0.7000249551767861	1.072442678365838	0.09105733482767192	0.6574752232827952	0.44139357212197466	0.5343649935907318	-0.009632692684268196	0.9851449119576252	0.6055363467309955	0.44034271877964204	0.45717528480621517	0.18853596897997504	0.2612588955504541	0.5248156630572001	0.30950479341046677	0.1443620424108848	0.6897564283641019	0.47264308222612006	0.3397820793249367	0.42036456862083377	0.5217255833267365	1.0220279771849494	0.47192017926507984	0.5721152710016373	0.70175357162201	0.39494875779632277	0.3344498792446647	0.5165617379880036	0.22645365675486873	0.2208450679188002	0.7844836990713159	0.958232748791405	0.17517592226106204	0.8003392718015807	0.37253514264961785	0.4912842159791459	0.3207260791249509	1.2169769349671065	0.8425334191605873	0.6131486658583906	0.4799257274831922	0.8894803701404485	0.4842328668385989	0.01642883212439128	0.34893082712196777	0.2628500259009431	0.3390146975700332	1.162098025001007	0.11401141585804342	0.8579249719811514	0.42956648348519755	0.6514537748020627	0.34503324208979647	0.017367024002466536	0.5136212323849283	0.3378744255615227	0.48251168736658945	1.07142654200883	0.14489811693893906	0.7953683225215991	-0.05796609684591786	0.4695076501525587
0.5925379757822711	0.3807051972707489	0.6559541643578025	-0.014491027718869898	0.39995274779147594	0.16778635263335506	0.8601732307850416	0.35395055211366966	0.17597948478649428	0.3888426833654838	0.5128730089951962	0.306758954574051	1.050953479684078	0.7501742932097866	0.4612579275634642	0.8407604655781328	0.3770092673991149	1.6064283599356155	0.36926071347723977	0.4584008438291176	1.1522059409680703	0.3985380230011486	0.904984041408178	0.8565679000515242	0.2764858475302444	0.18365313984703868	0.02798977850180051	1.026848444068545	0.46018111633759284	0.5300155947287066	0.5319017764019492	0.48762220037191817	0.6983456227406115	0.36153927430140365	0.4042882295837378	1.0693665282042524	0.5813081906698275	0.3359748337270555	0.11436178270705827	0.5505833517348077	0.29802889795306164	0.4436183992522752	0.27228598668705417	0.8458133257227612	0.2385944717804711	1.0177630862258367	0.4668195350051594	0.3400431108352048	0.6769586737606087	0.39037507482108913	0.29729415555287053	0.12729236123552357	0.5341484297640028	0.6171161681603109	0.3111738446304498	0.8965880027942466	0.1864479196612462	0.14278274038922245	1.3708086038350062	0.4072258784447213	0.36380801359903675	0.524862809717645	0.5455320262036993	0.2114212298851053	0.4215580549155546	0.7181429759836455	0.7183967593962095	0.6385072015732218	0.5336756271430774	-0.01762967067610488	0.7279788945505248	0.5689232248826819	0.3562857269832277	0.3684508708410932	1.1513934776842194	0.32622568956921105	0.781255944370607	0.22472924278974682	0.6670067647986047	0.10312261353709662	0.6076527148771408	0.5135410450093119	0.483182674560552	1.0585166453487322	0.14820988374434585	0.4192345667181907	0.38520679090786625	0.5447305176994408	0.36625955661473986	0.6336191311448773	1.0106432238827527	-0.10321572499725712	1.2941488547339008	0.5506502594955079	0.23801002290115558	1.2734223395287279	0.06875895457405101	0.29709323228493534	0.609814529804139	0.5977580338059387
0.39298463164414743	-0.05409801111310164	0.3921769374669295	0.7612046188394989	0.23537101399761962	0.7682004399688355	-0.18976840807109496	0.5465374799840566	0.22020438274511112	0.4863423410286216	0.3354535150982362	0.5553692432897115	0.22273405911525723	0.2471489019527784	0.24642491295755442	0.8465059030540893	0.04314651739946196	0.7975114276627628	0.5817855735218757	1.172845398450943	0.30392591635870236	0.4761223066143926	0.49429108632582974	0.45285182021828996	0.32276573048297963	0.36579360073105927	0.5781292713988314	0.9089355726191616	0.15887520467300242	-0.038155262613342567	0.676621067118857	1.0406208782433466	0.6360647009725701	0.4955663654380037	0.6628124049546491	-0.11243575941148609	1.0502556610573417	0.5777280387083694	0.23239496507886243	0.5093121570555419	0.043894504694806324	0.9363683225215991	0.46903661823954135	0.8925979187585323	0.33085141885783087	0.5069660871243842	0.32413260032969893	0.32446354910971587	0.20179756711677366	-0.033368237805377676	0.001438087024391299	0.11035072237938703	0.5640402068742353	0.8578692078755533	0.9555939287633791	0.1769551323447922	0.17297773768802494	0.7044186564562789	0.502223493891405	0.8613367692010705	0.28022894767176215	0.8235614074558608	0.2678653123181552	0.7563102210815622	0.7132527334869335	0.7816422795052018	1.2423377607974988	0.8187580810248163	0.2648964406687859	0.44753568566670965	0.3869215722219676	0.8097558145186938	0.5600908949504966	0.9594225047947993	0.6067823154193244	1.2552813120181765	0.7015625170994833	0.4170904227617211	0.1738991085353676	0.6544840059940198	0.42079053150401846	0.6838452095754329	1.2983228521313073	0.10740691145488312	0.3455449405667099	0.9006824502708837	0.40843133472490156	0.4037303524333693	0.20767345507471002	0.3386725343065977	0.20172865255377748	0.06837051819940532	0.38789452830424515	0.263729219180308	0.5330068828457984	1.230145879944615	0.7607334216604101	0.4041234398674538	0.48187541715795146	0.21934557552173395
0.12032424508819517	0.49099251719669856	0.006906710774653435	0.6870704852850702	0.10390347628154117	0.5343133847463583	0.41470354461003467	0.582507201573222	0.05759159142894055	0.7060900922295782	0.701756640849051	0.9037051264424325	0.3077885483111613	0.3519270496117636	0.49039786903983185	0.7130894075558538	0.08209072968442516	0.7883992383872809	0.8941217399878619	0.004568254193105803	1.0483443242214787	0.4744850211998871	0.7232359832845172	0.049516975880875114	0.6527413780412776	0.5458508286218616	0.3364887987100914	0.3101591012303295	-0.20720552571970596	0.49289962794302067	1.1385655627170852	0.8957083609355448	0.3633986245418728	0.6402574081558112	0.8429509770835677	0.7985076265431199	1.0085883097169506	0.09597955561481064	0.7257872734014674	0.45320110103312133	0.4026769728810876	0.7293717458902218	0.33059416485776694	0.28957021377652414	1.0534355135955646	0.2985784298612183	0.6156343356234488	-0.06486673860601533	0.2354644226589505	0.5990200333031966	0.33985477139813713	0.09999282411940269	0.22207456971797834	0.45248693356442815	0.4133196412476339	1.0836779172586386	0.7253120626177869	0.5858375128983919	0.6079767224821574	0.6342545986325968	0.35406238724757	0.7061451480520129	0.6009800514130249	0.7285867751034303	0.23902974789285764	1.294560958876524	0.7406714246629753	0.1953956261431482	0.7805620449107078	0.7222831063355235	1.2159508826458125	0.9460344933900516	0.4008379850871675	0.6602556138384642	0.7535333483322708	0.8576992476921772	0.5695609824859629	0.1750054662794719	0.13878654150886538	0.1126790977305775	0.7760690451093049	0.6853739651774665	-0.1882350250190611	0.32529363614521756	0.12023768316410932	0.010987181463535167	0.24223485003145617	0.5966489845858141	0.45728397988475816	0.6390315422102046	0.882976462778331	0.28292020287451863	0.6441403553359415	0.3265869403695016	0.503893583926694	0.9923089461718684	0.5542338820444663	0.31690496367618404	0.25685304790910646	0.3641557959089009
0.04985991825579028	-0.2728914215798603	-0.13780993568511113	0.3387961033315695	0.6358491051328309	0.18406743966746808	-0.014154271016914133	-0.06340744058406977	0.2922294434699765	0.7721729474717762	1.0075319081565055	0.9128121216413837	0.5894242518932686	0.6492029425693459	0.4253670948307829	1.1686461986720384	1.0212836965714929	0.43836759062899705	0.4938415028935451	0.6386736439502202	0.5589830025928719	0.02848587113968315	1.287986048210474	1.062206059015264	0.3522380136962521	1.0452370220998235	0.32056917496121795	0.332489365336622	1.1944325860251563	0.41501181721850255	0.5061195443100557	0.7415683722402997	0.1652608787433112	0.47528846567812555	0.42226073708667855	0.5492886073347583	1.0000655981312434	0.452593739887869	0.5014857530924893	0.08240405471279122	0.07903869587015366	0.6749006903677657	0.25542939875092174	0.16887577129953302	0.27668615695277143	0.5971044467683538	0.15027681511448487	0.996689769196904	0.5536868416264958	0.4838494828838512	0.35304629810943944	0.25560141295547123	0.21596441085423124	0.5259358795418658	0.6340724920873659	1.1009849149574127	0.684757160256704	0.8753443242214787	1.031481574221826	1.3743956261431483	0.4951201817649027	0.10284360413359617	0.4169263413286004	0.47625551940070904	0.43447548298662175	0.29878444026881423	0.701061655354968	0.3781996844667947	0.11192166665972275	0.5279243109168656	0.8169238623375289	0.47970285993631	0.950425267099136	0.3813711084353747	0.2116503303238243	0.5290627649985904	0.7690893131180987	0.6843941859673829	0.2299243109168656	0.6844524526734912	0.18895704470933317	0.5847918772420286	-0.010488666774992272	0.952986142648229	0.25395723358484334	0.7126247501913058	0.5822325126970173	0.2654825894276933	0.7021458563351761	0.30417188504703147	0.7252805092972581	0.42816822558402107	0.757947034307292	1.0839206514538553	-0.0011617788184448141	1.0063412786038768	0.3789311104352331	0.6679882674977189	0.01804674668877615	0.42249470106978526
0.004192637743715477	0.5022780428053013	0.6796074333623591	0.29596129440831276	1.297986142648229	0.05870854981105511	0.4507098011113101	0.35251083742679334	1.2847573019133367	0.7447260319060732	0.2471143974524027	0.8878937255833268	0.15792036814059002	1.0471981498532743	0.46100626900039027	0.612812617439598	0.6868677204809104	0.7061193318251068	0.8413973024133014	0.4904245588159728	0.7887047250819732	0.2995716775617283	0.6951549223596661	0.1987326189394919	0.3078450679188002	0.11682024328832263	0.29823872197941537	0.4913800564126708	0.1188502147764533	0.6779860009915964	0.534622318419112	0.8110676757618557	0.3858470038927798	0.2959012333848574	0.45329070857480935	0.9127618821444592	0.9173992383872809	0.9456804434685877	-0.04806860625150167	0.5432684809825971	0.7048195113957206	0.4304015285028421	0.5474839351657036	0.8702119613749583	0.32476894136665324	-0.10951002081796979	0.8005237990086813	0.5787184893847798	0.24565911303504895	0.4969874883862394	0.31326720607290315	1.2502117252805705	0.19727039334713792	0.2199377210780903	0.29815707081859477	0.8962900002916458	0.4562616814642295	0.38026064264892345	0.469203037007101	0.40628556171715613	0.12062111433773448	0.02815060183237028	0.49001004651059443	0.150148618639513	0.7321753556345314	0.43450805151301786	1.1690928309244764	0.28297979170919846	0.3872292073755887	0.4437817015739163	0.37861504671196894	0.5187013489322284	1.0529004070545003	0.9297584587758367	0.3612287115773744	1.591672935667057	0.3461156487526578	0.3885335372077811	1.0121456202407884	0.8909244053546206	0.6048447609960961	0.6935689860857077	0.8248720410082063	0.8722393358248236	1.0904317596947994	0.4043468976503054	0.2034280766223503	0.1447286289443387	0.20384147928410623	0.2198952365874084	0.5146424683807118	0.18181065785617967	0.6865067293844465	-0.11007677511731806	0.726701726683249	0.7335113332250076	0.19773559372877758	0.16921118226347853	0.08335589284647893	0.6470514685765314
0.1398876468472372	0.43458293926402447	0.14252710433010995	0.8008545116943105	-0.01261847980212516	1.170377530202722	1.1882359832845173	0.5157919952892226	0.6571757097761132	0.8655623046145342	0.716341136947244	1.2154469752836952	0.06925367786448461	0.3856686387491997	0.7007814654795286	0.3599512131779555	0.3261461632578803	0.5080106603560026	0.3140118172185026	0.40417759853121515	-0.04207169908798125	0.6618203849449552	0.2852381081340072	0.5607057638972796	-0.10837595809185735	0.3869026027323065	0.5167387573935734	0.3001295074932192	0.05926522288004599	0.46576183492558165	0.26112931861770905	0.23515907762089083	0.4114873821437649	0.05562498628569368	1.0853465198992849	0.6120956640571292	0.395569387446167	0.6897655652169081	0.2630201513503905	0.2656017198781754	0.08910175529233344	0.9862382734000786	0.6122930222998094	0.8744078794418728	0.5317399850843898	0.4395733774413201	0.4700756557521619	0.25207605711262127	0.6219615777215781	0.4859852218801167	0.24968261553695503	0.14354583772538332	-0.09351183874475555	1.0643259685772257	0.6107956075333553	0.339902649951184	0.7360121241412066	0.8913157220807971	0.3599265302041106	0.34831461243717454	0.17376251959930622	-0.0702635799408653	0.5616796407476693	0.332178873440909	-0.0016551091519906302	0.7350927128772824	0.2062616578547909	0.6013666934703237	-0.014884634560607513	0.5334785522136626	0.6680624344664475	0.8916468125174467	0.7452596746619338	1.15256546827933	0.570839708576198	0.34658864024909347	0.21745028060512378	0.034591638647818	0.6399830498117496	0.537430650051177	0.6347373880461245	0.6264883737401934	0.7595105777229668	0.20542918626597284	0.27742944596979935	0.41348546977922396	0.7855652321849426	0.49850887784337505	0.09792589274926355	0.38406411073660063	1.1372561804649948	0.5989795320053719	0.5467296441502061	0.5593669295647115	0.4372577859068316	0.3905408325243629	0.2083735402075687	-0.17923233354304063	0.6052152903058254	0.16110602860075185
0.2246059931865938	-0.08139074871085517	-0.13902900211235036	0.1738321188360269	0.8003232534917665	0.7684030867258014	0.16337663304404826	0.5228167018725063	0.479955793409078	0.8083129361670215	0.3625623754428506	0.09380846217837352	0.5340322977122454	0.3290878493328944	1.176005230185084	0.7022541736626989	0.534365276903997	0.559510459675773	0.296428218278983	0.14559603000343035	0.7861223066143926	0.25562453770635685	0.3758491759611472	0.152871238287288	1.2510131865659515	0.10898890495256597	0.2988234069531186	0.2129898493301169	0.6010156183381455	0.3897398906466347	0.025659325519997833	-0.24176165577160502	0.5896259070538058	0.03559536893914461	1.0204824713804994	1.221456560715838	0.2561278076136274	0.8966565632156611	1.0461306171368419	0.4085484583730875	0.20373979620887972	0.6411512392872172	0.7808462247813003	0.4864041963694239	0.39577012183859206	-0.11092243188329709	0.3133830784208341	0.4274909235595812	0.6462659075537704	0.7385130803234771	0.42765420227178363	-0.13170704852850695	0.7476016726592979	-0.027756485304513134	0.2472660019915256	0.43209708062345586	0.024982365138024987	0.6014539164586953	0.3143422465908664	0.9155109318645485	0.7683755942287421	0.7299826720607291	0.6275655391076467	0.334235180563599	0.41314885473390073	0.5812884656781256	0.26612294406923953	0.4032335751217623	0.21806264695139643	0.18270177390212644	0.532648252693212	0.4609244289640595	0.34759048178531804	0.7407288178198489	0.8046159674800812	1.2673657963116503	0.26628329521103367	0.2199254677793656	-0.003127746506844664	0.6293466143370399	0.3721544737803294	0.29367945187215905	0.7657908620361614	0.7447876511524878	0.463791003692794	0.7110115339052373	0.5227626376465	-0.00185038976405838	0.6568135145982715	0.8075351426496178	0.3414794729817749	0.587868169060247	0.7957823154193244	0.528532923362373	0.6416762882073631	0.004121716378423179	0.6651223538332701	1.1671250925281682	0.29613149068607647	0.24035405131025445
0.7250489895854598	0.28455077209808766	0.5769380516102331	0.5016062764998591	0.008158133243339694	0.270655736885304	0.9730693756414477	0.7417643611355307	0.6139011153376634	0.22503737374158217	0.2221733252227967	0.6402535362078521	1.1502836257431766	0.7324234491723502	0.26145084723165446	0.568643719680967	0.7345887582962873	0.45365063724652843	0.12101047148049238	0.24340358252401573	0.14137257222057886	0.6851249744809742	0.5831244550733212	0.6416515107957631	0.36418265095111324	0.8236264028520203	0.6234011035329442	0.5611260132962804	0.11362489184793867	0.39298505661404537	1.065483675461877	0.3029255858265595	0.3468150728212307	0.10495610033178204	0.17909689174794563	0.6439046803629187	0.14018586183478676	1.4578496953688003	1.121183925860807	0.32737894676904833	0.9744927650958056	0.9641824856850417	0.5047919008514675	0.11359862704169577	0.3958483496307901	0.6420696117358353	0.1665392743014037	0.431733020299951	0.4652634521721377	0.4862892211801665	0.20526437294025013	0.4534556635571647	0.4017346965701041	-0.0010113311418219473	0.5153736346453238	0.8219844663780761	0.6879266010324269	0.4502564873876989	0.02773096627877747	0.4454265892277075	0.7775965494110835	0.34534810173168284	0.561456277402573	0.4366247738007447	0.4242893628367991	0.2832638771420358	0.4791481700601763	0.7926485832253548	0.44639494146942366	0.865894528304245	0.8327022224814632	0.9463123223216133	0.5372578331257092	0.5936719440706284	0.10150604471072189	0.6887825515137121	0.055895637947867616	0.6288134201605163	0.5004842656978464	-0.03932073700335115	0.6827018447304427	0.5756214448698772	0.8597871081353959	0.44331520267314406	0.5105919455705221	0.3196485123970386	0.43998238874746376	0.5351519711798192	0.6760654564746108	0.5099220680201819	0.5322285935301805	0.6719249955905902	0.8103671420496603	1.0148695856265737	0.3229285133969677	1.2882585177994337	0.2792056104359274	1.0154300834246464	0.9434322082741361	0.324879572419176
0.13493451019441682	0.628376467777977	0.1769900382056271	0.9372668283218828	0.15612948388378045	0.14335055711331557	0.05431971207595021	0.8313760900269566	0.16317903870698047	1.2777304468711246	1.0361156959715352	0.38397771407858616	0.7311164986924538	0.43081460063245525	0.9652036036336314	0.6072552124780051	0.8908904438713369	0.8084813617368769	0.5346497164784161	0.09995402270116982	0.7160698006113455	0.8209605389062719	0.45565568966642644	0.6300173182177373	0.3020995596145274	0.278962002691476	0.4248793127153494	0.4259583196190271	0.06526139815096432	0.6965915678195016	0.9431435898290538	0.8715623518334117	1.1475614782841772	-0.152490909671676	-0.020600974097668145	-0.08081914336623386	0.21209804861044568	0.45684648448512677	0.4085712289823916	0.05754267406058744	0.8382648215195868	-0.051956629460968684	1.137543760094771	0.09984783022313704	1.0555964077544506	1.0129826956701677	1.0966762409884856	0.28686618586738993	0.4370066703608495	0.05645394006813409	0.6951503893474213	0.23778689565044697	0.4094015521122809	0.26811975679500477	0.6910098104162067	1.0023434270628053	-0.030603783620882397	0.5873396731620399	0.6478144353663838	1.1010085827253902	0.8793467796031115	0.4418762198788696	0.09387534632963501	0.71454281571722	0.10218029000723561	0.45984825519303496	0.9770387903079087	0.9740669438692536	0.4474264003521973	0.6055356620572709	0.8885637211808607	0.550093468379323	0.16411699449066802	0.7654503042145626	0.7012317571949764	0.022729030304797893	0.36633920097326433	0.6181737265832559	0.30767635903567947	0.673258069220097	0.7162024703805703	0.2290639926894067	0.8508962754027145	0.29714861863951303	0.3991197804044436	0.9674804881876422	0.28661948528645886	0.34028955171230924	0.3642336695595173	0.9189801222413412	0.684284215979146	0.6178129479717409	0.28339671217733187	0.24203690155280677	1.3326773978509854	0.8922032967109275	0.2299827428890453	0.7235148510313852	0.3385461446480874	0.5320441968693884
0.029626308414265168	0.07148747658151988	0.016795324220090002	0.34162706391630593	0.7938208807431695	0.45554062003941387	1.2564026617559034	0.5755934093557261	0.9145372438896688	0.46967444667113867	0.37100737864401273	0.49722944346997644	0.4645362050743629	0.0554548608362464	0.6234537984115014	0.5038669885883084	0.1850581139391515	0.19409183932804752	0.8027301163389816	0.5174547663984912	0.3972081366458765	0.14285276459584118	0.7312427119745684	0.6933249769807972	0.2256546744605591	0.22137769546879327	0.30140407832222993	0.5207055750217694	0.2748703411286145	0.15706418156491686	0.3985867514939914	0.79794630241469	0.3598105870278633	0.23045332622272596	0.48451123878725244	0.0698430138976267	0.570620831024469	0.4759288439291106	0.6385986270416957	0.48637505121165026	0.6311506962701253	0.6122046188394988	0.48661939084870376	0.46070736933911616	0.8818440999318103	0.33328539645108474	0.6539223277240084	1.28941978970934	0.4988381031343613	0.6425905053947567	0.28225821087672964	0.606674399452261	0.4802330321046703	0.36620277730327444	0.4583946817655972	0.3180068356269209	0.6398944574759289	0.8448942449909798	0.49434328540617256	0.35839730241330126	0.019650448371018148	0.3309316534523249	0.8424335776215852	0.7501810927281539	0.4414589216597159	0.17476691095491848	0.1501258952490866	0.23831926349661348	0.4839013514320514	0.49420468966781517	0.10392497198115136	0.6097594503722653	0.440367283706293	0.49997795017297386	0.9899757072762903	0.7022536542550457	0.5948926867680207	0.9737016086360548	0.45303539054872505	0.11253547318176071	1.028505619740824	0.7973662212815482	0.349896440668786	0.3099817985114943	0.3997327605961245	0.4937031432495753	0.7571743640381029	-0.12088007793892369	0.5563108585364092	0.8257013253227896	0.3229790362071576	1.012840865438698	0.789011982484574	0.41848384072794853	0.4841242661978111	0.5026198158186018	0.33834293126459103	0.2825988631360835	0.6228489870856371	0.6297941909670288
0.3604320902269422	0.35135343746484615	0.7259047275817962	0.028263947970352143	0.31290142226036777	0.3515421074340568	0.5863184135568175	0.5250669910881313	1.072592677463124	0.13242758082413608	0.5162908266220032	0.6916184700805915	0.23928565615491126	0.4927863290239164	0.41031406942008275	0.2080927364867211	0.624451106935481	0.25500799248942096	0.19153988814681178	1.1359888813431271	0.30429715395159507	0.3892165652155194	0.1293002940069523	0.5756547925077529	0.04956825419310584	0.7633169969904909	0.7390637802044576	0.2902015732218968	0.3814516971714504	0.3794262114766871	0.4735056905691402	0.439473877544785	0.33997532952526976	0.5412035091958763	0.5222015732218968	0.34142212704377883	0.589869231484992	0.360204075822407	0.5539042790024595	0.10301304490931895	0.6310363821451537	0.081449950072981	0.37931222788385816	0.7443695738218543	0.5048090760237817	0.5642583525333623	0.41961868256554047	0.7443661504532317	0.48567147188185283	0.4601422204816048	0.9069502215815269	0.25658963184552214	0.04656362674310566	0.5665590937308607	0.4819190696214573	0.9354491473520625	0.3533390593166317	0.40978340145350817	0.5996725579160365	0.25672907752367535	0.47350982222092597	0.33892771067604943	0.5510125727205435	0.28937403600578293	0.39942715585423816	0.3550704616756314	0.1662964928873094	0.682461518697981	0.3125688680385139	0.3456510149975487	0.46531782332084815	1.2292303878475273	0.7166161563555915	0.582783000093049	0.6215015589173545	0.5020568390294576	0.930004616339676	0.8675046517538341	0.19681113004495515	0.18056388644693233	-0.1360460245177077	0.06225790395402542	-0.009518874357510754	0.1370080160988597	0.6872856797643501	0.7715632962109628	0.6086205713206425	0.6261478159185946	1.1428656900691756	0.952893701973888	0.4838705300041246	0.9358151436495471	0.23826479791014799	0.6574592994107361	1.2217072985108	0.9864544830852259	0.7644030158974849	0.2812379428679358	0.5335156773617425	0.45279452149917154
0.7305689624762691	-0.08217732493948349	0.202960845828976	0.4982916293429215	0.28015350579333964	0.6583765149968545	0.7785946842654201	0.8378730089951961	0.49517988864677653	1.024236549911048	0.0422072630966418	1.005372123641242	0.5320922642979456	0.431868924562288	0.24761787984462208	0.26164964565009985	0.13556402810356494	0.47456400449412617	0.5427350743211246	0.7547109579738102	0.16207610433149877	0.3889102285810312	0.5861841147363173	0.5618174337651083	0.24556761673825878	0.3887027182796774	0.6449492535945371	0.15656025059336076	0.2502839326658806	0.4473138569351338	0.3377821973721306	0.6497538077163978	0.6734218673399524	0.6727581046342551	0.8469517089761697	0.44995234643101667	0.041148193669615085	1.1107568769434386	0.3938187795031186	0.4375379049539547	0.5412860575153705	0.9666153064157955	0.492586161258022	0.20861530641579562	0.5068380795249225	0.7971470368071151	0.39786840515463495	0.6197269762836244	0.9207550354072142	0.7108080608179141	0.8954188689412278	0.6308091940709756	0.17594934803229217	0.15964091015775278	0.46536244377134395	0.9150309755836741	0.9108394724818103	0.6779230123977329	0.5581154362677088	0.5591718614375927	0.16323166275722134	0.2065936218406752	0.7208685704207063	0.7423143999522255	0.19128950449343174	0.5350673688391516	0.18776785533246954	0.10259976029475693	0.7853479600750501	0.1441819898868274	0.22190080841495952	0.755230222581456	0.6918385989325755	0.3516996490526366	0.7013088753435519	0.7440054898889107	0.7411439203611966	0.4675334899889036	0.7024242518932686	0.9932292309850275	-0.08357489816693542	0.16606479541032515	-0.13740637815932483	0.4030933975510068	0.05764723748734468	0.545729219180308	0.12450906671888518	1.1063936665597298	0.8021429759836456	0.15689247428307168	1.0702881115365437	0.5913990967306482	-0.018514270516949427	0.9139842066742495	0.2935400298034445	1.0766499053539262	0.306822202871741	0.5267393712389817	0.011293801411288884	0.009044314916582308
0.8642086560535295	0.276902744388939	0.6375991700587874	0.2501547098747172	0.875487571019275	0.18226628530479094	0.9868501439481369	0.49381899198806745	0.42831761083589903	0.22034748788627478	1.0752886309441971	0.1633718875468544	0.5046525968299469	0.5526773742415467	0.5109801694602187	0.57300839384988	0.16911940265342318	0.35573436603796127	1.0937932465894775	0.08637710523282371	0.0694624866849709	0.437765376341398	0.5830710991304782	0.8526741633578734	0.9695370077952812	0.2819801222413413	0.2899506937703024	0.5447550354072143	0.4820593652394066	0.7416712593969037	1.5233359192612745	1.5810317783045922	0.28183895307415724	0.8165344815853322	0.20884008632721857	0.14545249989236875	1.0162005816254682	0.42256138384642206	0.1750078744422271	0.438787320620345	0.40273330361321624	0.7812576206407601	0.6236720148989446	0.6648915299055207	0.8558934422700615	0.8045044156594463	0.9952568651387192	0.8692003219216418	0.21128223278628877	0.4484730984333054	0.956696131246259	0.729086432766568	0.3092526626586173	0.8093322597982642	1.311915103235743	0.4573352581969888	1.5201159792848005	0.6864234491723502	0.3172551180402499	0.7997838500328449	0.7103122514932971	1.5541168292245968	0.48436806281777267	0.6417582462908876	0.6065354259628832	0.13756662514183016	0.13568261553695504	0.3652388164171704	0.12896289985014953	0.4698743783426451	0.4369838525326678	0.5127564047546632	0.36886871207733896	0.23775831711920403	0.6484505639183891	0.6250057259832983	0.3524759551753973	0.5943078601376846	0.7735323567358423	0.7479509298646903	0.48587185213269624	0.4309863787426168	0.6509844427686373	0.15923265435364997	0.5397055514123306	1.1616747535938425	0.9867854318652428	0.5264497139785932	0.3696426100373446	0.8156728884481792	0.5915918747422059	0.0470391916683679	-0.05445909664732074	0.6202065075946008	0.19537804961037486	1.6443189329644707	-0.054982847048334005	-0.15498291787665036	0.6380147920077882	0.324293895849044
0.30540195347274013	0.6735959355656753	1.1145142844048546	0.24462538764615283	0.8854303431284728	0.8143734221603747	0.30145793006328725	1.2835937871067467	0.302372973581038	0.9811237940090355	0.40473398828694074	0.11459732852256299	-0.0055429198765087895	0.5485662710002485	1.1364494778842054	0.9622267047750784	0.6993418688398461	0.43945837864262394	0.3631567166770131	0.6788510411068105	0.3891279020513825	0.7772953124153706	0.13076306261639792	1.2681465410089008	1.0170322741028066	0.8286158258234486	0.7697281331461243	1.0928924506736328	0.5015589048553505	0.685448982085991	0.9220314241630106	0.6586446168396405	0.36289490605526553	0.16181393956816947	0.3976156605573772	0.2100033650394208	0.9511195443100557	0.745785620740753	0.8907816779644774	0.6325083112168443	0.46817566255723553	0.8375906706608282	0.3097007823056978	0.5226433419299467	0.2712252882087519	0.6678102092768429	0.3544782216815197	0.30978318896855916	0.8609478134187718	0.47005747648430457	0.6864457712023175	0.5160577125786924	0.895387528105648	1.1778864774856226	0.7586928259248302	1.1943873864490153	0.6818330271050244	0.4559493008134146	0.4922539375683111	0.30969962544319785	0.94019881091756	0.7100587750034373	0.48606042766415153	0.1518382684004328	0.8806162744027852	0.9646219170586526	0.5911780235011131	0.7704865794228465	0.17954302820216894	0.4525409741809955	0.4915110263023035	0.529063969079968	0.8096768784433324	0.15326130371320923	0.5456187297844179	1.1531978429305703	1.1427539729824692	0.3397843930499367	0.7589783515334332	0.867900336226184	0.4789288439291105	-0.03279457843958278	0.5300399707798477	0.49367621737904677	0.030177834625602862	0.05026151619815822	0.8029825304040964	0.2006760757224142	0.8028957323856225	0.3225058558352117	0.9705640044941262	0.5304273447297483	1.0622651756611683	0.2532080422081213	0.16998899939032097	0.557345126942397	0.5096252695989589	-0.028983862254201465	0.2592654117555563	0.07268360713338362
0.43917870817483773	0.7915128206196507	0.9897075818240652	-0.20340158544325332	0.36870264745136105	0.9364798507327953	0.31203640575459235	0.5116179034540609	0.35850970417373207	0.4227877928091204	0.20192889114798807	0.4119269315645697	0.32451043606633423	0.4316471194401508	0.23553249839247503	0.8895020547155688	0.7927293372275019	0.3002074283627132	0.22907223238353958	0.41970911643758557	0.18824004410798678	0.07529495827378896	0.19648412404121374	0.37206229280981484	0.5987247806058181	1.2178092885087306	0.5781705156995824	0.1570583736429781	0.8843331805663766	1.351055847433029	0.6776695359078733	0.14647800919657078	0.735229797611558	1.371340098131938	0.5512550708213724	0.37475463404675496	0.9818419750823206	1.1935062571956707	0.2480604040547128	0.07442292976469722	0.9881459507729313	0.24692379150921262	0.9339215013936513	0.5076975478125856	0.5863914944913623	0.37536607962491547	0.4934767578963157	0.6162002510933254	0.6884762620981013	0.6864482029745115	0.47944947788420544	0.3314185856279624	0.6886361646605588	0.2275513026160647	1.2855524830880034	0.7306086485540606	0.4467487552964999	0.49291973068574313	0.6311703740429496	0.9354222450909726	-0.012160928878648891	0.48458993876822615	0.29745087084109323	0.7314758371282033	0.43922738944880296	0.17864643476642633	0.5656784130568528	0.887679451872159	0.3436798532326182	0.7730147683983495	0.4310722087741008	0.3870934683793231	0.37748478510549943	0.22493030771431466	1.2714279349657178	0.5436186117372243	0.28222625619574165	0.46522892406232336	0.774368346131038	0.005623475281612111	0.4054566551535933	1.162288324021493	0.2597608197197143	0.11387404781050237	0.8735644294640241	0.8895134580744976	0.06609750559335381	0.6984866502511629	0.3385649488716771	0.4903673545346094	0.4658136326454654	0.8902873324250644	0.4656516524523958	0.5146770200999651	0.2868148603362818	0.45937023488614004	0.18823173358553769	0.16401342266033925	0.7284030867258013	0.49001601969860475
0.6780120769223291	0.2821507198795641	0.4322314738817111	0.9807890441093756	0.5783114723818175	0.10792088754824314	0.5123965233018217	0.08914642296170694	0.6153716514524665	0.11750741405817089	0.5744773953511627	0.707591851132767	0.7370082758026862	0.17864523068504873	1.3694799451705504	0.06139647608294413	0.6501726877679498	0.4382351097352827	0.49198151519822897	0.4512865060947072	0.9358470983305349	0.41281771707837367	0.3205940940294506	0.47814467586323744	0.3642273422299254	0.782892332626439	0.7493079309660011	0.11166776519996502	0.5720003902501352	0.45727954131026827	0.7557528161199694	0.6756986574562079	0.8085639572752485	-0.01890971889491161	0.37464379050928337	0.8116154716818669	0.35867295927649573	0.33839222638396443	0.904447518300787	0.22231159042901133	0.42136546577950734	0.10878649428998788	0.5840331948709189	0.28961481061758126	0.3281702087768783	0.35581316045668987	0.5480924059545783	0.47106862013940665	0.5477886663583551	0.7960077091761556	0.6093380205013255	0.8628080135990366	1.1290548794460393	0.37161150529615267	0.8993357303857643	0.9409748573364941	0.39863892696489556	0.41664053240673227	0.7128057943117918	0.6066444987924468	0.7766452779039261	0.39206073458685564	0.3927834722818245	0.732558314619381	0.38575527150160194	1.0460886992726905	0.15726045377341324	0.6642900711199624	0.08831598178462352	0.5219036415476127	0.8976278902466631	0.43357165395228947	-0.28184604562732357	1.6397930341045286	0.2749027916078166	1.4078454456698206	0.18023258352533367	0.39534486723857054	0.31434439504979517	0.28606857292052923	0.350817362936792	0.2930125727205435	0.6903468976503054	0.24062309753059152	1.04323265435365	0.0870166335440129	0.5745714886862181	0.4145694582744832	0.88562177540202	0.7888169851857716	0.32003628770739845	0.18600650509477795	0.37581221607913884	0.26014734372981907	0.26817559172891925	0.308144935567064	0.9876438613375997	0.5570619386682332	0.8105655391076465	0.6037336813642367
