0.5602376594424817	0.8255495315310105	0.37477139810682575	0.5202478719920183	0.36407462467351104	0.6040063528064222	0.8683831704002347	0.7092264226734033	0.7557277135306368	0.5486063860571173	0.7914270698503417	0.9645917736602957	1.1253585226960372	0.8650798858959481	0.7564950442090291	0.9311524180965101	0.5092053936591726	0.824912781606921	0.2811923091811897	0.40440582886165594	0.3193499066591278	0.3336396531164094	0.2881681034211419	0.2805892119862236	0.3714683170989684	0.26258190293216804	0.5640303033995144	0.5012393599902544	0.44540139460240613	0.6668958920166422	0.9215871511060535	0.8309019337675554	0.7615974002405399	0.5308662038244875	0.6986781563154865	0.7092288827213092	0.6068945864027594	0.6863597267294497	0.4596605615913856	0.7213927385572964	0.7557761742570636	0.6328240665713559	0.628828866226934	0.9556747469407667	0.8062905076340353	0.8470980274024882	0.6160333973179647	0.6117226505618193	0.44879657974686216	0.5441749735986529	0.5496571754002446	0.3790699824753359	0.436702780800881	0.22353687868634664	0.30280116646179944	0.22999873857606132	0.367593916590557	0.2942381325922768	0.36045870224678445	0.43415969764187246	0.5991876410611042	0.6473875018474906	0.8817297993702514	0.6563224795623327	0.6915360591261275	1.0816660297013716	0.8541067517990094	0.6636463263734954	0.403148652241726	0.9132394777115679	0.9289841103604412	0.5289460467766406	0.6516441456185037	0.7026908434665368	0.5099044891636668	0.4418923040316455	0.6301439250627504	0.8640806463133195	0.7270066116662949	0.705245297984026	0.8272818968666872	0.7878923627743609	0.540187244064249	0.6392516898678403	0.563175496802149	0.4708828889491345	0.3445484222613556	0.3634217216730922	0.5523715228558418	0.37439796639770995	0.5300680693577765	0.3776925773527484	0.6026544675037078	0.6876983570416572	0.7330311120803324	0.602507400093942	0.8004153453489627	0.7895510179886738	0.5565539856381155	0.7463093934808351
0.40570878698125773	0.5736411973033936	0.5241875361708326	0.36796035837850805	0.5940228277865021	0.4979706032086218	0.42030124838736765	0.5204966255455638	0.4775373163969355	0.9619298493069975	0.9201598583621833	1.1289891024785477	1.2162686734758055	0.9327551890356763	0.5263525530650094	0.5103316822872646	0.5770547655478144	0.3453984722906941	0.4176074992219746	0.41716781453925983	0.27075466888402333	0.2688259698964598	0.40517629385163934	0.3539207470041247	0.36875915684238225	0.1843384340276247	0.4090708433554645	0.473663722546783	0.3343064760295136	0.6681923069295428	0.6608115701329944	0.6396389119629746	0.972205725673583	0.6404973375860618	0.5963521729947524	0.7305964220562263	0.5617218629287691	0.6779464549451492	0.5950395279532088	0.9022353530032206	0.7029061368486239	0.8037167715478052	0.9976814480870279	0.630939644816455	0.8293863671186322	0.9306440486861657	0.6262257974677342	0.7370171272688643	0.5516246409387565	0.758206583426704	0.348631033737911	0.4069728935327891	0.4319931365554318	0.3351362166345482	0.3190078468865403	0.3334480309368807	0.36429911320729824	0.19538766904584162	0.43296013759990787	0.3399602186056839	0.40782874374152284	0.4831901909647078	0.8172201202098343	0.8359764116767439	0.6523755929185063	1.013759790342213	0.9203525319833121	0.6351181339180741	0.7215392334027747	0.39572487386676597	0.36578340494399614	0.6222401942489129	0.421688732914582	0.566294337392763	0.5443704639255856	0.6046888000202675	0.5662274712757671	0.8015137017655182	0.6597933480326578	1.0699020478174048	1.0993641865959878	0.6565105765075682	0.6398925234624361	0.667496129214359	0.4263407015615501	0.5983744735885184	0.4524380050572244	0.4472049803151193	0.46844790788397095	0.401980316702921	0.5432906032633812	0.8214604294719564	0.6737771453599884	0.7119345022231778	0.7603186449673142	0.9360826391191965	0.9140123265309973	0.6257440492111238	0.7499930182633462	0.6715751823876849
0.619758825965673	0.5880903132891139	0.6642228207649645	0.49991431376931406	0.5275528946620697	0.6701848819894517	0.47378816554431863	0.5388631794021735	0.8363486407889449	0.8958630544198438	0.6812980155924334	1.1102961634729982	0.7641884698499565	1.1755284176733034	1.0077424845125629	0.5658618127339708	0.7254859192694351	0.34981779732114326	0.3382351660701024	0.4776842094425214	0.49534850659918417	0.35295596903168963	0.4229849364402599	0.41194219660786346	0.2778820511163345	0.3293793714471204	0.31867711155369643	0.24412979702694326	0.33736259981639743	0.7409383406182555	0.7357705138867683	0.7592559877562917	1.0931607985158227	1.0269513362308922	0.8481689846287628	0.6992363615777087	0.6396909791650821	0.5686792858765758	0.5591321698324871	0.5465340301830088	0.6319937667244434	0.5201341744146113	0.7112155774402442	0.6247745321336453	0.5676830665611264	0.8337140228367373	0.3564719269424449	0.6202010635155172	0.6720058555726616	0.32829907352086973	0.4033359768979007	0.48932703899032554	0.3024357676638279	0.3257950104448632	0.3755423901795664	0.3429553985958666	0.40132794368333136	0.5072679801952108	0.491389670258845	0.5729083940564922	0.6643370798386579	0.6426246187296952	0.7651982905828504	0.7000115586284708	0.703850948445683	0.6987266523722467	0.5866476703892843	0.8059892626644048	0.8420383585115023	0.6804350730737574	0.5812537991069266	0.58292389542036	0.4133402236865661	0.43874519401214623	0.49476148906480044	0.6724022332800247	0.6710023247077772	0.6131423787732893	0.705772415567053	0.804898598236259	0.6354100784499046	0.6823919963638807	0.6308063774381507	0.5214749828981694	0.39128013560802416	0.5090613401214582	0.4701026362240913	0.41713798623939136	0.4250017749510035	0.4022142455888597	0.4488285886962861	0.5802587905724905	0.6993258867224881	0.7063861711000873	0.4284878870443833	0.3310491184954298	0.5172736467868508	0.8705938024861087	0.5737606107786256	0.603798621732523
0.5748640070122197	0.6576346776551808	0.5972832561866974	0.6860532914815187	0.5683849266838935	0.4432723148921947	0.5246030299350294	0.5360801978776722	0.7502264322132984	0.6720091299042481	1.3376029975926214	1.2802789810816864	0.7931277950920633	0.7527698590554589	0.6432461753739441	0.8575906375795742	0.5137723874109421	0.5522761826403836	0.5085556605988996	0.5284054855892882	0.263564707860148	0.2778709388560036	0.26087444257627124	0.3745582694580132	0.28716742334050666	0.23973058529591645	0.4294003815097247	0.418538772307376	0.4433112096689226	0.6989716741076422	0.6675027528183872	0.5987021604065306	0.571069435836842	0.705708571811838	0.7801267246999315	0.7061333553031591	0.7975201344377892	0.35037004696850443	0.4791064793119618	0.4105506593985796	0.6154696428640923	0.5336139310902602	0.5052853109019849	0.6978940671552428	0.6997607912222213	0.5958722386344337	0.4603139717070462	0.4322717642687374	0.5669784160923044	0.5844257066297178	0.5095735779547915	0.35374159247730735	0.492392521481907	0.3825843251106662	0.38906796591755033	0.5179083287714411	0.49113928587357664	0.5333563784009334	0.5009940070500195	0.7633262333609088	0.7146619904948446	0.5225069673193469	0.8653612068812768	1.0339548139403576	0.8248924165031527	0.6960239738894746	0.827732553650754	0.6753139217931564	0.5862682135174874	0.6485753698110158	0.3703678561612657	0.3943395922465434	0.43780636982848686	0.43518084904995646	0.5933791164234162	0.564514301582899	0.5927248664511596	0.7808597241336733	0.6433559243329474	0.6715885077626288	0.6990436942850977	0.7925054925718379	0.6751276355372836	0.5952140856776212	0.5870339075939236	0.44834778375019413	0.5334615765265097	0.5502191799399234	0.5246601666026871	0.2848473908602319	0.41513516070013373	0.4659360274028387	0.36692325458368985	0.40577878880445273	0.5538030109543846	0.9552006466556971	0.6236522544432795	0.8153978642735576	0.5501446612759879	0.73784038458085
0.6325859801448463	0.5432408308905277	0.4525859941997508	0.5532937521459764	0.7801381163924904	0.45252480237544923	0.5262199288533508	0.6756659020391472	0.6138035886930484	0.6939988360019419	0.7223323737121508	0.825280846465566	0.9201084472310324	0.7915995226983026	0.6143177057064326	0.7929153090021095	0.8173463362214685	0.47931534637675605	0.5908617726650622	0.43850111736916436	0.25715693521530825	0.33899963917516507	0.3154664019105446	0.3535582382196404	0.1978721112948409	0.4606927801368139	0.5671475987781844	0.5232851598329995	0.48890937746340374	0.7247463428822589	1.0585544574888912	0.5765705625785441	0.6909567236232196	0.7442173733163351	0.7510699927566985	0.6725373540808103	0.7023678142314081	0.4765778221909591	0.28212974624697684	0.48688591369384326	0.4920671137411665	0.5916533562357515	0.6536625428369327	0.5937185073134409	0.7371038953456557	0.5766406508505411	0.6348232250191136	0.6271681846071677	0.5694722133308344	0.6491173078671054	0.47636061118094825	0.4329554708433007	0.43572126918138293	0.36537298187211287	0.39712552935395234	0.5322918720953669	0.5647486024266158	0.48713387474372616	0.4346610140427057	0.6707043112927312	0.7766676047251742	1.0589397083381566	0.739161389304227	0.9391943447031016	1.0620890747832652	0.8893684869388798	0.6881279777694146	0.5895471627997109	0.4831942583297578	0.48987881197731176	0.4736503109479785	0.47077895956304244	0.34643300969512353	0.5880042193663434	0.5106563770122923	0.5321127372586986	0.5060230687151565	0.6677813782212306	0.6479596189647275	0.6459306273303269	0.7512569835018427	0.7473894720977551	0.6281808490282248	0.4711053580714015	0.5572351446932732	0.5347721674347389	0.4998647176829009	0.4360778392040497	0.43916865514663145	0.5157844321916283	0.43268647608772526	0.352212876702624	0.4721379378538205	0.5510312889092394	0.4161398572874387	0.7565026915604746	0.6752630780445547	0.4982792480116034	0.7230595163359077	0.6032358253943342
0.5539049359179258	0.6160854828564829	0.6072033158113818	0.3950810728991182	0.4256400910696326	0.4248950609946163	0.5528598078309548	0.5148546622748769	0.4046318464126089	0.7610729645325027	0.873910829935163	0.6857013864812744	0.8595962021199354	0.5728366961365745	1.2685808542850034	0.7097935648995487	0.6292799585718383	0.5437796430140661	0.47172722973975606	0.4815370982005389	0.3887748161221172	0.4833488253033692	0.5179369571964259	0.31756805089769335	0.5269686772925877	0.6019566762058307	0.48971036389656303	0.6848868836994317	0.5325593805527321	0.6576974414839635	0.6537609753427236	0.6434567141650056	0.8971645002817628	0.9914344919783524	0.4530371291538801	0.5422278609129334	0.5017797581718502	0.38211949535085804	0.44002685721074625	0.5378980675042095	0.502895224338728	0.6656138456345324	0.47004457603973515	0.4705760559940243	0.6537200412869847	0.4214381368461586	0.3355605936964218	0.5720375967917823	0.3899772039753569	0.37837860926623157	0.46290627559342873	0.4495559449849846	0.35680083185343553	0.39485651294968005	0.502282167524962	0.5287575347586296	0.7639281538207408	0.49334892888775733	0.5711496523005265	0.8336247017632734	0.6561601272506629	0.9383614663499288	0.9219891434780644	0.9858618410266073	1.056536975097829	0.6979429184454699	0.5949495632019736	0.5895982012849439	0.41907590386198473	0.49973975153818934	0.363937122304807	0.45059128288401984	0.42678246416711557	0.41299647624861113	0.4541061383893363	0.6551164358105653	0.4164095485128833	0.5585473899554386	0.5293465248020035	0.5538520687095491	0.553494362932759	0.6031333168368326	0.6719465171054454	0.5766581345442776	0.6382818599807306	0.31505848314465257	0.2494734698849065	0.37716464404064437	0.3490964370535948	0.44721571823939027	0.5307861569461089	0.413737956090702	0.49577878627649197	0.3980171801964561	0.4324336078695246	0.49731280056984467	0.5185518754803975	0.5633200048362333	0.6723274708452766	0.5317273700384932
0.5003120992528926	0.540930651027941	0.3861125794367675	0.477764057141495	0.32141997430904706	0.40761517759044047	0.6919326132075163	0.4889345240143956	0.9721761628330211	0.6513810501462585	0.800067244349777	0.9950405257184706	0.9915768629094347	0.7138921075328238	0.8045815368187778	0.7403501260944156	0.6085253070036968	0.6163890074944155	0.3606457905221482	0.4733611610184084	0.4536277186734427	0.4810586637439453	0.44232928815967876	0.3370023464829351	0.3160141737643671	0.46185588574445696	0.5384148003112716	0.4556620072898774	0.43090039659014095	0.9534958474691858	0.8405829927108094	0.7390064996188098	0.7096354054516236	0.5861723094951905	0.5233127199961851	0.38670833656776377	0.6039545838630819	0.3105516394626993	0.31619506220077714	0.664023013360424	0.5052300927722494	0.4877544293395916	0.5864656481927442	0.5773669832469938	0.5293111469790459	0.6874656380628511	0.4922989343427929	0.427544303547635	0.47397062594694034	0.4657891542861645	0.5414376321791222	0.5157224627394341	0.3812366400623419	0.41553661126254654	0.6897764244038824	0.8376050365517066	0.7368035329820728	0.9120248493862417	1.2464891678445262	1.1376939380391602	0.7776229169235311	0.9790813639460076	1.526044974856122	0.734358102395863	0.9607564979305955	0.7928821937518186	0.4721146607140251	0.48103107234432463	0.3134916927092829	0.4789490330069129	0.4148672388926412	0.4640670642503519	0.3708428433807418	0.4520587042891144	0.37773320017361167	0.3529850091333096	0.3311588313927639	0.3139013089950717	0.48786113625517624	0.3943207691909628	0.5336907626726225	0.34556782913541295	0.7426623299449501	0.42405584561647736	0.5637306466294745	0.38259860904643955	0.5067513969079755	0.4561549536856296	0.3095270751459661	0.28192792601368666	0.3423588133379709	0.5147760373792619	0.44126845386682934	0.4616073357292679	0.3984351046856416	0.42444425536503644	0.5165784059703896	0.36421062044260455	0.5800853855714405	0.5920255100063517
0.5663641809777925	0.4976244082863645	0.45227342328105447	0.4646055762697583	0.7127130928573093	0.4645945170098874	0.4433095049494511	0.39954672742605496	0.8034906513632253	0.9753915330303761	0.8572289852500403	0.888622052649498	0.5878473074842583	0.7355778972048336	0.5259414646440856	1.1437258525826743	0.5101261749909293	0.8897160938263132	0.631837613170097	0.7714890400380168	0.49704721507903793	0.4831292932889153	0.5444041153395379	0.37522781685335993	0.5004294550175142	0.3415771533854903	0.5612952341686618	0.5307443972277602	0.5643100224384444	0.6565171471344367	0.49828019355525166	0.8975424953163512	0.6034142387009437	0.38663973206522334	0.4506773991261666	0.5337681365976573	0.4311626514771351	0.22811506681613725	0.3730651574206337	0.3833841730520812	0.34271040635599914	0.5699032530865823	0.38227018786894557	0.45232522401789754	0.4969101061282853	0.5093946570023383	0.5340746681150085	0.5064180791071281	0.34548679882742406	0.32694443192651246	0.42191205638935214	0.527983147602582	0.5481422198389007	0.843798413573058	0.5691703253521646	0.7625322281051337	0.9904390967138551	0.9468886165207646	0.9745039944812355	1.0753324078208526	1.2516546350437354	1.1853514456019643	1.3453565457057293	0.7835775914969737	0.5151374718885464	0.6737049238946994	0.6597952051661051	0.3360230781618692	0.3803072300618009	0.5576703647439348	0.39178935056359115	0.374815437210753	0.3409160728441043	0.36187226780653853	0.4577374608312857	0.3888079010398627	0.4663826410148799	0.40861921723114325	0.5263601802956923	0.4343850755707963	0.4949926841869629	0.5890638945072332	0.5789768786614095	0.810008195579176	0.37951980579953426	0.4176222784714377	0.8021510638694783	0.40214385272245795	0.43868106361524173	0.37371470031410703	0.3574397399469663	0.3249180824628378	0.3937035467095401	0.444334643086608	0.41530177439840726	0.43191138287978426	0.40803605626298917	0.39216697380661836	0.5339604501094118	0.4585825444917886
0.4065957221224616	0.4740144281837576	0.42895234583653263	0.5790485516111911	0.3048144454748884	0.5965378930476832	0.5126080377978047	0.5758641032388754	0.6050297139236216	0.5882815533406055	0.6481350258707127	0.8072214791964866	0.8379839727212284	0.5612453869949241	0.6264575991409532	0.5205192991391431	0.7318897532734107	0.7921924487837977	0.4399947889815761	0.3865822921836055	0.7180794378759164	0.3322696517308464	0.5228775429424467	0.4380665085828198	0.4315752359246975	0.4595885300245834	0.6011257942813368	0.5272857527626956	0.5630583696175975	0.7275774639031961	0.8244841868990399	0.6474895665537127	0.5318786299381704	0.4414957648790731	0.5251399004448956	0.4669842999860468	0.5073083287273977	0.28924693179418615	0.3295014723524197	0.4342661825368768	0.3927963703797423	0.6309280755717869	0.4733062298215895	0.3767769310037634	0.2925398876708902	0.43272985946347503	0.4148767803068966	0.32192771096181716	0.4680772748383829	0.4011034215443669	0.6144715058462377	0.2843794385761191	0.44265521897837146	0.6302008595545032	0.6985947969462712	0.805149318462791	0.7625756893113683	0.9904528412705738	1.3960906725058178	1.2770753470187468	0.943458845738625	1.4061348207370787	1.4008135489460547	0.7196364682824622	0.7243973588722413	0.5706124510955503	0.5881128129856067	0.5538742973382915	0.48341772962985835	0.3315400593428344	0.37065957623938256	0.4494156799458105	0.332777399639255	0.5346668549534425	0.45148137860652315	0.3230575150396267	0.3370082403016669	0.44963874214226174	0.8341078193290818	0.3147384567684242	0.6111936474186068	0.3480258769850906	0.4626469603098703	0.35622562911538874	0.33342923642800065	0.4236503293073132	0.3678344439474439	0.4020596780807276	0.6027193521794809	0.4324645895096776	0.5216278378277275	0.6389536246534477	0.5548708176388526	0.4645345307014782	0.4151180650386872	0.42705940031815	0.2941525484329753	0.5829051886038403	0.5554607403205187	0.6751373005538703
0.435793492653586	0.44566195496581845	0.554832117047529	0.7005297418906345	0.5025517058810626	0.6477687674900795	0.713749883551733	0.8383842131101981	0.828920672040255	0.9566414140427605	0.5540223531924411	0.6500617658573414	0.5861684606456629	0.48207539157498175	0.5025102384239037	0.5968904343440825	0.457827400152726	0.535938250748682	0.633559564870515	0.49817609880829833	0.4828854240948254	0.2636627993888323	0.6248881930235387	0.7428938090151536	0.5128330316389869	0.5273037338586877	0.5011590033184125	0.8396610149067469	0.6138975771514436	0.6117654660908627	0.5788599443097316	0.6994284003729866	0.4539796054320993	0.5277113559620442	0.4227669575661053	0.3813317756008855	0.33907037680972196	0.5161413430885147	0.4495493496815588	0.6066431133826816	0.542772244822662	0.3822146041319808	0.36993669604291624	0.5727357424981988	0.4814602091904087	0.47339584168563936	0.41123735230713715	0.17266935742624576	0.3249134524123157	0.42012176225426406	0.35549713936094135	0.5125392422466275	0.5106956289541299	0.5864031905968736	0.8208180538876503	0.7000711585113795	1.1682275441645704	1.1249118787684085	0.6327313394465479	0.736082364829274	1.4503472680190257	0.9179390579735074	1.1575863931782728	1.0613583539057183	0.5985934571306757	0.524573105256901	0.5853905503430089	0.5767615867650427	0.4025698764992838	0.3845179525714668	0.5448432309264859	0.32822043868001294	0.35924630992478346	0.34561598522476794	0.37715245444634277	0.33655802471598356	0.43237474964279743	0.48942234499248666	0.5655726107848086	0.5383960001494126	0.5066102944631227	0.40496651350184626	0.5169209965150795	0.3664907651567033	0.4496882757469473	0.47756882784490934	0.49402201316394995	0.46422895399234526	0.5176153307519851	0.42575833312896627	0.3514369769892095	0.5831710544133872	0.44153865790925295	0.3214708858085798	0.3830384012533727	0.41393991139813596	0.3564500482447135	0.5587137358428342	0.28322935827590706	0.35104390301229876
0.2994928676731268	0.74731963762706	0.5540449583054918	0.9430941552150609	0.665762843560237	1.1466436576649073	0.68785062076256	0.5833915135159521	0.818554671418803	0.8059500815069365	0.5614770029955006	0.468389463085252	0.5625865374408798	0.8228330924933475	0.47577813361090077	0.4586397971306952	0.5305141664164786	0.5020657888090038	0.47435206070909436	0.46684316516197333	0.4255114750589506	0.5633689410140188	0.5401784378552043	0.7217273911457783	0.5183397613929857	0.8678053407033429	0.7953996327354936	0.6104073018472165	1.3016987941161233	1.0025759416077453	0.9522956903103181	0.7113756800615468	0.45912610649658625	0.4351218405678813	0.4919694425946427	0.33154630507351024	0.6023101034041272	0.42052031664600126	0.3271890112590685	0.3502846676272624	0.4996620327239586	0.41888938630346256	0.3753548677275971	0.49179507601098355	0.7314916940110373	0.3387568156066234	0.4108382269446544	0.3780572783031277	0.3635628505904098	0.4259968226807436	0.22404054250443117	0.5048569106724663	0.5541743736705286	0.6711754188448765	0.5710024119323222	0.9143548629807882	0.9798817696221421	0.852649023190649	1.188793440099135	0.923125870309121	1.0657521092230142	0.8515587993177041	1.4136610710979483	0.8649105720761763	0.70609746209572	0.5334537899013686	0.6738152064175821	0.43557480173844165	0.47353951520677723	0.3104947351458053	0.25334064257345884	0.25393750174681906	0.35605223717040785	0.32185610299461254	0.28559157735657825	0.35817689855146034	0.3641295441349789	0.5264473113028576	0.33348920833950707	0.6894889630050286	0.6253894559112066	0.41689797299546044	0.6315068976172382	0.37404061311734915	0.4988969337984796	0.47885990387262056	0.4917464506235526	0.5548866077995798	0.6460694148437401	0.4079250138179484	0.35892551914374754	0.6102567255983493	0.3370852218282737	0.5571723754790898	0.3902399063399405	0.544100984556548	0.33316743681034056	0.3627956957226071	0.39966949574005345	0.48167556127430555
0.34314555419697385	0.40477954625766016	0.7631958710283877	0.6328778789500461	0.6538046624178646	0.7177439411945546	1.10053917665192	0.8498941793735885	1.1206096109488304	0.4921412680103558	0.8391628415452237	0.7292742755990551	0.49953909952059006	0.4095202425358663	0.47972959905994905	0.5260749033135179	0.4103486873393102	0.4619900740048564	0.6144449526188718	0.6526823837230816	0.5585871314626898	0.5764358060159099	0.6325868429181656	0.7464322616462812	0.6280201177735039	0.9030442062717	0.42668717787258126	0.7158588244597552	0.8014266128536511	0.7583533499729824	0.8222531055742295	0.5138120177497255	0.42753851435260953	0.40100359926060497	0.5035230047435948	0.3177401813850498	0.5328277166593309	0.4451101072466081	0.37837803358299466	0.402276961714543	0.4606521822289798	0.4684647751523612	0.7142868790794346	0.48691581350271673	0.45203320962420884	0.3161967236113643	0.3616097759672033	0.3639194654666849	0.27836532743568704	0.4162388030327276	0.34774458096191235	0.48474319153633816	0.3994020245413891	0.5919279763824121	0.771430758990866	0.6514900426096568	0.8583496119215176	0.8410239665099102	0.7794315777956471	1.2141326426120127	1.0024808944934398	0.8736545464905463	0.859474948456294	0.7312607969219206	0.7933136553898996	0.5651521477401573	0.4835311581499695	0.33040737731615255	0.5127866607921429	0.4565149476972298	0.38823227205978955	0.39897174814937925	0.3141687060709629	0.4270170628428661	0.35505109672376334	0.3721969118453135	0.4828195462338204	0.4602018501964205	0.4519483381528527	0.5378956758743627	0.39644807218055506	0.6128158999946278	0.6001851131542384	0.38630712131630623	0.6590190612512776	0.5383878926000829	0.7630674604985535	0.646686347553564	0.5810123874773682	0.6041342796045102	0.45950302043733887	0.3062032621182428	0.5859144864600817	0.4159910611874118	0.34248404797447446	0.42635300678997284	0.5803437107029719	0.3599491868287222	0.3705666920223434	0.5855802764328478
0.45965256136265187	0.4179624742612238	0.5061218936396461	0.558426157075259	0.7585201708947361	0.7632425938156024	0.7507081677017531	1.0539762751723112	0.7773115231255319	0.4623533083882566	0.5439667521491789	0.4053528925946523	0.5610256842511936	0.6153485380986654	0.39937227526035657	0.5938114642000105	0.27545542240900484	0.5649419121315812	0.2718823448590512	0.45491826771705485	0.6068294707680643	0.5367411466813826	0.5925909296374822	0.5936513451315211	0.5331247847895737	1.0151810360812394	0.764973032115501	0.6267354227103045	0.7553212882191508	1.108055232306699	0.9420075353971104	0.7895400964612765	0.5417233893426724	0.6597355819399096	0.5448009504090208	0.485800597599695	0.4326068382420092	0.4759844138203137	0.38110804482226734	0.7363243699367018	0.4213695820015045	0.4359352905874128	0.3389446157141775	0.5593726811189279	0.3180789632650109	0.49667253499102065	0.30561570979542163	0.2650694072105815	0.374962046250379	0.4376071470455639	0.6640204072899475	0.5551346958348208	0.48295729188087766	0.8823495665389713	0.42831567735284487	0.7346903667330748	0.6838859294519887	0.9582014989621551	0.7402472603093574	0.543195015180329	0.845736816657604	0.9891348733814878	0.6929232729745421	0.886171837356581	0.8365837032569223	0.40182326710631	0.6320956875305693	0.4163421120915858	0.3505345748303293	0.3792920230067096	0.44017032709326875	0.5262524052142868	0.24407063720175848	0.47180337662201033	0.40880207048685413	0.2779460854870385	0.4422116174424706	0.30581519453892625	0.3814446909453065	0.462279193551536	0.5140684870796914	0.6207123692705214	0.5188514241393096	0.46017403457311484	0.9077030738515045	0.5786392421089485	0.5137448752579403	0.5456244378710663	0.46760007514358864	0.46714339891908374	0.47864078116418096	0.6191273727376003	0.5865770545873629	0.5089013572225155	0.4220297835038893	0.49955407704090704	0.45234034468360435	0.5088208982634985	0.3847319599452744	0.45750234059374756
0.32158769957594335	0.6706516940233072	0.613473319190706	0.709203706693046	0.77982503582795	1.2477505219010228	0.5624171473070096	0.49728101580734285	0.6608167393198667	0.6271888344157773	0.6340470116280382	0.49097885988105855	0.5606694993646115	0.44552227387022	0.3789557733331939	0.40126672307367406	0.4076201417377829	0.46709130476278354	0.281235964801322	0.5893232230696034	0.4291008245863912	0.5539422637144659	0.5396469009297302	0.688388696020914	0.6161944371662537	0.8907929550544553	1.3525735389933637	0.7323592995571407	0.8404941060068877	0.606274229117006	0.370023840001379	0.5863819153873496	0.6753158173309441	0.7270483239732166	0.5449063183612152	0.5008892487683342	0.5088347040463853	0.6118966515172882	0.5919352079838198	0.642791137368796	0.4749765774117122	0.32133998797588853	0.43796688842571474	0.4794039958147659	0.613738877076097	0.6288229109422138	0.43921160986119023	0.3947718827996785	0.4308130019504744	0.37664930420041054	0.46867722107375526	0.43076151883624725	0.4643291767712252	0.7045701644374291	0.42208367410954856	0.7052675259827574	0.8885932842486666	0.7651781911864592	0.9394938577531389	0.6124774541247662	0.5637631824000182	0.542054313843528	0.6117928121108395	0.8312460245332906	0.7604018814166084	0.35102895448446464	0.426572319933137	0.5428356364847768	0.37908043523670093	0.43684943529230313	0.2878048100097132	0.423672480958144	0.24020040202839915	0.461296333033048	0.3355885715459564	0.5089826645500882	0.3779756489020143	0.42860299244269995	0.45880558231038143	0.48757591198344025	0.6020088660023843	0.4928473253328208	1.002771585399882	0.7105331161311087	0.9914559712016389	0.5024724298514556	0.654499629970052	0.674007034446161	0.7843312425215668	0.6073717533437952	0.8286334661009045	0.7585774718885782	0.28715185045612684	0.5103146458445705	0.5189435266897756	0.4169992744240761	0.389013098089947	0.5642628549381835	0.49812782461372684	0.6140291539466857
0.5772830391404357	0.6246750325005486	0.5703609907446763	0.9000965646429299	0.7151132154697786	0.7688454695795692	0.6850530049111702	0.604118673448216	0.5462468560192795	0.4587745816010362	0.5587459130219331	0.4423412817966574	0.38245513243344026	0.3306806253291372	0.415617874659524	0.4341988000794327	0.4290069203044297	0.49276626605903173	0.4291620103951508	0.592588307872176	0.6203537816530569	0.44566009013433494	0.7181315940169017	0.44544144529098373	0.5408021771683325	0.9360212703680147	0.893715957758746	0.849473539684369	0.8836227803994137	0.5993377877996529	0.6842566061304367	0.6560978138084922	0.4656659609765357	0.5511666844370703	0.6155120452659534	0.47488748752443927	0.5846022910554592	0.44099709822386807	0.5481724401974912	0.6259218428731169	0.8415707489805564	0.48662345257105166	0.6999620662200199	0.7764589006652342	0.42145633111125014	0.737097375368014	0.39025998103510756	0.34614695244409305	0.4636074147166976	0.42919207956091704	0.5535761866145316	0.741132846761312	0.6210016915723608	0.48314420986728007	0.5473168868864725	0.5566042044807847	0.4246030689781765	0.49972821527926264	0.9820412962793867	0.5708115477340536	0.7427926692925688	0.5121974012134632	0.5335715104052973	0.48293813776078826	0.5529872428117865	0.7090547671352883	0.5991546057203314	0.47567016377306776	0.5586693934541139	0.3015706599032244	0.5984764795172647	0.4953787383261118	0.9040708168560389	0.5519160717034042	0.5667773313809265	0.3184317366753558	0.6024707386686231	0.6397747653652958	0.4858179705326137	0.5523651918146627	0.5878933345183722	0.6523046826159116	0.7780965816745415	0.8241202489753607	0.5626837022345491	0.620666744850112	0.7293129179589225	0.5373644583271979	0.7885272026906226	0.4727837006970002	0.6019979611674674	0.9207852145387556	0.4904875631288735	0.5286874510456139	0.5717115889221209	0.521023201620991	0.6267104549328577	0.6782006838607604	0.5557959954946828	0.46206486972962907
0.4624638610495751	0.6561225699014982	0.7574748596725321	1.02249957431499	0.6476188687472718	0.7683038887850301	0.6591484916039533	0.4651620038423288	0.640057657885035	0.9574255828289305	0.4853511025567329	0.426595686123732	0.4848495069730455	0.33139090487965217	0.4823412581635028	0.38378042178214283	0.309441987644053	0.4130466671829728	0.32141047927379796	0.6276448869425505	0.4660624278181867	0.5647816222855316	0.7411061744212305	0.5422375492260959	0.6580604158609591	0.8365491134140326	0.6316675432400635	1.015015000524812	0.662684704190937	0.7243719306242924	0.6823980968224532	0.8590913674890697	0.5218639753938467	0.3078516262430975	0.3411346664686389	0.44927732617772415	0.4977687858579359	0.5872829979052722	0.7093292117304626	0.5044692576296239	0.5374162147022488	0.7515366531034491	0.36877592607547943	0.532981124299241	0.5483893769312864	0.6604494856261136	0.5240827563264794	0.6572809146621565	0.4782979710370737	0.5208731270317877	0.5583101883314069	0.6385138825384611	0.6011464455732408	0.6596585973410785	0.38416261514569633	0.48937190740125325	0.6293447136188831	0.517571471662898	0.6776128009065052	0.6201376598508088	0.5722548240527741	0.5894329955448391	0.41429690134403335	0.552343168114925	0.5014770442301366	0.45546063930890807	0.5308074476164155	0.5876052224673289	0.6917218955197342	0.8204769259022926	0.47902545369964616	0.7018784531575987	0.27175589977000475	0.4965208535465146	0.6377379600334578	0.7451558220420279	0.52543676868735	0.5507990397912543	0.4919392504585314	0.6926267489387137	0.44489512711022605	0.7084309046408435	0.6017836855818104	1.071779252477255	0.6535752987413365	0.8109548037686731	0.7325846044100585	0.8258703054032359	0.7177074612505813	0.5838176406848651	0.4922608236270148	0.7243333336714808	0.5225965819120708	0.8662464053482795	0.6154083564916938	0.4314389216224925	0.388049234690548	0.3964303721559025	0.47828472864220917	0.651021893934968
0.5232786069904892	0.78384068185812	0.5601221056624174	0.8190785017823919	0.568598875790734	0.6652856308964337	0.6452322392243953	0.5499746328974725	0.6772721412301147	0.4506128093990369	0.6075027543931032	0.45273802269248264	0.40282842721804146	0.43306048116056856	0.2653963225334493	0.3446096317822037	0.44200321965904904	0.3330108221786592	0.4120401503259079	0.2701800426516804	0.4138966371127609	0.5193464823999776	0.3404013996431474	0.49231956729361004	0.6495607145979474	0.666131742742967	0.8687350831187666	0.9973704136149765	0.6378100572067427	0.801037960103824	0.8580819899226175	0.4025226296112832	0.481357837389169	0.4346623310330778	0.3694073050859092	0.4960949362137692	0.34972601053034696	0.4408749558985015	0.35693427053111004	0.9267601351952	0.7195434608110248	0.5810936171580487	0.6945336939923011	0.7500135645031243	0.5990946561791235	0.6246392167346208	0.7075633154035796	0.5531811367675504	0.6094621005225251	0.5518375920438813	0.7636396265329614	0.480136987608536	0.9449159631758914	0.7595628494474053	0.43317244059045645	0.5143836909685152	0.5920645772419919	0.4554348371234747	0.5170211027941477	0.5961094610970586	0.40796525586951066	0.5337080005610805	0.6682007666995419	0.5184538978632587	0.7416583847476472	0.6828178553832157	0.41495104312453474	0.4932579081144862	0.4943918401954036	0.5859290002743903	0.5000815589843226	0.6048282156912536	0.7607045189566873	0.5764432926075248	0.7882655074783557	0.543460992502251	0.5363908748708603	0.34110277512558135	0.4422105529961635	0.6202370753828582	0.6227928371332042	0.766828683044089	0.7618382691960265	0.8528988496330758	1.2615821040772512	0.8444868639587645	0.7714971281275987	0.7682802554606561	0.882850409353844	0.5574508810628802	0.5402405345284925	0.5108043876908565	0.5854210292118758	0.7201384126115903	0.47198555719934077	0.566181951026953	0.5523208261708333	0.4807371632180993	0.5242955127788208	0.42554442890097777
0.6191156838482847	0.5097691438244771	0.8877868787682999	0.6467772410551398	0.9327324624842144	0.7190685297148716	0.8386391297552394	0.46394011454439554	0.5602099732654048	0.4797362010473002	0.5462653241546376	0.5219597838477343	0.4289325674404801	0.37192772110781547	0.35496429220946585	0.2309322300997985	0.34627426028691516	0.2510711645667087	0.25924564398722716	0.3868733781993801	0.3309926160195379	0.4842214267964123	0.5852576919649475	0.7555553668987344	0.6895903652760356	0.7733918253406505	1.2531579509560844	0.9599204362320527	0.6909490326600893	0.5693800729393069	0.4166222834513516	0.3983182148074076	0.4479540948655384	0.5134549483424012	0.38764881549948826	0.45277545211294123	0.40915537705065674	0.4196505018286722	0.41201818018932046	0.4650115614987224	0.5336205926523226	0.5350716166197661	0.5652426401086824	0.5030761353550418	0.6661112823275912	0.6719681254579892	0.6878076187168307	0.9634214719248151	0.6509671668058135	0.48407331733573644	0.8975382778786436	0.5218582937399681	0.5881238532932488	0.5538119097703917	0.6478191448802726	0.5973892170092894	0.4550663649146452	0.664416416784986	0.5337270823447287	0.39691295741003546	0.6168550318535969	0.6293907285802933	0.4765472502854341	0.35362408144334107	0.5477592673817396	0.38160106977989955	0.34052081883713486	0.6722547803451666	0.599462022435694	0.6958475994777472	0.6209355710448852	0.6778599961140985	0.9484805995827504	0.5170048067953301	0.6207389723707705	0.5588925783770118	0.5839969401739098	0.6109090170980477	0.41749877180272466	0.46978851338584726	0.7865569278586837	0.7276941021637445	0.8114036025092516	0.9485688079412389	0.9501752032615498	0.8962065343464491	0.6816619098083874	0.6887246640425652	0.7787964087483049	0.5407743579039566	0.6060347017563442	0.6844444159516954	0.49098137148573767	0.3967621854156602	0.6241423217014738	0.500500782638281	0.4921377458191723	0.53888104891711	0.6252824558319569	0.6036948061346661
0.4837824076985405	0.6868722638301997	0.7963522733910664	0.8535408710211929	0.4596359581201651	0.7770152442533554	0.5523540322041485	0.6386511886211645	0.5053512040634477	0.7287319620502816	0.2755443568370341	0.3687535086832499	0.37967657721043824	0.4530313354592816	0.40349298367186914	0.32423336266342956	0.4223596446046054	0.2508878368633888	0.3503054438169155	0.33354301902367883	0.43858694137248483	0.47487758414109354	0.4872623870228468	0.6167373878188248	0.7920583194834613	1.2478687617559079	1.180998779422364	0.8595509625359412	0.8265093501397901	0.5418181701573197	0.5163354652912278	0.4333955073738043	0.31467310229450884	0.1956433086015067	0.31808802953020565	0.3362391178235045	0.3033226526690604	0.45481004252841734	0.3706860834452158	0.38220537489259987	0.475144145299961	0.5358578339204851	0.8502124829694303	0.730562051732862	0.8155593792085806	0.7422666427111355	0.6448455353473305	0.7192450648948527	0.5511772156867091	0.5591034970772144	0.5702408640118564	0.7797628676223456	0.35444956218396884	0.4907998827427864	0.6604180786954671	0.6928345396482671	0.5770836087603478	0.4495394626879786	0.4862801740818026	0.4338312537770525	0.35966239828639934	0.4173040394979437	0.47571696436631045	0.4227174215210605	0.39914471309860533	0.5060532303117287	0.5344437204355199	0.4710520805043356	0.42098039415893257	0.5354685717055643	0.6648267928609731	0.8931432729796245	0.7693611502178027	0.9873607611706575	0.5688505363875154	0.8214471706022498	0.5450207918857807	0.5192081586289192	0.4655723855169431	0.532268606331395	0.7604933650989898	0.8206096657625308	0.9321905759102439	0.7362716034767529	0.8497120851281147	0.6535067150049375	0.9358977127125944	0.8283189983104143	0.5303375121424867	0.7758775839184187	0.7592417854549157	0.4283820576263352	0.4206213912176647	0.6061819002256927	0.4707321412243177	0.6818841040174417	0.6275853675157692	0.6425921045364184	0.763620524530603	0.9029768872449843
0.4806847317352983	0.6850894282191725	0.5908670403703149	0.763458628235048	1.0708242540773705	0.7663762599255101	0.8179124392504041	0.7536205872201516	0.4856258681186819	0.3895130420284899	0.36152073944389457	0.464829760343695	0.38755684014874126	0.3998298983615383	0.47898458759703366	0.40195987932942584	0.4070995167415606	0.4116651581549377	0.5498633748087105	0.41245873814667605	0.49892340517537087	0.7374227106933752	0.5777578481032071	0.7977809421790388	1.176167408647633	0.7320858567772575	0.941489782614419	0.7350983647196878	0.7214007692398807	0.39268330487825637	0.42366509000327696	0.2956545364921973	0.2575422901434352	0.304746470817612	0.3693086818585203	0.5233062301090263	0.28112551465038643	0.4657660094728479	0.3091364195620133	0.6212566798746804	0.40116883083173976	0.6247696794479853	0.7654383093299822	0.6752274425238293	0.6416918852114061	0.8546778784363341	0.8473042763436021	0.5621688927502919	0.6163720507306698	0.7891922778192126	0.5043340258814804	0.7367414232449808	0.5472501926853497	0.6002608329301058	0.5907225231576219	0.8208860042219794	0.5754960481542117	0.5084743707220418	0.42518153137491616	0.4453993251630902	0.46734367815369793	0.39139617541522237	0.36623751792675296	0.34753433448280224	0.32656444281643676	0.357799994201334	0.4975233700133329	0.6994438084921799	0.6157925312843228	0.7279889825753365	0.6595787657675557	1.068008550292098	0.7591001537127036	0.694649979082866	1.123790745629285	0.41986169315950805	0.6519900498531426	0.4776326195210899	0.5569931711029817	0.5895852230867862	0.6605848902622143	0.7308650038192765	0.7269624601938123	1.1716466064125295	0.8110177444380389	0.9516716896207214	0.8518400166133068	0.932709515232596	1.172371914596465	0.5210072329611133	0.7581591152016617	0.5499790160448234	0.6323654355225223	0.6065933447180712	0.5572757695781575	0.4194054492265515	0.5975092135010721	0.450875946984157	0.6086800050968484	0.48020648264112936
0.542514484743323	0.6390742688267196	0.7092231157399649	0.7747211361753357	0.7283010170394048	0.5195184935766484	0.5568765853533885	0.5208033609268733	0.7196855619165118	0.3131540318102955	0.5189180973772574	0.4202410644240354	0.3396176428467367	0.40020584314206264	0.32285485109800033	0.36973112678067627	0.4977977974668894	0.3887332716353038	0.278912801480116	0.5442902929921553	0.7035296697012451	0.5670330487260572	0.6685543622781968	0.7783178693745917	0.7685996756002397	0.796383391192534	0.798117342423626	0.5849274384440548	0.5820553881335742	0.6399912536854911	0.4664193898063885	0.33229451608679555	0.31294047158597493	0.22907316662964014	0.4655764462347475	0.3631287441667962	0.25185470481847866	0.41685453580971454	0.5505101974822901	0.39884395108814724	0.5868383542915295	0.6536764186477744	0.7402867150983269	0.5463308589070968	0.9955510653851278	0.6886227136153646	0.7672164206566872	0.6945779242007665	0.8942211064426977	0.8573837009460955	0.7462421881656283	0.7257335177767937	0.9957349810727784	0.8873831229139519	1.2242000960242838	0.7940815714416322	0.7930548076681853	0.47959579925160567	0.5179707920081243	0.4876081311713693	0.29945369437641933	0.37855042148920054	0.3820693429106922	0.3360971715071398	0.4675588475659593	0.7554052077053363	0.5354806289607398	0.7439809410397932	0.9510517741066392	0.9811062413872562	0.8566991530903065	0.6686435156084408	1.0981600575193464	0.7982973268918865	1.107197848528038	0.6692926223365709	0.438075652860851	0.6235181212359912	0.5398300769665147	0.4579649025224715	0.7010278496201028	0.8347852489639178	0.515662017994903	0.6846478935376963	0.6495321657852492	0.5765963169080941	0.7268102288229314	1.0510449647960578	0.7861101625270366	0.5736169787753589	0.6593944346930951	0.5982803895211679	0.3920442648572741	0.7126407248552544	0.7074062260390362	0.4374983871516935	0.5652399087810523	0.47035132179612854	0.47064528081988477	0.6128705593196854
0.7680001243024129	0.7590781195263804	0.876132270627706	0.46502400668578875	0.6415268166594714	0.7620634554246256	0.6792070365077698	0.5880831547497409	0.4815276211357558	0.44932732310310475	0.6443504170715343	0.3503212604792776	0.4549529791674239	0.41291914029295107	0.3916929557938825	0.3067315518745489	0.4282883002408112	0.5488236605535153	0.5886781486399191	0.5407377711264942	0.605420969082432	0.5992335279726438	0.6677535200548879	0.8432717691338781	0.7539197475415221	1.196992308069189	0.610757551538379	0.5453499669895248	0.73013646163614	0.32637666771114804	0.4577836558294504	0.26889162725758103	0.5401173209333411	0.21633603775631682	0.1672866168878396	0.2630693416693754	0.3800736490679661	0.4170482218770207	0.6637575089224524	0.3597671075869922	0.5966103118040939	0.4315618966400001	0.7220038258660847	0.6791923432193497	0.6338249022123355	0.5175008554322692	0.747558818313661	0.6682746448496831	0.8097344463739278	0.7271963204072945	0.8644162317674629	0.8359495913175644	1.2067986321644075	0.771464536833847	1.047576662024152	0.7014032343096376	0.5854256375737812	0.5124793695604204	0.4364295994294542	0.6099394176166723	0.42906102552018793	0.4335260538334442	0.4529323386022405	0.37932144578213967	0.29984210517210524	0.48464317131731466	0.422595504614537	0.5495128123872683	0.6303300028530084	0.6474511219570741	0.9468405655252005	1.2210205769256335	1.0366216500236283	1.0240594292300764	0.9092521379877292	0.6545150497215362	0.6388748081502589	0.5049644880450082	0.6595152911642694	0.5541425296739407	0.539715725634184	0.6186719438783264	0.6391970512373978	0.6991358653262992	0.4106492658604948	0.5595606742862785	0.6925869088471772	0.6932544385699552	0.6744502181729345	0.5533564796782394	0.5202350705625661	0.6029997355345406	0.5295252493784767	0.43933285860732063	0.5011186196220779	0.3759189120253887	0.5449832304133605	0.36758647408112755	0.4817793292979771	0.6645388052984026
0.6853950011284842	0.5668714503203346	0.6216144819637393	0.7823261354329812	0.8076133079563415	0.7859308778412843	0.9151770735897204	0.6599494309662488	0.3547927978332728	0.6173169469360407	0.6782695462800729	0.4990199235005739	0.3913409553582706	0.45801184907567755	0.3395780750933794	0.41869789113939127	0.47022033190730134	0.39812796769417375	0.3430580121807799	0.6470415900626421	0.6377729564188058	0.35077635115174144	0.8911797106087208	0.8889867240161654	0.7157063857607657	0.733516360848902	0.7769050702273567	0.6375828613686988	0.4233987212588399	0.4917882256587073	0.32416245156109647	0.24552993277373525	0.22085680135104302	0.20487837668413844	0.45704635777233416	0.25986834711097945	0.3619715100616264	0.4649313504827493	0.42791730396747024	0.5635627046972356	0.30196974632250223	0.6046991189191626	0.7299536743339777	0.5265535408738287	0.786828247401946	0.620472944987244	0.8135641998574104	0.5043077429462015	0.5349894077265	0.9485424257246136	0.7697927748851594	0.7635795939713833	1.317064460828021	1.3197663697194792	0.5663421158234234	0.7104608814121478	0.6206353293886984	0.7394774079340766	0.5902221735347203	0.358921894039065	0.3470715382303374	0.3522897911847832	0.3189009774955677	0.5345027343735922	0.4121918963820035	0.5312885556499926	0.660089688136154	0.6067230512955606	1.0406782397724899	0.9155596495981795	1.4165298688810743	1.3844155591323335	0.8653671222656275	1.0706159140990184	0.7430151196775768	0.585355204186916	0.8426823578819685	0.5076931214359482	0.5297398010721956	0.41265066121262206	0.7628087453496574	0.5432450303893737	0.5626785349812875	0.4533691390655016	0.5183941627466122	0.833600774414898	0.7725062733386568	0.6706063895921468	0.5859843789426007	0.41782381817145503	0.5529258954126843	0.43058893290204064	0.4460603071335384	0.43694289628353816	0.3736040278346629	0.403246112411174	0.5543406896924745	0.5327895236993455	0.548108771522517	0.6404445708281821
0.6044708175991803	0.5501103187539285	0.8452461083825099	0.7158756852994702	0.6782380307767035	0.7042752515919368	0.7830476806346457	0.5660766149467754	0.7428651010289816	0.6498538904619995	0.4438613787342359	0.5774250165174233	0.5471728691784692	0.5289783472440519	0.46094205713573555	0.6641093206755994	0.4387628161062021	0.5404532775640528	0.5705914978857256	0.5777463547553197	0.6502428669886994	0.41411355589888216	0.8940049944665568	0.6480129227432669	0.7214726200340817	0.6654617523793698	0.5634585498207547	0.6115828751387348	0.492151214651983	0.5284230612347327	0.32231835776224527	0.4161561827547562	0.30124659822207245	0.35036077819235656	0.34625686626375574	0.39159268095883815	0.41406770897563755	0.3642009806295871	0.7017999992767137	0.41054631362723004	0.5639773364708054	0.5728441814450811	0.5980887021884874	0.43897752929488487	0.6300879200338261	0.8083597728446642	0.5898886160468793	0.8678713302707508	0.5465890549626814	0.8792691157573559	0.7069189632530696	0.8259872344977661	0.9101221328080494	0.7880403184617218	1.0681518342532714	0.7102465998362419	0.6695944815284063	0.8436676787472617	0.4980493769617304	0.7631852607894808	0.4485397070586738	0.3493938573333785	0.28576779572291183	0.36642782614836866	0.37833609209727465	0.5007136226079643	0.9003426866326366	0.8043046702843758	1.3866228145275874	1.0787875602490176	0.8497231911819217	1.8270375671319925	0.9709250242613044	0.8359018172958206	0.5906576222156105	0.5351663636067924	0.5663321122020696	0.3056512844167953	0.4981383681056541	0.49067582038691226	0.38222153131747993	0.49925059070497796	0.5682838937399106	0.38897167610258254	0.4517242166280567	0.892799713815	0.6592741923779599	0.7581715817875351	0.6276380933425351	0.39761234488100294	0.38363849532757094	0.6669022723473542	0.5379867828739064	0.42583168404990424	0.3857932383264241	0.4134964845365804	0.43414986532176425	0.5490641551905523	0.22670374510787	0.6067922354903493
0.5375857780504755	0.5802474469598614	1.1222238603995012	0.4797800323738044	0.6060940823852005	0.5895451578920814	0.7696637994430293	0.6718374414258665	0.822538667940961	0.4409009131800395	0.4263298490687091	0.4855680814850126	0.533057317653695	0.5550711440446874	0.5168155549410431	0.7427484136076575	0.44576446429335387	0.7077928325759131	0.516909316326441	0.743745684705446	0.714524577362018	0.6838897888207707	1.0913996035515547	0.6867490332907575	0.7036908491454369	0.7038157487289437	0.9261187480632612	0.4983047100900164	0.4001262645687502	0.5125535234557791	0.391892645247639	0.3666508224835479	0.27433873444613993	0.3021339202704857	0.33962718786661783	0.34646535750306817	0.2958318963933111	0.5018219447860022	0.6503320286096247	0.36864982013064895	0.5190332550900543	0.5364527437536508	0.35572504738361266	0.5500649120378546	0.5599425367373532	0.531485988630948	0.5742619941483433	0.4823460030715152	0.5555334825651341	0.6357195763916241	0.9716578852808392	0.8273673463961271	1.3093677458255661	0.9293838607970082	1.0871715580650767	0.9652806950573332	0.6060866385220172	0.6220491057294935	0.4116091806596665	0.4291460654471681	0.5566919155757478	0.2724114503478641	0.4452145572796915	0.3835618146360654	0.45575411076025457	0.4494493934611949	0.7199719314353729	0.9486650035700761	0.6244620624014197	0.7853994953075173	0.7431063454812941	0.9002201119003529	0.9544423228460492	0.9571708069253246	0.5982039193826002	0.6318660880808615	0.395987415044061	0.5319892259702518	0.6138975901562544	0.6154788672395328	0.5187300935583748	0.29400164657342	0.650414181963056	0.6142250571405171	0.8712720233936704	0.7170597622552821	0.6777768184628392	0.5356977303766591	0.5123675109985308	0.4442276346875802	0.3891969109743891	0.32170640874002826	0.40020108948301986	0.44134084862880374	0.586835429317516	0.3724608932093778	0.3649929756489491	0.4228093239661823	0.42383802478225996	0.4227792560878695
0.6121451910617991	0.5910697950150351	0.7243866746200599	0.7660597055052665	0.8577889602978463	0.7265068755658015	0.7773796926192691	0.6699506502418862	0.668057544735109	0.42950404544578963	0.4215913563767052	0.5249165204521404	0.5051884360044039	0.531855248434069	0.46804035529468596	0.5087782532990914	0.4475099241328215	0.5582713128835319	0.9285998543988153	0.5254742552301606	0.6490919297160163	0.7463519128904572	0.8125716601385256	0.898510273353803	0.7267511045776653	0.4411662719998774	0.45102352284200165	0.4039314387715002	0.4012363762475721	0.36975621325329294	0.3707452009758945	0.4516655886472255	0.26124778537493015	0.27924788000177625	0.5702379329222224	0.42309573779437826	0.33972042632771976	0.31624642101484196	0.7003908821391097	0.4450525059476378	0.3971836268871845	0.5186738233100249	0.5018249090730055	0.5499350249340206	0.5562644395208449	0.635444560527485	0.39977960808160495	0.5555476240562562	0.7017005865134741	0.766435563669766	0.8433652621903546	1.5741240179118177	0.9235707330524386	1.0887712635022646	1.2224591581206723	0.8228435939060869	0.909689526088805	0.6188591831434672	0.5448988664577643	0.46542050438293125	0.3392868075307472	0.26221128635497226	0.25705771630110463	0.4891793555342804	0.35846611120106187	0.34980562281268324	0.5467141710692044	0.5385703474471383	0.7059153729970037	0.6146100803622463	0.4426834329129108	0.6641243579616978	0.7797427481539858	0.7744678842502581	0.5086678152832387	0.6203231042383822	0.3824835895839928	0.3811442474344955	0.3461781451820146	0.4736870463207393	0.5927005387404104	0.24950188465951703	0.41453484212996444	0.6431565390473408	0.48690673444514576	0.7423816837281529	0.731889762787931	0.9892641314937252	0.4241199339353775	0.47764579262092494	0.3687543967157717	0.49695089550094235	0.4737391697172414	0.31423183353531114	0.5230553840767231	0.5503080049731555	0.42535474851678706	0.45144657207169986	0.561266949167679	0.4918618578785786
0.8613919107032806	0.6609014132252617	0.6726902055906228	0.5177213324864051	0.8462747127896282	0.7003157443881692	0.7981037445600757	0.6365451515518237	0.5886968850232157	0.7503711939524428	0.44540310567414676	0.5428843191344126	0.45205885644658406	0.39586674302035535	0.7190665022118449	0.42649297108160866	0.80690185896824	0.5454826636762957	0.5071319107953893	0.705474527125704	1.071484704174496	0.8795988930143042	0.4918088733733241	0.8003208424699924	0.615525151811987	0.4602221443292428	0.6066633536443184	0.4490810424614836	0.3506026070392213	0.42296427359361544	0.40100647945895745	0.4613463060694985	0.33813864459535586	0.32321778019728464	0.32726868683671095	0.37934460686290594	0.40658480224651117	0.42738755940278783	0.573449400223086	0.665353635364342	0.479472267255567	0.4241138726332464	0.4653926193759776	0.3813508486415751	0.4581843211533871	0.5134111967295999	0.37938242234213654	0.31911400531650325	0.39271426486500205	0.6518430479297517	0.7814485956465957	0.7845201495213101	0.7503304093977781	0.9173188124632106	0.9494761759096582	0.7650466550518056	0.7303467596046654	0.7387197199308114	0.4765983014825529	0.6065346150215496	0.6032156487382415	0.5392346629705645	0.3784969083746909	0.23627035052887474	0.4403642533944897	0.483230209688475	0.5380286273842139	0.6073344587851384	0.658985414061627	0.5588270675549228	0.6515690864554671	0.6358849833648014	0.3921771037419872	0.5560088249261711	0.5660563636698811	0.6058305477686348	0.4109109290159589	0.5241665426101826	0.44279383854033194	0.36481504253397745	0.31995470783623114	0.5413775076160526	0.4403063302328524	0.5168156938094646	0.6475805922235369	0.5257641419232255	0.5624084753415027	0.7110955069034068	0.4990754873336306	0.4882634316158789	0.5740772731263302	0.5193811335976493	0.3705802421914884	0.553310905748177	0.522768790604271	0.4720458240383757	0.4619654271569739	0.4180126857332817	0.4761121459327768	0.79626136030593
0.46391642967931807	0.687153730700848	0.6694107222628274	0.6021950804831018	1.0227047416625785	0.8059022073653408	0.8411804920900973	0.4626127194182861	0.6468739334350312	0.44509817153418463	0.5155639254660125	0.3678164541309609	0.3529189416422246	0.38040194874023336	0.4296834127676012	0.6024804756995126	0.7372813786496847	0.6693672198868523	0.8053638835896513	0.9918822199743671	0.7054980050175844	0.7577933901930356	0.8627278698308719	0.5389886007804637	0.5484408264076948	0.5996851250762205	0.573179644146755	0.44182405152971066	0.33298511707258366	0.32783946498835437	0.3097402805443983	0.32406764109791214	0.3698916992558705	0.3805056612150232	0.40860875331158064	0.45566449224757255	0.5109202326969897	0.6955637152515673	0.5887576319989045	0.6026989859129637	0.6186266757032493	0.6125685395163226	0.5741669042277071	0.3784719815540469	0.3615719479221024	0.3936043324963333	0.4653072465133767	0.39909913648000866	0.4124519145061009	0.5007949929219154	0.5588974183815467	0.804995816649701	0.5884072279265612	0.8072205090276668	0.8838855344614389	0.7408922559409808	0.8151885895930627	0.5957839507332545	0.7086754927691972	0.600861156161491	0.5575851263522154	0.39329445873333735	0.3518958149744429	0.39537333263732255	0.533224757986941	0.38066223231974466	0.42464343864352616	0.5190829551389725	0.4784465810436187	0.5369943408382418	0.4536287191678801	0.4899411907783789	0.4322810735402719	0.5516944771767253	0.3882918706252226	0.4649243274868481	0.5000535042406405	0.4645785382587431	0.3514507651022635	0.3470718089062801	0.4027196719795208	0.4608839285873067	0.3886845169087995	0.6520611161700154	0.6970265478754992	0.5679382411297783	0.5774113741707403	0.6009687757020846	0.5818365413340053	0.5242825416203928	0.623873115824636	0.5404226650370183	0.4479434621930136	0.5192449676473286	0.5193957532884288	0.3270537072836261	0.3752852018881079	0.6014668476141158	0.38011959983927956	0.6648187449890205
0.5121454774649482	0.5577265364116234	0.48293875830848537	0.4442211875664542	0.821576879357469	0.6221550268909722	0.3646426502438706	0.49030552930081717	0.4369649694923097	0.4667335596115274	0.383598118235572	0.5653262949417942	0.297997027452522	0.5877753572907223	0.4039251826747126	0.47693744688123935	0.716135147759938	0.6693915754645938	0.5636278387810139	0.6902005064463341	0.9703760893349564	1.5835107337547327	0.665107784754884	0.5366304867077728	0.6758168890554651	0.6731871539223755	0.6601719867067185	0.4187222793624588	0.362048041284626	0.2929282399678899	0.3997839051490661	0.3246325517943792	0.43714991638447054	0.29181153260208725	0.4410351985497803	0.4638205477658053	0.557880433151924	0.5272997067492462	0.5600746357804707	0.7571057087502879	0.5435735020537047	0.4465712286644079	0.3668077199421199	0.26408885241845925	0.2839096565484932	0.421518237031996	0.3731419063337117	0.3752172158201039	0.2712189539929347	0.5753298035169894	0.6193692056164352	0.7253361997199327	0.6229636733199867	0.6808923909741712	0.9754366125163942	0.7003430622693472	1.040922974677063	0.8471143292603954	0.7366003931181239	0.530590585550519	0.3599887612327227	0.33363980085709927	0.3998879636289554	0.4011663256721204	0.4678571011896457	0.4324119944588582	0.42667434796575476	0.3661556088481939	0.5353090354427035	0.34862866264560044	0.46132617254049735	0.43813400508250117	0.3427180876708978	0.45052464089586536	0.43578974107314766	0.46551672924470294	0.40126253300724996	0.44646329531983325	0.3692256880854327	0.3574906167858001	0.49525074064098934	0.5027324243118414	0.6207156612271325	0.7234218312574747	0.4169377055539198	0.8043703884289586	0.6987939168659202	0.6837218183145602	0.400061839525075	0.7437266815252416	0.4735852634252497	0.6592448960550638	0.38475389585631664	0.5525920574061798	0.32433276834455815	0.3694376763776677	0.38737690048873663	0.41313592242608543	0.39479320676426743	0.7611415336627827
0.4926511087560657	0.5305209023072803	0.5610169691091071	0.5784543414879816	0.4139162886806361	0.3435998651410279	0.5074114468926029	0.45739869649430664	0.39621042965833303	0.3839863903540159	0.3377899730773078	0.4335783547847519	0.5877975912606874	0.6580038860155591	0.49503862327173	0.40245583737899665	0.5614492520303332	0.6609959244422281	0.6085188831706219	0.7969420120638844	0.7510505173029483	1.0457391800686022	1.2169710470218469	0.931153254964098	0.8444603557698842	0.5686743841846108	0.6208820434250538	0.29894154230657394	0.4646608021331876	0.3345609782525477	0.5023402054931443	0.4146415770769467	0.47814419504567524	0.49975983433000915	0.5703313447145808	0.5089130145977773	0.5236651073727969	0.6158425438149658	0.5014002470502129	0.41007735619843627	0.5423804475268327	0.6149752504556115	0.6174637687518291	0.3859689670371986	0.3090212334899592	0.2798434830508062	0.4246059296784392	0.2436413314300701	0.35343152683959084	0.5087131820537408	0.560998577358367	0.6292082615021629	0.7278503174506518	0.4635643217722872	0.7072408303642499	0.8599898155902025	0.48836463014120934	0.6723463995489188	0.7593941949189138	0.7339892371941548	0.7021341880306502	0.46220508847435043	0.39573676359041876	0.5490534069670966	0.41035691363716265	0.3802205427404195	0.4994395974259106	0.5365426015810898	0.5432835087329239	0.3570326052190774	0.4752985498430497	0.4205565637053058	0.49818841332486413	0.38130620983324753	0.3406971654520722	0.3582541832986235	0.48089169915573743	0.5023415768155054	0.6855596274593415	0.5079496497146337	0.553122193012184	0.6939004467118136	0.4646532091895752	0.5383928138907556	0.5963681499070339	0.6828217367135353	0.7668715587594629	0.4800144299978404	0.6983072356479934	0.5557430886117243	0.6264881553706696	0.4585166146339227	0.6681652469017931	0.6874307861015451	0.4645414690668585	0.3530144479649704	0.42291725451911016	0.3117957766029769	0.4576949546388528	0.3894512042117212
0.626724376172562	0.8210962599846904	0.6063584875205679	0.5265593682822856	0.5162455549373565	0.43281490181171783	0.4129294050221171	0.5378315103151281	0.45024490780319476	0.3442821016091237	0.2766307666748285	0.21138094384143868	0.2885936478485032	0.5938377917229303	0.38000613382590653	0.8629416362208384	0.5135917000834739	0.7137481599749036	0.7627665226222057	0.7654664144534418	0.7224413331042033	1.0460822188018133	1.1204669330467536	0.6877750817761609	0.6978298167062533	0.4842720204093213	0.5797344895150058	0.44643784778216516	0.3357443925970093	0.28437577678028764	0.4274505225150188	0.5580228822708005	0.3429250428582291	0.39307680022234864	0.6019582322617432	0.6577562091856718	0.8155630698270733	0.6306395125058858	0.647098522438465	0.5315401467410044	0.47139174129007816	0.34382771907174414	0.5339721132749763	0.43271942627478355	0.3762070293719657	0.22795178801753663	0.3689217233106243	0.3166595655389511	0.3574383588088165	0.36239119611222936	0.4346698198971135	0.6770309560858092	0.7282040066655507	0.4910593202398023	0.739426439180237	0.7898280855111286	0.5996761307836863	0.9713668253854453	0.6958551729435594	0.832728334309694	0.7442174374697488	0.4686609384841964	0.5464812038379824	0.5426886488727134	0.35162777315173493	0.3485314549622189	0.3856601743074702	0.6572294449711437	0.42711963991945334	0.4950196829247429	0.3115108560655559	0.5154658840571241	0.4734785734500687	0.337017195754759	0.38649772097640406	0.4848799508301559	0.2702346684699929	0.5662158224801473	0.4635891895609127	0.43090458937077636	0.3844615424540518	0.6932018325134478	0.4856676605301193	0.5607773138671396	0.5016673920853334	0.5596518898562046	0.6619938074247256	0.7767063229329015	0.6977189040583933	0.44804235271879034	0.3624934636323355	0.497297311882611	0.4296733949974521	0.4506790175589464	0.46898020730061446	0.4278638161037827	0.5025419903492587	0.34894049320164156	0.805084539844631	0.6291259276603465
0.5761263849557426	0.5084461599904931	0.5481072171532887	0.6244216450768252	0.549901137747811	0.43640819355194016	0.36051722158370636	0.3333886319717241	0.43637331106412386	0.4769789666057112	0.29679760725668003	0.3866317950451461	0.2668013011631639	0.406671677864439	0.47476950434328236	0.5986264288237485	0.5435004342288454	0.5016878816853017	0.8202892339073948	0.8810699573079332	0.8827296062016405	0.7118089773355015	0.6508049739083445	1.0140543989294961	0.6010181643695793	0.417486688833563	0.40789142448206106	0.3680494542813796	0.4376067488151964	0.33632266313463516	0.5275703590376708	0.4036582039082264	0.5325814641195001	0.5250557358989232	0.4284181504691241	0.5354184893455243	0.5565505234026977	0.43159875320834573	0.6210312643077305	0.4905289572741952	0.45189959796941226	0.35871929691876603	0.521054632945585	0.2879189907481848	0.6147763520239299	0.2861548271030526	0.302663261410308	0.28176471780042595	0.46134713692911333	0.2801199289552782	0.3147724089053787	0.35133113004847455	0.44525737980768276	0.4434521557620055	0.4260770930687691	0.540380403337341	0.5679801090537249	0.528970186686061	0.8374633607091672	1.0950698685942974	0.7813562972956681	0.7524490749648004	0.7727056517031629	0.6589987754673787	0.4754491315439937	0.6627061061495418	0.37453428700248004	0.44917668085874934	0.4679478310411986	0.46816943580559334	0.354905516508174	0.2848337935586073	0.37877020455921623	0.47227451175426327	0.3887840884299215	0.3279348631013491	0.42648609031755697	0.44591468147035984	0.6089927402377732	0.5818768248589312	0.5314360992725509	0.6865751359145085	0.6623280482801935	0.8534934560812505	0.62134511076177	0.7660703812346064	0.7257515863935029	0.48451591745097483	0.6060762161992064	0.5928504538926505	0.5873145087023002	0.4532520671666697	0.3827840964099614	0.6306358652126653	0.439017240058709	0.4018677438271549	0.5231299675160103	0.5473211014350133	0.34327933378562464	0.46415061369967336
0.4316431211908227	0.6434421954290526	0.490171466190023	0.36647016782229846	0.45261354284879574	0.412689566758781	0.4257965746379177	0.533681666031193	0.30496392837774017	0.27715883085205095	0.47515161474570416	0.3016293223712476	0.4057111549826852	0.30382850975714076	0.4780441020652551	0.6771121771091805	0.5179418129086518	0.6797818981726104	0.7129621626000862	0.7401943395222291	0.8217405760984051	0.933242346761206	0.7857876256501033	1.1280195720127766	0.7937304522754366	0.720511249936776	0.44307553091454555	0.3380541127442828	0.42893459832402997	0.47772776851780663	0.5225048614086151	0.6467582098280449	0.44219179455594626	0.603483448471801	0.48268491247568657	0.6024690039428454	0.5223097685184055	0.5533358172608451	0.7093069522670126	0.49726652812738126	0.4165314725581761	0.6590766026447535	0.3138493959057329	0.5122635747206276	0.2462863448573482	0.21627547435741107	0.2697450742069601	0.3838682325485765	0.3323625914360192	0.26357913881281736	0.4152591564247422	0.31367625279347183	0.28083456723337374	0.3887889525633175	0.5486240166897509	0.4192682202320074	0.45038126733015965	0.6516146266330896	0.5993319901090679	0.6427928659735185	0.7842047286167553	0.7474328092118241	0.854485708756266	0.6977663784367663	0.6661892468894665	0.5456848990671511	0.5519296037474772	0.40895050325475896	0.3259002553125214	0.42020858575344394	0.5248713386553902	0.49792602342142844	0.4492606036172177	0.5979629257619904	0.4660517953734526	0.46829830625757357	0.44322860231375755	0.4768345439688228	0.6045806816143722	0.6551332770391084	0.4052041422111388	0.6214553560388159	0.4313378178447015	0.5665338079528849	0.6112969482105937	0.542176066728893	0.8438527974691494	0.5984813877363823	0.726522556198573	0.6144885301424459	0.6074161201255028	0.600737314250179	0.6354830262668715	0.6464921268964922	0.8380646936955218	0.7038177099496946	0.6010896666147356	0.4924327870425887	0.4312140185853481	0.2781944125738951
0.4447490206412858	0.3719647072649418	0.5776545745679608	0.6991368083593155	0.6679429046736742	0.6058427782794762	0.47158635992117576	0.44557561805858753	0.33585960494116596	0.23704620309876046	0.3874941434823743	0.2733148462140321	0.4165572074020666	0.45265859504141676	0.4396601871052606	0.40365241581996	0.4514433401938928	0.664015402136596	0.8031167584644339	0.9555694816132217	0.7062746659190225	1.371654648714414	1.1662371468560986	0.7521762935016792	0.6164862391603094	0.5780104417566396	0.5270088336957903	0.4964396183735362	0.41520083827675186	0.4841439643707007	0.49128494905928777	0.47321337110859163	0.3302168605728228	0.4903061025716026	0.6424441513493515	0.6448527003046596	0.6594645569687907	0.291392307392417	0.6044819404286734	0.5864320827670755	0.7123779485265805	0.4469525917979692	0.2501361678328668	0.4720046845038269	0.23855685392964163	0.278429227578977	0.36119663016171055	0.3166726537714981	0.25059622156752676	0.2877725152798663	0.28692606379376145	0.5962350204242934	0.34005781406359764	0.4141228319719439	0.47441046026319195	0.30738961108409263	0.49617997823095633	0.43076898283521575	0.6659634647303189	1.2322022409431197	0.5146088618141131	0.6239441057894609	0.6943565012033445	0.48818058840899753	0.6029618178361495	0.7036183569669072	0.5364026780434836	0.5132795318960668	0.4473842660178451	0.2915882958701169	0.4303789834754693	0.32011275952513263	0.4424719284169197	0.32696901322187355	0.2545417719441896	0.47559578572753786	0.35323992412350236	0.7132171921911629	0.6137377632905886	0.6468171633433505	0.5384406336553419	0.45571506307083337	0.6868282656879925	0.6000516570766775	0.5752554503759247	0.789329736025415	0.7597666277259393	0.7129161582679835	0.7644442370424748	0.8781729538775195	0.4616683087326166	0.7589288981477278	0.7030467867362638	0.5813767874678947	0.4767257919804897	0.7090603161130615	0.6702012884342409	0.6772910660562211	0.5471850065315226	0.708453252373664
0.6361049072994889	0.33278447744623546	0.6537419808290182	0.3669043200941916	0.47586278473891563	0.3585311219078494	0.4009928334513078	0.3993617150515751	0.3954569700437043	0.36983371189641356	0.4177862822243488	0.43779965953554983	0.3698675258096289	0.4755968876511859	0.5205872359476996	0.6088376050110574	0.7164987357450224	0.8738489274241711	0.6748153833498469	1.2496369362751327	0.904164377477041	0.8223465774654957	1.047782927516602	1.0451229316573671	0.6053337940422447	0.49802949748379644	0.5911314516841367	0.4555035555323739	0.5077120281451069	0.5783116397015706	0.3177830743164257	0.36087992601526875	0.3782160810020371	0.7439775040798069	0.43825172322698513	0.38869094247886105	0.6305989299471659	0.4854378627652738	0.5002900593758087	0.5519178510834327	0.4846079168077013	0.3898963842077853	0.4437200077480239	0.29416229786523235	0.29816817642295507	0.26361567459877305	0.25729877301113085	0.19520549733888762	0.28297577349720415	0.29047609170025634	0.2092109644987332	0.27693880248284786	0.24280981571082347	0.2925742476181193	0.42823083984726723	0.44704902407256475	0.4254761794342911	0.447095935448514	0.6310747488932242	0.8491096491276706	0.7399715550195037	0.5637981122031492	0.5646703650537674	0.6913624747632117	1.011093442375401	0.4735543669357739	0.6588791560661476	0.4227315573982219	0.5428023684367819	0.4219618015093401	0.26176311399105284	0.4454950255492965	0.5045696466946097	0.32187990848861514	0.3608482945585788	0.4484826743960424	0.4381982879522879	0.4011210046226955	0.654407933240467	0.5285838730930952	0.6324714307341857	0.4705042268879059	0.45430030984066866	0.8157502217564584	0.7267599459225295	0.6560536811638451	0.4044363877876911	0.6503939167318026	0.6196832367766135	0.7158505296095744	0.5573908175999349	0.5815117135559645	0.5455893808011355	0.4950352548171034	0.5186066828105805	0.49185872229145733	0.4003618324135211	0.7728410586725545	0.7353966918956798	0.46334783948044284
0.804760368805223	0.5832504155867914	0.5811185323184157	0.8559067788419665	0.6154956278373304	0.22841745764884558	0.48219591057105016	0.5787818877993783	0.5278005209824683	0.5017540700274498	0.6033091509874534	0.5609727763453907	0.5409917369332021	0.37017248027248123	0.4360648978773105	0.5557413473630424	0.6374334574728601	0.41391067774908386	0.6676553642967246	0.9836906684024944	1.0138614840378684	0.925557041888024	1.013228829837831	0.4939599343460999	0.4467878856652125	0.4680452473398491	0.4469413846197368	0.5612046403707681	0.3676419171630904	0.5338710532298651	0.7334589021039313	0.5014979419277638	0.5333479758023473	0.6262386083414857	0.3751140658215405	0.8356540370093999	0.40342113847119265	0.5392546706100214	0.5772598270967142	0.4373680359191619	0.43825006143815903	0.33014910000310077	0.3590042540706092	0.19351517542411745	0.31097532487911556	0.38669048726607025	0.36638798109786647	0.3280646209533106	0.37800628746274373	0.3095613717467824	0.2692232882396834	0.3509450954774364	0.32989135500297645	0.40784307560798067	0.4066018535425412	0.330841959829406	0.4750640573495668	0.559157686822654	0.562390060693198	0.8443461484224845	0.6212891765780834	0.7610474566135191	0.8149513692967884	0.6009909901879763	0.480831062091858	0.6153002784227952	0.5199275804763478	0.409689783379113	0.44325052301312357	0.33819498076426713	0.465519714640563	0.34823083413942885	0.4943524100122582	0.2681576548917372	0.24387265131211638	0.33861809119872466	0.5332611837171907	0.3718061439522952	0.4180194881283431	0.4325517666464009	0.4979533373403074	0.6828319818902262	0.674730041697643	0.5373919046781133	0.5976070961560926	0.5281677052728487	0.5776770838788655	0.5307091147362438	0.5557114492444377	0.6977526921868417	0.8209368637853435	0.8193278248244771	0.6601769051867393	0.45737106898166	0.47018421191470666	0.6329696579412204	0.812582207423142	0.42899541020881565	0.40974560164106527	0.5214652502506693
0.6150807187670894	0.7177469789783917	0.8856462981827914	0.7144371565121402	0.8190584255120393	0.6315831897133023	0.5077119355288309	0.44235162594216376	0.520916318544447	0.4743191274050849	0.5318938466829335	0.5598007741791651	0.5323027259248453	0.6088276824766916	0.5148901392106687	0.6643236008506076	0.6444731416986111	0.7728403796616647	0.6968799750150865	1.0263471457185342	0.7650867581632561	1.07970624012746	0.8847416838324049	0.4638929107578258	0.6909467684483945	0.5262454930331703	0.525488040126593	0.426561925772146	0.3887837961571235	0.4627457240281686	0.33123377188576236	0.25300498011361344	0.3401445240379107	0.41336766581827855	0.3125092283683956	0.5558381210577189	0.5975178914315393	0.41376320097398445	0.3007191179137512	0.3560591251891539	0.44134773381044984	0.48642530437510867	0.25090249432366557	0.4983270382931527	0.5303522821985855	0.2918364960974545	0.34191297709300367	0.33333189794113616	0.20753364715354233	0.21909646587696108	0.30112860375364486	0.3089542666212478	0.21011052379024067	0.3415295436515732	0.21447590551709975	0.2825699288704139	0.34908815111441355	0.2252512793601588	0.32710657649859015	0.603873414800581	0.7583286158886869	0.7175103104185423	0.6547801241467998	0.7813036335664032	0.707366439392175	0.5247163802084999	0.4788169259766997	0.3156024204142142	0.5593258739249887	0.5281544557689158	0.45991454611589533	0.5653288698334101	0.2814595525324216	0.3501026752280838	0.42249257341294727	0.3236854392447614	0.5513215284342806	0.4127714402216578	0.6015765156168178	0.4704652693899101	0.3762941072197109	0.7670718326535976	0.5290309681461728	0.5050832069958405	0.554182514928923	0.4457999191341477	0.5558228044792369	0.5918930092007573	0.5920525255416634	0.5651905848927458	0.29879434191026505	0.4416494732209741	0.5666724022441456	0.5477563592253685	0.7116515780356758	0.6298698137685393	0.5982584604197306	0.4770138167256081	0.6774572849144715	0.7370995807613974
0.706809993409458	0.599453238000863	0.7317224734773676	0.6219271821737462	0.46369015434204297	0.5327151822613858	0.47663064357318513	0.42323128767060386	0.47263153860019536	0.7785718801872824	0.42489654345809436	0.5845091325936518	0.6150422259053786	0.6242870045493127	0.49506382723845144	0.6655930482993564	0.621748969851982	0.7212409050578046	0.6125740425039083	0.8454265138880005	0.9877744751711229	1.1731812215046258	0.893062898878751	0.7575328828240289	0.688064373012912	0.4429982804013137	0.5832763085222774	0.4778415555323465	0.43024325737674757	0.43534554317080293	0.3411109824813305	0.3341844313151574	0.3207785014173585	0.4201262771383109	0.49777194542746006	0.4416693367599835	0.4665199848303732	0.2846461295773334	0.4455275660003277	0.5055598101733498	0.44144332161064914	0.5326629450768534	0.32828066515859033	0.42878467118334257	0.5051205815290579	0.2776457523977067	0.45078282102841216	0.3211704278862006	0.2544936107842651	0.33854362533106036	0.2889952446045146	0.20431530842669995	0.20305101200723819	0.30259607032064784	0.32844968863145196	0.32262888847422794	0.2530494374206399	0.22760243396656912	0.41182046303878095	0.5729930651390669	0.3011262037598516	0.7328629390750019	0.7654351604351546	0.7343864147484023	0.5468639297590244	0.4684017979948357	0.494000169978308	0.8064838935216602	0.46022157333985936	0.4149907130284209	0.47290639677905444	0.3543882887581323	0.43828009986533106	0.29463786183573726	0.34867845170604345	0.36215215124378114	0.3112263898578619	0.3220058795373175	0.3428993370580552	0.52743384953998	0.37710274130242016	0.6502673131243428	0.7378638430945831	0.48562876482050243	0.6698683023316566	0.5059635070857147	0.5711968811367525	0.3318401662909783	0.535562194223167	0.4350103103978835	0.47985176451689526	0.424338158930462	0.46057026250265315	0.38346607228740504	0.5576866100194466	0.4061382050672778	0.5386254684407862	0.6213633936181524	0.49109939156268717	0.44131046193808576
0.7413795144190329	0.37989736241656524	0.655641114921105	0.7781439499039693	0.3682380725036122	0.587587668198259	0.47161523532196337	0.6731401973285935	0.4385657141949946	0.49315124367985647	0.5038171603906912	0.41071638841061325	0.6964549287612192	0.6735850377207842	0.6153041131812477	0.5397692532310503	0.5867337844760002	0.4861194739934302	1.1223643974610893	0.796273073624577	0.8254237592921397	0.7858683244164117	0.9401076486636015	0.6894313863139974	0.5455694759886492	0.56549878277748	0.5488287717411717	0.48817119950061194	0.3618641939453671	0.4098448357442097	0.33263938331392384	0.44068691001880395	0.3737453998390686	0.5247844833245718	0.5827641806458672	0.46767751821006354	0.37051899600036825	0.43985320283309126	0.47061793534209645	0.27878365785347253	0.423159673784786	0.5903024712556351	0.42396159185146837	0.5063467771903554	0.35518947141815344	0.47289303025615465	0.4777458783642828	0.27773091262579097	0.29386255851307885	0.3327101082557841	0.2903910650498969	0.26775608128297457	0.2885656086078466	0.2373731059101142	0.3232236070540374	0.2759457249932986	0.33625378068056594	0.334236223747668	0.3325459463894566	0.5327619082826446	0.5074543297097205	0.8347000576044835	0.7566328579880742	0.5916987621812192	0.6496427482062157	0.6804468246678402	0.747146478337411	0.5760391957853778	0.5260381379416029	0.8439468798479232	0.5281840733910197	0.3590017905991004	0.5644747130739298	0.3652935440417271	0.30758814755041797	0.3423649080904624	0.4283399560317791	0.34687532281771405	0.3596967040875211	0.3317791572069611	0.35423579186126064	0.6799183094195609	0.6489576547539481	0.5910821195970175	0.4939514218125541	0.465425606046581	0.4778190177618082	0.42391404397720095	0.5508261510308863	0.46265149851806225	0.42645953361337186	0.485202740817116	0.42744498958686844	0.36832196904928005	0.5710773818461199	0.49646071981600276	0.6809765852028472	0.4776048887440067	0.5183286570327325	0.7758647313432867
0.7254020187295559	0.6533401423255163	0.5398383784267529	0.7151992866114837	0.6242178268418815	0.5322727299470309	0.6740882867148518	0.5924820368550198	0.7338779164234656	0.46494053200048113	0.43674565019078154	0.6443672355033806	0.5540141040149549	0.4726066023640892	0.3885327434611585	0.7548888383408519	0.9957625129448725	0.677053019641082	0.8419593935994951	1.0905058412064337	1.0857114418033587	0.9192909160942521	0.7223776035895766	0.627713468652129	0.4788712179687278	0.4404096654887922	0.46173505910010315	0.5962927942086551	0.35025584203489585	0.343086573644615	0.3132045551323748	0.2574320477634132	0.27830120798862	0.4801477828952649	0.5176449279243309	0.5498263517418637	0.32921782931624743	0.3490935725791366	0.45231978400289846	0.4513231613538179	0.30711559205983063	0.3277777130160636	0.3268206305452615	0.47625384475223703	0.3111557213840753	0.3481672581854451	0.25453324717639975	0.3616925715571641	0.3437959653752805	0.2370850809390252	0.26582557581720834	0.16880982332416666	0.13959969517749757	0.2717661362854674	0.2772156386674253	0.23897249307677837	0.26663053844009904	0.32060899897588685	0.3951524756951042	0.3301442452723359	0.3860444371891927	0.6875166526272212	0.7376681693055015	0.8427736729568346	0.6662202360764717	0.8779861917176026	0.6917546952007504	0.6408127783445489	0.7175745851975699	0.9094478462901825	0.6517483301735091	0.418105660706583	0.5573996750195186	0.3599135772601426	0.3974195928048465	0.2559501925968959	0.34358496702920727	0.6157780108236703	0.40153514676438784	0.33158129326726427	0.3807499117056507	0.545132392832255	0.46917998998610844	0.4449025295608913	0.641241915981737	0.5201788178908227	0.7524908368766028	0.6420700635915599	0.5006247369225392	0.3982490355171777	0.3278288221082333	0.4030134015638135	0.36395114720379246	0.40018768919345643	0.42313866513897225	0.35875937330723445	0.38546749085521126	0.5639850729290069	0.5727294299381401	0.7385822949048574
0.4608610569573116	0.8015513538178611	0.42303826516641224	0.6158790498390518	0.5416413755176976	0.7008662118201056	0.6460179588487585	0.5306430191946949	0.6551009001026921	0.5227775061483072	0.5618370713970177	0.6097231078470657	0.5726731956090727	0.6109058700754558	0.584989208317378	0.7349506213700184	1.0109179244207742	0.523001076628985	0.6340170885634414	0.8032174844033335	0.7984777554805984	0.9729324352233888	0.5371964024876821	0.6145695885929806	0.8597442507876681	0.4445903687427587	0.41999681747470086	0.5197165133896721	0.33588757218572746	0.46687878058766424	0.296738313394546	0.41382699937726874	0.43282466005275966	0.3397986183085631	0.37266035793264823	0.39236106583222513	0.2838627656009471	0.38352434346434805	0.33729637633323917	0.18345598180764677	0.22358427178592125	0.5058927869721767	0.3478696139072249	0.36399636887819553	0.3231068295783047	0.44478344494728456	0.25046645176980536	0.3798681495754243	0.24281385513709877	0.26860305731742995	0.396421534029515	0.31962922797824483	0.32211295176009974	0.2061909970329943	0.29508105514733224	0.31851965101993895	0.2913797598955623	0.31849511108138834	0.3777460376791048	0.3914199501334592	0.3602534115220335	0.3201340758750977	0.8485519041934825	0.693619927069096	1.0322781120981885	0.8491893051920507	0.57371845184208	0.7613852132567268	0.6580712450966748	0.530270865631805	0.5953152377345606	0.39210224124922227	0.4011474239977332	0.27476949033915454	0.30220275251191564	0.3947807651156138	0.33023424894914116	0.3744480998763626	0.3050350453085048	0.41898516301365674	0.5816291584295921	0.46555981412166325	0.5099169189490484	0.4981561210987893	0.43357817042572233	0.29106004851129375	0.590147688141606	0.4559378222108435	0.38031957826199414	0.34188421988182977	0.4433813267173773	0.38183760573725933	0.4240586808707691	0.29941654074458	0.3899430051559029	0.4943236691779207	0.5353828179733722	0.5009819078735582	0.3364535194491395	0.5952226793017985
0.5443551262759926	0.5851602739960883	0.623135047558493	0.5299145011620912	0.48847746434128336	0.3979230268980613	0.5405930917235254	0.3844997425030751	0.6335773652602824	0.4825580054572521	0.46276684266980295	0.5181484578396204	0.6208245566131715	0.5000794563031971	0.5325915939149939	0.48300873266054956	0.5545062569946554	0.6706196283415393	0.516842695373599	0.5160828587734689	0.7605326856900004	0.6785649370205628	0.7376506063646743	0.6394525411765687	0.4767208888424821	0.8431102809947537	0.46004551962064666	0.42233260656261085	0.3236020725162657	0.2904442212642113	0.24979143031138598	0.36555078330376745	0.5465217025846205	0.3371232237177232	0.5356420534441821	0.5826179728967155	0.6038144849923301	0.4018661039270122	0.2844665914798445	0.4009768920342188	0.47819032271536893	0.33850751916030747	0.40261201721109524	0.49951272311781203	0.2726434709450692	0.2819936381209345	0.39753195702057625	0.34357506830837503	0.26926763103305235	0.23328126150064477	0.2785310023555124	0.3038557390294921	0.21109128134919064	0.19633491932004182	0.16858691334105205	0.1444050592191221	0.24185810124502008	0.28452317911978836	0.3995666246529817	0.27296701138969176	0.5368100277951318	0.48892942505107767	0.5186946192831383	0.6816891721662843	0.9643086375676354	0.9558246579255765	0.8921110410559778	0.6465001256739602	0.9861675860518346	0.5644059059525823	0.5238903477846077	0.5097827429422045	0.530756271943877	0.5257277288829645	0.5710144004276636	0.5984469540840404	0.3956644858347149	0.4493193859812023	0.5831814855063944	0.3251935768545777	0.37372583326421793	0.45796792764954825	0.3922337074573171	0.5155737165423635	0.6459579813702879	0.5776890530000909	0.5041596435371203	0.42969816949321277	0.5443336717043545	0.593893375334083	0.48451065153545037	0.3414386103090977	0.32619160401861225	0.5241189756799735	0.4037815546727364	0.5137262981747015	0.710675627896629	0.4350390276478398	0.8738739983851141	0.46961705201267445
0.49916504957768487	0.414269857312874	0.4391141304296847	0.6359825228746416	0.5319035359228972	0.6448659886891918	0.42309336289215693	0.36404483495669265	0.5571908053924292	0.9624798377385151	0.5030105249570743	0.5758831564011515	0.3291068241057328	0.4478375111843583	0.7035174829172746	0.39394967528254704	0.8228348225597127	0.6458192217799185	0.6602185069651744	0.5217157212509231	0.7238896776700916	0.41464090042455204	0.6444328126304765	0.8374885052961669	0.451898507556389	0.41402329080045636	0.5437762174583568	0.2939758432708309	0.36163020999094647	0.3942712872073534	0.34462627251601874	0.43927254653110615	0.3162422008017834	0.42305398507743974	0.37155519930089015	0.2787656342168707	0.3728800798607119	0.4476604869850382	0.2342028967529158	0.5009992879344677	0.49210046292753135	0.2899814583351381	0.4487765327997871	0.6020479784001579	0.29408485287534125	0.25911758526464174	0.31530333151932133	0.25390863169503247	0.3987267415279763	0.3911384631024109	0.1973053275155654	0.20977445598570632	0.14535766643607864	0.21066727265938517	0.1754179473179717	0.23706393641754908	0.29867289268414293	0.24851806892899414	0.33072425756252066	0.3385524519834669	0.3519835794457438	0.35527214236037163	0.7524271965194922	0.6603998360667422	0.7306212513747049	0.6147013835332773	0.5914381340183651	0.5786849796183002	0.8467471297716556	0.5633887315957152	0.4781582547811559	0.5479842545277932	0.438291508776743	0.5424065491590053	0.46667598043079256	0.40709297230012687	0.41098882099449036	0.4032838586308434	0.3469311664948727	0.4398028300858736	0.565153204140754	0.5375885961282537	0.5734712802782448	0.5136182956204259	0.4298667159895755	0.6141378554656473	0.48746236563874396	0.4002063948422526	0.48078240944934475	0.4973814742313083	0.47614945008382353	0.44845148097389886	0.7434523175346949	0.4042957789689291	0.5264602228547968	0.6151541896683708	0.4990140155362076	0.49619962039728915	0.5048089808504685	0.33119373915547606
0.40197939524932697	0.552307492339967	0.4327961479978692	0.39669584388136436	0.35824772182713316	0.3893691578883788	0.45395495138972414	0.4210902377973961	0.3753976962539026	0.8473236159200322	0.43792628101336323	0.35176681611162136	0.5271574274389541	0.5685571483554427	0.5680027239654459	0.8515779137731777	0.6309034046532681	0.7899624929974508	0.5857096764578764	0.5231487852196987	0.5715640095134249	0.5660098109494421	0.6302147768624599	0.5417728561294158	0.4359800015769087	0.39083204082816264	0.41233685570696454	0.3853179869649541	0.45149745316701556	0.37646364280295846	0.5180104323282128	0.44228051774698196	0.4418390043877402	0.38002574757905466	0.4275723716780584	0.3549760120729208	0.43130976303613044	0.47635376854716965	0.43195092886330194	0.24646513552941585	0.45502973676925895	0.45497714631385594	0.4898009217501659	0.29185765519700924	0.3561479518097525	0.3607389925671434	0.23658652888568507	0.20278622135346308	0.16589343714013122	0.27870118430600843	0.16120619629535493	0.06497618074018792	0.12023565718065275	0.1370289084833991	0.10593024957539375	0.20268709894941458	0.16788915591500642	0.2599949797966895	0.2973918156688905	0.3565153538316446	0.29366115381783947	0.5245504574154071	0.5009478563517998	0.5648966933788966	0.4636134637905841	0.5420560708471512	0.5056463101626086	0.7342008406217758	0.642494603209216	0.8761042772182346	0.8910255582059688	0.4088105137796423	0.3872036947375182	0.5958671923273728	0.44908216929396566	0.41322575718613586	0.472416536679344	0.5735837957602932	0.44074767536318143	0.4573481765287553	0.5225913163625954	0.6854197012554625	0.5014421211238257	0.4709696487219506	0.642337674135945	0.6362585508501828	0.4096419357107009	0.3546380898629222	0.47642093123322793	0.6309919992751435	0.6600122264005357	0.3860101902198546	0.5299774659822564	0.6063361439265276	0.5105111449076739	0.5598293100305919	0.42038172751182334	0.45424685731321524	0.48268693563378573	0.5753411007459801
0.4074612182131463	0.3957829264635358	0.5512069642229752	0.5495537342931927	0.4771986551593976	0.3211318626063431	0.3190583158312336	0.34026619914353184	0.282751645492332	0.5730766262375966	0.4070750255048041	0.47095848451930356	0.5547581189757352	0.5247026223788102	0.5068978435757883	0.4445385014705014	0.5084708382590221	0.4258693218604019	0.4489660134236111	0.5600370070551158	0.4674308117102173	0.39614335684988305	0.4345936584928511	0.5749090110116071	0.4149451107118994	0.459261416914615	0.4303278203423354	0.4669876189307614	0.3190987944955795	0.5697925022556315	0.4467726605535139	0.3111081043855115	0.43095158156802243	0.33026847332559156	0.3002890543401403	0.4481593031957764	0.34825747377486155	0.3696325210301087	0.35283709118555523	0.384432274649639	0.315105998484586	0.39371774400309834	0.4175526389079851	0.2562933167577668	0.114740927045361	0.33328354913395225	0.21738851942160176	0.18196159920266142	0.0812409901801799	0.10070051293980163	0.168099770065885	0.22032614794822897	0.15974930587259664	0.12807248710623986	0.09995385478260613	0.13847197685263699	0.13349277809281498	0.147044987136919	0.30236876838477594	0.18523677430195054	0.3012883146663594	0.7116974412353559	0.677861073135068	0.8627943156518298	0.5733194174112576	0.5670000590956695	0.5719905501082925	0.4680403632104844	0.722172348252294	0.5403671549767998	0.4747810400284301	0.4158044006515136	0.4582399044806455	0.4395939880692806	0.3709529706521625	0.529692633756976	0.47268616152410087	0.6639457481152286	0.369376183925547	0.45667712745319616	0.4804989856102118	0.6593298618785284	1.0066934074376561	0.686016563400841	0.7407918334316606	0.5396820336871403	0.3470493676798795	0.5846596894199922	0.5227133833157928	0.5259260651237223	0.5227316401266832	0.7146920644009096	0.5838864981305598	0.45395200081396636	0.6518707772776038	0.4742587237538553	0.5291632176952348	0.43362974917587493	0.4495078560948895	0.4007032155994163
0.5723582607906609	0.4641703150166738	0.4078701538149945	0.6670858300053945	0.5418316047326657	0.3110176573636972	0.31165412476261223	0.6319812563460276	0.2997161858601599	0.41844864139020765	0.6819152977775839	0.5308607476220765	0.7769679306375314	0.7305641590176105	0.5719716844270658	0.5990108259533637	0.6861355057466806	0.4333953312697875	0.6649023953800236	0.679648013924697	0.5913052345732204	0.5777652718655679	0.539058504946103	0.3486230981651743	0.5460300229480801	0.5281334738171171	0.3543156174880049	0.3337692253458283	0.2283225384829986	0.4083326802640576	0.30786548251735324	0.3671226980119005	0.38579703666359294	0.6434488901532903	0.4958908811846613	0.35118840471382373	0.3255293635865405	0.4152226411302427	0.347098362451096	0.3703801990155029	0.29900863282976475	0.38248299297617877	0.5651754099871406	0.2786655826572461	0.1313564851647014	0.16180013114314223	0.1427750525769411	0.09763879058273835	0.07126226513030966	0.12715884460667842	0.14829347017812267	0.06349784752866526	0.06934625942864679	0.09823932169787651	0.13543806523858834	0.17848759768035832	0.17046569707905154	0.23766220201147456	0.2661829563314356	0.3173682025302648	0.3977412897744925	0.36496982346792195	0.7006053846356382	0.45231180221115347	0.4696710772936793	0.4684856214622168	0.510083412766544	0.5300367449971651	0.5357366895450851	0.6845163922780138	0.5253936137361019	0.46909468323321046	0.36118405904409767	0.5686995377263161	0.2939287822263538	0.4019695331161175	0.5249652792714622	0.46612268386739747	0.5362265917397369	0.4823030165399008	0.6609490564519747	1.286522514515961	0.848699405000809	0.5894414564334792	0.838111389107743	0.7890058701039764	0.6071077231334583	0.6905763474378324	0.6912508623398004	0.6532415563784665	0.6859304425178561	0.5256202975436419	0.5082004240512582	0.410980899857141	0.40169459925546686	0.5150826550888759	0.4430742551848307	0.49924045687608337	0.3859196658981276	0.39376472220071024
0.4268225090834895	0.3771104518951672	0.25517961946325196	0.32760719307615194	0.6055346828755787	0.46801364484790825	0.5746935205217785	0.28337746239723005	0.4962583796286204	0.4128890045008895	0.4271864381320718	0.5287068520838164	0.4420229361444427	0.5477978557774014	0.7943336329173973	0.6512148030540674	0.6627376205790843	0.6285726534059801	0.6233038427909692	0.4734769560245703	0.34678767886393513	0.6550631374131667	0.5519644632146687	0.5223879370465564	0.5395914959530674	0.4554757826483537	0.7700989880361053	0.28579061956197804	0.28573149022046035	0.3705541494930123	0.675681842569645	0.6244164149827953	0.3783318248745616	0.45632342805804266	0.32299506306296544	0.35271465824118753	0.4054500033746351	0.23375874842262176	0.42510737560228123	0.2909472016088385	0.26308447268008484	0.19386718472967043	0.2113598379619353	0.15824346224733418	0.0918799590143132	0.09026868630653388	0.08591176410696588	0.08777731259162562	0.06295171450250045	0.15263265184777738	0.030647295785582698	0.02910401156364909	0.08638936599601965	0.049958016418022375	0.1844008123159448	0.11024883659534762	0.13653086769772932	0.15315932419376058	0.23658665458297773	0.33278393326507516	0.3327636478888828	0.43254238806719975	0.38703289167762644	0.5040509559356461	0.7879373673063382	0.38275709201793645	0.5918300686110923	0.6215724071508237	0.4845175689184897	0.6864793928547762	0.4578055829685645	0.49670414913952343	0.3967338542952925	0.3151825699945298	0.45325843338808913	0.4542748842638104	0.4277156317935764	0.42398228221142237	0.782712295055502	0.6408672968596162	0.8112273526824348	0.6633211278048403	0.8621844662585839	1.0142196923880464	1.0731147621361177	0.7507964006446751	0.643411588123184	0.6997455988806297	0.53602860512606	0.4935773211819677	0.6091628526977543	0.2874625837543232	0.6849266501967112	0.47426052358199944	0.6718187214916501	0.6298802686699074	0.5926565685071474	0.3825002385504478	0.6096514275282153	0.4735213547832028
0.4050724334352462	0.43146951555332264	0.4569223964235104	0.3759286346026611	0.42890900910149754	0.29237038143688115	0.370681615915872	0.370945589390208	0.413807910549333	0.36459666985126793	0.3082237996791334	0.2936741990832911	0.4906408929777781	0.45361894140530884	0.46937124244256107	0.7996461125830981	0.5791147963776122	0.6741588944184917	0.5670264441106797	0.34279637989789996	0.5085133737097443	0.4148470503754736	0.564329099421986	0.4525537385674351	0.31995549861307043	0.3471083029434397	0.3984354791009541	0.5252467683068132	0.3577681293921287	0.3529671876245713	0.21986784872183215	0.28448531569727886	0.32351844332749174	0.5389314340629417	0.4957062857712125	0.3960068021817807	0.5469229155024143	0.38372953099812274	0.6288722418574795	0.1891733001722463	0.2979108874182417	0.2873938381624489	0.18978627335995243	0.2842107801479589	0.07759593411011684	0.05450542029377303	0.06775609010839588	0.027438958580571972	0.0338351339883378	0.021833349200975013	0.029384498816994883	0.027833078900619097	0.042746312285838216	0.11112728718768088	0.11881065094570711	0.11610227630929205	0.1916707360196483	0.15908539630619975	0.11956696086224143	0.2816865559117773	0.40031599077423036	0.4051848954023428	0.28478631898671	0.32845560031290394	0.34964692243238826	0.3940028862372486	0.4162897884768557	0.598952836901578	0.6466142997232809	0.614664037312698	0.40000892323817694	0.6489082993159124	0.5424351942172264	0.3669190089106269	0.349080039707172	0.5321451194774565	0.3285234500795878	0.6138713957036895	0.7363111117856167	0.6998581628408086	0.5482237257794503	0.5026761636892406	1.2880670616395835	0.7717739936447146	1.1819119147793673	0.7673097466528318	0.5894249762780948	0.8521468295815093	0.45621677577369374	0.4427561358365105	0.5211467312381478	0.6050548767136169	0.3506766315993094	0.4319884037464688	0.6261303324397216	0.4290797306781884	0.6022958624930927	0.5147086613991694	0.3468404191942992	0.6730604984499533
0.5178987711538066	0.5620358631534325	0.4886027195394807	0.5256019539027851	0.4751120692836016	0.4238656004425034	0.5627443292784529	0.31131672020814877	0.3487120911619798	0.5111601323972422	0.42849664876499466	0.6356335689692262	0.37651622132251766	0.5502501777052798	0.46227598242723483	0.4341948630043916	0.4096164459743553	0.5220919531344963	0.5178751034662691	0.4938199284910535	0.5149150112710387	0.36737944771278197	0.6305080440292711	0.4273707157187404	0.3185309579441648	0.3622188869331239	0.4006846151355707	0.2740126755953198	0.35335473811617135	0.2304536025200605	0.3732436934301646	0.24482606045339972	0.44096852477483844	0.3961153429018838	0.3124138516357114	0.22808736570878752	0.5121846673154464	0.2145434728491592	0.4920712547467895	0.2682254978767799	0.20690661305768984	0.24901267563181045	0.2854185622807933	0.08781666145713808	0.09505609969219875	0.11774748445183619	0.09552869432845029	0.05144550710917031	0.03437752681518152	0.02392344144673035	0.0026142691815692312	0.022559217236560337	0.07086390718066116	0.05088413477287309	0.05466550912000952	0.04460307092550467	0.15222414142714433	0.18991042147426468	0.17015550830467724	0.19986258321732578	0.24931787727841384	0.2860850209565909	0.394625864847958	0.3095839375179782	0.5774569909182726	0.3380479157343859	0.4860726677775364	0.37864616337936047	0.5526299036678768	0.5636369281858146	0.470003785029184	0.316097564164477	0.6293335761445883	0.3772720104615661	0.38077204658931463	0.2793175044372625	0.4399907120786331	0.6179384603771831	0.4116217616183384	0.6277157968261349	0.6880324242698749	0.707533910663355	0.9304697177661664	0.7874069342787329	0.8299586454360338	0.8511159479274159	0.5690353013823081	0.8628143829701721	0.6571281126429019	0.5880584297439722	0.4108671771088708	0.5089710672935724	0.45829319126640655	0.5954280703958978	0.532172830865319	0.29878981992475784	0.6072126903622804	0.32009251504119995	0.41408900110451907	0.33395589637941875
0.5886056567592616	0.4277531857671295	0.49471055117410956	0.37779404119354637	0.3878364850000793	0.39328883671296844	0.30681300264619227	0.45129521586640886	0.36174314992957207	0.3846760938640535	0.2400734145238596	0.4397919664501395	0.34883079699019603	0.755186934663776	0.5248749067728982	0.6311573029173646	0.741669287467138	0.4907833200381638	0.38507041502845407	0.5466349375909805	0.5887380108957323	0.40106441408469257	0.5472725374764309	0.4008619752422789	0.5179084085373877	0.2871854550161283	0.36447147458432183	0.3964096160089877	0.3061075744460158	0.22281400607443272	0.3502618055167163	0.3719186722763543	0.2865729678975843	0.4046640340372829	0.47585191899370943	0.4548512919584234	0.35634321189370977	0.34894669271395423	0.2452703189065969	0.32920132204230784	0.2516352029062867	0.21805146899804295	0.09817095303654114	0.1600329109688191	0.07260527403141645	0.10704900714981362	0.01886963911930452	0.007833702935281388	0.005721336012475352	0.0026095793291636368	0.00030677447895652185	0.01141426654519451	0.0149602862795079	0.028221355728862998	0.050886981326714986	0.20661864568348492	0.078058681148312	0.10790174058852552	0.13329442466923686	0.19900352573456978	0.486681574393838	0.17732442712975016	0.29848570513181233	0.3271522088094191	0.2873525883233914	0.31634441157128673	0.30527058781853234	0.39201193551386543	0.5653209788257392	0.5079938186688927	0.46773568089065987	0.42060461629048695	0.4351365384797896	0.5123723171140213	0.5067051980878735	0.8760866381844665	0.4931677012841407	0.40658130879727067	0.8983970286897576	0.7401350553842071	1.0085994788971078	0.9159035322864315	0.8641548628063186	0.62532035930483	0.6623018122292388	0.8789075946429934	0.827516442919557	0.6104420055480793	0.6962462077263761	0.8019929717708152	0.6906549953003169	0.500638655408505	0.40025482712240873	0.5381325260403016	0.4202613961745687	0.5258987858014722	0.4498322402326628	0.40172456177019294	0.5162727651181103	0.37450682610731645
0.45816757150318504	0.40703680076249427	0.44582791708659836	0.5476645944504	0.6435077502395792	0.3055127505130874	0.6343874409933171	0.36540136615841634	0.3978964728176195	0.31429862550074883	0.47714300116412145	0.5356380381905362	0.5709262312872639	0.7819141146290814	0.5384537707589151	0.5102927615046231	0.47747784203166516	0.6557700869148183	0.7056051201949587	0.5889971271663498	0.44593812463847116	0.5930075735155704	0.3316926255500163	0.3729117700607513	0.29877109327795426	0.3304082516650257	0.262627401410976	0.377069384799272	0.22406825111543793	0.2937442906242131	0.2771604685757325	0.42938974819898945	0.315092099458226	0.2973744523559004	0.5026154354386096	0.44989739095932474	0.3668426452573489	0.3176863570169289	0.22611197443683992	0.24353414095140297	0.25730643346261406	0.16934609803294876	0.3271502384534369	0.16901066845793386	0.11537387169458119	0.050145997189042904	0.0346568157359679	0.007858169074604108	0.008884654712779369	0.00023014213368301032	0.002264760013568076	0.001556162464305556	0.01165060796361014	0.006912076987707318	0.07847593802533594	0.08389291911972344	0.20103195718119252	0.12317070830135156	0.2305609812953592	0.2537575013114441	0.2552138862580877	0.14667493937950823	0.31055792353658623	0.2963155158056834	0.39989808672321703	0.2542328138948585	0.2705366697698107	0.43463870121377035	0.29128282285028784	0.38199856628431283	0.3988397739214745	0.2908997988088791	0.37368067365950086	0.39028027179252966	0.37708123537405286	0.5791917563326867	0.4570437264923427	0.47812218271316204	0.46083799445009965	0.7386376835661586	0.7208579369135608	0.8360908447117156	0.6984099910783194	0.8061894861013577	0.9854376849704766	0.7882464617470576	0.9924103574613441	0.6452115163921467	0.508296722444811	0.7200708009879159	0.4254922622107083	0.34303897764720914	0.41304020437886063	0.4015780354972037	0.39828465035590854	0.5131863765611289	0.32878753330921934	0.6586099661738705	0.581416596433968	0.5519213782764685
0.7775276441842575	0.6297478569888655	0.4180615817314495	0.5378986715322283	0.46083799544084675	0.3335158584546391	0.54034714359276	0.345733338227102	0.5236544172321682	0.42493888366272575	0.39568528893560134	0.4438302904573042	0.4488904190414606	0.572491001692133	0.4294725265398254	0.3738376251561154	0.5389332991452064	0.884923792644178	0.47373014785182643	0.6240823896707509	0.7795033889862132	0.6865812358098914	0.5298907346665889	0.5643794601850767	0.5951957941249936	0.3824721012778115	0.46611659838985603	0.41636507730718725	0.3335997649527113	0.3904465852618769	0.2445380284422926	0.5327054196899205	0.4497702506996575	0.46114369712716596	0.4449599960110962	0.3586909147888518	0.46284859022326746	0.30998896601027454	0.2806678399314017	0.373962253990476	0.26929604093859405	0.20910126925477424	0.15632440717631943	0.12918542593664695	0.157410036723612	0.06542094628458155	0.08596138049963417	0.0376308305062232	0.008380341527845775	0.0038532312200000012	0.003054200033336352	0.024873089826907096	0.020378793161292878	0.043266611577025035	0.12116361714635208	0.05996298754029934	0.157376862173782	0.14393930559557272	0.2974990256210893	0.3915373121074409	0.23272736100207084	0.25346965254387516	0.18894542979999215	0.28242369662534084	0.36089819845190985	0.3515607808941473	0.27566580727598955	0.5703940790134503	0.3069944044743944	0.41353570584353294	0.5490102756706169	0.35674019457900613	0.39292468076454107	0.2706989953879882	0.543475786056372	0.48676092550783756	0.6832180219021918	0.6730784569485248	0.5013857968342268	0.7517039846770716	0.7472083927415236	0.767936555137698	0.7475998510996623	0.724263649469429	0.7489551944487152	0.5598634208820278	0.6825169670261273	0.7393712384812167	0.3539765173736305	0.6224747479719946	0.461280810036651	0.472420999075703	0.33651910348452935	0.49418638495788936	0.43333385102874344	0.49926875267011517	0.5980131988992011	0.9088376299588959	0.4137621266906143	0.5751640571112099
0.5475835067518904	0.6175623784413666	0.36487420649461005	0.6026470514312199	0.5129816399947449	0.6153444758903754	0.47864568890217946	0.38082289418657556	0.4539462627121805	0.4363766946223583	0.4777209844591529	0.5188467239164716	0.5235755978169361	0.3314210927250332	0.7727004901181451	0.6132502439019317	0.5314073815071128	0.5855606878501737	0.6754211089672489	0.6468664124381172	0.5966965455027945	0.6804157317720896	0.32627069486525906	0.3410078646137589	0.5405578848434066	0.3617809115775689	0.400028306613402	0.39607646792032036	0.5207135667384452	0.41498557924541124	0.3277181909792923	0.2812339205563976	0.40722795271546014	0.5413628689074137	0.4113911084798745	0.2968129731110998	0.3199924423784158	0.26861613544146606	0.38069166481772615	0.3753567473316702	0.21439538094919558	0.21377666724140865	0.2611287435876538	0.224498301620656	0.17814344294544684	0.11870028338346929	0.16711936592563925	0.03590710631742471	0.022076776260435124	0.006428630345176825	0.048532896850686284	0.05269936978150064	0.06407843487730674	0.045537486808562476	0.17666531298870022	0.11018816824892837	0.12026854741382113	0.202239113656916	0.2314869703102133	0.37367137270584666	0.35885053030918806	0.2942882098637441	0.21740303757218402	0.4237051698695796	0.30945184722486485	0.38024011125747936	0.35095539945357546	0.4826914839611577	0.2901683491833924	0.569959949710627	0.32507567010091243	0.2775962438473019	0.4261828705312015	0.40140472165183594	0.36937107012441905	0.6069172829415671	0.3920630858644868	0.6618196603955951	0.5084428305632466	1.0173381630888156	0.7328032181320797	0.7907202839634344	0.7657445053902513	0.8871694097415931	0.8949636165655792	0.7379298250054049	0.7958631906557047	0.5264908677597296	0.5216362579907734	0.33618636666943347	0.5239948480300765	0.42188630102726166	0.368294223871122	0.5176055149595891	0.3844569129007161	0.5768272327058431	0.3356294630158309	0.28575384359087	0.4742264423990791	0.5239806974596029
0.6298127423387373	0.7337482073795544	0.6556163147058952	0.5829670385709247	0.4907592886842619	0.3842440468277585	0.45239581514683164	0.4835928844084753	0.5204849350915399	0.5440836852080994	0.4197069272916519	0.42962314575837296	0.4641505384969177	0.5943655569964075	0.4016934798654847	0.4714564926905138	0.6975098097342793	0.5668548826487676	0.621624735418586	0.732382781625465	0.4270788429294518	0.6923502325162911	0.5386030021697222	0.2862837022645963	0.49271704001771865	0.47836150753922385	0.3621297568281525	0.4545488990293075	0.41088966685911366	0.35271088862720046	0.2842593629258688	0.38624801266971653	0.3380515679113978	0.417115825178091	0.32682779198069173	0.31467321106529067	0.34448205921973607	0.3146120242158168	0.39554021590140437	0.2521743396879209	0.24879229309923856	0.3135946927033402	0.32292211485386746	0.12691423269368082	0.11234214742161887	0.12958329993746734	0.05639851116966735	0.03803522113441551	0.0489526667294934	0.023565526331775482	0.08344592248420081	0.06625124604260067	0.0916964762660534	0.07280345497780624	0.10341291083565536	0.15873377371999658	0.11923761935488161	0.21094599272059542	0.2547455365648988	0.1668908510716428	0.3406295158255925	0.3844722875916016	0.6398747831984105	0.23789707510983543	0.23238810388450565	0.4861493728396367	0.27681555952566417	0.28746860769405785	0.45313782161741945	0.4586215483305855	0.4656628664004658	0.37290408332423947	0.4262197769186936	0.35925674146512854	0.5109594369126518	0.47260441593059366	0.5128927684667158	0.4680788070687132	0.5366811244369958	0.7370175207951911	0.6905907540500082	0.5871876331177637	0.7202504834940051	0.5456087036875966	0.5619232914749536	0.737268840396734	0.6039407425780201	0.7905876875609418	0.5198902717522674	0.40520929334889927	0.30757864673707086	0.27775128622660183	0.28107662243948806	0.3689793052019126	0.41061881089220686	0.3649265513479877	0.4594632186210484	0.5476809659516223	0.6562889217254525	0.4416602909031751
0.646775905831257	0.6803411969591087	0.7340293609594124	0.5346231724088576	0.7000270122854926	0.48504217328827876	0.4268796909345054	0.5169686175572095	0.46660642401688074	0.6251238092305375	0.4698094468784027	0.4640431478412684	0.41445761541621534	0.5096693859549853	0.5171644281818889	0.793610561221685	0.8488553935577304	0.5062915113889974	0.5044147417812102	0.5947531804815234	0.7676430938995797	0.7704069306459244	0.4641238498658417	0.5072848185022485	0.4475966805656847	0.469246093463567	0.29001397112788896	0.4302022560837597	0.35178588681190953	0.4020215002575416	0.41986042091646064	0.2622720847803206	0.40077692049007146	0.3301711167348881	0.2678617728000031	0.44811036433516493	0.2982290527470951	0.2527812333080014	0.43375951161145576	0.423628835461698	0.21406154929780755	0.21118740989886875	0.24656373655968342	0.2620220536816421	0.03972061746701892	0.0834021067406607	0.04230348678878646	0.07293964581279994	0.060607616179487664	0.06478638661668064	0.06072690769093762	0.0491125608759727	0.09148845411093992	0.1440606516629924	0.06323470933073623	0.1034578376951052	0.24209471116107725	0.3176529715125996	0.21487975893571515	0.38908109981419486	0.40889566665586063	0.3952611342423319	0.5603674292268283	0.3891051253647493	0.44476494241426223	0.4263122842226193	0.3734450554770298	0.4784285522881474	0.5590071989867333	0.4845022738941795	0.5044089022468186	0.3325051329168937	0.373081146355426	0.34961585515271737	0.4146610955198244	0.3832123537504363	0.4628395254562781	0.5100678815950094	0.507772618216321	0.5333679746679476	0.7146365821191879	0.7370824739776939	0.5785406699322239	0.7345261040706735	0.39262413314944933	0.694492202198983	0.39076449969265126	0.44229426759186447	0.306539673597057	0.29174315753007873	0.3016534700454959	0.32547289207679747	0.3928823501870566	0.7076919388657993	0.4328404347524205	0.4669184266366065	0.5766556089629488	0.49888346564131925	0.6135382166343091	0.4615474261329398
0.7450341488077558	0.7546937352205954	0.7240892874029148	0.8178650459801192	0.885256462601507	0.5801994166756074	0.42676032498231825	0.4356496265362678	0.4192616539873085	0.3062176887936952	0.41847127757257974	0.5578623344966046	0.461758364644611	0.47712227177098593	0.45836929981525365	0.5002348219260809	0.9638478806827298	0.49782215394080076	0.5945409321923255	0.5749282196233308	1.1595339064213037	0.4377577768085695	0.6231546215396373	0.6711177634144411	0.7221024947093788	0.5212561073860472	0.48111660860850175	0.32738956732325203	0.36889895366934516	0.31598147301843454	0.34552267611609155	0.3503890539343432	0.4061037435813567	0.2461856664237731	0.4002318099577374	0.4837463648735897	0.3568277838159729	0.40254000057365247	0.34414950277566564	0.3512780457836252	0.30148021188024254	0.3697187393640288	0.23292311730651835	0.3773532528302227	0.21370666585100842	0.13995195549441536	0.1098699311484598	0.06563384401042098	0.056853569496671294	0.16143542109609027	0.11548103754520067	0.17405586610231355	0.07562651545336614	0.1166142369300381	0.23626259366186045	0.19604428581489947	0.2218060053081464	0.4019662118081624	0.43304274028708567	0.3660842643346454	0.32915680685727433	0.19812360779024962	0.38476507466513965	0.3666610373046047	0.3893815120282325	0.45900012431679815	0.48276846145131475	0.4131949925498178	0.5180523611386275	0.3650348906871737	0.4064599484341267	0.4263453614479882	0.4645390739751691	0.364491567914826	0.30503306876403335	0.30377043727329167	0.5047546051359866	0.5647537383208864	0.6407391018030656	0.5236267583293093	0.5024331135651654	0.4513475118197336	0.4289090786830677	0.7701152456813781	0.767028604938078	0.6061570302043732	0.5106755250252707	0.5869032364512096	0.39222803886567925	0.30339564220994414	0.4510575909668366	0.31167672883682274	0.37150706827282765	0.4710125305292552	0.48384074678501765	0.5459453303975685	0.4681832871153043	0.45251311232102115	0.8038036912549855	0.6666026514900483
0.5035660787722019	0.9305310325257674	0.8108556255968731	0.9572827362461082	0.4548739155757816	0.6019805681772369	0.5029501068173039	0.447811188091832	0.49576585878877955	0.49323005611673465	0.34125814462348564	0.4315410064005659	0.5420057972564163	0.6440829379288173	0.3493353842214091	0.5797699748453272	0.49557782466796796	0.5678509144199637	0.5164127219608666	0.5475953137443309	0.4918482203310718	0.7219978443642174	0.6740387586429422	0.39308095478003474	0.4760929072650083	0.42200235531202496	0.4378416944568478	0.48601350189418835	0.35087923432114776	0.3631873053712058	0.5323913780191876	0.4108714262165669	0.3194709007543263	0.35212248031094157	0.21918402135608078	0.3322290035183923	0.29896886571596754	0.3048504860446447	0.401509138686704	0.4576283391340844	0.3897838903657353	0.21347712790427364	0.3655275075364091	0.25841638643093207	0.18840931808995887	0.27288647322758364	0.24493666389398716	0.059848414160623725	0.10871733088108879	0.0773595705599636	0.07110805194766393	0.13033908311681336	0.10883284632585154	0.1331233947994721	0.24197240432760597	0.20649640835509975	0.2704895697775506	0.45623067422815666	0.22359390213138064	0.38546136216194077	0.2274093146993589	0.6152337206996608	0.4030810861434545	0.4493258286172699	0.4483747823602164	0.4100915701238325	0.47225195529428565	0.6837567586324866	0.3219528421041208	0.3212496940866839	0.6918372904924869	0.5099881945282605	0.3581019215067579	0.3374784032045636	0.41392199262285695	0.29763127793520894	0.4873102004927915	0.33738119868527977	0.6848487493575866	0.6247755363947395	0.5455623002067809	0.7585011371180091	0.7101628450183303	0.8362934092037927	0.558571676422709	0.5042289104001093	0.6838254304250553	0.5885389889327715	0.5405658469793444	0.4207990215401442	0.5006442582114743	0.2686649808779952	0.48831985146429513	0.4039244075169628	0.5327568621836709	0.4323009569884488	0.5359808262062161	0.6386642841166537	0.7883142453804541	0.8634243627123919
0.6214731889424312	0.7950936282261868	1.0046630190509873	1.26096803939559	0.5329318460916388	0.664735663554404	0.7316864332359602	0.49813008249768875	0.5052386962659521	0.4104809518017612	0.3718120591906607	0.3963228466541171	0.6127348567707203	0.4626169086228566	0.5085475536732146	0.4838665346832502	0.5939633202690237	0.63530428339909	0.6365142700248043	0.49907967102814726	0.7902950778662091	0.5600367900228497	0.7200403387747956	0.503677798604404	0.6528061280663932	0.33056952019632285	0.47559644862617506	0.40449727587913564	0.3195104845932454	0.567645990424517	0.5196561679320871	0.3265754720668369	0.3771930472066778	0.29461649163274084	0.37183750919108666	0.5224615030063328	0.46090092110560565	0.5582638077036663	0.37072803022135986	0.31585882278950034	0.3093876923463972	0.5149339679613522	0.23348070162618004	0.2684502093722218	0.31073496711483184	0.19041983049380778	0.23772103785847346	0.13878371014039084	0.13738996480299914	0.08369359613866172	0.10706933681415332	0.07219408677209371	0.15291316169883068	0.18613067799225777	0.18410191699333278	0.1713481866442959	0.23531133864370712	0.33573494362054673	0.2573031533949651	0.3985584331430756	0.4066211625138706	0.4818728105782835	0.4720583534803808	0.3744014069647589	0.42888937151796114	0.4112182378639036	0.6029284315602963	0.5747233965460862	0.46544314690089	0.4737328319494201	0.3051588554794253	0.4234657972864829	0.5399831943752561	0.4305951342273529	0.41000864406239634	0.564614621740414	0.4671774788844041	0.5135572355393769	0.7280528390970532	0.9196743917050825	0.6558353638166	0.618486346519579	0.563064492895848	0.5604654059917875	0.8073386049600001	0.5270132734063554	0.5135670520163735	0.555867550466941	0.47830388223212056	0.2376936235002179	0.4376394389483003	0.5223940770010432	0.3110186877182108	0.4142795552421028	0.4517355502741694	0.5194139495532412	0.5201132036187104	0.5714399109656714	0.9334634510702369	0.8169475981845129
0.9777418324575	1.0805447339194194	0.7917667870747432	0.6617371320202317	0.6224199611301268	0.490987418411221	0.602836285413017	0.42598215623888286	0.5932199422305932	0.46109698087127876	0.587714367422708	0.5838540077650889	0.4581765327409814	0.6094080146921718	0.5101917480835214	0.4467743816527341	0.4102067213512267	0.49048830003671856	0.4265075194211248	0.7280799608385036	0.8231644494675308	0.4752235273751806	0.9156825186074005	0.6629628912736991	0.7112195670257437	0.6041958627830796	0.4835477470638389	0.41664825473236367	0.5034414626199979	0.3939081966447438	0.4385785145136386	0.37025508703002036	0.4161566706085438	0.4043677842655076	0.38917889927712845	0.2611990834683134	0.472750710277131	0.5522644181843512	0.3369744443715991	0.29166075147170994	0.4558402593385543	0.44394998462814667	0.3752689792952	0.27607589063106075	0.27016758112719025	0.24513565335961035	0.1650308407425007	0.16020474870134274	0.19952821914602734	0.18224422557939937	0.18093850994417904	0.11391513747185826	0.2128832966829377	0.17936736502546077	0.2380869974328397	0.29235813813111844	0.37550446732353426	0.41672578689560386	0.5074222378555296	0.7106177957003369	0.5497131491339826	0.35384670688541725	0.40486120355295646	0.5234452102355934	0.7096743920705912	0.4654027540336491	0.7018674368268939	0.5389668490754718	0.5200087828554518	0.6128482939169098	0.3908585880540989	0.651761677496148	0.3614183447621882	0.502199745806241	0.5400756197908265	0.44075929257513324	0.5103684358954637	0.5560358238541361	0.494871424360804	0.6224399251906327	0.5232663143418705	0.6231788749982872	0.616839312193691	0.7684112593930068	0.4231073300177352	0.4650783337746353	0.5087131985995282	0.31752899873387713	0.4655128772570514	0.4975012548787065	0.38893668280718435	0.3599159776686883	0.4309514681693035	0.5028658968956653	0.6125471446908063	0.6311779878207778	0.7786214827728115	0.7443568117563437	0.7254882965998659	0.7400938667415414
0.6675653668570634	1.323455466025579	0.7939226699419549	0.8181937782831915	0.8680739776348787	0.5522850917794289	0.5534197592260007	0.5411687698629448	0.38896570749588216	0.5425535284624281	0.40445423226816535	0.43618454141200996	0.3889486244664549	0.5873692573328201	0.6178845757458717	0.3649715110067179	0.3194030970023826	0.5362519599501859	0.5836624826790533	0.550166764136626	0.4628023809646531	0.5395980069717801	0.617745759058445	0.7620250070596646	0.5950940735957021	1.076289032734686	0.6485509454847305	0.671276389996343	0.29764505148397047	0.39531246151062455	0.4223609350701537	0.5481850102845087	0.4617781298744507	0.33451604038497995	0.31075988534011156	0.2076982904104331	0.38699859991482777	0.30200292926160716	0.2880118052359037	0.26875915318677696	0.3701140271327682	0.24956868488131367	0.2622939061023113	0.3071207766475451	0.2672653956702802	0.2637196654966634	0.1423793929232513	0.1765368304927913	0.12311225679272268	0.13796244451425208	0.2054743294014881	0.16274217394298493	0.2050459000100633	0.32058647684375846	0.29689877916311597	0.33580981997929354	0.20228271460953984	0.36829956656958474	0.3883024784503297	0.6673752875144913	0.47414673712816063	0.6599861562348783	0.5039238739768807	0.6650911632750753	0.6146791764295562	0.4908248756789867	0.788867593746725	0.4640327697778229	0.33969303874297085	0.5966494262615857	0.44831321922207246	0.4851453432391972	0.4401615260670658	0.4523067843898116	0.4688170926475212	0.5820623262828988	0.4293747104418788	0.7048313677783975	0.4459988579309965	0.393383309979435	0.6714389196266793	0.5067535022581413	0.41089406299582143	0.4781218132082039	0.47111147758982724	0.6817823622718931	0.3689195708067957	0.34269697565600454	0.37939862311384415	0.29320434035368814	0.5638521083623603	0.3753094922754419	0.47975281486506316	0.3425192451115947	0.47965803945075325	0.4782753814878073	0.5937479493193148	0.5962248031996554	1.2050865981283763	0.7380330569369461
0.9013071707721736	1.168169566741721	0.8485110818399555	1.0331296969566288	0.7584937529494461	0.3036890190950249	0.5739421902905774	0.6437201551786179	0.527424887937542	0.5422923697004864	0.7131388215096192	0.4508356909733553	0.2898524349775838	0.44543698061178516	0.3487683064837025	0.3763860091578622	0.38110776342440994	0.28346480136300584	0.7069265070077219	0.6595756944137086	0.39118183906849213	0.48166958916121033	0.9011093001349446	0.7607283290167574	0.649337959787564	0.709658933553777	0.5809977650895872	0.5120226172501389	0.4459342710801196	0.697994093162565	0.4889974135622487	0.3693975972394285	0.4770802900094996	0.4619216169526908	0.37516021198842187	0.5502497725613762	0.5215931594207209	0.41198200801302026	0.3979835477373212	0.3482657286507909	0.48802083381645733	0.24011956846557378	0.22181031872408832	0.4216592674971849	0.28921402085427617	0.2050994086794782	0.18738468072690886	0.17998691475614093	0.34658301003877234	0.1620658402644618	0.1483866237589248	0.34794356607085314	0.2529066880488933	0.1364702707416125	0.22579102239353097	0.2823988709623865	0.47689589413882	0.34468423197494746	0.39360926950952024	0.5218572665901013	0.4437872803153597	0.6943358993809523	0.9056032772499263	0.43627305170668007	0.7002386428679767	1.0199448631497783	0.620355816259683	0.6175361102645768	0.6771635972481418	0.7578291454895612	0.5385268706534184	0.411008658686856	0.5484887675621455	0.5296876341003891	0.6416483216766911	0.42586109918702386	0.48272667419584186	0.4271493703581419	0.44084955088398176	0.48659940941529317	0.3896423946619493	0.5515480608437324	0.7702666985533636	0.3740421556387865	0.4124456816903839	0.446055557436154	0.5156832370800094	0.5746003238152153	0.5070384167089402	0.43260962198902986	0.46363520687628534	0.303711493626255	0.39585421475619154	0.3259229878359001	0.45837774269596293	0.8309309781691924	0.6609776314749152	0.7177546425304311	0.948787927562954	0.9292393925874727
1.0207637921036188	0.8629319037475273	0.8437020937593713	0.9326702119333087	0.6930152670018426	0.521811561687943	0.7820142228401593	0.3966952192355893	0.5657079502083497	0.40918531988651197	0.36718092342646635	0.3468340858984042	0.2945783532761446	0.35220784202870664	0.3829075618521195	0.3138937291941452	0.559690489611857	0.4098985956895123	0.5853909306787528	0.3780381586158476	0.30203058780378117	0.6483938976976362	0.8233724995565773	0.8454352923688814	0.7129683854924903	0.7983122190890408	0.7170851075828623	0.6755538185873678	0.5026364669340543	0.3376376798534851	0.5770350242428418	0.35412410359175767	0.4189590266982582	0.6156980442005479	0.43741522864172316	0.38223014385463333	0.3871546699668302	0.43728287116224557	0.31974309727448086	0.3979465492678878	0.3835123781156543	0.36028775619338954	0.28047478325489983	0.35878598557840696	0.21913334027620007	0.20587139141419425	0.1936634124321542	0.19166590884434484	0.2900579057426859	0.19071794479651322	0.1404975142755877	0.15995359515531243	0.26916819212714777	0.24732279518661016	0.22337807748603458	0.2538778999289625	0.45576412491114004	0.38717923235105034	0.28889978963021756	0.5634771176081639	0.5088738974335906	0.46103431523655386	1.1237696129151715	0.8713619548958669	0.9142152867239697	0.8903377841209976	0.681832972427951	0.7724939264626695	0.7097172884548842	0.524892192476132	0.6272853713742631	0.5283481761779554	0.7368035410597207	0.4469365471210769	0.7941657378834449	0.4291824209679192	0.4085536606282478	0.4547120738542087	0.5740271330079745	0.7544333484282356	0.4063818508639233	0.38284006784950314	0.40562706706780033	0.5325145408599142	0.4916965619841081	0.6360939144387784	0.5516494912369251	0.26130528616255505	0.4702144169155388	0.42018342515825885	0.3166347831491678	0.3181128754447581	0.4704092274638867	0.44713985147763496	0.30760230321305965	0.59096594760329	0.6361510836104393	0.8966129000524743	0.4570897633491297	0.9026685387498292
0.6356570070924172	0.8855806166340879	0.9738969077593569	0.6822995985646635	0.6268599306398883	0.6243625297651338	0.41161146395636283	0.3925940937165698	0.5295062928126717	0.43560596059552714	0.4086025050800002	0.436897671962765	0.6881762535004347	0.481236076610052	0.35956526045069365	0.44887659688403286	0.4138006505285339	0.609310136286057	0.44957679795819533	0.6727284611404519	0.6432849488908263	0.7606526485269163	0.7509790304578876	0.6336969079529248	0.8765529886963428	0.7771572047787807	0.8228156759329606	0.7933504101540478	0.8776811102417865	0.489819622227972	0.47195000122763375	0.5505810788077328	0.39615927025157494	0.4570248604450217	0.43640868219831885	0.5314254164092149	0.4967615433087221	0.41153990436526	0.29520477159124947	0.505882803955373	0.3848296755936788	0.4321610814653099	0.4009133482553714	0.37563665587626505	0.42566194760415826	0.19684626893504192	0.3235770929404312	0.23459245301183726	0.14144244637591807	0.21194972298733564	0.15046117710556975	0.33226823169555564	0.30683729475003596	0.276446005093495	0.29409771241732846	0.3378446819101345	0.43611813007023165	0.4194457618723268	0.40491309523925667	0.4689830180004599	0.31978929836602843	0.53245272181189	0.7056379804461558	1.0171855853147593	0.9672009789297565	0.8233044483406422	0.8267746565111751	0.6860700495923757	0.5762884820499313	0.8838232043221812	0.6772142807383168	0.4032843772376285	0.5044377675624645	0.5444423192736253	0.4240478244965541	0.4653975882694494	0.4162423527273926	0.34267340645547695	0.4268273966110866	0.6644109536396973	0.415246607924646	0.5615593517512759	0.39040789375309426	0.475543354375333	0.35935631616637104	0.47827394747146446	0.497049232199286	0.3323872097724678	0.4327090274224079	0.39068263733492126	0.7329137731129575	0.521048095567595	0.4352210342352275	0.38863975352553226	0.483634311356888	0.8846321276125024	0.628105828744057	0.5665341587833238	0.7331193159691448	0.6577360599980724
0.7453183470325395	0.7594032679364479	0.665823534369935	0.5751861036466412	0.5558481708987081	0.5243005360701941	0.513667073571952	0.6833623285132717	0.44327555238288263	0.4403538750712936	0.601996829694829	0.3634905072511805	0.6123343527680585	0.705916365285548	0.5795443580384	0.5072257706669987	0.472242996293235	0.5000279165610175	0.4284770740223601	0.6233064391792549	0.514477710223733	0.7666192378849563	0.6122695981758342	1.2345658235835049	0.7657761984886942	0.5697014107042114	0.6100164350455242	0.6925414020657902	0.6352551797388378	0.48897283953384274	0.44157105351247067	0.46532609039734	0.3584520247354762	0.7134280833405494	0.4914254079111485	0.398012824328193	0.5928860272112323	0.4978043912055341	0.365280225384103	0.4357105578189172	0.41719831366968124	0.47186053011699214	0.32513675435084616	0.22715232893770113	0.26623131745637985	0.21666996798517046	0.2791903555824389	0.34123411534396186	0.15507861892147234	0.26678080054010805	0.3533946952399041	0.23947073069938393	0.35456342232535876	0.39471168054935774	0.3336000902610465	0.31781695572035956	0.273754557793005	0.5442818314286659	0.30465575694232994	0.6915437374771166	0.6184623226213471	0.7809387087868528	0.5659052131406878	0.5883249487578972	0.7673652179901711	0.908961782114316	0.8341091011968088	0.8312462504011171	0.6798628024215706	0.9051253073037726	0.8599003037722551	0.6013041983572078	0.5932295817317182	0.6130448445470664	0.47958381491232743	0.5770971169952344	0.5676246934815726	0.5696464662146228	0.38747365794210625	0.47999196634557917	0.6315800448702057	0.37011742566198175	0.5388615040912988	0.415455945570168	0.31128565487780335	0.36438807858477934	0.381722075210002	0.2874904911061878	0.560069243726397	0.42060888287544024	0.46476252474326607	0.6801103644974988	0.47897428932230585	0.44200142155763616	0.5245753223910329	0.480986257055788	0.7976670416888442	0.6242039560333172	0.8878696523238986	0.741105632722543
0.5753698633826321	0.6014177398375119	0.8896278309919305	0.6745286160642638	0.5513364122947291	0.5425698143201431	0.4599274650140674	0.6973363379436706	0.45975140836930173	0.5006636143088408	0.3897895831867062	0.3833124950395723	0.5990135258554923	0.5164828179260282	0.43971355580619237	0.34705182783337407	0.44989754996157705	0.5524160205819939	0.7005034768320754	0.4214864167982704	0.6312038224342097	0.6463393449243064	1.0666647884093787	0.7232965621117876	0.6547742933115387	0.4987414571254564	0.6862807868903479	0.707471882322065	0.5841342112537811	0.6163560826451523	0.7944152382485834	0.6119314570146923	0.6562649295002008	0.46312706888208216	0.44173157262036356	0.4089093958867724	0.5723628454519523	0.5211382928065275	0.4626173999193792	0.37591134435216245	0.4475136360926361	0.40579131950484015	0.3514715615411605	0.24937754738312495	0.27248221404077805	0.275297055206124	0.3111358364358043	0.17941064190342282	0.2893849924460922	0.3539830107876606	0.28181219679184305	0.23819262731340787	0.3034525891381076	0.2460808418405146	0.21735090170403684	0.47950733981913474	0.323582700513264	0.4748022488416517	0.50420910936284	0.5671616159479964	0.5484427402537725	1.055434988308749	0.7886693233458232	0.687503145448902	0.7470123836863681	0.8425754417120139	0.8505858618559802	0.8636322802770116	0.5269541969912113	0.5742051670760181	0.733165862178266	0.6766449478406065	0.5595224853139104	0.49306103621921843	0.509216863363782	0.4381927820367681	0.4513224318474784	0.4273714128669991	0.5736208933447308	0.3485639414619419	0.5442988469153102	0.4577292441797081	0.5285859299677351	0.6389271747401416	0.4315820007912508	0.34520218764714544	0.4701451280195263	0.6374068093123976	0.5347908062447215	0.5062488319253395	0.5846211886282583	0.4758820436801738	0.5283051828782642	0.5128166863159153	0.5749539551158642	0.37295430204965824	0.5149072462251758	0.7709904479049118	0.6595295222857189	0.5011598916869017
0.5617755945538413	0.6278692504085116	0.37910776051390677	0.5099102131762068	0.889230363615107	0.3895545922810697	0.5927830380906116	0.37164680255157073	0.280164074890759	0.4135750562545853	0.36198968848387875	0.568577995725742	0.6824996077673278	0.49319904191276176	0.5668088241362366	0.5151191672522755	0.5041030134021115	0.4469004508839384	0.5604143794293075	0.6719653884829284	0.8219441978546131	0.671156643311807	0.8798304609630567	0.8455716589922126	0.8972105122896997	0.6157349926362823	1.0335773629596454	0.8869445274756629	0.5315958359196327	0.5533848028149855	0.47120739453782395	0.4807096616616803	0.5953049997897086	0.6082829312825417	0.5136752038307635	0.40080517935947596	0.5669093865871665	0.4955636314064045	0.562802230756813	0.3715520050164137	0.4326272576642091	0.29881720709694004	0.28350681242248016	0.35308522989827323	0.42147193778883435	0.28796049911511634	0.3128040573615875	0.37136604843827503	0.29272537445091856	0.2825499133005027	0.2525722897633263	0.32851998808331684	0.35165568308031914	0.34346555843176707	0.49364434872868956	0.37017128426341617	0.40463339734005144	0.5328012837262287	0.460147176132822	0.48389282580649723	0.5326406424367601	0.9317436720540346	0.9092401117740057	0.8284960046638127	0.9215310257350374	0.784901091697488	0.7065732057795041	0.5538623536110325	0.6260879991735349	0.7133610885097684	0.562407569540318	0.6548898907138919	0.7686131834643876	0.5826616257851287	0.37626415318949136	0.5267506735863208	0.5099494368330098	0.5067015889439445	0.2945424926817382	0.6558343367037798	0.630871055451998	0.3994229568316551	0.44522676516979254	0.28872215131078727	0.43864097812238256	0.4044343002423541	0.3875464169149559	0.440155131499405	0.4370526180502479	0.40332869595438187	0.4703701963728507	0.5084390886726818	0.32358776986475496	0.31671519516268953	0.48109961779783555	0.7508992049463088	0.5439247132092239	0.7249662743134653	0.6552295139596542	0.5622042332227415
0.5143193422039404	0.47472688929663037	0.40903330374845653	0.5096853079818942	0.614523520651567	0.5642531007237341	0.4177202593823392	0.7185393244025633	0.514375023309069	0.5422854933683854	0.39921676109859167	0.5622821525490651	0.8152944656210921	0.897913573673472	0.7500319942083254	0.7445625849465305	0.5834815134007864	0.6684643860250826	0.5328526532292563	0.5630689632068425	0.6906101295699579	0.9806180318321253	0.6868707857857077	0.6444395243604275	0.6051069315955293	0.9319862249590555	0.8178207511330264	0.8124823172182909	0.4265250311117609	0.501254124968348	0.47804394289230084	0.460946167822265	0.39271708831184365	0.5189285950187692	0.453671965528312	0.6527425818465041	0.5585666862845226	0.4830571344363855	0.5096992450793009	0.3216108381340334	0.3385920591588588	0.32644522049673813	0.4403579245213327	0.3405546573126844	0.36188057193754264	0.37616440292711684	0.4998795333721382	0.32564990397097077	0.4007879764218934	0.3387917686539758	0.4658941547636489	0.28487775683084404	0.21683347036658482	0.3829432016506759	0.35583237449296434	0.5192624588146084	0.7623599856476685	0.5375719292487362	0.37582745751894914	0.583190887222194	0.5128216783529872	0.6562903127370361	0.6943576576399932	0.7150530161227998	0.8147698146354229	0.7387492743583491	0.6974088611541345	0.6644210032507089	0.6390118742842191	0.7784386854699066	0.3507510646009624	0.8769981130732745	0.725465466865626	0.6172250784999568	0.5241307519688545	0.5349690358942958	0.49207343854993146	0.474193829067823	0.4117523442764215	0.3482626162733735	0.36902740578761145	0.5922050524230837	0.4641817688185249	0.28758991657782346	0.466832320828026	0.3587998974129353	0.5821363716303642	0.4977125837876949	0.5607392898418988	0.39845056858654704	0.3620370931657741	0.4323399526279074	0.28198028730802494	0.4477063247931087	0.5997994769559454	0.49738904032873393	0.5250539630680654	0.5554899464078352	0.5725464478730699	0.5739817362702094
0.6232739119840047	0.5552210624953859	0.39946618418939006	0.3647634133113146	0.5225879391374186	0.4276785707705978	0.5096020781834981	0.5603822598498522	0.40569066618795274	0.6058244978560695	0.34655090276441314	0.4947857394811835	0.6085619177989978	0.6157866082145083	0.6737451507057424	0.6441063625152745	0.6204487894707189	0.538561179217986	0.6775353548406297	0.7303358911671537	0.9222748101842587	0.6526916796399052	0.7068651575886827	0.9938749525911427	0.6468916750285282	0.7892537270332655	0.6841211061279261	0.8803107774484719	0.7336125114199211	0.4510557928414941	0.5415725522907651	0.7412812426572499	0.41961248086841063	0.32721131391887764	0.4445041403271016	0.42779889315516384	0.4304836709774034	0.7753614317241941	0.3022600693294816	0.4111609420370428	0.3147392650825994	0.26323372630986036	0.22945355935548822	0.3650270550543015	0.3427927240389309	0.3177504489868214	0.31057934832024026	0.39864604743700316	0.44266720943846216	0.5882503722730148	0.3402278871390426	0.4908066227149094	0.4673467202905087	0.5511234347022275	0.5523286628977186	0.9475319240030503	0.587570446656037	0.7540486940721288	0.6341665630106611	0.5300824154045635	0.8015920817677201	0.681430596168758	0.5505293946167981	0.5985166797220484	0.5090472532131456	0.8544248545112219	0.7223517594768336	0.7479275231765073	0.572271179101276	0.7367400655587647	0.4829168397659977	0.43735882687737054	0.40164649950044257	0.5750937215755394	0.5040732388254013	0.40447206685824083	0.7299136402945217	0.6065469579277049	0.5645041463981395	0.6087540515564271	0.459335552058866	0.577728406313968	0.36274503511723055	0.5884489535322963	0.31638212149591255	0.5199007048727737	0.39563023065086533	0.3650604172324175	0.5503539669051133	0.49531615613691266	0.6499986294849549	0.40287198146096337	0.36277006602777323	0.47482281530939796	0.4087170847271226	0.5734156167715861	0.48893734303985786	0.566297121891843	0.4318971602771647	0.6073835530549023
0.40954068102436264	0.4003161654690369	0.41749064526456736	0.41609753437999536	0.5129799836310165	0.6044061622907098	0.5979483613454666	0.4667487815915932	0.47118264128000653	0.5154263577652324	0.37729572460833016	0.6082407124646492	0.49595797301376837	0.6392750860974344	0.6036323510331376	0.553536174580061	0.7447425087270315	0.6021138899891894	0.44149877889607547	0.7058703379657776	0.6497726331645377	0.762099836381604	0.5677363016379048	0.892446474267614	1.0582126795175693	0.6035865955431384	0.7260912369605098	0.850105955485274	0.6218266565903062	0.5999343463192816	0.5375119571060467	0.765841974974141	0.46297244340275706	0.41196141620786453	0.4807168387211855	0.4462034286586745	0.44587340540517895	0.4911206673689931	0.46282564207870747	0.39927762869800765	0.2887396052388384	0.3715968249488111	0.3969568881919038	0.39185368753729016	0.30796844857903893	0.3703506253736378	0.5835306774923134	0.41530895684892144	0.5844984769056691	0.31877949632492775	0.5214674679365792	0.7690057947469607	0.6521697945634396	0.8397890806070587	0.9134791853380855	0.9130223659173929	0.5926201175076258	0.8866111173898595	0.5553385811180712	0.6771277761060738	0.541547662261076	0.41854797970260527	0.4844612181426215	0.4312266495427689	0.6201341360757575	0.5608905150756182	0.4844448714052	0.5540188253095538	0.48572468873259733	0.41796197649931166	0.5943467597083518	0.35395272009831	0.628787708980246	0.4798136893920269	0.6022134146438602	0.4885370204842084	0.5025912325795547	0.6986906794199002	0.49342898191705264	0.5963579502125591	0.5743951975179135	0.3857130538184806	0.38844267800338905	0.5335570778576234	0.3751739782283848	0.40253621957685776	0.4929997266833882	0.5185671122352027	0.5174436660556674	0.38456819480973764	0.4875230452327494	0.4124317029322954	0.41056807690741093	0.4662573929003172	0.6599471557403699	0.4977916575919424	0.5074517128353653	0.5383480748677935	0.8765772009232291	0.6528401130908736
0.4680285896734158	0.3271245736242535	0.553335286741023	0.48078741907880557	0.4197828073451803	0.484068451336808	0.33478710646680576	0.29753924987896396	0.4156141926218303	0.5177922045486397	0.4509413469358015	0.9558880039662746	0.8051672763470513	0.4814236656183725	0.509245755483452	0.5564164160481596	0.4626233531558392	0.5539418563188311	0.5425984833111805	0.6554332417698941	0.7216669889401295	0.8514469716045526	0.6398802497759014	0.7822139135724903	1.1530278440263833	0.6841917709030414	0.8446812761923617	0.7701616211333281	0.7102435603656498	0.7328313671441522	0.4613578850419222	0.41433898763892163	0.4052088845601388	0.5614184461708904	0.3632023905274992	0.5115560393277737	0.4359873510554378	0.5163287937606046	0.4442225032861835	0.43198240051372555	0.3816534176384996	0.21100515025972919	0.2831991468208681	0.33761872152652395	0.5235353974485273	0.4008656953936868	0.49085194181220054	0.7720907192729444	0.5650924962403292	0.8679221316865103	0.6721636627464534	0.5685737004171094	0.6366327948210403	0.6697284657380198	0.6696834363525931	0.6823206085581756	1.2699888844917069	0.42629295762775155	0.589882110384544	0.447663872864798	0.48728098919995155	0.44452000830604094	0.4681040591750399	0.4921278332653106	0.5729576073690291	0.4542761237532205	0.34023225135877616	0.3003723958510277	0.48465914054510334	0.4234380993264467	0.6580248814875331	0.7431930232644173	0.44568825161464487	0.4595886594254277	0.46747149391206094	0.6952102198551239	0.7122263813119918	0.5262041126572498	0.45724039397051536	0.6501919497443481	0.6485767060213469	0.735233526335059	0.2931259610795161	0.6260582067248833	0.5558800408330767	0.27740100022273984	0.5171513009752984	0.43967138493004726	0.5231302695816128	0.5287432711576748	0.3820043773248968	0.6434454699311911	0.42529475390297694	0.6550965865799282	0.5551881865953411	0.4385600088013574	0.405758544088384	0.6381677372702464	0.48499733871742456	0.37226921424129783
0.6955436588321754	0.5011759000551331	0.28607014644784773	0.43509856200153924	0.4031605475082256	0.4500876521579304	0.6183196509102465	0.3804384954121363	0.5260529728368697	0.6435684679298176	0.8244095255403942	0.554141745919869	0.6869794776905027	0.42934934842281003	0.4972233301013123	0.44751893157567607	0.63258345309817	0.3645554738189524	0.5058805371080113	0.6064941961207081	0.6777982885255541	0.47795810577226555	0.6930716232595587	0.7364448330831205	0.8412346109803481	0.7358387357451353	0.7247016952962237	0.7480261756977729	0.4380354137807279	0.6323233766481912	0.6309824543712431	0.4749383752506793	0.5956631920660529	0.6136991986146603	0.4871000877351071	0.23384208663517617	0.44467034741140493	0.4608793712052274	0.24903812552229626	0.37612677250478754	0.3877159363540186	0.3592629014677559	0.5613038449038549	0.4580782165642602	0.3460674207374758	0.5591480959243882	0.9223214158135712	0.5426559178227346	1.030940113363182	0.6121201703697767	0.517143980028091	0.5479963507531181	0.9200212511245113	0.8676970220193667	0.8917762458189994	0.8805340791461812	0.9269034410016196	0.9006639569960677	0.39437268629705685	0.7591592069826968	0.3120126552946694	0.39226862047055944	0.39255891618821154	0.35492777742968484	0.3483126257456883	0.46506730799032364	0.26969880436655014	0.43210613948682486	0.6740826113687867	0.5464105208813727	0.5432646824028845	0.3556033729802777	0.6708182816917885	0.5688744152059675	0.5839299412003094	0.693989471576346	0.5656339951844308	0.4417502482367398	0.5356074447192893	0.5080525390940874	0.4885684794069946	0.37196923742987414	0.5957977954710182	0.30984795932379156	0.4444644887425469	0.5431517915414176	0.3335920289607686	0.5944792148261978	0.5213860423080443	0.3903012879822859	0.5900943567969329	0.5191945042962149	0.4851034664875569	0.2878772828462576	0.6426673592785507	0.6798918570312926	0.3557604101911901	0.5264299586363183	0.5952847650693884	0.41250923302608256
0.35003112454588925	0.4076332721459169	0.49711816839651635	0.43861750114621234	0.3952962575703075	0.4042710246362165	0.4355184214373612	0.7511423819285876	0.5883599660605726	0.4107559234103147	0.5386832419538397	0.7183494332359023	0.5228293839857336	0.4789799704940553	0.4240996852980292	0.40334218224696955	0.5175583306638494	0.38820588219845525	0.41916642682771915	0.45717326204802083	0.4851745982012044	0.48154056414107443	0.986638651403217	0.7583709180467129	0.9019839860158808	1.062698293374276	0.8797974355234517	1.2573588843867216	0.7767813895177273	0.6388185993981529	0.5059937263023251	0.699803598148017	0.33818262327118587	0.7034054000405936	0.4229736062523034	0.40864988376445494	0.4551227342854312	0.42387136087079397	0.40888532693786245	0.4255139400966952	0.4891367183386348	0.38073167052435075	0.4807403919033602	0.36392293375492685	0.553141090347739	0.5277497072271111	0.8541723179951105	0.6321638431444406	0.7628694384122506	0.8087646990322754	0.756608885576827	1.3530098209812975	1.1535924226368075	0.9563046468900533	1.133053084954557	0.8610303178272306	0.5963701179388833	0.6694520501298953	0.5585582682447553	0.3896786898034968	0.37249344160893166	0.25376735471706013	0.34942025480399846	0.4547848293464441	0.27148624063232785	0.4443617168020353	0.3739066304520845	0.4316856067952636	0.4192411515096939	0.647719670197	0.5921370877248489	0.5364705090164402	0.4939453806153865	0.8060000860107388	0.6977185582971448	0.45738210000876367	0.6010597200239326	0.46865096270833584	0.37401352254465303	0.6537411723521923	0.5975482038280746	0.4964040498140716	0.612906350928536	0.4026991066310105	0.48306146981580494	0.7572344956392698	0.6239577508274438	0.3096462474421984	0.39277246913688807	0.4677574716241954	0.41927756840148206	0.65439221209626	0.5732846289256877	0.4075144597154087	0.5260409710268894	0.4963234803382412	0.5867042175639542	0.44382264683888034	0.2817347194010816	0.3278384865740468
0.46455205060729793	0.578692008007083	0.6138921803430932	0.34701934738570395	0.4754015950042868	0.4400149778521493	0.6402476505091076	0.3836472131019501	0.4975644491644701	0.31797597671527955	0.7221544823552158	0.4786820981644517	0.5375751299156958	0.45467220316665063	0.44025280066764616	0.34722687641351857	0.5735111011877294	0.3670201084974401	0.4625184737131425	0.35905941848647793	0.4983380402640885	0.37655330235693246	0.609616753480246	0.8331410531776453	0.7291194619996129	0.7441189568339922	0.7781896208830493	0.9780812448904735	0.9370186910923167	0.7923342116325925	0.6191031670391758	0.38331639948397445	0.4594847459419577	0.4564276098752927	0.3512682668552943	0.5908601098409151	0.4484781797293548	0.3071388773888702	0.3224842750372456	0.4396448320392573	0.4140294576336586	0.2513431485868749	0.3365831177041215	0.2980643543602401	0.5267681923899625	0.6448191439501797	0.6933193814270504	0.6039370359045578	0.8940114570229634	0.8092417512551894	1.0446661327546582	1.5048856564008641	0.9661689460389413	1.719385574138407	0.8844541294530118	1.5700917569252437	1.0274552211517196	0.5702344080736348	0.47583747523987496	0.3388459703470786	0.5074516230151239	0.3346385678146377	0.28357577494596214	0.3221960992439089	0.4034527721311035	0.30265555709148234	0.3422955037859452	0.2758065539259719	0.4054603128457844	0.30420835655014045	0.5156659365197771	0.4635787327118012	0.5571354016578856	0.7573506623216332	0.6768103337963254	0.6930537436960384	0.6587546192356408	0.664388963318026	0.6031149008244165	0.7975885769239115	0.8214218893483334	0.733926778228938	0.5589114396651023	0.41231789863756974	0.42599399040124386	0.44391617065203576	0.6077073164342474	0.4725061647418866	0.5329053531717047	0.2763369613907503	0.36355055036412215	0.3448804826372959	0.4536185932465483	0.7224492838839804	0.5633085084279638	0.49221111341532475	0.5257272900838346	0.4692408934794558	0.4522770006523251	0.2854109930875236
0.49964350416266445	0.6480430413072908	0.3816829017577387	0.47953790163396365	0.37171431499192054	0.39524772394969115	0.38110382855579195	0.5372978906577096	0.536034827910952	0.5421389498989421	0.4214127674880204	0.45717683078534466	0.36211597004797447	0.5661727162335952	0.3175135048019199	0.3941814648501594	0.39006513967151407	0.3294405040248659	0.3347846309452903	0.4214450852663593	0.47991128882728545	0.4658774194533582	0.4632012385820913	0.5343262381694933	0.7478278779078458	1.0756704754381186	0.7147113073745806	0.8159086546702401	0.7404709250325178	0.5589002084702875	0.6798273863475044	0.6468900915256777	0.48697957361798483	0.5553528601043574	0.4652875511120491	0.40714872291613796	0.42786503391058084	0.3384412064813648	0.4332404226290822	0.3582530006458879	0.4368716053758488	0.3478144422899645	0.6093525074202695	0.3721828465712647	0.5016188882576424	0.330246493758551	0.6717849462884096	0.9422830767332838	0.7446044036718319	1.2356582728441063	1.3082299529695922	1.000429120668896	1.4444814012997704	1.233254157759837	1.4280973653449942	1.0384440324071527	0.7639726786711841	0.6629025393427217	0.5592328030825824	0.4112738849303349	0.3843140503126552	0.4461635921090241	0.2638081102334501	0.3319866753749056	0.3861509361512583	0.2958170402774787	0.3429626468252724	0.3744406216681704	0.6440779781450644	0.3202012086702671	0.5316774437096606	0.6723572091780804	0.880846909349383	0.6344894776498163	0.48324356158647636	0.8026446883504867	0.6330841255998443	0.7474771413467434	1.1759431026683882	0.6326748438571252	0.7049046808449047	0.6533084397870316	0.5209196866665706	0.5325100239300502	0.3746111060738802	0.41621197795935033	0.5092873533810257	0.8344193475617666	0.5240898164283029	0.5543136326819409	0.4086159949185884	0.2982999504870466	0.7223831644385046	0.5083205200672152	0.37961804758764467	0.5070803601447674	0.45315574898386246	0.41245214455844914	0.6091852526931913	0.5755563665416866
0.3924298608398637	0.5587199884570919	0.4497978933409871	0.46696113164350495	0.45516704563865956	0.45344480209183136	0.43018040155607756	0.33206930411676944	0.3004526514591069	0.5557537482297784	0.303363014106935	0.5607646046377744	0.353217124901187	0.3905340257469602	0.5041965667482274	0.3836298242653854	0.34446400185448794	0.33856193203336077	0.46531064199051636	0.32601858806312844	0.5266573181133769	0.6719542527793331	0.922666346533398	0.7571263404509364	0.7315337961757353	1.0308107573401382	0.6775524051002162	0.7688356681500531	0.49892990360640466	0.7219641917684886	0.6908270027916263	0.5400554653134114	0.8116588457865576	0.297274862642138	0.3797945360305422	0.421863760480403	0.3617599742546482	0.3417262115588296	0.4109157814041084	0.3333382350710782	0.35714710694906876	0.7410946927503694	0.519152594282367	0.5397756919562903	0.5741939023452557	0.44176619965418157	0.7686770853528231	0.9176884211813576	1.4285944044782148	1.392449046107341	1.5825190857921119	1.5947920014160943	1.8183583446416594	1.598139157565486	1.1516819938143388	0.7418182545815233	0.7917154951316616	0.7797463781406939	0.39470878979466273	0.45735235610308805	0.5325900731708517	0.4472638362192138	0.3013382796633288	0.31689607148584276	0.3284360906835776	0.25630343579654585	0.19824828053502044	0.29416213828084553	0.3493472824433484	0.3651776073939289	0.3402687031151166	0.3459905214712094	0.6704011849813004	0.39111601971440163	0.5638897825686895	0.7927335757349988	0.6343649535327659	0.808971865704251	0.44158449637578645	0.9208017561685675	1.02451016319403	0.7653026839991396	0.7040472934751526	0.7863437831788431	0.38955378661790735	0.9230966362072769	0.48717734947782276	0.5951028908070145	0.4188594924478592	0.44706965148764793	0.5307108502799082	0.4976823964865436	0.6651911783247582	0.4651040428562509	0.6247556612897848	0.47461252993334047	0.7315285989819538	0.41661811573259067	0.42143884450999697	0.40395295584342156
0.6847369481353689	0.4755693382753761	0.20278412366841697	0.669773688071273	0.3363017255526054	0.5497976477649998	0.4428030997775605	0.6172793192729141	0.5236129055800465	0.37363014026264935	0.4771740324743822	0.39120200624877977	0.4734474127881145	0.4124245928237016	0.5506641860507131	0.4107156123661973	0.6999360664767958	0.3939855899354781	0.4965429687848161	0.6838210620125799	0.5295496704072219	0.47758092909942246	0.46858842408356643	0.6893374000056891	0.6303201552102888	0.6131279944441873	0.722995247104666	0.8642269545446604	0.6635491136053652	0.8749045472121433	0.6370511157960058	0.6448572348798831	0.4720485297305661	0.7013909864788432	0.6518145472686457	0.3526661866363822	0.39381235765014694	0.3707331246503389	0.4227683276229686	0.4879347930869098	0.2946260601826821	0.43783286358292456	0.5124934947497546	0.44688330871629534	0.37638604946041876	0.8351827978620422	0.7793878027677296	1.12739066274723	1.12908052050939	1.0810788681430898	1.339731574646808	1.1754964127696435	1.191231535039432	0.8113685133985464	0.9037353988433545	0.6387505741482987	0.5033845204762843	0.9297913941146263	0.5721119041028463	0.5647431937893389	0.5585178623842495	0.43003523491424894	0.2945837562495253	0.3903020428635745	0.301599806023484	0.2554719752999251	0.24639737776072773	0.24295697665701158	0.39860027694228756	0.5015653144034592	0.6042468665389183	0.555226988925418	0.5245285156372138	0.8827293154871169	0.6123988562544551	0.6519873411576315	0.9664354114286631	0.9495883524069678	1.7587346083771584	0.8232024504046379	1.1567630594107985	0.8028114165629912	0.4688981562029694	0.8355861192368768	0.48637907764575383	0.7121878910799113	0.4774964996102167	0.46906252621206035	0.35339478083184445	0.6168518098839728	0.6425329170292492	0.5743046604528478	0.5392446645713623	0.471562023120177	0.318058700791727	0.4514825300351755	0.5064914326584252	0.4432329008224392	0.26360069986082735	0.717172968374015
0.3791019313524133	0.3992344800462443	0.47003055746407013	0.6508035618346275	0.5911921880263227	0.630439780932495	0.5850888466363056	0.6445293650983993	0.3728444717624074	0.503699764272396	0.3558620009982607	0.34327440266642945	0.43355507279220296	0.31024962641644027	0.49932824842203366	0.43393149579478274	0.4231361576844059	0.6108522401788662	0.5054549570998437	0.39203820611702445	0.4217169561634454	0.47978002303864753	0.7401854723519743	0.7955513242465468	0.692965329353758	0.7651711151687853	0.6622633440986111	0.803567338270618	0.8188687602560585	0.838212933472099	0.6112555475442126	0.729334794689807	0.673267254799033	0.6857775595549948	0.6697935348312197	0.40820213438957015	0.5486582260433381	0.44099465416505784	0.4807291398422126	0.5505181122764665	0.4707715731269934	0.5232076744680485	0.6118137363587519	0.4290644956540314	0.7120989236124536	0.6110884113617536	0.8700643196756604	0.8272308544851517	1.0438132194895964	1.3558040337654171	1.3002614316144898	1.4586471116169881	1.4951507580189656	1.7867083217935922	0.7658732232569375	0.6550467631060823	0.7555024604228234	0.6327134000761805	0.3869834065832911	0.5738135220610311	0.2982721604834163	0.40347515073566237	0.25167643504001247	0.38046633630628407	0.2602044579495582	0.23225887426799172	0.32828416671034816	0.6357056980150955	0.24944612402975258	0.3086499040309341	0.5272470328521326	0.5670125937264445	0.42491196864040404	0.48208481187464763	0.6083292829428056	0.6188928683220363	0.8831143960716843	0.7005530360727766	1.0806269424551616	1.1668843774113649	0.9403739172665031	0.6686179738426772	0.7510219856441067	0.6867646093868199	0.6736984674896292	0.4071766366784498	0.5926528555953907	0.45006489098505725	0.476629299586231	0.6390141251373594	0.7099478979601722	0.37875898896184934	0.48509716732151975	0.40909664350477354	0.48238505660801806	0.4700632354685055	0.36017956386065314	0.3252760253392667	0.49900595415987137	0.5432871168688822
0.4976514081320528	0.7067674620964507	0.6219547471855259	0.5511514941114063	0.8355352700472491	0.7312944172625171	0.6857910958834074	0.6702522075351764	0.6154161902401936	0.4547422467763215	0.5302516285949056	0.5168659097256787	0.46220304892704556	0.34850274736170156	0.37799514719857225	0.5628247015659252	0.44819155566958047	0.5090071394412395	0.5981966041008735	0.3553668754554147	0.39209365670456225	0.4577963706885934	0.5404635963969541	0.45621321305977286	0.5930622348976846	0.37547355714803876	0.3699947298391331	0.8588071452740015	0.7224194887187048	0.8768186459638103	0.6626741224373114	0.6702163351235437	0.538256641023683	0.5004394141926994	0.4650012543143037	0.48073117678232424	0.3427162480040793	0.6406674043350931	0.4573146961979065	0.6060282954589814	0.363028150868884	0.6657713919411733	0.5431501080596678	0.45747843647961095	0.6994842474995956	0.5771969495725281	0.7054489637973057	0.9393846783192225	1.081526526826095	1.0333094501260083	0.8044833744733408	0.9893643303203067	1.1585203037008163	1.229073619930034	1.001475553317865	0.787796283499612	0.7305522608557445	0.5865370000658201	0.2973751841794457	0.44714850771014925	0.5122541619782074	0.32070114895279744	0.333269775582485	0.48606036159621324	0.4062325451582176	0.3952368143382495	0.41616555999182375	0.4266711640454143	0.36549942576688693	0.32619937022387524	0.43508767675216165	0.4428108621412168	0.5291301878127229	0.6136304469417547	0.4426505318996197	0.6359766013166892	1.0794506152630197	1.1079308809115662	0.9384840841478108	0.7279046403111569	0.7307428843198999	0.7408040473447699	0.9264619791601019	0.6207091928757474	0.6037677427087826	0.7796575151880502	0.47972564602752604	0.569785000664966	0.6333001257173182	0.4674632838572241	0.4094474328994201	0.6253538784946988	0.5217476562365406	0.3627716756753365	0.5224661258781882	0.30227565276411356	0.460502274669279	0.49956086041481773	0.34671657929859123	0.6395812664333222
0.3580711817625939	0.3420103565511796	0.6305556396260062	0.8895893480905708	0.9888594313869921	0.6313602380162575	0.9642740033807493	0.6668688409017662	0.6355251270335769	0.4468026610974191	0.3493806986321565	0.4296822374242116	0.3775597567531723	0.4400187244745579	0.38962228035545193	0.36526579063636716	0.33781812735184313	0.444015592795612	0.41540246054304086	0.4470284451342936	0.35380725067848795	0.45020723255694517	0.6357413641152344	0.6418987428771568	0.42264358435405586	0.5963672770858544	0.6241216656071374	0.8169255878924393	0.48567790772952	0.6505317114744381	1.0075381858680552	0.6312148457430106	0.6704829508171377	0.5888503329190007	0.47049281274628085	0.5078530800253231	0.5178841075452763	0.6355565932105594	0.4134615613203882	0.5445986413860818	0.607124638592606	0.44208887694176885	0.4092240878326001	0.47775461816242804	0.40800441855931824	0.407612614512037	0.5402278963182586	0.5564937558395139	0.8937633225750757	0.7782956916802111	0.944813536631036	1.0248273323018844	0.7980646444969649	0.8067159362873457	0.665004882329301	0.8211948567933276	0.6577738243328834	0.523876071760325	0.6307307738775775	0.3963389100580733	0.5289993933472533	0.5039532121830873	0.3836257477968803	0.6190846751802862	0.30914791943365005	0.2839079650251091	0.3501758407142307	0.3676038547725638	0.44318877617027497	0.4172905665633941	0.3934717824381295	0.5108499994352881	0.4199388801161305	0.6387513264886475	0.6657286599647981	0.9374379198660082	0.5404200349262941	0.7807182371200132	0.7447256285487455	0.8979055331329816	0.9648020574303792	0.8246340530252072	0.6822513143946324	0.578752101140143	0.581476113889978	0.4443208947362725	0.5597838532907807	0.5252117554919085	0.4833608373091526	0.4213894140173712	0.543363368350201	0.5052849761603102	0.45091845554347115	0.41448729279128416	0.4479476622561899	0.48097105676006746	0.4123300535080638	0.3746198169361247	0.6840598621482009	0.39540744591879917
0.5709387698092903	0.8308669737652508	0.6074982660295298	0.625268028938192	0.7839813374392374	1.0519273210461748	0.7476050812566626	0.6450854839687453	0.5881728520418776	0.8064259490416695	0.461297143449639	0.3802456023354002	0.5588975289793278	0.23576914226839055	0.3923985952148658	0.5793224615343568	0.47206865579779256	0.5173447657742456	0.3231803040078812	0.5242788281049288	0.4718725972843235	0.4398213375854849	0.687729373946679	0.515825271015685	0.4137521554696227	0.4279742561674391	0.43158944115456405	0.8066064572986525	0.6633758569746716	0.6464663340149165	0.8096370043654213	0.5967913097433591	0.5800783694311791	0.6123902765359037	0.5410933575657649	0.756595682381271	0.5205193408381962	0.6036547364832502	0.8680048827194816	0.6930601599937853	0.46385078496113863	0.5291351012826983	0.3530485694646996	0.27932023619599106	0.4913240931352015	0.4770338692442329	0.5542127701752837	0.5992644457980686	0.5587676311675658	0.9356691527597125	0.8797156715480956	0.8494423909960803	0.850653351144214	0.6072113686011269	0.6944701396584041	0.6067730496294889	0.6570547248402792	0.6065511483990459	0.44915496178696324	0.3920010380737172	0.7826248836545711	0.7909635344523075	0.41423429574681264	0.3856968959158395	0.6528440585188213	0.557208508246733	0.39358959020608814	0.5069985503936119	0.5294704810968781	0.45020081256495276	0.4575668233507834	0.4256326482955922	0.4933433315432942	0.6599815371405122	0.5891631706635472	0.9570822877379789	0.8589682314499811	0.8420299976072673	0.8436311925138544	0.86109987277149	0.7181093885954528	0.6057098787650489	0.9611457278480672	0.5661820952951206	0.7243892713669242	0.7020895771904808	0.49077642322118353	0.39701042509110573	0.4769721708859725	0.41903522388707665	0.3975606149070553	0.6420621935127506	0.49012304305924626	0.3749559791638391	0.4723434315208342	0.3991350728419403	0.8224115460937246	0.5869037333567233	0.39199210464825246	0.7528137709700485
0.7344049685314407	0.6590413883488117	0.7666418910357263	0.9871082676651028	0.9399311396084064	0.9488452884322526	0.9459713806876577	1.0247738011433374	0.6486244655705798	0.6421045185921879	0.6225009532185163	0.5728852777487251	0.4821944069516621	0.4836767899308732	0.643775857711617	0.5785755107161448	0.5885738551507469	0.5019175640846271	0.4746671135440239	0.6133796066556327	0.4528694883984359	0.3846706346234623	0.3345853596180797	0.5734498687700736	0.5686467940890798	0.6423829786587745	0.6692027167034182	0.9551785856387298	0.5846844897656951	0.5219892829084759	0.7339504978943177	0.7926009517025759	0.9187486689780157	0.5816420498258441	0.9409693278394976	0.6475048824530995	0.5169936368109022	0.5521518813414701	0.8612451152518695	0.6248873895653358	0.6102979541153475	0.35111766857035837	0.45987834233401487	0.6687683045914595	0.48450092025589564	0.38146257857632315	0.5215246396418042	0.36992822299347144	0.7382802697975449	0.6027277882399021	0.6579995387908157	0.4417543373499405	0.5931305936601642	0.6385997223466964	0.5746573646634797	0.5886044105552952	0.5791720953812585	0.5418800527139944	0.5866032112047309	0.5138316690285158	0.6673975166144615	0.5342418531470301	0.7087976739853562	0.3373593827303241	0.419657028214616	0.4124445139536885	0.40470738001176904	0.5507509669919742	0.38370948715055153	0.5277103374726068	0.4272437413634533	0.4301849948900274	0.5361841894631452	0.6596612572600237	0.7541780008608487	0.6592719790256484	1.057439980189586	0.7844403788347583	0.7505965015371453	1.0802700400785823	0.5736274648101001	0.6081346328526637	0.5915815234603591	0.8373585159269984	1.1300113646741055	0.5354629363911656	0.6002969131022177	0.6328462425109078	0.6754173612742284	0.4354153254967775	0.425442882342448	0.42006838533277363	0.3827400336741094	0.46430999031810627	0.317402893309509	0.2867717598025916	0.2876251984805465	0.4012597962744017	0.44212556769847217	0.5423753761983917
0.620957584036574	0.7689546656102142	1.0110717598331338	1.0663886320636293	1.196267284136996	1.2108419330216962	0.6023237040236756	0.7563409044196362	0.7445940573388974	0.4660767038250776	0.5878921926159608	0.8283135698049294	0.6551070673377017	0.6127581076556702	0.5194271583162029	0.6577227218511061	0.6232822740722379	0.5323206910136599	0.40995180050273383	0.3726487494865426	0.40723427303502785	0.34864263878920154	0.4576519452077283	0.48950386945687274	0.530035040236546	0.4456362505603104	0.5236079738867363	0.5647004590902419	0.6358474727681663	0.45484445310216337	0.6481869890484314	0.8288057414568477	0.4182869440819196	0.6893310684880706	0.7465568479628115	0.6566126931474676	0.8034857837604487	0.7488169750381767	0.8325120614433281	0.6210638127138112	0.6105658896777221	0.36524261124908614	0.4923086946677077	0.46391780033880176	0.5407068515502902	0.4970744162880316	0.5528407970089708	0.46582437002561566	0.5330321453644757	0.5150021042767665	0.5421675498968425	0.6268086515365298	0.5393746555594247	0.5724469285449194	0.7870902898799282	0.7245560419121706	0.5379830320191936	0.30757788301052097	0.5158059056124082	0.7331702953135464	0.5022733104305206	0.4206216093740072	0.41842990353968673	0.6427453865777725	0.6175748148950965	0.6562274995719791	0.4865632233025831	0.6434626445525894	0.6224531083184356	0.6088949238040422	0.6136164006256148	0.7911386517857749	0.5942946967245606	0.6006256451989332	0.8434501349477409	0.6082424219021518	0.7898858983967741	0.6026488738109915	0.7593048535175008	1.1349947355616221	0.9913488675012923	0.8691150679934682	0.8187126961900386	0.6979142648261646	0.7845944877592768	0.7405505152348375	0.3749552269044706	0.5584259235469838	0.4033742853897698	0.5211494491047343	0.5242985019510177	0.46204357271754626	0.45470797001399393	0.4129452990046172	0.32968642976909807	0.41020972354336005	0.5035376018928114	0.40640084960783673	0.5222857858787887	0.48183188503943086
0.6354554534840531	0.637667792085644	0.8406772555683696	0.9768781830562625	0.7272035155007682	1.1207135629234901	1.0009853706548313	0.6731981709821468	0.5964810121004488	0.8918626658740774	0.5447097184659262	0.7733066417411506	0.5022050269061109	0.557562464632462	0.35666792659545815	0.5250171217544936	0.5769768138062483	0.5122243541953057	0.6180478087208463	0.48493681409121325	0.36580527636822685	0.4405793773582797	0.6818112096469733	0.36536216433668084	0.5710215094645227	0.45131937693062224	0.5735016596859854	0.42150611497705803	0.6048179152042679	0.6191584361238515	0.6519587090580264	0.461452035860985	0.7209846908448185	0.7553741746136862	0.5834675022954422	0.5645476927886459	0.7085456621409124	0.7193306320229672	0.6667342196589091	0.5758478945201431	0.40507229893519897	0.5421401041184405	0.6490123425238713	0.45300532793518833	0.5759068942333053	0.5185790859725514	0.446437860798977	0.49965492732974776	0.6168935332892963	0.5285331759982247	0.35991194055130327	0.37618817891508904	0.6183644544342357	0.48211633739655924	0.6337151157679369	0.44114890168165966	0.5460004861243487	0.5177449103128774	0.7017216176658897	0.5271483574165992	0.9003747084125937	0.55820164549195	0.7326200394104748	0.5989319318501078	0.7046890149927885	0.6146871468147469	0.4726063457557094	0.4569440113359142	0.6134310822842214	0.6111415163752201	0.5636387189689642	0.6470052652536172	0.3295201751279648	0.6246886657236168	0.4964814557945176	0.5370861845481146	0.7317183784406341	1.0036930432749382	0.9268177037066655	1.1041772897191444	0.5227440830084732	0.5362866899182397	0.42082202517832784	0.8490314949776923	0.7295442957206576	0.6110124583814056	0.44322889546212846	0.5518172252082139	0.5563514514068412	0.4864613333178238	0.3674091428458081	0.28399416971613867	0.3189649819176615	0.4878950217194009	0.4592667060729166	0.4678138184593999	0.4730031289196019	0.5113363689707117	0.4000874049525962	0.8956365806216041
0.7256554717449544	0.7092433754599575	0.9442220550247696	1.0410689450302422	0.9820754369826463	1.4711418297484757	1.0225756626489735	0.8201918133262599	0.7282808464299444	0.6281863468846441	0.6378117825304165	0.683983720828002	0.7193181678871116	0.3623677473734515	0.46168092768244245	0.41383724565169117	0.6670472990063391	0.6387248562265776	0.6566914458048093	0.349851710975984	0.4562098515173865	0.5121673427739797	0.528183994470663	0.38836103770265645	0.3954989478810966	0.5891552542053888	0.4395641980867473	0.39126223808054117	0.3454236056518258	0.6332513300509007	0.5042404918949748	0.5533791429398196	0.6956937596166783	0.6150299348023313	0.6795708107083764	0.9407592322393321	0.640598540722569	0.5645528464326034	0.5874737689833084	0.587234326500387	0.4248898979756405	0.5211540523962798	0.409113560403102	0.5878318728736659	0.422624959667773	0.40678433684938864	0.5036172142377092	0.42125951786349447	0.5205863556393666	0.33797653406131495	0.31263844454441014	0.3903041997704769	0.4477895253692284	0.2797794810949363	0.6503572157779774	0.46471335022013055	0.5321268027688123	0.5460779765276831	0.7060510263833829	0.9414592201487048	0.5186124716720871	0.5332400682654205	0.6605123355742032	0.5510545030903673	0.4562451177439349	0.8719947777269967	0.5410202224894639	0.5921475082413885	0.6702852858880247	0.5635139601414128	0.5809592095648409	0.435651656212479	0.8211584569264765	0.5670108758507272	0.6749445552667448	0.8274754026805586	0.9183721701210215	1.2265960125124726	0.7071106883569898	0.6475035769340833	0.7430529400288689	0.4955239928823987	0.7610128691061383	0.5327849413333106	0.602314782047568	0.44785556495284357	0.35832959129118497	0.29374562161424017	0.4672320396493966	0.3132569867771706	0.2786647958640181	0.46930185978535055	0.3105016936302108	0.4502209933307579	0.41353775710670826	0.38882991026921415	0.4424668306331872	0.5946504215562854	0.7649874100817062	0.599719133120722
0.9149622204852671	0.8225115772087814	0.6891443713948324	1.1204039170848692	0.8229455288231509	0.6510828470806532	0.8505282908399622	0.5628526744842559	0.4966170240684889	0.6452158499461659	0.5554257175096508	0.6034289465133668	0.629013602176147	0.592723281670758	0.6826445956834741	0.4951786325618015	0.7598917463930437	0.6451000865222465	0.5336973987583944	0.4247060585022961	0.3840971893439045	0.574524986311251	0.33717370075867154	0.328794920609339	0.2701108084472406	0.5182210676690776	0.33428834847326094	0.6847492965077095	0.44596090595045634	0.5560116072393669	0.37332437953906245	0.33933502391380116	0.4901280875397688	0.4151705007483989	0.5730278545260202	0.9792388421261616	0.629816616118085	0.567843416609934	0.3631762374500113	0.34418860760958553	0.3923757398442433	0.4528277642558008	0.4308883618265355	0.46306586498025093	0.40871511340218586	0.3540637360449452	0.5738071142902309	0.4094245742877904	0.31803070860669375	0.4395276221003024	0.45678420674978476	0.3867157444625195	0.38554024175407775	0.3542266394256941	0.4722728169502447	0.4631000437806863	0.6216795090152607	0.5923624942701242	0.7321634106241934	0.6882811024744213	0.545160622326027	0.5657408254918503	0.40129694275375904	0.45028372359212554	0.7486966677000715	1.000870599081584	0.6111534572542042	0.5122386245578732	0.5549690697870526	0.43660771941399085	0.6996454819078892	0.48496714988592726	0.4466979223710802	0.5860766186164136	0.6223069058091917	0.452626116081757	1.0755719791968783	0.9183591421827951	0.629850846212711	0.4588526481788238	0.864485075334146	0.5790524263915459	0.4656684197146466	0.7167489199308239	0.6032633555754743	0.48320373596244764	0.5121176484975658	0.3672441059632128	0.31019803043245514	0.41747433641499726	0.19075932637060186	0.37856584306216007	0.33241802577225515	0.6588326497504	0.4478330213269105	0.28307787037104365	0.5157785126183341	0.4916643489887242	0.4249628277547417	0.6235245266284005
0.707159314603708	0.9094676177498807	0.6274605804122618	0.9608822402112845	1.0092422374604326	0.681042071415044	0.6569708716207058	0.7690693661805764	0.7004502854811528	0.4487018116088755	0.6195700844105768	0.5413102003823818	0.531573115159051	0.39271136272866614	0.6252685736742765	0.6198235094936373	0.7164146302914816	0.8391128432184239	0.6271995403878788	0.5142215328982676	0.48701725336415025	0.5108612622913676	0.7806011659881512	0.4913551134628296	0.3140258438056823	0.5116937728543471	0.4753959054582456	0.5746547400258891	0.657819814878621	0.41392345854250306	0.36504626844032173	0.4512963228208999	0.6988634446551214	0.5885205404321636	0.6368729148576655	0.5162295895281145	0.49616286797927955	0.4214203892880606	0.5347410373098478	0.45137148306095065	0.6654070097184185	0.4157698664279264	0.4833701192691596	0.3433944205642085	0.5328972262303067	0.5227055286145951	0.41371539539138613	0.29776642408150394	0.4109351310580255	0.4892677995949146	0.3361747602943512	0.3547863746716475	0.49147513462229886	0.4368738719250235	0.45142844943651583	0.512593499858257	0.6212372277331256	0.5054072073668033	0.5306789271968657	0.6232600659193565	0.4601109552276153	0.8561182370744995	1.0193893374554088	0.4556575522090522	1.1472647816279267	0.4583461220523757	0.821621510600453	0.44765157858682364	0.7015301485612436	0.3695821343487551	0.46014791416345746	0.4615820482704041	0.6486142931836959	0.5459623861007402	0.5667258435496104	0.4133855339754982	0.5476347654722908	0.5510656885928908	0.9731037178598586	0.6761834397154806	0.5393825719496398	0.5242053886119061	0.6642683089641825	0.43264448800706573	0.37714377734750787	0.3855228029708401	0.434982822860016	0.381992206664278	0.4176859642591779	0.4396590478444088	0.5637929021324299	0.3811389258937895	0.49202399422232024	0.3673489822008788	0.4160806061504513	0.38117765363745676	0.4623733227888813	0.9023061440878316	0.6426545198279917	0.6673652169627651
0.8287427009073993	0.9068627839430603	0.95141241426595	0.7339174407703681	0.824269483738635	0.6915634460634268	0.6658492532120066	0.574212826341478	0.7466983386320981	0.6321024662728615	0.5425948489805508	0.7399064920125519	0.5269365313220352	0.5162464663739749	0.6628772793146722	0.740497117505019	0.9308051677138865	0.7881692680291295	0.6452006337292127	0.5683296333218923	0.6122602869303826	0.6939485005242104	0.6915612615564948	0.4784455287942827	0.481448207297351	0.4492522562043989	0.47162301030390613	0.475777761440105	0.34450121562888036	0.376212925870425	0.37774909025728365	0.5569396792100536	0.4691691866337458	0.6607158106778459	0.46717159458554	0.5521588997397017	0.33290879427922854	0.4191393825805361	0.40903547125592393	0.3958303697033602	0.46469342437816097	0.4742669955002113	0.34139630495245754	0.5846354650450712	0.4673882174581336	0.3490839595471618	0.38313841085436623	0.4104891530562123	0.40773316233992457	0.38058999897935925	0.3392707149012402	0.3830193720416983	0.41773814493354355	0.4672398437489299	0.7558047164293608	0.5073469384037431	0.6404612880532687	0.45425524814059265	0.6549128768643164	0.4964404613563259	0.7244951284844973	0.689540090778678	0.6256205922764928	0.7303797020232465	0.7131661807331491	0.6943070296022845	0.6147004919660797	0.7952814739041018	0.4815707719292421	0.3126177049745527	0.42399038861899313	0.3177255758286551	0.3287053981439601	0.5162863580646725	0.5939487891992272	0.7585420987953787	0.6812556852930514	0.6842550989683062	0.8740008288765856	0.5111072216356484	0.49071760160029165	0.6837852796975393	0.4018964930246036	0.47891568212452784	0.45156267871636024	0.4025504405353313	0.4440394510925519	0.5431357125380113	0.31755858964114936	0.3980982269252013	0.31969872259583043	0.37629413210124135	0.36445186209290387	0.37139280251568496	0.5654677029008978	0.4744626045389562	0.6835349791041331	0.9611880719018814	0.5186683486140257	0.9760055416592273
1.062550248452598	1.0629326125550909	0.7124580153708611	0.7505001578000334	0.5483866686618667	0.767186835063867	0.6405248087860942	0.4450791776445165	0.44662560582718097	0.4794050353085136	0.8141164779825442	0.6940576580556229	0.616078418832249	0.6138427211456589	0.5012417504186472	0.8730386789841429	0.39848042280032847	0.8972931471895351	0.6826192912018008	0.9872255670247064	1.1480294306250074	0.7926329845967195	0.5493282510424866	0.6202436195731352	0.6491608578202193	0.35277336330326137	0.36483795998698565	0.3771059260394783	0.614332730648547	0.38266886573528963	0.43802768338734865	0.3646233765845688	0.5324207876160054	0.4321358643962438	0.40589008132176424	0.4210946109133443	0.34949613418286346	0.3534029213477054	0.7014795727858392	0.2561828434695137	0.5165334766187559	0.5405750777129158	0.4799172193245203	0.3732085594748018	0.4092497319355093	0.1493949274498834	0.42675535745414284	0.3004340526234305	0.38703709771486067	0.4461970810953304	0.39606212360737736	0.32483223273004286	0.44175867251718415	0.506476842961109	0.5209543799821027	0.7662851409109075	0.8211885908934311	0.40364053968533953	0.6799384104162707	0.727176334855035	0.7209806798760949	0.6448133418290666	0.5637382491160502	0.6580192990374529	0.5974153214530115	0.41773561799326026	0.5529144487018572	0.6161306716728724	0.6898522800782675	0.702459381837388	0.34426964935044113	0.3424183664168057	0.2915253475890751	0.4073061851548207	0.32008889700361276	0.5397885999654358	0.5977873082768788	0.6165440345860171	0.4136864955169739	0.62357535285666	0.3892555593406047	0.49576685852840735	0.7045497351158055	0.790058467362283	0.6423766459584425	0.3489684154283449	0.43560790555213996	0.47912867929913305	0.5029879694085473	0.4186526957306061	0.4608326814943943	0.40006264484335746	0.3842179825732187	0.45300550299814474	0.4288345668625779	0.4469797585491728	0.501675129412821	1.3040578482406946	0.8520079161484873	0.6230365523892083
0.612974721956942	0.6277579246022676	0.5990431871078663	0.6795005088123662	0.6739785100101134	0.482940151184414	0.43405765815778236	0.3991731087556464	0.48076172679011175	0.4287141156643907	0.52650023177983	0.5202177127959231	0.7014631711039547	0.6054019230058211	0.6500231051902869	0.42839097762989164	0.7665532777764443	0.8484247961954706	0.5840920355823912	0.5653098281964701	0.7658082665371397	0.8564735325349148	0.7146604846439735	0.5189359321998602	0.6277594162166849	0.577244938612996	0.5003569563460885	0.42579852115450506	0.3187700316310824	0.5131488535077	0.46096104689467765	0.5269733382680972	0.49815302505639286	0.7076247138638485	0.38615955924884804	0.7203947698862204	0.48968820125132634	0.3416663944410417	0.512258072872732	0.324119717710145	0.4392297168702315	0.339012013237254	0.45764161877816617	0.4654127712931657	0.45021894662243084	0.41167127735942294	0.5361628936945673	0.45402025743312907	0.40854836579891995	0.3721513755206224	0.36986346766050276	0.41886282665439434	0.542435808756799	0.6456959160235216	0.4753436531415503	0.7673093699081183	0.6214313716857326	0.6541752752169187	0.6701640145111739	0.7017310697239705	0.5963859699565677	0.4649157126826816	0.6170724165084452	0.5271900180750084	0.6240047618339056	0.743746621245259	0.570964884715859	0.6119655003829743	0.4568096818543517	0.3316878785434053	0.37395546481911557	0.48107351208365234	0.39934410974082984	0.5062557684985136	0.5259601163170462	0.44014194966965786	0.5239131818931849	0.570877136109428	0.6362542810342484	0.6591318769619444	0.44180968037587676	0.6531444776735422	0.6446407708095163	0.6632699717889531	0.832508141805397	0.6246077430617667	0.5120619066290331	0.3815442466008395	0.4492950401562484	0.49696807847564733	0.4840851450827861	0.357894298138587	0.3963945434287286	0.3528897113273029	0.5079903644697973	0.6123826319610475	0.789927935187127	0.9458174560855657	0.7773981356971299	1.1512180559964786
0.6126397646160001	0.6380189564048677	0.8285307211954689	0.3728930869243359	0.4918405925287997	0.2649033155123446	0.3736624553333255	0.48824618573301903	0.4013673842690647	0.45746783163502347	0.504385965975211	0.7566756441070267	0.5331257672680001	0.5614138602943015	0.6486828193180582	0.49061373336166275	0.6404978258077789	0.6896212264565984	0.6559995311247249	1.0630211812744932	0.8237361618949564	0.5942684237354635	0.7169122312279067	0.7165128147709958	0.8201387665058097	0.431429681427541	0.47353235108673986	0.6492323412471166	0.5835152801300539	0.4552124317593723	0.488948777503811	0.5566140502135765	0.45725868180442963	0.5851470518871759	0.42324641932589896	0.7089037600417899	0.24458236627375043	0.4373334734956311	0.49643284931604	0.7154059208513094	0.40655081515954566	0.4489078210920549	0.5801956100243444	0.40742556351230313	0.37088804972680883	0.4662590216409628	0.4078179291254281	0.1824605777125868	0.3440092038805466	0.4122936244293077	0.4279486021242839	0.430180313141841	0.39251199510546414	0.6157202151353386	0.636996212517006	0.6670386905766854	0.458658360474998	0.8391845383746288	0.7615464084038406	0.5716637748762324	0.5847004664034736	0.7247533879669602	0.7524911820055487	0.67407698750785	0.8391435599679036	0.5373016819373244	0.5450371348644304	0.6446942391419866	0.4923135112200367	0.449315311981547	0.5096012846021504	0.36522402857187514	0.40951762397173325	0.36216499139807345	0.3717496929145121	0.6313618951375539	0.5790531719190326	0.4697846217439276	0.610478037059355	0.8726226835364433	0.5005471475109649	0.49298897143110926	0.7129948772217414	0.7200251703428465	0.6873725339796364	0.5720201085542763	0.5174462285732754	0.4663120940033925	0.363765982551365	0.34931085044483434	0.39764983095104894	0.40507619571641057	0.6225173759230023	0.42560289423729986	0.6333444500551639	0.5092488569688648	0.6998306048309151	1.0588311973205384	0.6951055669937098	0.7354905291988595
0.6700473295460149	0.5755728177776235	0.5939168220120533	0.4306417365830082	0.31054233033201284	0.3796099959147184	0.41207859463887864	0.3082979501432549	0.5031556136173168	0.3066816737715191	0.39807353874187645	0.42650485998385723	0.8264675427963611	0.4915275354058089	0.7326136337192707	0.6938191829883328	0.701453925064332	0.8113204956682158	0.6132467968340506	1.0084305301079617	0.8670233914720797	0.9062652594557579	0.6255847019204357	0.7527601353885549	0.5710384153964672	0.712191248990675	0.5929727134265991	0.33684623384271734	0.7144036827721069	0.48818341687821337	0.5224840395157931	0.4632483046257813	0.3960609022647616	0.5084430854093864	0.540586088016789	0.3378935914344973	0.35528400759337136	0.39399950256722327	0.2905960516062754	0.344082988384095	0.4461654404788998	0.6185235053161109	0.5178551940742258	0.4924282197447749	0.6101118018336119	0.4930058414295628	0.44552129217912295	0.36341785293451295	0.4338940166542892	0.3866089757369428	0.37933530114618785	0.4223633854031845	0.5259922327723726	0.3653232182272256	0.7387641926879243	0.5509953543320771	0.6708089748357338	0.3835990128031192	0.55705422819572	0.8140974805862999	0.5603441545816742	0.8815469239811823	0.5217082967537052	0.416487904731462	0.5595552873359935	0.5143823166038377	0.7573632428406625	0.5178708885383378	0.44081160742359377	0.357512424661801	0.3999843627748413	0.42977374809412855	0.37441474133219066	0.39656712721798054	0.3347249390639635	0.5808695549529952	0.3904176395341307	0.610137522004463	0.4678131189187937	0.6425914749895848	0.6356114942343456	0.678117263796796	1.0651201219110404	0.5880512878651039	0.6129908974816085	0.5289631091156719	0.668458083565152	0.3937291888859468	0.5043304127835856	0.4632674661868467	0.3892123171264697	0.5328106694707806	0.6424248376550873	0.4060351540759013	0.540033336294252	0.47267066736806157	0.47967560901948875	0.9161619392295628	0.6217899493635308	0.81779364060443
0.640011137150151	0.5137104587385539	0.4131377635707092	0.3727718600540707	0.4036061475178814	0.4570276261729023	0.27471647197355126	0.27388132344092386	0.26746830480031664	0.39667364805963484	0.3979974063120824	0.6519034385309103	0.8547380999889884	0.6025961385058302	0.6174353287482615	0.6264466017939758	0.8127963553321844	0.7311624877004547	0.7409836812609444	0.9198880835159772	0.9123919561961823	1.2610559494765015	0.6495828750505691	0.5702020449089644	0.7462090863171438	0.6930853684259562	0.5767628272352286	0.602136119604945	0.5831242231686621	0.5443274654561577	0.5534627998051858	0.3816028780773651	0.39666824979261966	0.2818564234637712	0.41768671859262263	0.3651895808966315	0.4785164698955	0.5318407256002248	0.5718865928705485	0.2870775039864071	0.3829975728509205	0.4444600254709028	0.5735226443281174	0.5476559057219841	0.511411520550512	0.5143896645932793	0.3949941937801087	0.5225570644711868	0.4870501208407915	0.6478470773139365	0.5822793090104003	0.63672119582528	0.5325697651722161	0.6052689963650819	0.4978367340564035	0.3772478496241966	0.5757668256957272	0.5050213029715632	0.4865832701040794	0.2842850227920877	0.4734934721773299	0.49636631840571016	0.4880851353426622	0.7900878568366645	0.7224939364420963	0.6612692177826098	0.49117441992317584	0.45989399141371395	0.44329095693827536	0.5866839064608502	0.40144071734744186	0.4913202457356173	0.2957777102137207	0.38580906693277695	0.4546936066102647	0.4343005168252639	0.3899266309949578	0.4572299413171517	0.5949148863047281	0.630028921152078	0.5826569805800101	0.6142599550378043	0.44668219975366585	0.659729617690275	0.6529379997353987	0.680833772996491	0.5164339038659732	0.6186978483849443	0.4954863867125605	0.4119137106614648	0.5099592015453187	0.2793147501913361	0.6716337372221541	0.36712843677354984	0.4576214828041584	0.6543391731460798	0.8641512001100856	0.7064052108757677	0.632023768070759	0.55217639389792
0.606968857060666	0.5709936772800265	0.4182621700117548	0.4264539944794718	0.45160773624205	0.24435390705191165	0.29501804607744553	0.41986048325216174	0.38275863671406807	0.4175512959763167	0.4933263630743929	0.5175766888893987	0.5072820013148635	0.7738327778188213	0.7094694098817154	0.7874269839548369	1.042271449362245	1.0862553311458523	1.2102900282415412	0.6732332786291745	1.1344252263162846	0.6847668190547284	0.29923837293613964	0.6347559645934834	0.4884358375732561	0.5708863695574268	1.1534983582987477	0.47224668421663996	0.6959565319867411	0.5682715064459566	0.4583453750536822	0.6429123452229697	0.4597292586202894	0.4840603942335045	0.5973413437550866	0.44803542625396847	0.40400492852373293	0.44518032646208455	0.28571409619401267	0.33436478259107055	0.2600422815259498	0.41661147171528706	0.5292186331648757	0.46547019303654996	0.5679620845504715	0.6459288021074259	0.5475889305126099	0.5892485787047785	1.0152046183878303	0.500055179114703	0.8209987369551658	0.7178664762700454	0.6976219595110208	0.7489149497719274	0.7048656233777243	0.4504222994640585	0.48032144716755687	0.5928454515595638	0.6166194305791945	0.39310678247471326	0.30103674382416096	0.768922291133547	0.4786685192983373	0.47658353332941567	0.7418500726186317	0.7443695187003038	1.1673605842785215	0.6477342915164483	0.5018233029536566	0.47521777053487546	0.5961383187055239	0.3698301906347464	0.46433179316707385	0.3431523449722011	0.3312833172753365	0.5091588596321183	0.294291974780813	0.46619254852607744	0.511807570055117	0.4732693363908402	0.9872384027280724	0.44221379229968943	0.5259439851984349	0.4809411257264888	0.43645379313258614	0.891854197667371	0.38122115245146365	0.4645960625378278	0.439416064378709	0.4210991812759585	0.6586138615063172	0.35088263549709203	0.5753735284267285	0.5448765325081262	0.5231826337523683	0.42348591545336656	0.5206118628774753	0.44873933695204016	0.6247967389656631	0.8168130603228836
0.5151703062978751	0.3290179781227878	0.411262922447958	0.3565406292855884	0.34017985640638837	0.28767015972925836	0.2198819720989099	0.4030536588554008	0.3332662997288287	0.3951339163807467	0.5479476380783768	0.3506604806004595	0.5330504888939047	0.8543433564270543	0.9595348290127016	0.8942087670712398	0.7720015927654433	1.1078740336755009	0.8891051671446673	0.9261569768663724	1.242398841994083	0.9639041471944045	0.7560820167995468	0.5693250416882207	0.5647569109143149	0.6465179726337383	0.5885452011521254	0.6606674125720376	0.7666467724359993	0.4958478342151017	0.6989305504243576	0.3833150164146421	0.518901871180719	0.6900342432765864	0.48650051345071443	0.43245429946085884	0.4238430012916584	0.5200077067870463	0.45363295571873047	0.3481283165942871	0.2922654323308879	0.3499176777069765	0.6282700834497394	0.6026424527776574	0.5116795041610559	0.7102162600334986	0.4783601090168858	0.741066873751063	0.47817287585568385	0.9459684618597227	0.7176174371087142	0.6314080175573439	0.42162626611332304	0.41805185390309924	0.8614550806011703	0.5745007113312423	0.4286804627790457	0.3179798505950855	0.25021995113223033	0.4879395065930116	0.42406109029052674	0.41853049749098764	0.5264637762633222	0.5272599097200175	0.5718905823893651	0.6676848612314088	0.6869046169536811	0.40901029070895645	0.9046510750961212	0.5159911896349061	0.5617810235194669	0.3308869937490551	0.41344204165281967	0.5625787828786317	0.3814494417957485	0.5094617322131888	0.44577615104460505	0.47405261527067183	0.3258230302865284	0.4711064625412467	0.6446423271701746	0.5732335205988609	0.5103938874345538	0.5419884500628034	0.7207795901610548	0.4004466143133769	0.7284257113466881	0.49962658667650084	0.4823458752571561	0.3339439902392095	0.5828764463858274	0.3383238346500035	0.32566786761156846	0.3863034829488094	0.537487584404666	0.6566061766990191	0.61093272997352	0.6138121513000457	0.6410225184937071	0.6929433115410598
0.5423663510339823	0.39858958142813883	0.28846633975146124	0.32423165815453164	0.2815699745845446	0.2895805276517844	0.2807697489205507	0.4105818848202381	0.40595741461337465	0.4366497206451448	0.38836649179172394	0.5523055443042115	0.41592824933865374	0.8762996109651643	0.6564529288529476	0.5288852956921639	0.9031366523402806	1.0060834434859367	0.8820904705960163	1.050897859277305	0.7721431726480014	0.6264819246611536	0.6880066302229761	1.052825435421308	0.4830139849470656	0.6200152090618725	0.5553538175058312	0.9179635044342853	0.3910331320887186	1.0546827828807788	1.0117630019052188	0.6418603689366826	0.6360346889639894	0.447307523476664	0.384920430105106	0.7268977435122267	0.46175008780524257	0.3858734652359313	0.5711683213641664	0.44864496109321	0.4513360126799852	0.5565536753893683	0.6798660380898476	0.7998542037621225	0.7392035022960448	0.5764338200055062	0.8141466360639746	0.6934666764526222	0.6893172780374858	0.4861196427196769	0.5648581565272566	0.751194654905002	0.7557147716181807	0.4829398896275039	0.451201661692099	0.30442831120020425	0.32326672048817645	0.394602759160664	0.3600511288479115	0.3592227449551394	0.43105029585372723	0.3504970797104849	0.7329159172357861	0.5009449445834351	0.5586690251251559	0.7521504703664731	0.6997920794418282	0.7432529768262978	0.7500823398805248	0.6381087485272607	0.4062789487853438	0.5361494193544248	0.340015253660047	0.4138855548862048	0.29610121229996267	0.43062924714329576	0.536658819629356	0.375076761133736	0.44101557346481135	0.5236652133158993	0.4371511775762637	0.5311091734342211	0.6961858410760605	0.7388485387292958	0.6641836912040866	0.5229043499094244	0.44362115046053935	0.420404313736365	0.42541137625972164	0.5755894013644008	0.5615604184129246	0.4242438158668567	0.4224058009129808	0.32650010067998864	0.4473297293070304	0.577784546704876	0.7434014501930274	0.9800778525313161	0.7154984829048395	0.6428726240989738
0.4954721994321285	0.5342796041532831	0.38507446451046956	0.4511351617919095	0.3822610621010355	0.3133321696118436	0.3624729864143146	0.329882466765685	0.4957772222881311	0.4523951394040763	0.5297575746292638	0.5150260647702194	0.3982767276570998	0.7562693690842472	0.646178816443229	0.700356523924937	0.5702386405170639	1.049964016012239	0.7777639120008146	0.6114236898170226	0.8127486319246776	0.5709249459204996	0.48881934774826685	0.5728778172876321	0.4739202495227454	0.5229069042493624	0.6378380008937478	0.7288523188024545	0.5677975311926922	0.9332928578386227	0.7981401766214388	0.9510361112199002	0.67425225748315	0.4559467448598069	0.8136866363980659	0.5839267213161128	0.576009224458704	0.4882773811354639	0.28778405573274335	0.4705093753075826	0.46825104274322876	0.667161057984169	0.6398429275540175	0.708567441543919	0.7836502248493259	0.7806701911605859	0.8160634158923882	1.283962503269448	0.46426127407506035	0.5108097727210842	0.9384795934058291	0.5145471621438406	0.5138028676464643	0.4906402508093163	0.5730430057835944	0.4041029604299527	0.4334202662764765	0.3886619564073889	0.28433893702589697	0.2928168454823152	0.3445874158440035	0.4769130917588691	0.5366988623514217	0.86332865454578	0.609100626555943	0.8614294367773074	0.887665134259221	0.5232916055896946	0.6640833868115661	0.8683219788023308	0.5084263104315793	0.5987017966744841	0.3209491049234366	0.3866379491591242	0.5458319178412923	0.44714854365399126	0.4644897282622585	0.42554847317314703	0.430824724044993	0.49637362740476837	0.4706187937684369	0.2939046360400819	0.5587804465424288	0.5834588695454083	0.48095473800290334	0.6795068460586893	0.48730762181530257	0.779893198848568	0.5071759193522604	0.3173719986376963	0.339564545809063	0.36152551230827495	0.39417278762047303	0.5959252162260751	0.4369603837912532	0.5445765513902681	0.5818360312535612	0.7819504459903056	0.5170456557604032	0.6690732536562073
0.6010695690962493	0.47850839630254793	0.3961306055430037	0.3191509063319226	0.41164772779628084	0.2815010554587264	0.5202812670767513	0.5966329831429731	0.6273424158398619	0.5942271553024413	0.5851366130116822	0.8294395287652104	0.6171741127243621	0.9731755149184531	0.6730643067938583	0.5861193433459675	0.7968198242035952	0.7413035015267465	0.5384918893778196	0.6523531269958985	0.5140240595001119	0.45406452954337967	0.4071987482805541	0.5882712337367545	0.5009366297619394	0.46524683832880104	0.3814044179606699	0.5157333678954115	0.6912353734647514	0.5921657460953108	0.7004964036365473	1.0212815329584302	0.5243468282186594	0.5821224499665497	0.5692945345149075	0.6665921127908565	0.43399165521546673	0.5718650856079456	0.4163802396812725	0.45768411503416423	0.4185652727548937	0.8720725929688045	0.45768074696041483	0.6717236804059404	0.8066788839994116	1.043803527890051	0.8687466217657887	0.8469967230464617	0.7211845816982502	0.5348840957806219	0.5383884539113695	0.9292702468103576	0.44663962278505015	0.421798524699291	0.43523154129390257	0.3269601052950631	0.31881711627882825	0.43157670172120244	0.40031706748533885	0.5262157506834307	0.3180465663401573	0.374284138981754	0.5098679825117655	0.4298950773211687	0.5330453772974308	0.7883865112983441	0.8537671630240405	0.7427257795386378	0.7844776326075482	0.6027963702110014	0.5567894726614762	0.5013403792605602	0.4538439124267706	0.3202617132498148	0.3785166762048241	0.5846647606789752	0.4050815811313361	0.4037914142169568	0.5844475034318432	0.613678276504174	0.657156836485151	0.4181765580469083	0.5296992811998498	0.4933132097099827	0.46613065481572075	0.47596526849169635	0.48561280297658044	0.4985890657362217	0.6167286440286783	0.3202352587396798	0.5215779450340463	0.6239151822847483	0.5329984939719715	0.606479816462645	0.7137217500577954	0.6570291270968738	0.7673306757458581	0.552165655884903	0.5720744098042682	0.6341349539588295
0.7144996481011572	0.4914075329514104	0.49117081737041113	0.4007351947837022	0.35533914149671825	0.39796144475347417	0.6267129904443802	0.5011069041709224	0.4224756502779083	0.8530486894461496	0.7148936123631002	0.7088188380338932	0.7225419210971898	0.7860159292102886	0.8490178024261207	0.6991316003508841	0.6362516626881183	0.6490812211798642	0.5870242278283534	0.5757683465478561	0.43955751370227225	0.4224089635325693	0.3357877019996746	0.45906315656339247	0.441939116131835	0.3772543525157594	0.4374877810347368	0.7422767406209575	0.48261700610437686	0.7620197873908796	0.4978701686997679	0.9109413623310266	1.0946809210232629	0.8119494433920483	0.7475225199857396	0.6491558341886339	0.7371083712655891	0.8501317407603308	0.5491678294262474	0.5899360449915984	0.3717819965776176	0.6705693571561462	0.8693335952704984	1.2652994683823553	0.9034862473445621	0.7513548543874469	0.8419896064248884	0.7967942550544084	0.4274697841808139	0.563714194469931	0.471739098451842	0.5406443351870236	0.7076088574309873	0.46619990334569783	0.3983975957584865	0.5283860633881845	0.4114181502546349	0.33238193414868944	0.5821523035599735	0.4224830634995765	0.41527497697209886	0.5716832628356127	0.5071253793153273	0.6165933467366221	1.009525684878515	0.8179264750044997	0.9671914163834686	0.5764476646928275	0.5631547148309881	0.793834376647153	0.5101880512979381	0.5497276253398083	0.4286960812191057	0.5143916249473246	0.41376408099749895	0.48348299233188236	0.8351097924326892	0.4398491735704277	0.49138089983195254	0.7912807103587388	0.49742692513905046	0.5395525332062558	0.6567091917001375	0.36947816639922154	0.5284289322199777	0.5508831293350853	0.5844646906095745	0.5928783882939934	0.4138187941321002	0.3868398233385745	0.5441515034606133	0.45874565590803196	0.3032854473974815	0.44966867637796326	0.45127579839974113	0.6369116527423305	0.7941074423581163	0.574800717305142	0.765123885116502	0.5945905758177945
0.4717467095559245	0.3564301142565667	0.40730783646330293	0.5456565676353071	0.4580443729655656	0.539614634058134	0.4208765303951458	0.5102648517739552	0.517318439952	0.6475857664480017	0.4454282236653497	0.9717499527171892	0.7588334343368079	1.1301580286192177	1.0463668233744996	0.8693838413223646	0.692215044335891	0.743188256380398	0.487927974493662	0.38917633283217495	0.26385516193835973	0.2968503921325832	0.3553298889837984	0.4617887608757287	0.35300771524419017	0.3255939093115678	0.40614268956289346	0.45384860119097736	0.7674441701421683	0.8299708289155964	0.7356216190666036	0.7800909104246829	0.7306739339747634	0.6874911004250762	0.6967594626243045	0.7589199698344562	0.6420461393530931	0.9654953475971026	0.5353635724295195	0.6786395460193351	0.7949703555514873	0.49132965995314504	0.6540647720697534	0.6007401630455078	0.9812705800307674	0.9360596580326594	0.7105553782513508	0.9697309123333694	0.8901110972424944	0.5517655413691567	0.4775349469692124	0.4232900936499579	0.39312957600924947	0.45182862604664253	0.2848236682396184	0.29814291666338755	0.28649895824063454	0.3255545726902056	0.39557423468308195	0.36227564312252	0.43728458940071824	0.43835135873135406	0.49595253129061695	1.0666054613011193	0.9099891308309663	1.1334003856789885	1.1151896195787452	0.7434541593052841	1.2671426120787652	0.5967563267147294	0.5906110515726355	0.5857044758312396	0.7838179141207249	0.5920740603141275	0.6242142297306257	0.6414549085254394	0.5801919944525985	0.7724749370358933	0.8568549094025569	0.765682887565676	0.5723274447454657	0.6920579284208346	0.8028599334887497	0.5573528268394956	0.8264107209862412	0.6439308878106749	0.556102733260277	0.43307062624011744	0.39515733451868434	0.43383986533655433	0.5917209583598441	0.584023832389352	0.6474024148428822	0.7055306758208447	0.5156776307783307	0.6993893460411436	0.8305862171747733	0.8608704719976948	0.7676386941891274	0.7074831129682656
0.7074606509800708	0.36820136429795847	0.490393663344944	0.576426668509645	0.5555650953166364	0.7216638061164324	0.5046641319258328	0.4490568098942332	0.5222991526549026	0.7342988678059231	1.0393030724255403	1.2067940749416464	1.1224861303349194	0.8370783175784858	0.9365983825296136	0.6323722050385474	0.9350756640434512	0.5041002084581148	0.436594873846144	0.3942884016551725	0.5455615374363397	0.3082868670459428	0.26229246563861613	0.36851617121961805	0.40128293967699824	0.39869595508436856	0.3825338446067484	0.3392792452368026	0.3943246639317654	0.5867831670429844	0.9973312116738694	0.6927526644115202	0.5814927748957938	0.8143561570291579	0.6016401779986106	0.672987998608474	0.49818678609907363	0.5326898965036891	0.48781192326913403	0.45509410466069133	0.6065151907485271	0.5719713197812231	0.5378342425302418	0.6904076973076061	0.9592217279508913	1.0197208993163018	0.8347721716243547	0.8221971404875474	0.7292597947856376	0.6481661054707755	0.621248652561373	0.36364233382351263	0.41185800086828145	0.33132440562612303	0.3756866036907442	0.3335761046605049	0.26986902884193503	0.3169395195340533	0.3334040053042051	0.3017211505451594	0.33878290888659	0.5858833015579117	0.48157197834562604	0.645201818365375	0.9195134180164675	1.0911674060076	0.9612969636001604	0.9109182885705583	0.7305124339562	0.6872139738529648	0.583031663147987	0.8864917107863846	0.9935088550762194	0.4362636415476254	0.38604478576998197	0.42147683056800006	0.5935374395806525	0.7848433207122452	0.7097158512311977	0.7385452757223324	1.050485524560874	0.5395015339756979	0.7590278000766278	0.4823200092517591	0.6505060443766253	0.459527516399825	0.6043039034635099	0.38767833438218535	0.4748936253641066	0.5580496008229847	0.39800289392674565	0.5143151264670395	0.6247161671026734	0.6020754439805069	0.6894412754092608	0.8196558722932096	0.6987319216868731	0.742202606453834	0.7394881442289665	0.6714643422465083
