0.4652955054025766	0.4039353130422684	0.6311996760418713	0.5083327162835247	0.6242263997052186	0.6422928956960074	0.536526588037222	0.3775391894128082	0.7020035029752603	0.4763077713117818	0.49913492696166173	0.3725163185785001	0.5612081020698626	0.46850390906614225	0.5403703909320309	0.5160516165812913	0.44174944239247993	0.6218390175598554	0.48915142471806294	0.6307929639663588	0.5257220972335217	0.48850758180270365	0.5445368833915946	0.518032851647152	0.5011286727683321	0.6358599814013816	0.5755309764353956	0.4305141549833639	0.5961266315889978	0.4497473423593946	0.5779474353483214	0.38123699168249625	0.5088223597212512	0.5379036277452125	0.4338224680121531	0.5360163868488512	0.5067331082495063	0.5386185633918128	0.488474646320727	0.5637142691596407	0.48657463572705206	0.47156230390164544	0.36400198794846017	0.41997054159763336	0.43403709761924814	0.494774646320727	0.5514600814527582	0.5178267634214	0.6480934347963668	0.4144268022648757	0.37360369483848865	0.5658391046634067	0.4513787357418456	0.5741724803714408	0.5480705157019828	0.6094893489064735	0.5453413624245447	0.524712069075179	0.5670475318684729	0.6179662014595356	0.5686764403143071	0.5862952123108964	0.5306055359150694	0.35124104579136417	0.5340451834725585	0.5100263714554184	0.6176138995580844	0.5246973111669068	0.46477446387409893	0.6133096924294639	0.6009035335792108	0.5770412529565677	0.7056119690238023	0.3724432282197008	0.5307203562083178	0.42637883108492225	0.7037057336636728	0.519913937224485	0.44304939648655406	0.50236198138309	0.5540995041889184	0.5578451340354076	0.530986888688432	0.41912668926567376	0.39315795316987245	0.4466807675045795	0.572666281500637	0.47551414792091373	0.5882328245744265	0.7420973076356815	0.5996181443531057	0.6174534458871219	0.425526237268866	0.4955430116378971	0.5057616058961585	0.3935138289335832	0.5611303855437354	0.5876284632489783	0.5437702861723539	0.40706199668506515
0.6346621826629183	0.6235914807205841	0.6933224750746032	0.5396203962288684	0.508772309695563	0.4902492328731262	0.6453306080109144	0.5421911264210031	0.5542306327294897	0.5044513811662872	0.6361555247328565	0.5583911558478786	0.48813513412686527	0.5531309776124707	0.546645567199015	0.6644913488881818	0.4743619837372399	0.5242890970124191	0.49548879332706386	0.5240097395124648	0.44792633614316774	0.6530783520153891	0.4910389975495799	0.4203956007456532	0.4964120408253785	0.35810566774747155	0.5146994229707421	0.3061015771492781	0.43706607433543343	0.4091098101369659	0.6096764697411825	0.5890597342156272	0.6314450810670317	0.4487076124066542	0.44268908994996903	0.3707349681592874	0.5329935195457682	0.3776746533831773	0.6814873006646892	0.35741008086422066	0.6293934500983421	0.656653747218327	0.42107883461614726	0.4059435719256066	0.5040643262477793	0.5887913524194069	0.5353538766965792	0.4329705333581082	0.5107350281901135	0.43946846157482355	0.5477600437863575	0.42694107639531464	0.5457598330899289	0.3481535282823732	0.5780661520223846	0.4600391835274331	0.476749622484958	0.6579452352638593	0.6832243302760843	0.5055556365549837	0.6323222325971489	0.5638993782418913	0.4989680425361163	0.5812286868932321	0.655397275854656	0.49231185484752515	0.7124785956699181	0.5449848357383476	0.6274139384015602	0.6096304914804873	0.5737576671406426	0.6831723226433881	0.6328369693180709	0.4612308869776941	0.5773915372201851	0.5230415001423221	0.6054328610637522	0.44349711224122823	0.49926195431036435	0.6088079384564347	0.5207578495872707	0.4887096665338135	0.5250827180491372	0.484764136738701	0.4563768110929384	0.5410267445881997	0.46434330708372706	0.40317465926855234	0.48199939825216653	0.5678076147608042	0.5179221666809479	0.6603512611046353	0.6734660001797071	0.3403512975939608	0.7547345432352052	0.5559202385008157	0.6669306009484641	0.38368066509905274	0.5450931264027115	0.4353537483954021
0.35043299995860444	0.5714849228418992	0.5222953806326244	0.5942599660994061	0.510818346810009	0.5483911228897781	0.570757691859218	0.5033036724740633	0.34111827500843284	0.5110765168241834	0.5850347715877591	0.42687449683219947	0.5289391976523333	0.5073540591432074	0.41693742249195365	0.37629975255174763	0.5310288104861093	0.6116950863638693	0.5042159842891943	0.43301193959692663	0.48080789490465903	0.6213056606850216	0.4949056830494467	0.5209683215028961	0.3775350635023641	0.5038911711498538	0.4644431105121988	0.4840182173317569	0.5395347621711588	0.48420345236103446	0.504511904284676	0.5255473894423953	0.36113281751197635	0.47510773599953127	0.6898618519048378	0.6013391046634068	0.4617497566715103	0.38316647336386533	0.5315100408436699	0.49700807382006207	0.4701932087979629	0.5984557601478606	0.5547329069696779	0.28360800908093586	0.2943140961296128	0.4891412823834431	0.5063289552663368	0.4894372529931508	0.5031829887763918	0.6689787934185215	0.3914182938416332	0.5231722896852874	0.4144243985464353	0.5673202432091158	0.42314328354222674	0.598168366231747	0.4380370211093718	0.6254638766051215	0.34367641677280664	0.5135452234931092	0.5090535553550987	0.4776076147608042	0.6256285091549042	0.4707245468578879	0.5218326939190994	0.5438576589011174	0.5430368704437692	0.4797848451549478	0.5227305350322631	0.5063929357165583	0.5714556412632837	0.41128701698960923	0.48507643442893195	0.4698807733899547	0.617060137952359	0.46796649101999066	0.44693709879632315	0.4664285891960055	0.5342995159596686	0.5090371270461236	0.4436121761890057	0.44063899166420484	0.4486286857161572	0.6453828698918147	0.5196558543138624	0.5819622309229943	0.4787785191600419	0.5248639283964224	0.5520952264357967	0.6949512917085857	0.5870993076173899	0.5881451069626822	0.6109451917120836	0.7382930192888848	0.6233407397518589	0.5423034323507591	0.6859578295769955	0.6842681955558689	0.39649755952973587	0.5707328198661265
0.4872994041375417	0.4584848957691736	0.6013765180012582	0.5028680990357174	0.5726097983662157	0.5865244868270619	0.6775974229890335	0.46243075396821687	0.4723057866320486	0.4957265715581718	0.6289784473584655	0.4088119490135268	0.37884552011601424	0.5784204880407201	0.6147915407514102	0.4323851441320029	0.6319331306139317	0.7256016995650802	0.4369892206052962	0.41713913173613215	0.5562370646611475	0.48841629856822477	0.5702911287751531	0.5742808534310561	0.4824370575986975	0.31575765419281726	0.4827806144848269	0.40512417607925655	0.4184951711132708	0.4011350164193632	0.5091329940732295	0.6231183750598096	0.29178915704324504	0.45771191605542627	0.5155992558260891	0.5745494506320049	0.45918301820326723	0.4726245456808129	0.5864974583012843	0.4736391988294084	0.5854975018530599	0.4679518237464949	0.6087493705909037	0.7342599166622553	0.41628682041808085	0.45654331179202723	0.5353413212269189	0.5760935207228434	0.4751204444889442	0.5768932464643637	0.4689202785213663	0.5138640413956245	0.6494994983035434	0.7096224020959521	0.49188706407261007	0.5899578907848964	0.5969535047408727	0.4387306998227659	0.6081201149079385	0.6251347739419091	0.6455450198591306	0.532280382601048	0.5933324314313698	0.5305721649153353	0.6678573999446131	0.6370803637678477	0.5778951487488453	0.6246056618620964	0.5639098195535662	0.45202642089256917	0.4509096806587138	0.6030829287455659	0.6018410763953147	0.499049567162432	0.5087995701051196	0.3546724615382405	0.6446389186855536	0.4024744462179737	0.49191413026478836	0.5401373036073767	0.5224037995981654	0.5964078748943835	0.6459369292975202	0.534726533891771	0.5774391223195321	0.6547202620423159	0.5711116794633471	0.7016493917782539	0.47337648975145785	0.691947252901693	0.4502493611743035	0.49699936882529105	0.4856849828727251	0.5058890970124191	0.6226868792718319	0.5507745133112498	0.3696724321113649	0.5721746392582769	0.5046225480532543	0.3786597718820279
0.43082855388375496	0.6167304961887874	0.6060638895529469	0.44211188309732574	0.631307718343406	0.40343713175442375	0.6432975948419865	0.4509662732611118	0.5583536095005497	0.7272514294263632	0.5599075876880786	0.5393119137012762	0.527743236459226	0.45993071277059105	0.44525375663492717	0.6293932417560635	0.5155204221245189	0.37796834975269655	0.493099487709868	0.6115328857823277	0.4050662379488612	0.36866396135452295	0.5825286480497565	0.4582328281056516	0.5433118748578004	0.3669409327921623	0.6310202608652411	0.6521345644225554	0.40124508930655683	0.5410100773329956	0.3790099502088934	0.6131203103023919	0.5445828698918147	0.7099182655918327	0.5816203044170167	0.5607307751555672	0.548416310338975	0.5632556212530083	0.5282619425396143	0.5806892335531214	0.5370621544131179	0.6044059090478509	0.4006683473985466	0.419595361799424	0.5570203055940918	0.488066230886411	0.6619038819934168	0.4517143032948163	0.5872996925209217	0.5864204809782698	0.45179953596994404	0.48315996021403096	0.6441891170226945	0.7049225174493038	0.5760870475935598	0.5700099160737178	0.5495784732541161	0.5153556118364082	0.5820722579042619	0.6443990922126615	0.4655930216430347	0.5744555094308814	0.6677553846609292	0.6254699354039979	0.6134680025155657	0.5119493482264783	0.4328286880703073	0.5635932711829391	0.4258974641866593	0.4716973194064318	0.5316472175894424	0.45107436499979725	0.5963911523166536	0.4264287386845331	0.6515830382135426	0.6170872677065886	0.6802099478547433	0.633132914032128	0.5246267328174494	0.3300081056010876	0.5104059867348022	0.536862280360145	0.6077183821222596	0.40803089639429435	0.5770264256008693	0.5953118866285507	0.48416993187277285	0.5002347327442834	0.5219495271418814	0.40330777013470687	0.38498909230411904	0.357776497990983	0.5828496165995828	0.6401577589524942	0.4646430587208978	0.5602452493887596	0.5288057878091238	0.7189955877978279	0.4674517060389928	0.47609103814037657
0.47695565656525885	0.5401430857936234	0.7122367774548426	0.5008659742840567	0.5839806568595277	0.34656011323378366	0.3657602674306114	0.4386978914648917	0.6029850652679766	0.5089869781461337	0.4184223538358761	0.4542223726690765	0.46033493402411196	0.4280745615713256	0.5638309411231451	0.3795223950335018	0.6008766321775353	0.49331191252420115	0.5321620249348655	0.6211847757075217	0.516207774843007	0.5805536424586503	0.5580224633038531	0.44563072454134134	0.5118870970307106	0.5416287069035075	0.6717640472809994	0.5021806085994518	0.41576413556162595	0.4072537189685266	0.6563640931869252	0.42851833621633395	0.5450809181701822	0.5545497401924601	0.5797810452942843	0.5316704933375577	0.6861725639437671	0.45732855741498	0.6160804744128996	0.678566161438985	0.43015793315959716	0.5845913288779065	0.615424611597014	0.34528296405781633	0.5452454977515889	0.3531455518970398	0.45834573552074287	0.3278312247982249	0.4672455142306391	0.6529016136386038	0.400572612203843	0.594385146486153	0.5133871252805111	0.48852031383361705	0.5618680860878922	0.5141452717531849	0.49948479218657194	0.6678118207123496	0.5968013652757744	0.6042595647168243	0.6509824802799831	0.6725554388063801	0.44954506929628146	0.5362575965161414	0.5966910357862266	0.47500146768130125	0.561809703023139	0.30131617968364766	0.5194123292087582	0.5278392529748592	0.5762137924442576	0.5133825509044843	0.5440703061826294	0.470339178819133	0.39979144540833356	0.5645811041480354	0.6019247799187419	0.476180851076906	0.5442164645358027	0.4634729629721991	0.3899915690012107	0.490145614282016	0.40025186847534566	0.39665393201910515	0.39474956009998186	0.6484911122961029	0.46979310992366125	0.49298494285217453	0.4530244832958368	0.4096997325414724	0.5564683556380717	0.3725871535303117	0.536143298844202	0.6548181949673315	0.5998848086656223	0.6762744332701486	0.4676225504074045	0.43477445092627376	0.5070058184130742	0.47109319231891267
0.3852911723269288	0.44232036327076774	0.5728515659670655	0.6231059055166258	0.2973768334573639	0.532972729911345	0.7396333001127346	0.38531664345120575	0.4077705957430843	0.6255538096033031	0.564157867243396	0.4994078125094076	0.4935141891185394	0.5784497025260593	0.47018503701817604	0.5043744768219242	0.6154952488002221	0.512049335278653	0.5394556777526093	0.47365986604802945	0.5510661520223847	0.5225850464347763	0.4869394401297874	0.5295685133661244	0.6850622003190437	0.4181287998924341	0.5005639519379229	0.6566263938198438	0.4481348163166099	0.4097930981529111	0.6106202114280902	0.6015514529678635	0.5706536918958012	0.5039475507016732	0.4766205410090959	0.5159100502602701	0.5088183432787841	0.6067349669822124	0.6077744438638236	0.47502664689097307	0.5366539108317548	0.6650560438229405	0.563584862811073	0.5544287575177335	0.5736935266082185	0.5068353695418694	0.42332060810237204	0.4394351341268653	0.5560934665773924	0.4400435695714565	0.6794309834978458	0.49290391495151753	0.6582371046816984	0.7133745003634246	0.6358181361135804	0.6859598495689792	0.4548556659818591	0.5371806804010281	0.5084410975826651	0.5524994123770669	0.5692346456407319	0.5281491751964502	0.6389555988885829	0.459338944581204	0.7069514529678634	0.7164451222646573	0.5857535200428481	0.6423873194978895	0.4286791159370771	0.46817068755493596	0.4083349575656122	0.4992350164193632	0.5743181996756315	0.33511415380628884	0.5565226998959322	0.5775707016798362	0.5184955842666029	0.44188315592104477	0.35288952429065135	0.42633534246914384	0.3361372835971014	0.43343932713058564	0.6563018278662573	0.4754310976741227	0.5918622485791195	0.45541831385190845	0.378145217607734	0.4923201019601133	0.634728439707478	0.4701870169896092	0.4041703332553548	0.6079808157646555	0.48389959246954484	0.41731009734327096	0.5860620072787404	0.49517445563457374	0.4960996878126216	0.5555579155034718	0.6845828487044644	0.41964528940931034
0.4492392871100349	0.29462893996436157	0.5548892088345461	0.5359332000613579	0.589958099127175	0.44866436509125496	0.687235296563218	0.3401977455075891	0.47210600321385243	0.42162885639203507	0.6277682908989456	0.5132286492268315	0.5466141420355386	0.40510390906614224	0.34255370484362635	0.49391618439194784	0.6641388751337779	0.6736471905167171	0.531080728661104	0.4606329258028782	0.47128933948987317	0.49099557838122765	0.6233394024633868	0.6077164374630771	0.5488162891516247	0.7016660943457088	0.5336097453978398	0.6350074558556764	0.49565977776740294	0.4949683167945961	0.42347458982112607	0.5865472670265933	0.7112598083713535	0.49454933410157803	0.8087808687330312	0.592697442999309	0.4281723226433881	0.30330598320357705	0.5528495942351576	0.5348869734378334	0.4091017089816804	0.43373300819812965	0.5626183044353085	0.5477869934481089	0.4295017643042064	0.4489017548876062	0.6310664521765149	0.6204705086395329	0.6356936066493197	0.46339169141701264	0.4410186328392389	0.7147871064473108	0.5498392188396837	0.6475787039608201	0.5835265715581717	0.45966821438906924	0.40483059270893906	0.5121577424734438	0.5707201666992394	0.4467806945259283	0.6692346256304564	0.4577555329723818	0.6072620684866414	0.5423138972039345	0.6419910958170525	0.545372200227586	0.5631350328984135	0.5697913924399576	0.6549226692919815	0.551237085848498	0.5227870322915844	0.5881496107142077	0.7462579614093976	0.4643684910016991	0.4131020185524107	0.5562312754124509	0.5579000421122028	0.400972900587223	0.45296659695674246	0.517270817033188	0.4471393730365114	0.435983055869668	0.6607997831556981	0.4190122162095564	0.4290144374813687	0.4818872488733882	0.5869766227609352	0.6404743638227223	0.5308848039573221	0.45667648151193274	0.5950161985168481	0.5351809193472572	0.543080849899831	0.3309976642894128	0.526620380926893	0.5007621814858434	0.5844998031659736	0.3599162797350244	0.6302141914726895	0.4481787981268217
0.549260248597411	0.453795646651579	0.3669557789810609	0.48511628208917434	0.5152579319825221	0.492106043234403	0.6316518873085458	0.466218285602108	0.5266077336453813	0.441626529183471	0.45018898989859224	0.4401578389935955	0.47599328766198923	0.5690204762699698	0.5423745309673751	0.46516189310246336	0.6597075676778033	0.5481597601112778	0.5545913253466815	0.5188934489212671	0.6286788157829469	0.6624268505249515	0.6707435224884559	0.5932309175816447	0.5205517013306927	0.6322411740925414	0.5821181325823553	0.6075137453612567	0.46682643501746945	0.5713515730295154	0.5782057148304725	0.5962974041558333	0.4045703261929047	0.6145138336418834	0.6256700742988504	0.6311742602401205	0.46172204308807074	0.5835202126051653	0.454603776056665	0.5048890216796178	0.5307579155034718	0.736001800793532	0.6103704132964561	0.3356410834577649	0.35988938657287406	0.3614602191705355	0.38408742661171624	0.29318317828547014	0.5914688653115554	0.36586448044460695	0.36521658342037966	0.5356559425944889	0.649091467772759	0.6164079384564347	0.46488485339447305	0.6157848428007978	0.4868202055427151	0.5094618483736126	0.5143202396778906	0.47831632917217526	0.5506640378643994	0.5109888827847654	0.5590493258620529	0.5678848074885472	0.601474356760272	0.5578493741221288	0.5052368951623447	0.47278916881399524	0.6971120996791296	0.5810245339100626	0.4976912676700056	0.4670266339431479	0.5045183738827346	0.5614142974094413	0.47599983259284906	0.4419624063071721	0.46117074287746174	0.616183113546344	0.6391498885039125	0.5778208564652013	0.4647976136751868	0.495581032346459	0.5248290670884638	0.5706142750450158	0.5442768146241634	0.4491039231910424	0.5834036665886881	0.650003721911214	0.6888159301437435	0.46865756826634086	0.5736139607659856	0.38871820320685657	0.414078932313374	0.5482872924251639	0.7341286916015324	0.39325375428077713	0.4754164315777021	0.46463923767288395	0.5025394189424373	0.33296244868187297
0.42762877752800876	0.5407475777743986	0.49895176018444387	0.49634118350914147	0.6278662120532107	0.5156809005140568	0.5701183844764097	0.44439323351653837	0.5651742731879457	0.5015222078785737	0.5968598472148291	0.555664076707875	0.5969827439447878	0.5397994041375418	0.5446640778849501	0.5452201796470646	0.5513367774548428	0.5680975454048357	0.5561308987484443	0.5297663321148628	0.46829354661849376	0.46693511647073993	0.38124766487795014	0.656893388890441	0.5269019502820596	0.5052976101439618	0.5638327998558511	0.6522014288378255	0.4749368998706448	0.6169119666696521	0.6174786062635934	0.5962329552297537	0.7248035959641869	0.3731974076870582	0.6440179925104279	0.4994283396561013	0.6322387232911002	0.5793577212860934	0.5446765486052088	0.49467646385580744	0.5307599249017806	0.49958716294691174	0.5998391894128082	0.5867787557521209	0.6171476907736007	0.35948317475424507	0.5335686522609769	0.5673164515879774	0.7128685792823255	0.6160141914726895	0.5645394436610125	0.47062278699948357	0.5815435966441822	0.5625411352490658	0.6783431046268237	0.5217076218232544	0.34265767655724266	0.49597040505693113	0.5394307280725664	0.45382244564772767	0.6076660813978835	0.5855575400165405	0.5442971428451786	0.42408480631147216	0.44803491283676145	0.4973828157463638	0.378787117040986	0.5312789111260235	0.49536422148810244	0.5258474070985208	0.5703850028830006	0.4772911287751531	0.5142995912924698	0.4854120149297281	0.3666539096546798	0.3527414130387705	0.6250788393244474	0.48388294169339097	0.4752226210319057	0.3918434342078293	0.6016288340276098	0.4762142420869153	0.494141263550243	0.557832965823429	0.5093474989103723	0.4916329811254042	0.5665808663788813	0.7905140102031364	0.5748909074850493	0.4507347951292594	0.7591117677439737	0.33190353946458595	0.5476871158639111	0.416051947339372	0.5388017843144817	0.5774016065761537	0.38504542712708767	0.5323058549023998	0.47288929711517247	0.570870686377861
0.681820432718194	0.6622307704472672	0.44387442973892344	0.5587347574628589	0.68509930761739	0.31338088168085654	0.4955996760418714	0.6286391552776327	0.514318230279582	0.5255181537697058	0.5479619472479144	0.452457753067119	0.45719308991338586	0.6021346303387566	0.4912972640839058	0.4298558025225614	0.4932223197007005	0.4065952593938972	0.4678328999072279	0.4649891664598452	0.5576684121376727	0.49652661393287245	0.3578142644513408	0.42071655281642917	0.5192998066971987	0.612243242344601	0.5708701049028009	0.7758118736807256	0.5681556153676331	0.7235014865145016	0.589505693643122	0.5143495212565061	0.46285582488698684	0.5060660048880071	0.6982492658312269	0.5831449103911537	0.5379993770648163	0.5271118842744007	0.3551473364740195	0.6306119925653025	0.4447869134070074	0.6167538013637779	0.5664307998741426	0.5405267316403745	0.43802899764103753	0.44748734421646497	0.5953122797716076	0.4748911711498538	0.5174226222089807	0.5658494388612547	0.4477328598866771	0.4543245268476126	0.5338890534606432	0.6182598295587037	0.52857215432166	0.34835348590767257	0.47880354299581096	0.6007412058735668	0.3960827486530877	0.6449556271383834	0.5599576589011174	0.6015054052597422	0.7385159748725942	0.6015577318797687	0.3221661390745595	0.4201932252770132	0.5657351835640161	0.38381856574596285	0.4916496566201336	0.6829829099123655	0.5036537060207013	0.5066349540343873	0.41872861391458094	0.5569724886109659	0.41174331767740224	0.4038705086395329	0.456066112001834	0.47983282810565164	0.6667411646759411	0.4947307728014172	0.7736848910608737	0.38968694047973296	0.48654300575252196	0.4904265762664718	0.6215328092724511	0.55523928828711	0.4801287657572586	0.4893556648047841	0.6533493399869532	0.4293597083199767	0.36486821792029434	0.42791412320233835	0.4327976866538381	0.5870725368710417	0.5924497260675596	0.39157873338769544	0.4720496177766579	0.4082519202666466	0.34340389023294193	0.4709267975565756
0.47047659333405967	0.644918167894606	0.5086347633482339	0.5295368104129432	0.5130576212347167	0.7160538084262281	0.6660973688435827	0.43651400078653624	0.3606744885926745	0.4799516095188413	0.6632306397919399	0.4846638660114464	0.3016220995876717	0.3384366456224403	0.6399160396117203	0.6232912629617055	0.5496766816146861	0.50742855976913	0.5926995347928689	0.7323411411344408	0.6348328045641513	0.5136079113837093	0.5709433635833281	0.6940101173535462	0.5118309517168202	0.6813015347745773	0.7922910911087524	0.6602890216796178	0.5473535306365234	0.63854318819915	0.47653057269866367	0.5793639648857482	0.46524105285381434	0.4558451187334323	0.5823139207454348	0.44425557417000744	0.47154734589061964	0.6731223762003016	0.4013097477519899	0.5107347174423081	0.7015244538689612	0.5689307763326423	0.5326308069365928	0.3694246928151904	0.6181852182877293	0.24208734774768992	0.43197466633100245	0.5684327268771998	0.6152515094674645	0.43697240739278953	0.5132222737947747	0.4877534035124211	0.6294597942464532	0.3854764779807076	0.5560472846827186	0.5849244197337856	0.6016931676003372	0.5561222537844994	0.5668284656031285	0.6349076995102055	0.6622741342930933	0.6588865167327258	0.5666721037074344	0.48663692576629525	0.685668136702118	0.543445222316034	0.3688725404022668	0.5816081079552378	0.4995538661029042	0.5338641026035255	0.43542864804975656	0.43841418676438937	0.6896057878091236	0.6221912970968811	0.40472440796303555	0.48781195019060186	0.4220222867426	0.40887231911216293	0.5464721955192858	0.5150243679424849	0.34061607021567086	0.5687909710471004	0.6875118089415994	0.48741605844492064	0.5395577589524941	0.5456495965893075	0.4604891076060943	0.4773660555022331	0.5238409469170624	0.4859450645879814	0.382489149980795	0.44728508763240193	0.5518687028752026	0.4289621650067931	0.48068292286019065	0.39223068687494067	0.5227829734744166	0.647485144132003	0.5291310199871714	0.5832580720544496
0.6944453718045618	0.6126201608138642	0.4474806156619019	0.5203328339910267	0.5428160914030212	0.6294743791246974	0.675503542995811	0.5340160855176461	0.4561622603498696	0.5285537048436264	0.6254054982486686	0.43714698688273856	0.5862679271827644	0.5808845685423181	0.6748826862681117	0.3921078454675081	0.4395558084079365	0.5412244291503858	0.5759535506467985	0.5917013676299245	0.610024436212836	0.4504786580548942	0.540303653640863	0.5313954889235262	0.6122205680818213	0.6876579802425979	0.7372685992926009	0.513701570086828	0.5302555965344329	0.5987409092506619	0.5760804920690248	0.5030201796470646	0.608420250271566	0.5448994453351673	0.5229868015848804	0.4494118666182755	0.5512285844877054	0.4941598990061301	0.6402535294594484	0.5227389951954299	0.5514182773625829	0.4342204562596944	0.5571141373272386	0.6310913900858075	0.5086018902512336	0.5858433694687033	0.5257642261964026	0.46535981661087855	0.4762617942281617	0.5265264926941455	0.5052389963725048	0.47961822792543196	0.5288327410021002	0.49765140941608776	0.7094679836823654	0.4850764108874315	0.6797617341973357	0.48907217668608555	0.5167283961557022	0.6571700837154505	0.7750220430880708	0.4704240901527801	0.6782991957952631	0.44478471214547055	0.4256744144369482	0.42601607845519607	0.5625869322402078	0.3828643003521288	0.6207874654551919	0.4100351753244911	0.5729161373089471	0.4583619507791393	0.38775591199053827	0.5053581650433762	0.5237600708590829	0.6242805262042005	0.4967160007682447	0.45898896753416685	0.43787005899687503	0.4380346162138564	0.7925972405424055	0.5676053746557916	0.6947865179098007	0.4625179054068765	0.5590598283816288	0.6518889404614414	0.4263930581323603	0.685938832759077	0.7187699248103229	0.5646825085297835	0.5336036901301885	0.5709581014813251	0.40594367433113343	0.45769760543566174	0.5702203303126672	0.47530157126390304	0.525801853761908	0.5815143127114165	0.527074636904127	0.40192677401507526
0.45846620145953554	0.5903870911453355	0.3942349104826115	0.5091620578929661	0.48491839507008483	0.5009245103685623	0.4519349081284615	0.42748294522461605	0.5376977702261645	0.437091181743529	0.5083075606153532	0.5226010874860696	0.7029532928673692	0.40556598134650684	0.3793452187848091	0.37890572777829756	0.4819637741995948	0.5113387856760763	0.5359262090190655	0.8069512363860598	0.5249700036743492	0.6037096170966627	0.594140971635638	0.49244762132617437	0.41853939304678667	0.4818164386401522	0.5865602509515611	0.5432079984872609	0.5330057819237485	0.552345212899434	0.6261098301472413	0.5157284043952273	0.511874344989522	0.5162953441432988	0.5541180854993546	0.4879703485573301	0.586828670414182	0.6001121090957295	0.6750745321444501	0.5523849546229246	0.546959733038552	0.5370474294629461	0.4525745874669761	0.34824757895147374	0.5257309328836198	0.529803886701717	0.4514473576613699	0.6936743002606712	0.43680752765725267	0.6192535506467987	0.6032140714110373	0.40608092876385726	0.48913478218143425	0.5607282843335752	0.5165679860365153	0.45719093102654973	0.4305638507094711	0.46655140941608775	0.5565431387619992	0.43179311345488636	0.5275866897627537	0.6710908533395985	0.6756470598613898	0.6148367904026679	0.5201722814457623	0.5224910393174516	0.5300077513015066	0.5874662073449107	0.3752727051927697	0.7056288057778094	0.6766411175929404	0.537657982596748	0.4726144057003432	0.4841788287307721	0.5677806639219777	0.508882646247561	0.5688991463581122	0.7118178983444263	0.5231222443678992	0.6625324161293945	0.5953971946364796	0.5742887274108628	0.6584076194691042	0.3942638777821966	0.5705493505806283	0.5878805485686258	0.5571159489769438	0.4123220489734459	0.7121033829136083	0.4405638330533458	0.44203284340762683	0.6075182879562581	0.34619549010060124	0.602532854001302	0.4486203644478428	0.49707236619516393	0.6163870240520594	0.5495309046338194	0.7414683415131715	0.41446630386506234
0.45653484221226026	0.634645274107335	0.6515327904392509	0.652030710416441	0.4815953335496236	0.4740329140321282	0.544595527767002	0.4157184715799612	0.27618935950014856	0.4225162785579494	0.4753930416533101	0.6800762202012783	0.5321929722058838	0.48027631554435485	0.5062846085628687	0.6067493941324039	0.6107929827995591	0.4854303419919598	0.7499803437575723	0.6282802025085699	0.6940825379566591	0.4584827227574373	0.5797286963098323	0.5736268105044009	0.38441235157318376	0.3860956796096795	0.3906791889157283	0.5762559143446884	0.453712129106005	0.44651200904435295	0.5002575388394653	0.7413137182885314	0.5332888592432652	0.5134932358706883	0.3742974641866592	0.6157454812725387	0.5938912759095306	0.551699481824493	0.6134245433266629	0.44715993431838064	0.49775367541675075	0.5909683332736464	0.4264327821997258	0.5285745415610503	0.5982790123544753	0.5660663839061638	0.6254974936135347	0.5661890063776425	0.5675910122447261	0.5977163538907506	0.6677392153084586	0.6732433729999282	0.4976536954270262	0.5129285303422546	0.5289182761855079	0.4675516660184421	0.4074328010329261	0.47595140588486273	0.5403473376510946	0.4393202443861908	0.600290889828924	0.6476971145953783	0.5640596400496256	0.47300550060281876	0.6285346585885571	0.4603430693145731	0.6093598801729296	0.5873703897549558	0.530422581011355	0.5209786792422446	0.5753764579704322	0.5494599213705554	0.4246641496865262	0.5829390928926567	0.584553564771699	0.3200703097138544	0.5979366715180907	0.5597013735152997	0.4664619084044386	0.6751076547813548	0.4685949827812675	0.5021720377912331	0.5706763485024553	0.5621555694617075	0.6696534823764475	0.5621806191931269	0.4583661814492602	0.5142077689576318	0.6979827404135625	0.4904577695461694	0.7389496001205325	0.46618899578396744	0.45033896341440427	0.48567457687330096	0.3887058396004246	0.6833743932495977	0.4066452941176103	0.4489037124946139	0.49812884815251013	0.5044642038319771
0.6665015065247769	0.5011305821152638	0.3102765780320843	0.5185390152057051	0.3615576847967678	0.622174460342874	0.42365999081798156	0.5381078760714587	0.42023089521721935	0.4453475212747977	0.5870932488185137	0.5176785556493675	0.5502805827038014	0.6323139890157861	0.7178284738426535	0.6513013970568	0.7336805803496513	0.6538659589820813	0.5997179783855278	0.5005720578015085	0.5259554988372062	0.5706035747768364	0.640464079062025	0.48597053806640833	0.5598623239119207	0.4913852194648043	0.4231352765529428	0.4274247681479917	0.32966004967173257	0.49189732411473175	0.9177114852459689	0.6017302890235838	0.7561243597029597	0.5104038831704918	0.6313163185785002	0.41190162540935393	0.5294997937493734	0.3815621650067931	0.5748724179864647	0.5350681496499432	0.5671266174640974	0.5224390705282311	0.6631515188840647	0.42614330472957707	0.515058099127175	0.5190916196154366	0.4324141985351396	0.5483244785875366	0.6054055947688204	0.6595015383058025	0.4079702814640539	0.6554703520885551	0.48710374074441454	0.6400994347414923	0.584303716025839	0.4506099537401185	0.5714974594783592	0.3685931205173364	0.5355410587391894	0.5668931452359119	0.4688159277895934	0.6090699919035989	0.404222113712572	0.7125575529643657	0.553136679757616	0.42812203249439557	0.516713752423707	0.600159897829055	0.525659953151581	0.6065327680748256	0.5621869098757823	0.47307226732086216	0.5547390469867307	0.712093091090461	0.4762221949307484	0.5319681060981674	0.49132002662731206	0.4755470963507154	0.5578055629877947	0.5780765709696344	0.7053137936213325	0.5341011757666962	0.5192199489403607	0.5041701614024018	0.6656472434850931	0.4160099478547433	0.6209036147973872	0.430659841329454	0.7048493270391278	0.5672285115090542	0.4508931793710874	0.41936813199381784	0.6703598542772793	0.5093120490649036	0.5156681060981674	0.5203367550904173	0.6919160560907706	0.6390952770500227	0.5520871064473107	0.3786246669195399
0.48172036091661785	0.5697868227722309	0.5928680860878921	0.5474451905350086	0.45500969831483906	0.6816762920028544	0.4888472576099932	0.4677204880407201	0.44854534473183627	0.6624141502750638	0.727274466228249	0.6118974465305339	0.5769891229080696	0.8000014394315007	0.47412644325699455	0.5904450787128817	0.39103261858629795	0.6473576129951916	0.5140430540125978	0.5187244326816108	0.42470373368196424	0.4320309140504196	0.5243204715616698	0.5298453612108864	0.46273304351038025	0.42547279818169625	0.39519570785948	0.4872579755342977	0.45864965662013346	0.41818477217629657	0.5997220807544714	0.4947992099201634	0.6571681131606175	0.4958288304963847	0.49858712881173617	0.568001684263105	0.6545309399460701	0.4618474824313221	0.561220371510293	0.5855369905054214	0.5340141326189385	0.49147256865206723	0.5593725627666921	0.533912195022206	0.598266349770988	0.3805601367752841	0.6167247634396916	0.5304454695017883	0.62063064685439	0.7239098760531671	0.5050245280246876	0.532807718343406	0.5905453364923111	0.4882493870699539	0.5765556141905581	0.5431492387585014	0.624493265297564	0.5227743532290472	0.6225431470015244	0.5158079113837093	0.43417869572129486	0.5364347609940839	0.5732450045571553	0.32990954764923647	0.4825720707493338	0.49936996718502347	0.44745753530824023	0.48017432615632155	0.6566638648343713	0.4952804367464989	0.6722200984288884	0.44130563008107093	0.6757389634144044	0.5029138195169831	0.3920095111599108	0.6249886344219361	0.6409553293384033	0.5995197747332577	0.6316658412745794	0.5509826285914357	0.5645659425030312	0.6787908780581737	0.5980512822919855	0.594488742712838	0.7715536059693245	0.5504329905420045	0.6452726345682684	0.5579015371287274	0.508407727760006	0.6080661261267344	0.5322994312102671	0.572668146118718	0.4500597542259025	0.5667431163975738	0.5054138089233078	0.5418887285879379	0.4652388115717267	0.4777034041009586	0.5085389645914794	0.7210014629730012
0.5372326633151487	0.5272637683142196	0.5702367150698666	0.5237369657868458	0.4822015324204274	0.5275639778335733	0.6631054087909672	0.6115909651617253	0.5032870264062094	0.33324334004182776	0.5390746157167765	0.4803914442312587	0.5662995524489942	0.4869203067711667	0.4765805462144758	0.5340700848925255	0.543984740395271	0.4778095135140609	0.7169013688069995	0.4813452658678098	0.6437725192149164	0.6483956513598791	0.49495200737019807	0.4422957172760801	0.43747476991360423	0.43877262515166826	0.4421684097835227	0.39845567657553427	0.5777243467551345	0.5174973747289576	0.6476929545497585	0.5172679471930397	0.5842160337263452	0.5563057854549736	0.42193512706441527	0.5071642815189285	0.4718476225032494	0.3911435695714566	0.6420308704986439	0.37143709644217304	0.466793387713366	0.5220769582273159	0.6272622003190437	0.5952849522687748	0.49605783781652046	0.6335558119391616	0.4670494659339802	0.6340348704620608	0.5113869051674824	0.5873660272524326	0.516670286172354	0.5681763520336804	0.6394616894684848	0.4115994571059176	0.584703651286713	0.6471451505144579	0.6522889616487918	0.4887890793562938	0.6743411799779164	0.776195593683203	0.3245704356608816	0.5370642061861273	0.517624488004137	0.5253160090077698	0.42755132702083637	0.5036824602697079	0.6397096100342127	0.6802387786136261	0.5097784402960155	0.5818368186524685	0.4424909063079743	0.4511120008048277	0.574132677440049	0.5589680613693166	0.4494700601739501	0.5852697776759452	0.48049054259179297	0.7087406526483073	0.5186804073196234	0.5786471104756157	0.5212702379122782	0.6481160937571713	0.7571243573488096	0.6335078466445832	0.6519620061016654	0.5448016524820795	0.6619349834612628	0.5495871346971113	0.5701453918148371	0.5721973688435826	0.560503427642459	0.35509924405533894	0.38664719993331725	0.4004722579042619	0.45222429731798364	0.6282637247624439	0.48606784007921283	0.5332219336200938	0.5788594834986478	0.5832867992307305
0.5410077336453812	0.5143221937536733	0.5136179995728781	0.46903694106827043	0.45961613260064693	0.5185306256670396	0.5501242725994082	0.6280492105087009	0.5330411152387905	0.3612704497857818	0.38186633446901286	0.5356662979796873	0.673649570693657	0.7146223185236255	0.5083285750711052	0.5784681319938177	0.5725911499625036	0.47190757120902843	0.707680333163897	0.4512536083234746	0.42252880695488426	0.3613142703367158	0.4486937125860717	0.6846499038058879	0.5878726934220195	0.26427467927882764	0.3570600449634326	0.56038288283964	0.5473806627449027	0.4828014606188511	0.5861305515113135	0.42744519524330865	0.6168265374229961	0.5863079172690843	0.6753641320304009	0.5551184315594105	0.5643768358115138	0.32154142598659574	0.50043720591015	0.436724670450765	0.6516765403656838	0.259505864319	0.4013913371174317	0.5187351294185653	0.5019224397623525	0.4436537166143766	0.5279577460046688	0.4448639283964224	0.4033097842413156	0.46363482808736	0.6127035053294103	0.6189597895381532	0.5273741660741189	0.5572306762812655	0.701045043400631	0.4176535376989734	0.5783640096145988	0.3742870216979094	0.47724550128281384	0.414380908753582	0.5514954630278757	0.7140578578267959	0.39702218669122324	0.5420972476048556	0.46695554827435704	0.585320089012288	0.4990682014412441	0.6051306527397651	0.4801555329723818	0.49826174125978573	0.5809534470641968	0.5579578319311453	0.5264410716870146	0.6449951864152459	0.7850012534536476	0.6819407621162844	0.6317657671188531	0.6079261584048397	0.5785843378356141	0.7237158336235917	0.6227994288561172	0.5692100196563196	0.5892182655918327	0.48095361774007483	0.4950848628110732	0.2998579602323226	0.5675599814013815	0.4882475377538479	0.39438068157810313	0.4028225080327038	0.5537014935769516	0.5733284679572784	0.6859408539281359	0.7398431458244493	0.7317867274291543	0.4249927968217058	0.5817199053885849	0.5613741378243184	0.6455158759982926	0.44761391721420973
0.6063159360291185	0.6969742496464453	0.47884728703686863	0.6287742696567205	0.6158805662247511	0.6132036077349372	0.458207719520481	0.583724495066587	0.5602327869080258	0.4910349917007879	0.629276673375161	0.552897269969281	0.6559202126051653	0.6216389139772533	0.5822160254868202	0.5823744850614494	0.6397910828692273	0.7026389316333788	0.6220221843370732	0.35382867865370704	0.5078975983732115	0.46519352072284315	0.5624413412371942	0.45180190673028386	0.3139249776673453	0.6405270600443052	0.5558621920795185	0.4108621332257675	0.3781245739306134	0.39147860273236834	0.4358119643155022	0.3658120290546282	0.5251972005218547	0.5894410493225892	0.5920224268145273	0.37825789078489647	0.6033349198992116	0.4927828051526887	0.4079242996721336	0.47908687220938184	0.47631202199217804	0.5619995265533437	0.5205122562301071	0.41124960482883266	0.4580872029674624	0.48259332179716485	0.5559599496203559	0.6805162279437237	0.5430725615896171	0.414138944581204	0.6710015547848528	0.3891161349547969	0.3969804814753496	0.6428325997530976	0.36781183366017484	0.4909327009815494	0.4378681131606176	0.485651664841367	0.5608100020001943	0.43453299054200445	0.49193508351263937	0.5297828086839138	0.6376471705064417	0.7056119231178763	0.704945217607734	0.468030703353991	0.4946662697298867	0.6315765285949335	0.5457181337594303	0.6433160372575704	0.6554700896008256	0.4975909616305002	0.5579430975643735	0.6913117277234231	0.4824179842709029	0.4532576177034917	0.5591367656840925	0.5860343925696027	0.550269828290171	0.7044323584527186	0.602596982762976	0.5586994853557181	0.48430361126616217	0.4284387656658009	0.5376118666182754	0.5706224268145272	0.49085373073927685	0.4087370776089728	0.42781833033095873	0.5178974947906098	0.48581618203779786	0.40885143178051314	0.6120972358341055	0.6457888156914893	0.4367239759765031	0.5794010521738191	0.5825074075956007	0.6710762837633295	0.5390117901083991	0.47875962003935024
0.47893682218369343	0.4561034441215093	0.5515097265646396	0.416047188162567	0.5594160184243699	0.6557180972701047	0.6385347021403328	0.4780347374525834	0.7179848439778729	0.5285140514007621	0.6118766368858354	0.6588765898028346	0.5524807098279036	0.6213285279881045	0.5162886815049369	0.6566784720770411	0.7267992770134396	0.5233348410351852	0.4670829511099913	0.6391599343183806	0.5194746333729019	0.5801644792675319	0.3929750065056833	0.3500583757398048	0.5376352741987929	0.548908189173414	0.5729620731949414	0.4736724297572149	0.5127537931242528	0.5322639931355485	0.5570412435399675	0.6268681084523176	0.5491035029752604	0.5150326797941989	0.476849276424902	0.6031723661951638	0.5233098383867665	0.6497304549911616	0.5681390422784307	0.5751078654777834	0.6682514965196392	0.34031210556450453	0.40645380842622814	0.4597537460412521	0.45766425680035316	0.41308284752738944	0.44053298465662927	0.3748016772006548	0.5302223667837013	0.6281869016362572	0.5028826980388619	0.5354138607146088	0.652940799782685	0.5637325244202964	0.6761389539978041	0.6192514953425643	0.49373274217917507	0.6823327810226509	0.45321395723476043	0.3494971287202785	0.4730705427747084	0.2681039196598175	0.5689412152901671	0.4136724756631407	0.6043640967181503	0.43153911761123187	0.5830661790951103	0.5266097712934904	0.5010097783559405	0.5241889981381175	0.42444101871863876	0.6921388021551265	0.5334596553516009	0.48431176068152354	0.6872220313173207	0.5542429268884956	0.6220743155626464	0.5722157677073907	0.5890323113697176	0.5926738929927141	0.578247005715939	0.403593092267536	0.5284388763108527	0.5991366385599903	0.4805533858562958	0.42342665983879824	0.45859336888016566	0.5489703285470547	0.6425598625168044	0.5893308010512177	0.6863973794372579	0.561030652739765	0.5942910087135009	0.6508200960747382	0.7438510645331067	0.48086781300648734	0.6525553411091536	0.48493474451503354	0.33836612259550924	0.6641305832923388
0.4341244691709366	0.5940847227391457	0.5557659154303057	0.6536783402446388	0.4926387809677762	0.6148722155295614	0.4784701366838264	0.42409928760711463	0.7301784803165663	0.45943078692631734	0.46658922413652126	0.505174578050376	0.4112913112217813	0.5308785968469931	0.5280158654046172	0.5549347150881581	0.5390306080109143	0.6074411352490657	0.45631016796777224	0.49207058279525906	0.4564559308237387	0.727601858470208	0.3284123845312843	0.4899852794956302	0.36194565665671663	0.4462099831669939	0.3926660296065827	0.43763261976337303	0.5495474306400211	0.5094703685676054	0.689074521550775	0.5443306115421394	0.5141056230186208	0.45702435617173465	0.6442407997826851	0.5283033346535323	0.5365575553185156	0.6530888639515651	0.6597577071611932	0.44423493166996175	0.41666217913169334	0.5420871853113373	0.3960202902921165	0.5301307339579416	0.6917556553881838	0.3397411352490657	0.509968143764568	0.5448432776568517	0.4925389575290291	0.5359889310448412	0.4332826309455857	0.5598971416681037	0.5185451528686078	0.5951034182258588	0.5859284703114286	0.4839534882618225	0.39537640617913145	0.5468807062966785	0.5477369234121451	0.4620242384642326	0.8076161843919479	0.564128673945407	0.6296369646097709	0.4734598531002042	0.46891211380402964	0.4234285715398802	0.5579869781461336	0.49245778484814473	0.3791639178027472	0.6133474824313222	0.39234938471580383	0.6829220254319455	0.5452452105452841	0.5806367821631426	0.5583324326084449	0.6348303243358345	0.703513701809481	0.49374708457996525	0.5329075947505287	0.7047677659234866	0.6087324031815692	0.6490471622669166	0.4225472893910188	0.6892117642127487	0.5611889333989915	0.4840869122299324	0.6677473494218448	0.44741183130602485	0.46079528058124763	0.4095411293636906	0.5656390658199311	0.5119579908362731	0.5582224397623525	0.49384307990824816	0.7312366467995155	0.5298867180125542	0.6362076794999304	0.6199221478477475	0.8217161431943222	0.48448920294917086
0.47453695166194554	0.727136740965517	0.6332700601739502	0.546484740395271	0.44416169653093496	0.47237629317992946	0.46579314641298686	0.5424702955889541	0.5592369410682705	0.42114956127705694	0.459635181209866	0.4751725910164928	0.5438080008414108	0.5426204550826192	0.5453598307357788	0.5035180760827545	0.5286577283485437	0.6008432470529012	0.5187600261302323	0.5132372341599506	0.48892060339407195	0.6160372741805012	0.42133523535531703	0.5057561697699677	0.4384102221132231	0.5011017148670556	0.545920369156143	0.6665537119060765	0.4922286739454069	0.5144684062522976	0.38355572836683516	0.501449448277855	0.7809993911897166	0.5351825815084348	0.5744700778300755	0.47840333347645736	0.5679824308428323	0.5777325726803721	0.755601281703448	0.5624263126016674	0.6161056653933215	0.4254058219442993	0.5716287492782083	0.4013766498336606	0.4618619519562144	0.4732390764136063	0.5627097677622652	0.5565076830311553	0.559165938971806	0.45780969242946395	0.4407493482264782	0.5490221996390485	0.4827282796252752	0.49903894222705397	0.5499493223308278	0.506159727153177	0.511086832188831	0.5235014111817002	0.4735433188544772	0.4705474377024713	0.49703298936492935	0.5310307221871913	0.5187409845834631	0.6408639130944472	0.5429660613876083	0.6364825438420342	0.4626556518569589	0.6077995159596685	0.6791618248321121	0.510334757462859	0.6566598119025785	0.6266033605491829	0.42508273688233755	0.563259847214829	0.7011639319276475	0.7482449880781052	0.5245700166221743	0.4750200407522123	0.46635143060343814	0.6750595270504236	0.5334741189911181	0.5516574952876897	0.5697181773112061	0.5781618883941634	0.4503202420320407	0.5766160454970953	0.5190619366542392	0.5650974100412084	0.6000619189981139	0.609222403273027	0.5356267846087506	0.48604971429680954	0.5087849734561251	0.3581805438603258	0.64612019730319	0.5955681790768187	0.686355660096484	0.6005555635763324	0.6150221643267979	0.39186197667478984
0.5765661979283105	0.372253396449971	0.5897575776829409	0.5296327280542749	0.5630180136977783	0.7391867686267799	0.5015035677143865	0.5337079125607843	0.3976892782819722	0.5167643992264305	0.42597289352477297	0.4237017843144817	0.4126038243167408	0.548947365900895	0.5064680495985665	0.541784682718595	0.5046077171663309	0.6275079820082103	0.6108495141940562	0.4412475248060228	0.45870614328577985	0.4571517542990685	0.5176267304632995	0.5755623815885967	0.4114141997122146	0.5946975501131357	0.3611705674932839	0.5406954877464513	0.5473142585659657	0.5149619990392151	0.510345341200611	0.6378868710323067	0.5003618683838881	0.4337827886736384	0.43020348414206006	0.5225326739088241	0.5782075900422287	0.5897744156140231	0.45785742230903836	0.5454116406198715	0.4606348575142355	0.7204141184940384	0.5984599955262816	0.39650162540935396	0.5550076900936054	0.6365597636425027	0.2496055782897701	0.49756599547140706	0.5000534400017468	0.6559577542441941	0.5618243173282591	0.532292928654108	0.495505404082667	0.45166582008722905	0.46703034552318484	0.48239511579074473	0.5004200701790877	0.5889409975312884	0.47037417784486907	0.45270987134486707	0.5075891794076705	0.4478391140800069	0.45879328883906434	0.5516370940880231	0.4998808039939051	0.4696932700058639	0.3523016454196294	0.4623807062966785	0.4922452211389591	0.6418597824757031	0.5518804473401739	0.5430929957473842	0.4963180890305796	0.5461535647716987	0.5477347951292595	0.3940368174753934	0.43267647091825756	0.5094806650990527	0.4556786156801934	0.55992437382786	0.5284348116083096	0.8325805544540009	0.5632952323211718	0.5843204256557438	0.46026186720681284	0.576613932516185	0.48635765536989234	0.4595660425544079	0.548561931945939	0.4587182950187082	0.4929747192993784	0.47202894702681175	0.47036625913621166	0.5463495600999819	0.38610998434406896	0.4675474412336964	0.5985537260309767	0.5330224786058282	0.5498411858632917	0.5053599708077062
0.5819827851424133	0.4972200996059633	0.45920571718462244	0.5898640814161751	0.5676265362459212	0.6080265833289219	0.6216684568665235	0.4066746015918763	0.5682933935987412	0.3741455212930893	0.5476934253797667	0.636647474191797	0.4645141549833638	0.5275056606850215	0.5572034759025348	0.5800641108430505	0.44630991607371784	0.4022872712378137	0.592937144702249	0.5059100043543444	0.5095332565609589	0.6508642568003532	0.43328300407836706	0.45156241454669743	0.4442036242139874	0.5331286727683321	0.3893725074441662	0.604503660703313	0.6198765756779344	0.5352347350984333	0.5632992581802392	0.4541286798307821	0.3667349163679865	0.534178693367145	0.4749535235740731	0.493030648031465	0.5389576706718677	0.398126352622218	0.5306614411056556	0.5142615364487322	0.5215949980832428	0.39830979601206573	0.38170372779658923	0.4746517048619179	0.5734328316368766	0.4768387939156014	0.6409096912523891	0.4425596989033766	0.5320992216909135	0.42710769833313056	0.6498158465714171	0.5631784179315902	0.5505530939416907	0.5262240571946795	0.589690834506398	0.6261200619395626	0.5874720801659338	0.4609909380889999	0.3778619343000891	0.5719098901780675	0.39460369483848867	0.2984141702853391	0.4587996277817956	0.614687004041784	0.36712665042219816	0.4919098430950667	0.6573326079926228	0.41012232558607553	0.5437827592467629	0.6079057148304725	0.5775178642092507	0.49552627728941673	0.4359369987449465	0.5153598895895297	0.6422412247067671	0.5398577377651438	0.6913535000325728	0.5236953582681989	0.6833702897035792	0.49854515051445786	0.36636391191737216	0.8113762790550293	0.35807647444948254	0.4403160666844458	0.544984616802394	0.5130928427276316	0.5571701096111008	0.6297742802503958	0.7322619625498895	0.513124556274488	0.4938706016284595	0.6979330635206556	0.33196613436625944	0.6547015536077776	0.6641454012314373	0.5402745968835764	0.6769330493957555	0.45976002613023226	0.6001329363965535	0.5292849216648242
0.3971411682071663	0.49533900696618005	0.619961761270061	0.6324076747916301	0.510509984344069	0.5666765945111347	0.5950663933227639	0.48265173664294336	0.6870892406155716	0.571449571870732	0.5628351082312147	0.4624830747028683	0.31165994138083075	0.5334723355912134	0.5934412741439182	0.32092258454258005	0.5627184174345103	0.5997601426606591	0.5474934524524923	0.4831642638628032	0.4164851406007779	0.4530955242357768	0.4307601403065091	0.5893453247215608	0.49902651505857065	0.5163847462806461	0.6279805085480751	0.5157348045458597	0.5970077536556565	0.5620389775393045	0.5246680072238658	0.4525181278740553	0.5704911958684293	0.47052448447291184	0.7011514258951379	0.7337326833254241	0.45938475334309625	0.4815511634074085	0.49786164709378417	0.5015929839766341	0.5299681331708928	0.46069102519255134	0.32337026263085356	0.34321000670849444	0.5111745415610502	0.4002725062670912	0.42781013854089667	0.4308600896922833	0.3800056041854205	0.5475346020889561	0.5372699048000473	0.5092804802982747	0.5180428185975938	0.5354054758842433	0.6709678706831634	0.440163724762444	0.5831366691639408	0.6431679954531155	0.44753267390882395	0.537974467405324	0.541243364760403	0.5813349693363625	0.5391745462693502	0.48734127414391815	0.5375307786867922	0.5543223267631505	0.449484682718595	0.6076807051196035	0.4860433129691022	0.33483292580287827	0.655263908386147	0.7523305279698129	0.3599224397623526	0.47308490047747376	0.5958119148783512	0.4792431717200998	0.4915951169678199	0.4521056783411468	0.6653451987745337	0.532728490321704	0.6707054346866175	0.6033596930180014	0.5881389210397036	0.5386848227905224	0.6000138418814084	0.6007345585371805	0.5439805285583504	0.5128784544209157	0.5967494365071047	0.5507577212860935	0.4607475412850731	0.4344662673757368	0.4035515824461158	0.6172306586251401	0.5092514176556129	0.3875162385373987	0.32946833091949634	0.47684755540997337	0.5182244644626364	0.6311245397954379
0.6292181290511303	0.3731867780433801	0.5503970333772019	0.5922200737103127	0.47586823557641955	0.4443597695278778	0.5810057713300733	0.5419142020663646	0.4513934748169174	0.5682081985900141	0.5560519661725722	0.42168923943849657	0.5145434565722546	0.4678308987484443	0.4803144115857183	0.5132998302386991	0.5166725474647169	0.3447579107951717	0.5054765898028346	0.541943355343803	0.3664767487079623	0.495428849329585	0.6432620249348657	0.6110347527545588	0.5032994323873422	0.4502740989808427	0.66050319575868	0.5279969615756256	0.5376909934115257	0.466214107900363	0.537809861928267	0.5266473800257953	0.5377121302830801	0.3840370987963231	0.5777535106262479	0.49582857977940553	0.38812856565450515	0.41348885571203997	0.5914596341642504	0.49181600076824467	0.4646472093499173	0.628370229672753	0.3471723026331127	0.658209755991515	0.4925098277930914	0.42827042624428135	0.46730377252544	0.5707225433449544	0.45293891515432844	0.4975804708816745	0.5160491799047503	0.523422114889647	0.43535756120389074	0.3425534776681474	0.37177855329521736	0.5523909604534252	0.49952836555175173	0.5107659307322809	0.7321992287533636	0.5133411187700154	0.4431831465044447	0.48030377958789006	0.4668601779729099	0.45061023859227334	0.45109538180969944	0.4874246186594642	0.6503161573192224	0.5189244974207371	0.47720784546750816	0.6602703603280803	0.5679432317509258	0.5000181243428302	0.666978649815369	0.5683139172142098	0.618091066390177	0.5903763897000811	0.511199427679042	0.7250137218197563	0.545128263146225	0.47097224260228665	0.6534847474577212	0.4813619672581896	0.5208932240999381	0.5745390693511562	0.5373224244603774	0.32681014560334676	0.4241140784734875	0.6049202726359914	0.5449953264871735	0.5129432188031007	0.5032745086029498	0.6092098136681912	0.57309303459086	0.5297908804123237	0.5861057018826472	0.5338579343366723	0.428009751283215	0.5083096712421136	0.44623070806229104	0.4653056406747462
0.6524139666513605	0.5593409304380124	0.43255585784508743	0.5196808440144559	0.535814167931189	0.6024557848664361	0.6678098901780674	0.5640120090443529	0.3608561120932917	0.46726240042179723	0.4152872724148887	0.5673620955593669	0.4410621767775432	0.5251642709252532	0.41517057102450894	0.5460224844912033	0.4342101479574968	0.5021558472514123	0.5869889757736919	0.39936630033383724	0.39166209085106685	0.6034996913438467	0.475970520410283	0.6237119454823017	0.5441014559105511	0.6893365797062392	0.4264447644338513	0.5379698942063722	0.42756383658457087	0.5290098242618663	0.6985452847010103	0.5393369846200462	0.45909532766424843	0.49246825440961994	0.476791064036027	0.42840796199793507	0.48010998552114403	0.4943013994109501	0.48973881392587665	0.5979762908257795	0.5153262984767671	0.4911409375004623	0.309491120535628	0.4197118619099753	0.5987243985464354	0.6436224974390287	0.4424890463981932	0.4729244785875367	0.41652842205135265	0.6304991169312368	0.5276429445446209	0.5256033864448333	0.45985142118683797	0.42455576721031085	0.5494410763953147	0.386632562086697	0.584670058996875	0.5448284703114284	0.33397018847512727	0.4490870699579852	0.5220788546264227	0.5049892512092468	0.35296223210006916	0.5068769652897661	0.4464831382649195	0.4787997443122225	0.5742245880555137	0.41067660863603483	0.5736349316699617	0.4678723673722389	0.5909495318501814	0.6135766851459112	0.3581017030963052	0.5383349422636371	0.5641849110711489	0.4105891982408708	0.464137144702249	0.44992455156618794	0.4295848051343971	0.3269431411161492	0.460653569479999	0.39944951537113116	0.6009579084410217	0.5309641579260513	0.3411748240590551	0.4685581450331008	0.6025435201343059	0.5167642756335535	0.5456516930911676	0.47550568304944685	0.47293080575951774	0.4295307610306669	0.4810804697045994	0.7229074582098265	0.512922106650122	0.5588224385852775	0.6598346915466576	0.6074575918078413	0.4860660331378077	0.43987439560374775
0.5433660131275322	0.5730119054617511	0.554905800756949	0.6682539437898555	0.4954746474978021	0.5248225162722289	0.5344078654777834	0.619720320896067	0.49257256865206733	0.6805038772851167	0.6924162903286997	0.5148933194430149	0.6205454094709624	0.5299952629251224	0.4156683262111962	0.7153307245413414	0.481324497420737	0.7000390128515551	0.5983183056123833	0.4342372400453256	0.46853501406521325	0.4679474094526709	0.5147160949342463	0.5410889498780416	0.49300759710467884	0.7231949604168421	0.6473385314278719	0.6713740648456671	0.5571721872797608	0.5354932170374881	0.40713481749368485	0.4026640625829747	0.6261453141278858	0.5190535482926486	0.5919806439117025	0.5268204056454685	0.5108975830712363	0.6078556389091335	0.4287597377468523	0.40523056799036367	0.5322575541414406	0.585261816592587	0.42112224907619933	0.423043302375427	0.5658099455005933	0.6033203279585173	0.6264098277930913	0.33786807784836687	0.41357846030629086	0.46724511402513225	0.4834950051456929	0.36206594603425624	0.5547222172951738	0.5843638048035453	0.48333248086852054	0.4355200866581381	0.4525139584118355	0.5006931581837372	0.35128700051055894	0.2882102527171735	0.5667518461109202	0.5855517036848429	0.44180585490239976	0.39997258866234264	0.5734684533352983	0.5603893441981733	0.4063204680304445	0.4915100690934704	0.48388925356339685	0.6288307304267163	0.5274120949708293	0.574318455100911	0.5273287174971828	0.6631994547517677	0.44547043095258143	0.4079202667506162	0.518347471837647	0.5109329469902286	0.5085078113323325	0.555847476545947	0.5060454589081133	0.4979706051596845	0.7136747816843545	0.3837122220949315	0.5311601414835841	0.6165391435068824	0.42411845627798594	0.45020599379725224	0.6106704874521823	0.5196869863856588	0.4634287481011333	0.538511961961352	0.4827327374708751	0.619347077517515	0.6650428303683439	0.7042179513128022	0.487549281133202	0.3843679636720899	0.6192452223160341	0.6025931381734618
0.3882118242435747	0.5765763614502806	0.6354931063924363	0.6105246998776406	0.48769752539456024	0.42010797494576035	0.5791182903104082	0.5763288563920351	0.5139539331961801	0.5115412576648678	0.5920205162905204	0.5489621014447419	0.5480828192775891	0.6591578437018956	0.3832869063445573	0.5011743838329975	0.5556870946765606	0.5257455059911141	0.4944493894241039	0.36026404963514946	0.4687557330751352	0.5506430410647725	0.4842367927568179	0.4990742013863695	0.39036800016141565	0.6126137465383319	0.5609533717313955	0.4589052757814899	0.6610698636024218	0.4631867921682804	0.5112742896669961	0.5174827192262121	0.4803349198992116	0.2586974630095842	0.34646831090922103	0.3661661167101342	0.4141828757771898	0.45187015433995176	0.5033076712604052	0.3877557413146604	0.5798222926279751	0.6870682273368945	0.4526786815963947	0.4468015818575781	0.34036424149837774	0.3131101220618464	0.48064107286408964	0.44288269215348675	0.43083266331514875	0.3911554729415558	0.5540302937318838	0.5606367397884421	0.6385929310082581	0.5758032922788316	0.46133665033074045	0.7284261395716394	0.5171532552009686	0.5649846026774936	0.3999223161694755	0.6514100337812199	0.5605641932383021	0.5326724615382404	0.4104266727866235	0.7117330140835046	0.3961203997600935	0.4144099466776684	0.3818475754202487	0.5205182797167329	0.3968496778074839	0.4934080314453613	0.4551557495541855	0.5768955183504018	0.4502705262956581	0.3868955666104775	0.5638891841159707	0.46109102754670134	0.763963901323697	0.6368266292348478	0.5378017030963053	0.4587725651208422	0.3787081314967381	0.2964456036883406	0.6092872877168639	0.649470513347833	0.5609787993038966	0.5395495506833817	0.42424142834074574	0.4722268528791016	0.613308071465912	0.5834725592354671	0.5661349622739124	0.5288243549946596	0.7620911687957038	0.5759824296657572	0.7458762908257794	0.6944887803792387	0.49278478394704683	0.5322846356355942	0.6363972817400312	0.4951516248208164
0.5983889439926665	0.5974744061974231	0.5253788510951974	0.5377954418405254	0.7002931946730626	0.5594827262886624	0.4965308022282927	0.5011308987484444	0.4214744732906992	0.5710744756448491	0.4191996419066958	0.5836828251629641	0.370107725405856	0.4201557566166356	0.4670535989068745	0.5474578637121709	0.4852101032286459	0.42602659039137214	0.584286826303456	0.4884700201533994	0.6304015065247769	0.6440054511656679	0.5117367303718419	0.48603261505507295	0.4492888262851644	0.42835330581519443	0.3905115193811444	0.7908531527954419	0.5608344431838286	0.543322231420074	0.6491471716835169	0.5225639072090722	0.6976139807762609	0.479978527399567	0.46997219551928593	0.49626598252358184	0.5966721931651359	0.4834056795182218	0.5469931805481624	0.2954912229411547	0.5489681873163439	0.45113283987640185	0.5811806603907528	0.4739600143594821	0.38754972959878475	0.4025663568334382	0.5756306856978657	0.5839201843553647	0.4693660813978835	0.3038242243393323	0.4382532410760683	0.44026372829366894	0.46570952410773603	0.5078034217570839	0.5407806133077518	0.5375492893727274	0.3632681414104181	0.34895775542126917	0.37713069629154083	0.5333015347745774	0.28057043801503156	0.5548641744051016	0.4170454294812377	0.46671411260866313	0.5322557213043851	0.555645269399035	0.49640167837772997	0.5329018184496573	0.6199976501645126	0.4179558001684114	0.4937015665556028	0.45421228801113256	0.39849986201972465	0.38016425797742814	0.4336828169234388	0.5453615858858831	0.5532199030344349	0.5315680907961922	0.5533492540604766	0.5582328222202765	0.38685193203739676	0.5719562333320187	0.5964830864736185	0.40724742240049605	0.4179912935656559	0.5517601920978101	0.39541667405515624	0.4878331470929821	0.5403060361719529	0.5077912723783056	0.5278306621563652	0.4527263832261685	0.6038720754576338	0.7038263184870424	0.544368089619117	0.6988431811367001	0.6082598695792545	0.4156076936248305	0.5065410104791135	0.5673036795365134
0.4858473494218448	0.4405787004295949	0.5220912523680303	0.36352882343393456	0.359834883409886	0.45624939530947894	0.5756036124432371	0.5653912488368051	0.6590162385373988	0.45858093111800746	0.4038163750781011	0.6961952170191966	0.7582555906490578	0.6566931746627873	0.43212663982852295	0.3832830923589936	0.5680808463686059	0.56774526822196	0.5073763838147061	0.5486410799265398	0.5557034900274351	0.7444722237690863	0.5829867921682803	0.6540243290990091	0.7532929533726836	0.5472887591918882	0.5025635776280664	0.5959240348302541	0.5227616188439836	0.4013054699988682	0.5418366821117659	0.5034159195500683	0.5492637965640201	0.4928762460969287	0.5202511033765824	0.4609387433013755	0.5786742119800448	0.5993639119173721	0.49160762888570436	0.5773140784734876	0.3239767604787126	0.48888927475074717	0.2574517178097431	0.5107497684422605	0.35934774491905164	0.3677122397510568	0.5629161667358226	0.5675264738609452	0.5953951369780951	0.4730388504152023	0.4860407833036347	0.4048888215768643	0.3863430445959976	0.2476348681079107	0.3882786792422446	0.3444952393836219	0.5161703756300556	0.5137162208812733	0.4288849087169989	0.5159390599345559	0.5613245138997873	0.48479132299253136	0.33323910701755677	0.5855139925470111	0.5277035630060863	0.5235848204363724	0.304949684869934	0.5418269176182278	0.3873165245666287	0.5460266716095485	0.5618182326337321	0.5866640767078749	0.4211101809155974	0.49092467045076493	0.4149703885778807	0.5776889145657909	0.4312825038214835	0.43988251088393354	0.4759512681670853	0.46813068334371555	0.35655383903017857	0.5246312389231251	0.4954705863264841	0.5379454565539631	0.344722523334679	0.48256238276567176	0.5471414789549716	0.3516519108500463	0.4867101467804217	0.5493848357383477	0.455972263789637	0.5519222396595991	0.5580782813908877	0.47556165062500916	0.5580556283154584	0.5153328857823276	0.5037057960486488	0.5550430422418475	0.675563840115796	0.6244411740925414
0.3603080043726359	0.5220204692075195	0.6949306809895657	0.536372490965116	0.38163711645244847	0.4139494659339802	0.5716245080144122	0.5196161796836476	0.5610640531663746	0.608272546287642	0.5831704709731322	0.5361705039312328	0.3058515753836656	0.5952579461074223	0.6036247657938417	0.4908726569326938	0.4438956172247035	0.5797703815154307	0.6301244715250865	0.3648537472183271	0.6003265256522459	0.38055560595103305	0.4224493964865541	0.47173476452530894	0.6283554164419548	0.5968657777125281	0.5272762307949534	0.4717325091183211	0.38804497513027986	0.3722345067458795	0.5804199230447102	0.5572284467699282	0.41035122226115955	0.5344033993926585	0.7524512116674844	0.5486471540273914	0.3350639272193474	0.4534556577423339	0.45514726820366835	0.4320118018791493	0.3865497201821846	0.27805187436072076	0.4395059443601014	0.23392902942206306	0.4030852065169791	0.38374754246214815	0.3628788075434217	0.4798555647534073	0.4353242879013834	0.5485116159012962	0.5800429151177454	0.42529091690164944	0.4364533517211202	0.4305367456738171	0.5158220642754212	0.31752021495931526	0.5603245751076884	0.46500776660348175	0.46673688574574446	0.5643348834098859	0.5747911523166536	0.4283265350688462	0.45687041682768115	0.5216596753618763	0.520486942833883	0.3889202643964662	0.4553016536591544	0.46843501759643824	0.36955614622846733	0.44858507115335167	0.43454537415871175	0.5029662285322611	0.45032889876673576	0.41452681756685106	0.32161617615242266	0.5737390187369303	0.6707618001135367	0.6729158948314927	0.351649279956127	0.5858579778884478	0.6431934136090164	0.3058831123692689	0.49757051687905784	0.44991432212801674	0.5002476719404004	0.44193319182183277	0.6297747510804039	0.472245327075711	0.4736078725402336	0.5059597954235282	0.5171036913072635	0.4795952958832229	0.6046366915283662	0.6071221643267979	0.5500494011948542	0.5576870864370354	0.5569474471190714	0.5679325326598215	0.6038470586843148	0.49958276748628805
0.6052184480384608	0.46839349129596775	0.60546227918307	0.5850079890706607	0.5028161749753477	0.47017037916128057	0.48537229557066264	0.3857306633334403	0.4949826803827365	0.36348071924450376	0.4458017854915567	0.5552413118103187	0.5591517260492682	0.45311008792667073	0.4762933441615904	0.7570141538062888	0.44744332944815246	0.5334120090443529	0.5655079054983341	0.46940164071132917	0.43875147533228886	0.5124806274326521	0.4461700531115	0.6683616470937841	0.5039117277234231	0.622036686820066	0.48475122461530956	0.588361584708808	0.7138283526039265	0.7386031298424789	0.6567677706317867	0.3978928862794074	0.47652834436440134	0.5382929510185336	0.5016098219077162	0.5209222949821252	0.32209096869295034	0.5539285738940303	0.596638892789903	0.5135557566166357	0.39306005908833275	0.3258892853444223	0.3389874348512415	0.3858726816512692	0.37495795199279747	0.2470537589890771	0.4171015747951281	0.35088673331452935	0.5334116253178962	0.5610344396526035	0.39585317162864214	0.4120531233685663	0.4172552751929524	0.4357385749796476	0.41058445201189103	0.3339576624323425	0.42345579192888616	0.35699311698611136	0.45194295866952117	0.4534305468030133	0.4691098030745159	0.3892493729450537	0.3750891335017448	0.45431192782617646	0.5869138560063087	0.458320143157739	0.3812036018495619	0.6472808169417306	0.35256622735518606	0.4829871017390106	0.36957045802530697	0.41800160069077863	0.4708535753653741	0.5146641320304008	0.35713073984331656	0.5737120208151031	0.5755786415758438	0.42543271039814956	0.47487640264790637	0.480453576542449	0.44654537415871176	0.517139178819133	0.48277263456826836	0.4453372035559999	0.5816748075800049	0.6007038925870921	0.49239545949665076	0.4979245939408886	0.5955578272228453	0.6450493647055284	0.5139765486052088	0.5063056618620966	0.5391282784482002	0.48640978424131553	0.5304785368161672	0.4814160984654713	0.6613221949307484	0.5853971911052545	0.5251657777125283	0.6224283490727014
0.49771854220446243	0.5403310929658227	0.6187019773547849	0.535233079999706	0.5249807510255292	0.8189412482482678	0.5760700919549757	0.5140201831782897	0.5088348763474358	0.4286660354919577	0.5931287657572586	0.5709643227165543	0.51708078869193	0.5482600826298331	0.5308371140982984	0.5857912641387804	0.5622433259169275	0.6093265032878206	0.5293163880259264	0.4162746757476026	0.4561516801433424	0.49288696402123344	0.3637182785396579	0.590772377965914	0.7572244067859605	0.8132346279846067	0.47384930114347745	0.5586513364374364	0.4733554246814799	0.6518470410281896	0.38973886336302754	0.49172625492499134	0.5267848722276733	0.5200452152535839	0.502168199087094	0.3778120561273537	0.5439388421756772	0.4037867921682804	0.34542641029889404	0.4255160525595456	0.5237453023571355	0.37303293286532835	0.45130181609550724	0.3117560296980403	0.41697671457278684	0.3791556954087346	0.4028577507129689	0.5708031757484047	0.4315240466010043	0.4879593304788952	0.40004885267789464	0.43667178707425386	0.4412717046790024	0.5873197664937324	0.5805446820385999	0.5325930828509358	0.38159952419919374	0.5092744791760743	0.37170156537852794	0.43979530412274803	0.458364136738701	0.4175705086395328	0.3763744874155993	0.5451013888172748	0.5019993876584914	0.44932843735332795	0.41590981013696593	0.5125452493887596	0.4237328810740274	0.6392703791612806	0.47258485692569807	0.555540973989788	0.5194765038763581	0.7296287021952075	0.5789330176147299	0.5243140372758619	0.6749722308315365	0.6516868557303315	0.5195159572164689	0.6238907497569965	0.6041554305668551	0.5556514459054134	0.41648286282936475	0.6396621226320924	0.5205370658382227	0.4136642073632022	0.5211621096842671	0.5207391129029318	0.5747057407261228	0.5249890428669681	0.5273848133739223	0.5679139313391101	0.6242784249940401	0.6417888721910902	0.5420263549763682	0.5037847509889462	0.5144806097765269	0.4833388327590771	0.5948702779328289	0.45479532413302337
0.5204663909686139	0.43892073640354934	0.5685081562153134	0.5395704533170069	0.5923766262921604	0.5203515848002658	0.5052450516401562	0.41671404786953703	0.5516371517646991	0.49018924061557156	0.470449682515784	0.46963921295430866	0.519588973419542	0.5142933900675162	0.5448600014116568	0.6776266704324735	0.4785955230587017	0.6095976513415876	0.48296848747047394	0.46065811560622527	0.6359058819751252	0.5381412364775175	0.6131809475970578	0.5740184456843107	0.48625156361291555	0.4624304632306869	0.468736739788442	0.6020138583604588	0.46014301752327214	0.4343618672068129	0.574613934870335	0.4481618377799374	0.36915781545209514	0.429026523298096	0.4343849816956501	0.4416515859773408	0.4694909734012504	0.5678575741517159	0.4368349352011869	0.2139787216169453	0.43788703111450944	0.3800225256888291	0.4108725839540426	0.3110744850614493	0.40499329825566444	0.3937784249940402	0.47376785891241313	0.42908636135882294	0.41730719689917195	0.39362799712727037	0.47303624070863337	0.593384103597685	0.4336862365888708	0.36758003536391703	0.48093214540213985	0.4452928486130068	0.37810754060507784	0.5443931982042878	0.4545203244272922	0.4453267104530242	0.4085955301211519	0.642713994901161	0.572868142587493	0.4199846191565439	0.4831512163757844	0.5427928462588567	0.5330513434998865	0.3417534894388976	0.6552786003782182	0.4734369057560198	0.41005141765561287	0.609701285234673	0.48751813140528033	0.4245807157132787	0.5608391023092566	0.5844808028168301	0.44948893693021635	0.6313536789479759	0.4981994665225177	0.509009522930661	0.4372493293932779	0.5937702732245288	0.42601395958891053	0.5557100655622454	0.461168434502098	0.6157039114202922	0.515955836657737	0.46291396312013555	0.4766869969793339	0.63302646797557	0.6100536448128003	0.6136889133887159	0.5492179442503522	0.46025753530824026	0.3780743426353718	0.43411794778157725	0.66065125521926	0.4970575918078413	0.5560869699066083	0.46424329413590193
0.6779830841194686	0.3170624098383972	0.46111854338153746	0.5326684297937981	0.2855100302499948	0.5987245138997874	0.5945930204659597	0.667457689505068	0.46469111111902783	0.4317537260309766	0.4386100761559205	0.46790566303917147	0.5483911840976791	0.4961808216500305	0.4975622356312942	0.4926184103720601	0.4635184080179102	0.48555614034309225	0.5093643368414544	0.32556638743738875	0.45180378547326516	0.5073789017094235	0.43334155899607296	0.41042463984681443	0.5027389940183549	0.39857850738929157	0.4482805862350264	0.44670761829202915	0.5591576388908419	0.5699847886553467	0.612363842469946	0.46323065038561506	0.5100869298860577	0.41750785370703325	0.4241079396335098	0.3126643474351297	0.4388453765128618	0.3734223526588011	0.45097456039425055	0.41108284752738944	0.43176421795687747	0.5462182561752325	0.3117224115125521	0.4389013511508742	0.3034700625281001	0.49080533110401575	0.3949094405354096	0.4766655575994996	0.400340340723427	0.46448412007673534	0.2146153145335078	0.4546360088248544	0.46201933333012507	0.3903131003241456	0.451408884956	0.4913676658721099	0.41774081861588525	0.23602626316451641	0.3073722202378613	0.3637432858963767	0.3889411611447161	0.5727138866102592	0.5645575953390662	0.5754053876036169	0.5649990992751115	0.49343676803824243	0.5652888109831892	0.3772471316629661	0.63143245261872	0.47818884511836474	0.4706575282457901	0.4373678930475887	0.629113870131209	0.2629369057560198	0.5914931417046869	0.4710952028942963	0.6131097583456652	0.5311618966336884	0.4535659201386058	0.5520989603802591	0.5413345420581301	0.489257636536692	0.5899430198774221	0.3723098583970419	0.47492048921779495	0.43094126943561795	0.7270160572678457	0.576272030728783	0.7166304385121114	0.522657628297167	0.47104725643291817	0.553843069314573	0.6688263290807177	0.37048468978104515	0.5958680601922417	0.4788055653419448	0.6249160549136956	0.5302681190459927	0.4689724509445652	0.5649746616227023
0.4881353742501694	0.35092485642861826	0.45355586137631243	0.6873766474795105	0.578891290034431	0.36670584077749957	0.5746849616853749	0.37902663041192275	0.5512536883645761	0.4975057477885729	0.5740265315376212	0.4915055782897701	0.5670538354989536	0.5911955101108765	0.43586864637560174	0.4922935136603931	0.5869789181884738	0.4527560061565399	0.3989018466994577	0.38320821271491445	0.4857560967913165	0.3235019867713852	0.5775996972292217	0.4503787404501457	0.5631701778814521	0.5528700154450994	0.6072596435808506	0.526149329393278	0.3322659754611317	0.572849269362452	0.5788555400348319	0.38598701698960924	0.5127036406930376	0.39617443209307346	0.4667183821222596	0.3744122362198318	0.312697572477561	0.4243891617515452	0.3518453247215608	0.3959660684500582	0.2374409245526371	0.22585353652189832	0.4186285138632042	0.4025679848594404	0.4267178394906753	0.27682401364290377	0.2408216452367139	0.3783425266829887	0.2888257687930079	0.3970194828186527	0.49955483378981974	0.46879001408510895	0.5272609090677465	0.49374636067882777	0.4761776975616777	0.4141049626795345	0.5550823025416551	0.5569074252517259	0.4529616470937841	0.4184348610454607	0.3027182032068566	0.4329430693145731	0.3422471493190913	0.5566117453795483	0.493099191086963	0.26579085216252335	0.5110867792204551	0.4983700048514242	0.49814072327280856	0.5311115358601948	0.5567469951222637	0.5496179018756515	0.35803678922559284	0.488918054895404	0.5978992558260892	0.3690471916937921	0.6144242478808328	0.58091990185736	0.5746385949899229	0.36253427603917554	0.6127699683620985	0.6258577118694935	0.4992512811149105	0.5859327068669243	0.4977744815302242	0.4924264338403944	0.4829264491423697	0.5396847039059454	0.630080557985226	0.6032513399686616	0.5577471187151407	0.6821179701460025	0.6873992110972382	0.5290742602401204	0.5266952970602978	0.4993724144552396	0.5584265974538223	0.4405559225842135	0.5466953935804496	0.46854132240399393
0.4672540014665314	0.4068830817653184	0.4808683603463718	0.5543286033209057	0.39412047156166974	0.45847650858465827	0.5483494459237049	0.3651681625977683	0.5081179878021279	0.6261783637861391	0.7071471116526906	0.6058575717975659	0.4416642956438287	0.5514602003373351	0.3802227940619337	0.5611622109127189	0.4379288775793855	0.5643559943857898	0.3981936101805449	0.5707582509698526	0.5080145010434198	0.4861495342043314	0.42542032325021717	0.568113989015786	0.4913992440553389	0.6078284703114284	0.4898179112922516	0.6479617341973356	0.6441347963063345	0.32369312640271153	0.6256265456625213	0.49104523055555926	0.5583453035342106	0.41742026204231597	0.4956224738975282	0.4103330011356795	0.43470798553943557	0.20433490106601127	0.2845953029456729	0.3373556883462844	0.5180555058996564	0.20698893339899133	0.4023075594382782	0.25866586010777975	0.4499072439821728	0.40691138990289216	0.4101111933313638	0.3193591362615169	0.3168235510524207	0.3204005118963848	0.4313255863463798	0.3749588066805112	0.4055151415034799	0.4286150155564527	0.5858755527997417	0.3757715481280247	0.32617183298017965	0.4111719848228573	0.4863406149819067	0.35092842205135266	0.3925473941506956	0.4922223573671012	0.4855492976122524	0.4851429657319713	0.491238771551176	0.5603783743798143	0.44538254266495914	0.453242952784146	0.5060013429113491	0.7751115735265953	0.5313012357975223	0.38814712460051587	0.5332222055244235	0.39722444092113607	0.3941284314679528	0.4905533752626206	0.39452626904989163	0.5491323160780178	0.5537134299051514	0.5237073569813747	0.6241596176852001	0.5556618554360626	0.5776994029604665	0.5983723391224384	0.7946555812324576	0.6135035500582612	0.6613680072238658	0.40473900108080485	0.7081203055940918	0.5926701190277012	0.5398451469832328	0.6082138607146088	0.6442117065360727	0.5830076394793795	0.5878515071133145	0.6645327751372756	0.6169662638445118	0.39615807087737454	0.514785022893276	0.5762705004000076
0.5866120490649035	0.6734183044353085	0.5891641084889006	0.6347099643337937	0.6494826038728603	0.5820680225258409	0.828353394095821	0.600624260828658	0.4848533870333708	0.5018032287167806	0.5419344702565538	0.5639637953869451	0.5019953135393481	0.464928794007059	0.5564226940105569	0.6089122432822819	0.49335164483109184	0.5977515906856409	0.5562123821771342	0.5556144527833439	0.5115976560498875	0.5439642709252533	0.44422450683733716	0.7372721248947847	0.4014493246849778	0.5296304302725863	0.4113261325091892	0.47333045616823677	0.4453846073857938	0.37242640323644394	0.4266619448937643	0.44698282398588907	0.568718162009231	0.5999473823799454	0.5574077924991322	0.2674412305921424	0.2520849781644251	0.40702038210396807	0.43647226261256206	0.33994318466792495	0.40611395017231033	0.3241805756413512	0.23292411016305542	0.30098238258275645	0.4540553034427528	0.3836903766242151	0.25950900737180216	0.21406923386728582	0.2774356003798224	0.25935445006336316	0.49623986753926885	0.5261044471206755	0.43610459307797805	0.37866291493483	0.3709464065847535	0.3449297640481248	0.2144861636102196	0.24214664788513274	0.3158260324578125	0.42859286626913207	0.4198430693145731	0.3115804897148748	0.49712207957739635	0.4692679742657651	0.5103616647499094	0.3695012263809221	0.5167094993891606	0.3980700013201991	0.49117416018874377	0.5415596271018004	0.5819429009928452	0.4106366891742161	0.5212242937867586	0.36848050030855	0.5784971357827287	0.7737053617079663	0.6435220018904451	0.6097093075259323	0.7540135040608776	0.6977678212460126	0.47818658735722686	0.40842853858177974	0.539005698351422	0.4549014570876261	0.5688994794703429	0.6062889310448413	0.5966492046233258	0.5127118124728245	0.559270234381053	0.4228225115639288	0.6342308704986439	0.44134958011025727	0.4825015759722032	0.6963807251298788	0.5109307786867923	0.4230390740594562	0.46764307166872304	0.5130243714737098	0.6248724697777656	0.4982288999438108
0.5689121020332795	0.5891392282562838	0.592322471543378	0.4763349163679865	0.5535074688035018	0.5554013005366483	0.5517160725698209	0.6368953194247233	0.5781222549615743	0.5141825450191092	0.5651658071394039	0.5233388457069024	0.5381015747951281	0.4146517389970934	0.5907122385739819	0.5668225574698547	0.3941703909320309	0.41268724651923816	0.5877518096215946	0.4901434754054551	0.6427058019340239	0.46069539240337454	0.6319243220365591	0.3829741401784684	0.485809634752788	0.5546119419510768	0.3959431046268237	0.37373067628126555	0.48344101518741367	0.4061932805995392	0.4550286492268315	0.5238847792387467	0.3446660719812834	0.5189326644922236	0.4481095959093123	0.40565348826182257	0.32690577721544856	0.41127044978578187	0.28823277160605065	0.4582180984471798	0.46018045204847413	0.35153664091414033	0.32442392889350224	0.23413016072240667	0.16880717453474653	0.3222965672554938	0.32427966105406053	0.35203779928720924	0.3144063093846067	0.3042854043968315	0.33167281950029565	0.30254580039111806	0.32733140266780203	0.4169356815979988	0.39084006175664726	0.21834623944010073	0.2787734433500563	0.44678398589018303	0.29413225487011674	0.3449677553298114	0.2619886956298372	0.4065804649962994	0.40243454676643026	0.45729912399368683	0.520020079595688	0.3691805026627	0.40286578595205347	0.7094386950412996	0.6735345043917296	0.4313326409507233	0.6009722696750123	0.5085408868862364	0.46338251794638374	0.6314115170269944	0.4170785450556923	0.5278431446473743	0.49311579124889104	0.5858740436583167	0.4348219053702934	0.5137867238979292	0.4754387527179757	0.4227721272489347	0.3813244503377362	0.5502223973876518	0.548553449418347	0.550549335278653	0.4960743414582968	0.6863619036961385	0.6628597471634525	0.3897494706422804	0.37952467751321517	0.5181246610341649	0.5088037548693146	0.5450287445699084	0.47640977364764037	0.49706400019799857	0.5206097689393403	0.6462931475900618	0.6484911629103287	0.562849688401159
0.4159849016545488	0.5092620437680658	0.5890995748134196	0.4457182432274073	0.4231159430915687	0.4184159501540188	0.44235154713386504	0.5666847451035711	0.6571077324683062	0.6909097842413155	0.505720146688964	0.6240744214993983	0.46831013736382177	0.5323892947610226	0.29461017738437223	0.34992256335522964	0.34986431683117913	0.4503705310039582	0.505489266511222	0.3686245833472135	0.6241892900527225	0.3793559143446884	0.5110639484066979	0.5582700695905503	0.45056184131116245	0.5273910958170525	0.5548141502750639	0.4132535506467986	0.5887223432422011	0.41087447682192424	0.4255536224483748	0.3940180360622037	0.34107638381470606	0.5351388963211281	0.4849306598022153	0.3782557189502349	0.28566214617359265	0.43040163482595417	0.4226200913664382	0.3404970769289775	0.3041116523906217	0.2330803131536217	0.37545920924016807	0.27285282086028606	0.34391954167240363	0.2699816422025687	0.29295628878579383	0.21948532788695518	0.2645144258418675	0.2414894161309986	0.18587478299267846	0.29588311485466806	0.2595437380244336	0.29475843119357975	0.2819398887266192	0.3258254015456017	0.3964066507363625	0.2469629490700056	0.515188221268604	0.45295304685869	0.2852927732802054	0.3492243126199588	0.3686179654377025	0.5518032346021557	0.37590555357119465	0.41188475569724625	0.4693743155626464	0.5043845744276931	0.3870283808537269	0.5067511998967341	0.5085888156914893	0.4572055888834452	0.5726264279550193	0.4978409139589619	0.6111973711977328	0.5362973158752068	0.32958253324835896	0.6367179136464016	0.5616719377398565	0.5687990863272863	0.5621282243027492	0.5758096877211638	0.5438119184095763	0.5390244303274608	0.592490769767272	0.647911610015921	0.618830416147686	0.6403098854697673	0.42847882166832196	0.45850150063940187	0.5299744332701485	0.5942641767592517	0.6735765839174596	0.5304932605892639	0.5019891299705197	0.5181851406007778	0.4305141761707143	0.3495162644330492	0.4015142467952154	0.6124246210136142
0.47862252215760415	0.47853065038561504	0.5990514506137136	0.43976408612447515	0.5202847533430962	0.5466511975425841	0.6458054123221921	0.5640011522251958	0.590538836290302	0.6548638589489963	0.6449513764579872	0.7551161172986717	0.572710102051571	0.5029497743276354	0.49163324949850884	0.5470705333581082	0.40182677872337524	0.4910748346527304	0.3748810770753098	0.5065705262956582	0.31864136360161965	0.4197995689280446	0.5902660966998589	0.45276817789974355	0.5695348174936848	0.5482869922710338	0.34749532060179833	0.4553035983183369	0.43530579487157384	0.640180681578103	0.5029598024859783	0.3618640767078749	0.5029783979213147	0.4528638518865461	0.3637786227426436	0.44873699992202154	0.26489533590377357	0.34459091690164945	0.39831175126492346	0.2946176664606474	0.25979271795767944	0.2623842554403627	0.30066317153718447	0.20195662542924964	0.2151753468116132	0.4403104517741011	0.19419769973291234	0.16081009865159496	0.1252058150130982	0.24757870762329412	0.2277682251139935	0.19794744960447053	0.12987463703537594	0.171606097511103	0.2463083517410159	0.24041680601880755	0.24690431411119834	0.30214619941954995	0.45756942690758917	0.4435716634813768	0.38267830610946313	0.46765972244487697	0.5882429645548961	0.36754073739770887	0.4794992063889383	0.3813097371583147	0.6116158477484921	0.5624889969610425	0.5761411081763401	0.5768950816555691	0.5546180266456036	0.5810513999994875	0.3984909816407756	0.45303063272948974	0.42157243446551496	0.3158391658713078	0.5807409622190376	0.5886742778962457	0.5382345550059553	0.45586158706295815	0.5262970463250272	0.49812227144062465	0.5625556212530084	0.6851972876254063	0.4840804614650743	0.49975129288566067	0.5386180195831535	0.4018806745156529	0.6460247858041169	0.6300911923372042	0.5529827721945881	0.5920890675855435	0.5417703238387547	0.5494642591545033	0.5620539131859049	0.4166643768620052	0.5073495777561072	0.5897308763840189	0.4207578484101957	0.5787642144256524
0.48039955009484425	0.5250140725881124	0.3499784014525398	0.43745342469977144	0.467395012208143	0.766509293401032	0.6540386008752981	0.700072027197558	0.5333721719777855	0.4590265491937464	0.5886181349365055	0.6378535883131994	0.495112199730506	0.3064934724627675	0.4414205998628469	0.6227747381325786	0.6957414071533955	0.5723038549206914	0.5626248234705178	0.4330622120897939	0.5624933112034897	0.3198058984541755	0.47969750420721	0.4064912441285051	0.6750724226947648	0.6791599131310302	0.6411597412780772	0.5214225021473285	0.411647421223421	0.40097440737449797	0.5191431422932243	0.41440780309280734	0.3514806745156529	0.3757744297389234	0.4469847721762966	0.4194076300627794	0.36440955471168657	0.4702428209517438	0.4159759647759988	0.4136341324360231	0.2273508114619774	0.3812109979369105	0.2832212238438567	0.09997112908931749	0.17470210107891115	0.15498514308617695	0.21508279586733753	0.1683848417549718	0.1727701050340499	0.14344705057603868	0.16373050102833653	0.1356847193391697	0.14147850752054067	0.149432910632152	0.1755351366122644	0.1738707571336111	0.31645213815677437	0.14101895784319363	0.32690675785018947	0.335998783819006	0.23540746527227657	0.29680345353810944	0.3166743920725227	0.5006159289666685	0.45975353181359835	0.32893266096099866	0.425818227925432	0.5050828993186903	0.5292078737173086	0.39929527587294755	0.5789912005767293	0.4501431422932243	0.4231599190164054	0.3764703473802551	0.40914742240049606	0.37800174429393096	0.5093912994510311	0.41157866040904434	0.5949848016031721	0.48550961121128755	0.5583887603689632	0.5749139054434594	0.5960973676665076	0.5785722967477376	0.41957437323932245	0.6025638436470211	0.4393765003451331	0.6271433223857025	0.5313808416603059	0.6352890852416689	0.5180952217274967	0.5194077136351058	0.5522828416420142	0.5654331753427825	0.5205393718594363	0.5169747969863296	0.4394018149184322	0.48546847099142365	0.5714913724296824	0.3835975395194605
0.6166514082390127	0.6271785650659677	0.4286867556789547	0.6089762661072041	0.5372450434006311	0.6118281419074978	0.5140947556057887	0.47315948702987287	0.5041826721432112	0.5484848074885471	0.5242431105121987	0.5609014959311017	0.47297260396431784	0.5514579637635476	0.607958043804649	0.4554580579295492	0.5042621344028425	0.6053183291538838	0.49006226388109464	0.4882539473210805	0.5270870934994857	0.47443507174188926	0.280280854608131	0.566747298807619	0.5369535836048992	0.48553903168475543	0.6204452811697851	0.5781141561604389	0.4824285644774302	0.4148306339065648	0.4122431787825499	0.3895953311954735	0.40580568540359696	0.4047806745156529	0.4529159360291185	0.40326364589841757	0.3326844402411408	0.3608531598578919	0.3803654292983223	0.26101116978986344	0.362500578989661	0.3207024706804675	0.28424793573645396	0.2321582558094017	0.15239560205397717	0.24813902710770444	0.11718048042952367	0.13203663516001424	0.10322194905331813	0.1471322738345661	0.09933229619899145	0.12355737300313652	0.11700543128664159	0.14114097294396197	0.1682036266993865	0.126545559090739	0.22311860942898765	0.303800174075854	0.27130886494572476	0.30586525979951934	0.2937426232031404	0.2750512410943598	0.13660372073413896	0.29085147533228894	0.5429306186045896	0.3703410646245644	0.20476622146981094	0.5220327139293746	0.47068073690062906	0.5051890852416688	0.4899890664084686	0.48983893281045376	0.48735158480026586	0.43407447329069915	0.3871911946913542	0.4418518826002459	0.4708309528938954	0.4902871511761616	0.7079431717200997	0.5778472175894425	0.4733097453978399	0.535107610052504	0.5917681472957931	0.5362306327294897	0.593740862167661	0.50830558299807	0.6543096547630634	0.46769729704200647	0.5568619166439638	0.626305687757747	0.5495682956072457	0.3712724250489149	0.49766617085558507	0.29858299466176697	0.6214830994214439	0.282126701036424	0.4996059832035771	0.6785934618690922	0.54193302703133	0.6614598766417046
0.7385242384642327	0.42275374368710195	0.526726696328124	0.5493452270243343	0.4968992158055384	0.44361984771190893	0.517592863914982	0.5869617153641353	0.6544096841899388	0.41382025968816605	0.459982763955063	0.44088898872151727	0.5452766875000614	0.6465371800144996	0.3420789911671249	0.4136099890523691	0.5852349269616618	0.5741245574515632	0.5420016548362295	0.47441013736382176	0.3600974994989098	0.5112308351863932	0.5085869675524585	0.45706602842950755	0.5520388751337778	0.39150762535447936	0.6140014723896015	0.4721557730956859	0.46102667514077356	0.5541785238683421	0.4557369269433702	0.36191183012894984	0.37047224495643677	0.3046868133556307	0.3905366479765904	0.43774264556756576	0.4449113039764157	0.3817385314278719	0.3459426031928651	0.35376318448500965	0.2705671479591009	0.2222878116464969	0.2443521381567743	0.1516122351740058	0.24969945606009158	0.11214502469867976	0.08138442624748965	0.055917659529446245	0.11390917111647901	0.07295913874691594	0.06934242911701105	0.05113005373982882	0.018217706612447065	0.13829284285888066	0.11246587554100398	0.1561681497811922	0.25237887712209706	0.221752180531475	0.2210838517036307	0.3498882966014053	0.3550653916319217	0.2814324502645701	0.4810098795843921	0.3339099431464432	0.33961823027958216	0.46281203258585324	0.37423710115047326	0.47956012029623385	0.4383890746479937	0.6674640202082739	0.33860368895311344	0.5983286315707063	0.4863808181188055	0.3550203891664182	0.4865768934881899	0.40555409680960797	0.43490200913581045	0.4620517896113192	0.4718411917486667	0.4717493176225277	0.43490760416712904	0.4564014417856508	0.6068055888834452	0.6380722955706627	0.5502889510551165	0.4355766357087604	0.5665223938564268	0.6774411246553905	0.5094910522652767	0.37406196490403965	0.4214558719699877	0.46097450154049957	0.4225766580731858	0.47188488517549854	0.4897330081981297	0.5363268375771264	0.5896747687365292	0.6456997855098482	0.41334971547388455	0.5235411281866157
0.6624952605709723	0.3741122938965078	0.47267690525894	0.41409735589575747	0.6285429727944214	0.38923865855197404	0.4770347574628588	0.520078476785341	0.5770033793823832	0.4600512446255849	0.4879076594896549	0.6145306786354157	0.43443711174414834	0.5354620190494906	0.3993121538245803	0.3644078643007084	0.4501536436357253	0.4890015359516524	0.5148433129691024	0.3907224833141283	0.4570993700023661	0.5819763284921802	0.39055152830066475	0.6125661708555851	0.4846703838695807	0.5401742943752961	0.3528784991497665	0.7340889298677662	0.4197701661107019	0.4167097230334145	0.47967236384101375	0.3538891064290193	0.4004182020297816	0.44036202611194064	0.4974304090852359	0.46120319222745493	0.2554572610497605	0.312786188328795	0.43864247489168784	0.3629298146623507	0.3142901541570363	0.21726693137729725	0.2613499792699381	0.138805806773573	0.20394294114464487	0.1564030899531772	0.10039665684444438	0.11607152942607345	0.06812763942771322	0.042852593816056175	0.09538797539117382	0.014673542355607125	0.07065914698644109	0.11975305522946414	0.14258028503507028	0.11357013328385038	0.20064750257284641	0.10747302666549924	0.1996150461604032	0.19708815888362796	0.3551841965866117	0.22824923758142635	0.1486682108578442	0.1538266021621223	0.5508931852564625	0.29251216088703047	0.29831203258585326	0.4243933512240404	0.47318703229158443	0.5350244385669861	0.45176215794434293	0.3794496354327832	0.41120377958789	0.5394350917521646	0.5424582768655031	0.46457899352127496	0.6054748617254557	0.6405621650067931	0.5851910440257515	0.6643450975460821	0.5286242784847832	0.5324700484031999	0.5041785768367177	0.7825662414800862	0.3608724815485158	0.5385932735370892	0.49188893693021635	0.627376384991781	0.5311597495176024	0.564113883079034	0.5824806603907526	0.557051547133865	0.5390161526109223	0.45464346716592974	0.528912067898104	0.4074268634727768	0.46926654163421644	0.5504374719291046	0.569597736090989	0.533543417728779
0.6785330011356795	0.6565099866982189	0.4961349881695628	0.4349182032068566	0.5737054994257438	0.636370177881452	0.5369391211424571	0.4288119513676769	0.6064431540639745	0.6584095688365869	0.5975781166003851	0.531197155793004	0.39255783075407036	0.4899931146319614	0.3581932099750379	0.7487971875740295	0.39845567422138417	0.5249077442390564	0.45196185661313776	0.44956404139562445	0.5232575906307662	0.5190784661916659	0.4049327869080259	0.514161935477164	0.5120140984837629	0.40690778896790714	0.5278995077201435	0.43953688809989455	0.5568991039834115	0.49229299339323424	0.4485557283668351	0.4640203832810432	0.3718912900344309	0.3856057583822482	0.43391380421500786	0.44823664915366546	0.23878458149014326	0.23945511981904966	0.3314591550947172	0.2171235416358206	0.20013588523197723	0.1986688654428045	0.22198104307138333	0.13068691118410644	0.16738028150384526	0.0698759213554721	0.05529226962334578	0.049115073364377704	0.005067000955972421	0.011266964466646788	0.02548568349486032	0.006227508772385974	0.022706874511865427	0.02700084984816463	0.1118884909500327	0.14253253632229557	0.16665786619757	0.18199597165553355	0.14230455070327735	0.2666963859859407	0.160519561682679	0.3817367021220413	0.2921596977263015	0.3999119984506777	0.4485182090922317	0.3737849793415001	0.3581453341381611	0.507509808959891	0.3360888745452402	0.2853890722938437	0.44307037916128056	0.3927036183286122	0.4873808710871813	0.6263623227348457	0.4627686157716512	0.29532467398199014	0.4256891688139953	0.4063202514486409	0.47926595309670633	0.48939289334185754	0.6031762637530539	0.6504910769838522	0.45144330002127697	0.5209161726211977	0.502451595393941	0.7281641791134018	0.6374285891960054	0.3770388527693524	0.7139930204659597	0.3332013593903993	0.4266242820160083	0.7141120208151029	0.6781225233346792	0.5037685463242249	0.5485810570650345	0.5699434024268037	0.4355582215429771	0.4317311753610742	0.651578876990848	0.38324567784406693
0.30718931712544784	0.552859964922331	0.5820264232467192	0.4973368492564189	0.5620827251115873	0.39047649563683295	0.5443179324796019	0.42642447623338664	0.48763691870384507	0.5023157500512654	0.45140525459413955	0.6357138289335832	0.532605752496873	0.47531182306649966	0.4992327245230499	0.49801167710919714	0.5200890358045179	0.6196723155809379	0.5568202738130663	0.405187004041784	0.48126406022882473	0.5690203279585173	0.48763280456415126	0.2648265962767472	0.610228619799956	0.6336660755125085	0.6063828781313401	0.5244516271749665	0.4465473329427946	0.5616326374194984	0.4070077995615823	0.45088916175154525	0.47745594494863886	0.40168285576691454	0.4835034912045101	0.2999573964133879	0.2675511010224324	0.2727571927794094	0.3255361618446071	0.3695942212137294	0.35006067718396744	0.21234585335949396	0.20224760733252323	0.17200550544236787	0.128819732489806	0.08532574538275658	0.0966546950262164	0.0363544749131876	0.014681428106164008	0.004273025619673231	0.021229265099565235	0.023710619050002966	0.023581662344093035	0.031865337617719744	0.07577803198223249	0.08435956955637336	0.1667702921889781	0.1872249989859447	0.28708163749426857	0.25672759456761335	0.29428827894528	0.29177812130868497	0.26869899569250966	0.4960263561534431	0.4585846862498201	0.39469741828073346	0.19493080575951782	0.4555181573009308	0.5125639954896987	0.4324474012131456	0.4452203515000176	0.4827431893762252	0.5422599660994061	0.4402809734927081	0.49007464632072706	0.49130574425734796	0.5852451611081331	0.6703723709034639	0.5646868157097809	0.37695352475114813	0.41628265448708607	0.379964192061227	0.4284829569953663	0.4400682379305697	0.4071807004113034	0.4283933900675161	0.36729332885961496	0.5940556212530083	0.5631767640099377	0.5353807463172292	0.4902264997565955	0.3638390822989813	0.5509309787895457	0.6513204503743193	0.30784542124171255	0.5077892700424471	0.4138414977881719	0.3876374425022291	0.5064914348146584	0.49524559309466565
0.5154496989948342	0.4163807698587296	0.8141139725367358	0.5566535341677484	0.5327140667027374	0.509207906675409	0.6440410504996642	0.5055681131606176	0.60529303459086	0.5732971263661285	0.48140321812310544	0.5366639236881224	0.5526641355616261	0.36933483279566015	0.45388073101525395	0.39246195901866454	0.5134245327329877	0.39811817613413114	0.5546494459237049	0.7313683391590214	0.6575183044353085	0.4231786839505447	0.5391931864335376	0.2733910499111267	0.38820774659320634	0.4296702602767035	0.4728808334207807	0.4813579319825221	0.6520475353996981	0.5232889734195421	0.4349806592136777	0.3854620731949414	0.29961213969968004	0.33478057211012613	0.44239916519131256	0.3635512528651101	0.49739292394580803	0.3718571433422585	0.34682156166438743	0.24959213295139443	0.18858360098665145	0.24908532082450502	0.2028849571083238	0.23375541775027886	0.13835723881658424	0.07307561649304188	0.048735847696825645	0.04364817952223213	-0.000768630159049502	0.005768774939276992	0.0031583524608024124	0.0014063318802810965	0.04572318746748851	0.07167560119106658	0.03600920525165459	0.21198238271400544	0.10611813271360443	0.07174161798107304	0.13926889840090512	0.137400526021285	0.17035286441206188	0.3584926438019532	0.4263616612186844	0.3286077136351059	0.1766721578528852	0.4545849758102751	0.4147870169896092	0.42956616379313495	0.47099311580903636	0.3877951946547712	0.3255909616305003	0.48254303753354744	0.4496098018974408	0.5632536071463996	0.36921622912079854	0.465587173540587	0.5935535989068744	0.5468138807248841	0.3463974100412083	0.5215390822989813	0.6966639484066979	0.7193850640909016	0.38534534237768625	0.5122036336305874	0.4221847227391457	0.4340140184426615	0.4883557507312606	0.6880285444671547	0.4855661967512356	0.43503275159577526	0.4991618660297379	0.5111349140138365	0.534480789869005	0.5059142103058899	0.7228765474281339	0.4836037360361142	0.5219849687478249	0.43915815798092595	0.5190914818976591	0.6902788816991481
0.4776933559323404	0.48180580899647407	0.7647869287089827	0.5200534423558968	0.694372255550112	0.6693639860730984	0.6886368998706447	0.4953158689358424	0.46504330002127703	0.35337861803434356	0.6158930416533102	0.5196244632855614	0.44504130357079363	0.5267077936762072	0.45424735059891985	0.5860953570911239	0.4191973111669066	0.632834877524511	0.5152891593973953	0.4905891958867208	0.4330871488220115	0.5308350446691638	0.54274109405144	0.3744097924808406	0.5982431528868996	0.6057014841603515	0.46699961601104545	0.34172885050666	0.4958307598535918	0.5956932652975638	0.3956911323063781	0.46981402079681156	0.41319322998531327	0.39123468095298247	0.5913637812620449	0.5713553893692294	0.2941844896782917	0.2977344820273041	0.31702584177165927	0.26245694088535504	0.26462540036852666	0.17627077243558636	0.2042266281890218	0.163661636631358	0.10722598668313574	0.09060483921790638	0.06631289211311613	0.041506466066833406	0.002310501342500937	0.0037729290995215685	0.009004193003720245	-0.0018061411941278152	0.004933578164937551	0.05114010661674702	0.056769601245941215	0.055636664586889706	0.14331817979660524	0.16852899777228664	0.25225640296207086	0.24494643718870412	0.30304047137875423	0.23216371652291878	0.4136305220844379	0.47885346236617216	0.33518673566867946	0.3863742837816208	0.5299932853078393	0.41717653683445866	0.3821014641500762	0.4764182608835327	0.7033221549101976	0.4974886744424869	0.6564968344515234	0.5669302548884082	0.43124915754032495	0.6045347515774837	0.49945567304430916	0.38215562713838336	0.5084286303936312	0.4805453741587118	0.7113515118216146	0.4302870511247848	0.6574641108430507	0.4827265174127209	0.5249180984471797	0.4863161737982725	0.2860849322584993	0.6332263679241934	0.5013931840793876	0.471005745434423	0.7309556918775095	0.5731744438638237	0.49414109405144	0.6556411211241655	0.45554742475464605	0.5855079090295591	0.44680579840279877	0.6498370681923726	0.5689891994179458	0.4941746333729018
0.5425078701860835	0.5716619684352646	0.41548692282360766	0.5903598648709545	0.6148513211354611	0.4990160572678457	0.49462012903283875	0.6695534176373212	0.4902245703993884	0.5243952170191967	0.6805223632524764	0.564084625041919	0.7758492987893273	0.6478932499955886	0.5839682249827446	0.5685475000874475	0.3569016724923547	0.5238141126086632	0.4856912923885808	0.5802996054173701	0.5654911052336528	0.43043086461326885	0.4480889051491908	0.41036190487321356	0.7094057689759233	0.3943224162208522	0.49292462101361423	0.3549830076095921	0.46864945180908	0.42627855211814236	0.63029541241365	0.4823638295221207	0.5474283526039264	0.34129094985974995	0.4232201572826393	0.4496282760940502	0.26442394066425245	0.31009875556920546	0.2948215581331624	0.23453822891959164	0.3388941906097789	0.26847496308515656	0.19950993503816716	0.21955755662683968	0.14977398493581479	0.04795076686437569	0.05651718399113807	0.04749610244210985	0.03116888911555396	0.004814668450570736	0.036310496634200856	0.02110431306537231	0.037862757338026305	0.0717089039204494	0.10476129410252709	0.06167838275058851	0.13905786384342	0.11435197101212141	0.14058793877059916	0.24210714275372097	0.3461822401566789	0.40864075740798417	0.28692836908297675	0.3363137335905066	0.3355159124876182	0.2893743143855713	0.4932243655883348	0.4427681673060685	0.5872576930362929	0.4914578943161215	0.3416222373054491	0.6200844743763164	0.3529636247110672	0.417780503839775	0.5215846697707698	0.4733222643781746	0.3477578848995213	0.48946612848088433	0.3792889569404917	0.5019620802573915	0.4456308387176183	0.5334973900309329	0.5563683344507214	0.4731370034532465	0.5090724886109659	0.5816578142750202	0.4232724321113649	0.5784492540604765	0.6448431328766241	0.28334758836807394	0.5493579696489228	0.46813709997339814	0.4999850652679766	0.6581536283337501	0.6336431858450001	0.616732799855851	0.6639223962105769	0.5829472399538678	0.4879743873642227	0.5911640931869253
0.49525990842273027	0.5028642014778271	0.622211836014325	0.3868743720622474	0.7255555541597322	0.5180910393174516	0.5184660084192323	0.6101389069148033	0.5532432729485516	0.5043140196197364	0.48968691340700743	0.5864764426684571	0.4904869039904074	0.38749968781262156	0.6579476648779503	0.5743266716095485	0.2632056524454963	0.6147870146354593	0.4900202055427152	0.49472238208567665	0.49572041153084356	0.508051721340968	0.5475932299853133	0.42193913644443226	0.4393141220252633	0.5262579072639467	0.542272488610966	0.43565164365401676	0.44740345589225955	0.4400306362607148	0.5438389645914793	0.56090766066673	0.40940777366593184	0.4532556636277091	0.402522350304651	0.444532499701721	0.3285968238578482	0.5095654504856726	0.4350986178514281	0.37433822068006656	0.2538316898741069	0.2825084565006926	0.24807668527716026	0.1510347163964821	0.1989511211639568	0.13139056626454243	0.06585486687916935	0.037587928308173	0.06018989297763085	0.027835665250197504	0.03129398592997438	0.016012805009564625	0.04432962410744641	0.07245696691225453	0.08554262686561442	0.10807840158378884	0.14551205272737766	0.12781876833411532	0.02600881080027373	0.19999249666757568	0.17719064617439478	0.2623616776977346	0.197130417324761	0.3459221984619734	0.33247629200285445	0.3585325868052724	0.4019223161694755	0.4136657824208284	0.4637345067458795	0.33961800428117817	0.4710931016841361	0.6093620190494905	0.3371118748578005	0.6556722826228375	0.4345473717862701	0.4754786003782182	0.43860155125362765	0.4189744827072993	0.2994994629912927	0.6147892064803959	0.582426642182673	0.6895286609975817	0.5065600131824071	0.4759705698474338	0.4701684627518986	0.5064431470015245	0.4291368739749942	0.7644515541963153	0.41326821792029433	0.40100805616393675	0.5021185233712621	0.568201918501034	0.6650873595184402	0.482410210342473	0.4721204162391438	0.4610537342705018	0.6213890958353441	0.49890561948739576	0.4567452435033845	0.5164785462327672
0.6385600579112577	0.6609828475273896	0.6063181208116051	0.6147285268110295	0.5815910875775274	0.6176180772598294	0.6301222808572249	0.5525495895268574	0.5289641037806005	0.7019954877464513	0.6232474847854722	0.6789722908623625	0.5124267716609252	0.478016363307351	0.5055808228271056	0.5705996654481961	0.43893281398075135	0.4965453659191865	0.33597641441865655	0.5395515200611397	0.4998911805664541	0.38688914762664495	0.597297442999309	0.5039370999733982	0.40069554189190215	0.5141059490684016	0.6520869145840824	0.43616174596808577	0.5720117383170982	0.491905632435221	0.5953700848925256	0.507061642385484	0.6307241278191806	0.4611699165707976	0.2842449433492544	0.36624703631988936	0.42268430840873855	0.4164781519126355	0.3615318581958349	0.4664297028402237	0.2508440781991145	0.26004373096198347	0.2586933960841402	0.15507242988846393	0.11964301412329612	0.15040324297292984	0.08277999312046526	0.10842975358569863	0.06896091037607047	0.043017225188763775	0.04475464441199051	0.005225579415178719	0.03639658504286815	0.11242186077269165	0.03007832036561245	0.20458070642792756	0.19526846052899755	0.15981686134133344	0.39157760339567604	0.18308215069897743	0.13325546352495554	0.24521379832963275	0.2943054735300932	0.503643123460024	0.39660766537503	0.49390134997379925	0.3353348163166099	0.5392366550390406	0.46316169299970994	0.6219553316925533	0.7879638259908959	0.3439390222681553	0.42236611200183405	0.4910284196972026	0.37873498581541276	0.6453601202962338	0.4422140714110373	0.43090582665259936	0.5884702614537787	0.6272557660332359	0.6704619719664897	0.41098486045692306	0.5301704309525815	0.503176845228114	0.48848497934150004	0.645372256727187	0.6390868698552318	0.5833766204067852	0.5356163056306749	0.5562831017755939	0.4678747946321795	0.5794226575212313	0.3517123739376091	0.45438519003792865	0.4887954371322252	0.524649627193258	0.4105120690751789	0.5235639907813985	0.4760245174310124	0.6536994406268674
0.4477808251812555	0.4331326586068487	0.3198641485094512	0.5898223102841004	0.6031889993151924	0.7047577966188948	0.552432792793401	0.508470400348631	0.5399809252326323	0.41609758424831134	0.5830309787895457	0.5477287398616082	0.5648601297128341	0.5479058749126751	0.4335225315742042	0.4777744980092745	0.5844287422157582	0.2925204491972443	0.4331473953277706	0.549945217607734	0.5666306433231649	0.49438705465600996	0.4997600390780573	0.39600371014046387	0.5301078713631585	0.42777450507172465	0.4194076877394554	0.518113990192861	0.19652442561916084	0.5816658530453296	0.5265490304162228	0.6151926955932541	0.4699050968660868	0.4835529691717386	0.36246138225190455	0.5329739294820397	0.3414719236149562	0.305001049819669	0.3282673869053301	0.35207765400990193	0.3582148978489506	0.2190271778830562	0.27343114253422257	0.256376784151462	0.24112649400246944	0.15909308886755988	0.08821147478354269	0.10428219673615224	0.017169635381116793	0.10662583248630808	0.0038466138812061484	0.04407383780143723	0.06614900229767129	0.06358871577136155	0.12005770729244228	0.10702259173627926	0.21444786040365266	0.14197520791676083	0.25904632889780216	0.26788828483065513	0.3328657659417781	0.3823011475168957	0.2154158548109421	0.2687701755273021	0.35209947123081786	0.47645968242432624	0.4275618448423876	0.40280960297176244	0.41160128876589813	0.5201699095083475	0.7001012675785478	0.42108687809475687	0.5043181372906554	0.46897643325185695	0.3714556659818591	0.5604723461848885	0.4486557271897601	0.4777453906377621	0.3513827851424133	0.6070287151430327	0.4850267175154743	0.4204142044205146	0.4113080867678873	0.6424808757954814	0.34775990136028	0.4610182597064576	0.7021743673539473	0.5479037984210905	0.48691015619702194	0.7466936666801457	0.5874476378052248	0.5223329740629542	0.5326643180082541	0.2684288516837351	0.4466725910164927	0.546055837834812	0.6132393188910603	0.5016371847227997	0.44461846804873617	0.6122140655256623
0.5156182055610066	0.5845493341015779	0.5804995500948441	0.4757182667689077	0.4034642050090522	0.49163283987640183	0.40807245212164023	0.5421497119426596	0.4219809817322333	0.4458457684788434	0.3032685121890494	0.4764477190234011	0.41754753186847293	0.43519144187710845	0.47311633976585055	0.5855370952650981	0.575609979635769	0.36778699344810883	0.4050452023057588	0.4815285844877055	0.37203476334823393	0.5097870746662853	0.4190248317100428	0.33935577898106095	0.4446558448972622	0.42353475157748366	0.4835744297389234	0.6543660966998587	0.5049201337411389	0.6083576024015164	0.442263667085768	0.5324822001361282	0.6662675940705336	0.7444862719011215	0.4976488868130703	0.4586280536268713	0.34570940522315896	0.3460635611490161	0.34628826128915463	0.2945464171784287	0.40654630182507673	0.22430861540582042	0.3205626795198259	0.11440820107541327	0.12458296183491538	0.15632650459614464	0.29750962075913673	0.16713663045171415	0.20528241920333107	0.08554072458113265	0.0779322879594663	0.02899706175825137	0.055134702271581876	0.06325354253852253	0.21464544962276208	0.05648543617785701	0.2566460734725228	0.21807328915322877	0.37399218474269535	0.27401748636816925	0.28298429428383837	0.26173854319862205	0.5209971805115794	0.3084972605526807	0.4445953135393482	0.28765996021403106	0.2655764803348577	0.6173930451845352	0.5471469927681136	0.5172158948314928	0.39766168829140985	0.5071117477336984	0.49084736707797016	0.3190787204398703	0.5006870252291344	0.5836557625020107	0.5288808098792802	0.5568788051892718	0.528386996979334	0.40979125236803027	0.5096746298416769	0.4613869805002836	0.4764996948750717	0.41212873986160814	0.45152251744930394	0.5622454235958626	0.5446161502567722	0.4090308516654435	0.32608938068749904	0.5233248670222934	0.4221082727457405	0.3981853407035314	0.40949159725101114	0.5425307786867923	0.7080141055462131	0.5115746745705276	0.39478091463895704	0.3811933206200898	0.6608911993996543	0.6191890840645939
0.48283899166420485	0.5367660037109323	0.47970985015751666	0.5435014641500762	0.672091013421801	0.38347864510706897	0.6362870934994856	0.5068184974756118	0.6432434565722547	0.4860767616557875	0.4811246775132152	0.45213314356175704	0.5718079596437851	0.46879344774419207	0.4681891111373193	0.431232792793401	0.5153182126234568	0.5083684074293726	0.5124619519562145	0.5657284903217039	0.5560952558626722	0.4776537248539017	0.6275309116962695	0.3072017925540069	0.37889967957309645	0.5094160914030211	0.48390573484074784	0.37576616967851006	0.3509783908588646	0.3503514153014628	0.4175157488741903	0.6163197099941317	0.41868647200387493	0.413721881828793	0.48048232137485536	0.46801356762292873	0.32351771354364817	0.5399363984366862	0.2979508373576279	0.3816360617932303	0.45000457542185285	0.3814274627352112	0.30533984870606856	0.205860593611641	0.22287897717347377	0.3213329906732535	0.19702455522866208	0.09308485117157195	0.11927440632867198	0.11951813624482946	0.08744727539736755	0.10893490002018533	0.14279546904449994	0.17134972149050864	0.1828747935863536	0.13988552328140852	0.0858045130368767	0.16853790522396106	0.22266116567010086	0.30845514453762507	0.3609945743362355	0.2619679389535146	0.4994242066832071	0.413557456444214	0.476330702176916	0.24410365834916292	0.4677743061460462	0.3576866921169037	0.5372802660706208	0.5857157347492901	0.47560135115087426	0.3879972217092051	0.5396307586765169	0.5068663191670376	0.5738121326372301	0.5759164056820516	0.5105559343549637	0.6217162185271234	0.3462621249862423	0.4902164127445017	0.4726225386366544	0.48551409377546273	0.26167458393575105	0.4439077842596071	0.516416305630675	0.43696206024711626	0.2852830217344924	0.4603227316769576	0.3668248423037179	0.36398117712668654	0.5772145116370949	0.4904519720579473	0.4070040408985446	0.4991101597282469	0.4742496319015581	0.5002309152274945	0.5470141443896885	0.4952742826045458	0.4797471928708671	0.5404620025704403
0.4592139737138108	0.32381791482347666	0.7310513305520614	0.5677532987527444	0.6303741201681932	0.5044869039904073	0.51377662393801	0.4864391187883068	0.45755806616907446	0.4476185433815374	0.6456435424987312	0.5217915183869848	0.5205182549981574	0.722768367408822	0.6099244267962358	0.40164318113669994	0.5727579555240224	0.4257517625385938	0.5274764862202329	0.4906784308794153	0.6645429563153711	0.4074120949708293	0.5805954489029755	0.5375352753758679	0.4761517648927439	0.4059537731139774	0.5400682897218705	0.4723245339100627	0.47485975540297753	0.4994367562674923	0.4562241254650306	0.6289302854923587	0.6677655917346752	0.4992509644817301	0.45286764586183453	0.420138538490322	0.3365595364670238	0.40402392418520217	0.4564383136689931	0.4271174981389194	0.3649777681861789	0.37379214707629466	0.29671503792087806	0.346902442430667	0.2302981199486946	0.26148115136228517	0.23248729491056302	0.1351706712071346	0.173791527934834	0.20769359971811874	0.17681232227755733	0.26137280655247047	0.11817706429531682	0.3101833538008971	0.26812297546273584	0.29421271306646407	0.23023590171102748	0.3016068602557162	0.17867390476346434	0.3586344431838285	0.1848571857169593	0.49554713990249116	0.5937386632602741	0.4425260877803385	0.4260617730408113	0.46736187073803803	0.3691284161659775	0.5985157017911895	0.5355033817365331	0.5568552952032277	0.5758638118659953	0.6228180925618048	0.4248619060502886	0.537807950227185	0.26654342949952925	0.46492894938096174	0.46848090993065694	0.5394015783263532	0.3462788346161473	0.40696642392671445	0.5250914901371844	0.5834934053694913	0.4405914206897581	0.5081453906377621	0.6496140255051116	0.5589599919950565	0.4795100055314194	0.5460122362198317	0.474153975570881	0.45863518003279113	0.7267352129908916	0.4801705627849837	0.48215391789420503	0.40803941423413703	0.40204565901086664	0.6099641508636012	0.7867432329280009	0.56052019024074	0.4569430975643735	0.5661036195056872
0.4610910510882018	0.6453532469614434	0.5800824226033072	0.5809428103580686	0.3947055006028187	0.6129620061016653	0.426289267688297	0.5810142585659656	0.5289581003042501	0.505845679021142	0.4660269917739541	0.4492874289658664	0.4841309470085202	0.5098891570432451	0.45143705877577256	0.6453932747141642	0.665916084340571	0.4207182032068566	0.5254577201090184	0.5579411364261406	0.49583268450249907	0.4037620508305161	0.3994829617036664	0.3105268034419507	0.5408330023127547	0.527189097012419	0.472161933123014	0.6060536330420501	0.5452931252256364	0.43854085628228595	0.6251074558556764	0.40041775121004886	0.46649885326643215	0.35440724162802273	0.4878489574375715	0.5044886238282609	0.4744261560506896	0.5631218088501417	0.33984474089235084	0.3825216593616141	0.4044321312772396	0.19130904856942782	0.29476749990453194	0.2447152862837073	0.16763170399900723	0.2345022988275146	0.22765218994807523	0.18969178100596334	0.22212303078526174	0.11597518319818534	0.15413139913657697	0.11227729382494578	0.1753544041574373	0.26475038182959504	0.20808790345834854	0.38994433362439385	0.1897799282500901	0.29239048726926703	0.178147135194191	0.42542213489992237	0.5504949309899667	0.43632622432104085	0.39535119401135904	0.4620490774992235	0.34198452028224224	0.589061650625009	0.5691554011399796	0.36193047264728695	0.5167094829101103	0.6228595070401484	0.5653074558556765	0.4112368057046431	0.506257634182542	0.3964100020001943	0.4945142397327653	0.36248298524516676	0.5373433988955788	0.5169953382579238	0.41138302173449237	0.4332892417926466	0.41115599556286475	0.41523509646046475	0.6303018502306827	0.3654393118286102	0.3887246916381154	0.47010591846445093	0.6261079196232343	0.5564830523384429	0.44347285232714717	0.42976864166730155	0.5286080914761874	0.3339935383789686	0.4789496989948342	0.4924204150620688	0.3887081338508881	0.7162684992412243	0.5768453847523868	0.5334140749422626	0.4500431976157503	0.4282973088127565
0.3691409940000632	0.5492367597987173	0.5684804744128995	0.6743740966266927	0.5559178959902764	0.5249619637269647	0.4481995289074938	0.5523432811880767	0.6275746204250765	0.45188929593809757	0.5132373624611277	0.3854394919210884	0.33342063870632255	0.35379328883906436	0.6253350446691638	0.5558578801912213	0.42057241210108964	0.46900776542640676	0.42433085637374357	0.4655640578746747	0.6242243644112597	0.44693081753026787	0.49625584018896207	0.5559310093934963	0.4913456460630413	0.6966369775575961	0.5797098489804418	0.5602325232432214	0.5964471434337162	0.4387159372061935	0.5447992593573141	0.4960199348154605	0.5564675917163835	0.3723321654124152	0.42376560585957534	0.472044868016453	0.47552410192353023	0.3063469515704879	0.6724427314940422	0.39281782065747506	0.43341359822687925	0.3982281548553231	0.27023648200901257	0.26848209302230147	0.1831942906611556	0.35269405053785147	0.2889004706987591	0.1894879670203996	0.19398993875230758	0.19486289257040457	0.307323214408965	0.2954629031640798	0.1590609632131973	0.1454443877698448	0.19102147220668592	0.44347996591649075	0.2757572033730845	0.3533634834620648	0.30094913282174945	0.3304159513310938	0.3414367044761914	0.33941369239288083	0.41006783419383774	0.4683347350984335	0.3894243938381353	0.3648638142201455	0.493986769803855	0.5330490657284733	0.5635073922936253	0.5109490104059475	0.6603365679354891	0.6389970533874771	0.496147129308816	0.5485201137308635	0.44300790432125914	0.5079516554247671	0.5008724921421909	0.6783538731653542	0.49152044331186917	0.3794684862933989	0.5683517542990687	0.3806892429697215	0.46447067931541064	0.7341328634179022	0.40084356486315653	0.502883119431719	0.3876162879745496	0.5128954818610763	0.33842683286882624	0.6014226775315066	0.6144038678685166	0.5059623333285209	0.44440382431674075	0.7253014994623269	0.7185932982556645	0.7894537731139775	0.6448036795365133	0.3540162126417483	0.4194119855028524	0.5394597918923033
0.7894474918479223	0.5257411305407657	0.6504181914361064	0.6151992122743135	0.6231262360917909	0.5729701272672261	0.4706472576099932	0.49547654625105886	0.479812185605606	0.48068306528626803	0.5237934465671169	0.32889773138268885	0.3851895866756275	0.38553320006135794	0.5462890452211182	0.4827619484249893	0.46167230851848784	0.6635411799779165	0.5499996407296207	0.3947015783263531	0.5760723744346891	0.5726577648378692	0.6492264962253705	0.5234497931608358	0.42797903001060067	0.4165372082643001	0.5611974630095842	0.412445159931058	0.43934089277161154	0.5927159772267441	0.48461186426412534	0.609876261398904	0.6229239559662278	0.5045071851284217	0.4996092486721813	0.38021563705206335	0.3497970145440015	0.4608427668062929	0.4820574081841381	0.4133033546638078	0.4365992840758896	0.3195114605273935	0.27951358763320405	0.3811947355955133	0.42124669732228354	0.3207591727508425	0.40634452313347214	0.20699226831502177	0.5121922377110713	0.17564234541343554	0.24176524332046906	0.2337798835212393	0.317029829964326	0.20043212068356436	0.2687343231221764	0.30662192184934367	0.3908867391999045	0.2809032769768564	0.3182886909215371	0.40769928643003966	0.4251180313539036	0.35704932586205285	0.4837826144665354	0.5208596506433006	0.5066140054948364	0.5133805462144758	0.636490892183074	0.5714470822258153	0.510907312252524	0.6617531504412918	0.537309514691136	0.5459886850361622	0.48024504928600614	0.495818113749155	0.5852682343993446	0.5476160431429454	0.6820910958170525	0.4091787840019214	0.4351392106001586	0.5448475871909989	0.5430160431429453	0.6124180760827543	0.7070078384050581	0.4837326727317489	0.5634473564842949	0.5253954018199747	0.5417058666731501	0.4627683332736463	0.5381581132520752	0.5139913559506321	0.6080143809817676	0.5089954571425007	0.5890265421312962	0.5878993770648163	0.4767598189650286	0.4955347845355842	0.5543514541449386	0.7058827227574372	0.5594784744311911	0.47050366541161315
0.609434886941111	0.5167473576613699	0.38596000258873175	0.6433305668132887	0.5396930781426357	0.5048493270391279	0.5065702390893531	0.7571889286906911	0.5843350376067137	0.6046454942203638	0.38302267988565664	0.5057707005027611	0.42408326421194653	0.4533416861201752	0.5243891170226944	0.40722226084694946	0.6055595800187994	0.39987414841799357	0.5616911099419527	0.4532513941141124	0.4957910440257516	0.5063596894867763	0.3865931864335376	0.5314663121045876	0.44679557367292766	0.5669685616262004	0.4586579672947727	0.5487431152204987	0.6739429068782203	0.5521074111268256	0.48428676862677994	0.4641804826524246	0.5652010827777696	0.36257834848416387	0.4845303384607347	0.5415490268849976	0.25648269215348674	0.5361325997530976	0.3225285173944293	0.34565542821270495	0.41467830375531317	0.4858304196789111	0.4947615611673077	0.3415574128924382	0.3102907014969208	0.2952155205216363	0.2832675740602582	0.30644029364042624	0.373088162414853	0.24702161698691344	0.3756237699883745	0.247355082152649	0.4691801754358444	0.2687114169756177	0.3848346138597064	0.2014472222977426	0.3175783520153889	0.2956011863603714	0.46578255914400946	0.46185141647853784	0.49645777660861945	0.470328619799956	0.40094529529468537	0.500891061681877	0.3542515494880152	0.38454323881337593	0.3629471987562422	0.558032499701721	0.47924065264830745	0.5425365785291641	0.6090073004817737	0.4558222090556486	0.4282202090739402	0.40906836152344683	0.49423688103744445	0.5257201502201893	0.4979141267335634	0.47082245271017786	0.46867039799448085	0.5991077465932064	0.6612410222498639	0.48767034620318017	0.5025201714075395	0.36733060683383933	0.47244950006915587	0.4859268434625015	0.49748514648615305	0.5045246975234905	0.6222517366429433	0.45575167190381727	0.6749266586617233	0.647964302706279	0.4263100326041448	0.5091910946399775	0.344765995471407	0.6072263796949435	0.5883471646210666	0.5204764002937563	0.4484888462954398	0.4458348127853847
0.5415223467734259	0.35978067804687797	0.8104162326520236	0.5374494247363545	0.7382638130430705	0.41606186014436286	0.5651326491902484	0.5070098901780673	0.4744016689611297	0.4399207952573002	0.3753687899787542	0.5256853336410813	0.5347705357122582	0.5096768063846383	0.4110099031258926	0.4520826768515115	0.5591074381995511	0.6791532963985943	0.705207538250928	0.7093012381516722	0.5861345597142553	0.5053076488959798	0.4018014429627258	0.5433306656875903	0.5819038243167407	0.30986858869892564	0.4124079290398346	0.5779241525377561	0.4568367256635417	0.5177761707641273	0.4815241231108806	0.5418575023501397	0.528155432921005	0.649499127524912	0.47533455618303033	0.4670450233903557	0.3664161596733724	0.40565568128383434	0.2606119513676769	0.47695135527063687	0.2688076335940045	0.39497438147884756	0.44942634085146776	0.37183878214485117	0.3641096783045637	0.40887824725571215	0.1874136523723302	0.34806977179057014	0.23887586943292216	0.2202509079821291	0.39634480798562705	0.44789905101503563	0.4281240583717545	0.31254503045280585	0.320259607091525	0.36532420079783195	0.44284710576731556	0.27169498513541757	0.5419657694730032	0.456969936581073	0.3816201372723639	0.263874755788704	0.21493099409152094	0.41702459158673866	0.32211840566376004	0.7109307127705912	0.522713697101181	0.3743240218824289	0.5168990074632598	0.6722845261676174	0.6739011792979214	0.5406283631976018	0.4439471163609908	0.4876286080292058	0.47237648975145785	0.4970514729781389	0.4628245927638137	0.4964286162687309	0.531555481181081	0.4709846297502191	0.3970243773590849	0.5165411576134911	0.6265951134365948	0.3939599143081053	0.44079743005148375	0.47318495579999975	0.5313120784917791	0.4128309729041706	0.44505373427050177	0.4325308763840189	0.5820474306400211	0.643370515701983	0.5064079031441842	0.5130516118729912	0.5719347186193833	0.5350223138153255	0.4306099113654177	0.8097327127522996	0.45110776189518165	0.5361972993961563
0.6883848957691737	0.5407079372793596	0.30087251450661645	0.629343123460024	0.5249618613214377	0.56949722053213	0.6508035147460105	0.5682682850135705	0.6419767816660629	0.46585629453991984	0.416108295110166	0.40125408503885784	0.4118310494140469	0.660724546857888	0.48556824499301976	0.6125472729119683	0.6800014323690505	0.6154283620205268	0.4458013817548247	0.4885470021847138	0.4648387562492008	0.4490242219851823	0.528270401525706	0.47208078045240476	0.47555165189354187	0.6125349869924879	0.44835354123019855	0.5937950381037935	0.6148804956002499	0.5546053981972919	0.5880576294742419	0.4255596129769001	0.47159918873281303	0.5410971145953782	0.6948076230003294	0.5551661743868103	0.5220705427747083	0.49156628856308704	0.34518506291382656	0.45867647444948256	0.45105765066159226	0.4833286233311811	0.3990889910756672	0.45188060506822675	0.2327909015996742	0.38593864795829885	0.49593877979070117	0.43847202248925793	0.3748509880232305	0.3499218382770172	0.25201979474353303	0.4619219571615943	0.2934137865588825	0.25937852857664195	0.4711430928560735	0.287270170819002	0.36909317348571236	0.4534014653271512	0.5237659436801062	0.3311659425030311	0.34391603961172035	0.27962891524578615	0.3531413765494449	0.3668182385191072	0.4686411069992652	0.4476888333476145	0.5250823072499551	0.478042833899569	0.49591366532015546	0.6239595788417246	0.5216448221105272	0.5583407762411845	0.4435408350949356	0.5285512246153095	0.5706284043952272	0.6109910228384013	0.5074619331230141	0.5309471952250172	0.6316303714188352	0.5411743037918961	0.58070975481444	0.511384918133599	0.5513972581985307	0.5135763167214298	0.43533484574348535	0.6427161396630972	0.56304736236967	0.6588954971630514	0.45102465632586475	0.5583349999403131	0.6829138924956344	0.5624681272855178	0.4275578896078214	0.4888309505397451	0.5757994665225178	0.5180076830311553	0.5116911793893789	0.42755798024259795	0.5046202985316418	0.4800973076356815
0.35125805792954923	0.5036560614790658	0.48955586019923736	0.4225328881364776	0.5078307598535918	0.6336952028942964	0.5228848745818233	0.5401890240337679	0.5629577942647447	0.5310729358994737	0.4288978302569907	0.5868871900196372	0.5839372188579753	0.4283955207045518	0.5524245621598631	0.6114579849508981	0.49713287754280233	0.4951808240041806	0.5145887792021636	0.7097554905976812	0.6264971605013041	0.46428882981638947	0.46021593956034357	0.5346035276938357	0.5190995383240941	0.6121681249313679	0.5035181855507314	0.5068849228418992	0.5555535070950228	0.4709513023022609	0.5456224068042521	0.46895568128383436	0.41885769892166813	0.4921474294629462	0.30050163953425413	0.47042260219870535	0.4120727899421711	0.3115330788226309	0.4540913535964819	0.484111960784277	0.3613556294925334	0.43457448859267445	0.3659181219886801	0.33872021966761523	0.4544741931468443	0.38420962415911275	0.4198180584266291	0.3106054805925434	0.3941865285034758	0.29770717335767155	0.40215729283078605	0.524890839214698	0.46827006252810016	0.43392638440324355	0.40446184719653755	0.35522032442729223	0.3613204998114701	0.25607877693947123	0.3558891323246697	0.3494703697446804	0.36374118350914153	0.5438871017390108	0.4813121432309053	0.47668074278600414	0.4822244232650108	0.40726799663019053	0.5607990992751115	0.484117761803724	0.6137134558008017	0.5228469103728622	0.5178219842343197	0.6560656576508761	0.5858054452802928	0.5466867274291543	0.6516159148417682	0.5223409045423617	0.5900932264540883	0.4193973594269824	0.7054889063262657	0.5567013923484998	0.6802808122334304	0.5183599861096816	0.7189537119060765	0.5297411505510409	0.5118722943935876	0.4627849251960492	0.436832854001302	0.50724945180908	0.6315787157315701	0.4814786898359198	0.6803222455449742	0.6980889204511662	0.4721202173134652	0.5739203515000176	0.44040595259962656	0.5471828381107892	0.7026225798342801	0.43197256865206723	0.4923870605413849	0.4340954995172014
0.6862436190086075	0.5433706616592854	0.4358414577676213	0.44604113995736583	0.6743452399721596	0.6435805214959004	0.44757018376682717	0.6519431681888747	0.5352224821370534	0.47965411093450827	0.44019141480438306	0.5053163574219759	0.450508127965513	0.6381518849543958	0.6262268587644768	0.4680580991271751	0.5762162726725744	0.43940789019635884	0.5100889934298172	0.5033095582429117	0.523036566758414	0.36278662737777756	0.7040639637086732	0.3736785780137929	0.6015369869741962	0.35192659863089726	0.45967249802756616	0.594228666882957	0.48103276689775054	0.4440389904871298	0.6352369822658962	0.3975954147677999	0.4146600331926823	0.30184118586329156	0.4546662049907607	0.46453915998593265	0.34447053688933327	0.29174962366203294	0.2424015018164768	0.6566765580218091	0.4735119478364518	0.5155409151360371	0.48115974127807726	0.5484515365401899	0.3944846191565439	0.4411034535381094	0.3024931381734618	0.4665535294594483	0.3866638389387209	0.5021928851023323	0.41830538878069184	0.39171590189394295	0.3012701343296763	0.39876583185797926	0.408132558555472	0.43895158126904077	0.4196789440841242	0.4527434236141541	0.4028119137012762	0.48290367835943826	0.4927057772154485	0.4459805520998509	0.4030516106959162	0.318282938162166	0.4159079431647348	0.4375786451070689	0.539909640638163	0.5342427526813927	0.6215739789191905	0.4477113910799672	0.475803134550779	0.5857094322958845	0.43671599135164446	0.542038942227054	0.4847180113436283	0.38530763359400455	0.4729099148966428	0.520651651893542	0.5793600284843823	0.5524763367317052	0.5662306174275145	0.5698953005915229	0.40869739827045815	0.5461347774731342	0.5740867827516802	0.6095890511064933	0.6057888757223153	0.5830618554360627	0.5509578660663209	0.6670849675707499	0.5703016360030291	0.4986015441911775	0.5964368433710439	0.53046617203266	0.46522672457792436	0.5258934265568417	0.4080954559654256	0.5725161785065728	0.5191912041079544	0.33743091993579466
0.4990599331413055	0.5019161879231728	0.5429870358228097	0.6032725415793418	0.6919306986456908	0.4959453035342106	0.546701568909753	0.4980995712821946	0.40444348364498006	0.4940686122404261	0.6326560567707658	0.4596600779215331	0.4766288599232603	0.45656445925725664	0.4376311106219479	0.4798455354179896	0.46878499464347534	0.441728677476632	0.5223411752696163	0.5196764438455321	0.6256389316333786	0.49973902815353044	0.5496702061312525	0.42172659039137217	0.48552890582918595	0.661714342138292	0.41877049333755756	0.48767651093880826	0.5045765309490835	0.3625182608835327	0.30302246683507805	0.5745933170888647	0.5484516130500663	0.3033743320416967	0.4265683803566471	0.36073288695940264	0.5836557625020107	0.3855535000325727	0.4981911593791035	0.24125384962385377	0.5287536448128002	0.47739925818023915	0.3461846568229446	0.40937849326439135	0.4192265044648956	0.2876702908806541	0.30055366835430064	0.2023411128846403	0.45897658627160953	0.543330585646489	0.49731381598575797	0.37590757356317844	0.3349577142236434	0.3195058266525993	0.5171785615347426	0.2224329258028782	0.38153723886825053	0.3402517884342443	0.4881201584597143	0.5139368763291443	0.5001555729929326	0.37279515581129546	0.35169342773391665	0.37064966485965867	0.7082518390484701	0.4578870252291344	0.6683848086656223	0.5701762566906039	0.47493874918675066	0.4031054087909671	0.4962032734456313	0.4683949345211917	0.4507055547482697	0.44242632084119243	0.6122845861984434	0.6139640001979986	0.7087827874965633	0.44680347354838484	0.4821472058186923	0.586040971635638	0.5247949392294917	0.598159782475703	0.392920317364842	0.6095244550460364	0.5383743885412977	0.5071702014229525	0.6407095029203855	0.534988734473313	0.4377412623731679	0.5808641955924521	0.5478620837886166	0.6081203326668172	0.40506829443017056	0.34051008086422063	0.5943767804889878	0.48743914468395744	0.5015473894423955	0.5066368822145195	0.5890348810557359	0.5691974382910089
0.46504516934765827	0.620261928414714	0.6094181996756314	0.5338912335348298	0.6213453635650366	0.62396616261606	0.5870016642528297	0.606528668060032	0.5491558908031879	0.616801797262307	0.49931835622660925	0.4021015500765527	0.6258953206017983	0.5107934712856925	0.3461352094596666	0.49727046979605716	0.5202389422270539	0.3916556530340338	0.8102201643450895	0.6061493823616538	0.5286121432309052	0.5358830099637423	0.6809660131275324	0.687193160537887	0.540422456241403	0.42787884285567246	0.6023976007273615	0.477303714848764	0.41387032501582965	0.5239537272080517	0.6770202455632657	0.5031829369850911	0.4817204821553448	0.6033181808424312	0.4758661885117105	0.512397333531332	0.3702137889130325	0.4200679930989655	0.4618389281021537	0.5329537978325528	0.46185353063652324	0.4311013264322988	0.39761995953403584	0.3713534176373214	0.3804536118546996	0.3876534635432471	0.45142649151707037	0.4102556130134831	0.581586769803855	0.46695959532077486	0.4945783308280386	0.30276174949931095	0.3657453741587118	0.4333660449085579	0.2837473906194704	0.41244125884194294	0.4665538072491531	0.413378702783745	0.36039723112580524	0.4025158147903914	0.5098472187665176	0.6290995218450437	0.375033140030532	0.5874225586469296	0.422889034627443	0.36675364363572527	0.4280203244272922	0.4369534058665711	0.5494553517028287	0.6377241278191808	0.49572832082290097	0.3987178653863258	0.429388805097814	0.4702596553516008	0.2845098560428918	0.565974409728648	0.4867658330350542	0.49566578477497836	0.6022950381037935	0.6563679224744642	0.4971365255607883	0.6066449692449047	0.42295131289593607	0.5159160502053954	0.40082235501295105	0.6083326927420243	0.6774617906969366	0.5605702308498282	0.5616035700685366	0.6181643368414544	0.47843303291670514	0.5936350823355645	0.5763161690899726	0.36217245918409047	0.39148084166030583	0.4421453953460621	0.5580536718855258	0.5171015065247769	0.5092473223491194	0.46515172487219303
0.6129411976340418	0.5168828993186904	0.4422347033174079	0.6115099137195678	0.5639786863046947	0.6179326597839236	0.5007619660811147	0.5490120066902029	0.5552785968469931	0.49352249273072857	0.4163286398102315	0.7412703438490299	0.5402079125607843	0.4333267387028247	0.4348643650912549	0.5396351152936649	0.6369473788487203	0.6411890593460184	0.46803478335850923	0.5898871146868359	0.43577885344934764	0.39709331238056467	0.5603598425065289	0.4952203067711667	0.6045038937641671	0.2809477790542272	0.4816415248608975	0.5983873159666645	0.4608311153302481	0.5887850723304268	0.49187645326213225	0.39916611200183405	0.5553806462658525	0.4808536506981753	0.47081410790036304	0.3683682226285945	0.5256470987048654	0.5215824802799831	0.486517992510428	0.3577200878352131	0.39738050737100017	0.5438658342121292	0.44270748999085197	0.31724728821394377	0.5595242678911081	0.4608514376658882	0.41317844971261564	0.4969722932165126	0.34177008724667557	0.3866137524237069	0.49633448085022913	0.5699366950595912	0.3378660178358325	0.4411410552079643	0.30746407788495	0.3738453459089113	0.38669538063262443	0.508549684869934	0.3828579178576219	0.4400057042367972	0.6020807604421294	0.36465572130438506	0.41295367777090086	0.5830225256888292	0.43969947005374277	0.3781703473802551	0.398322292627975	0.34667023084982806	0.39565959414369983	0.5470783331821887	0.41077010137157577	0.6155012652243979	0.6277575200062651	0.43825134938526167	0.6520034135175587	0.495309695960689	0.6097178889278263	0.7892782813908877	0.3954805968287016	0.49725126345878523	0.6513698694877967	0.5674138030379327	0.7379221961078233	0.6026848110197722	0.5348118830973257	0.6010743920725227	0.5379181196345301	0.6819305738757389	0.446005752496873	0.578466283854787	0.3601058501940998	0.5581642238422524	0.6106226233860558	0.4755101114681711	0.5585685628032754	0.5497060079221525	0.5933309105191945	0.6301535223969981	0.4743473364740196	0.5854203821039682
0.663068140233343	0.6052348575142356	0.6623513505623367	0.5608430763770232	0.5701432164489505	0.38387858743039305	0.5819848769359734	0.43561405257783703	0.5021411823320665	0.559328794007059	0.5159058466628746	0.5012704262442814	0.510730711593516	0.43687868395054463	0.6406996748647964	0.4723913418257317	0.5074454153563375	0.5458203620936927	0.4640411729154664	0.46018696755245836	0.5726599519745059	0.49243084695714345	0.6139309952685958	0.4696414024450952	0.5035748581942309	0.4133310953199727	0.49356039926301354	0.5056123327399835	0.38928330187834714	0.46150385256654136	0.5663306774583406	0.4360950604682189	0.5115097524602901	0.3072328092724512	0.4145932052667378	0.5333807192445037	0.501124320859484	0.5976117088902227	0.5740389634144043	0.5267534635432471	0.4262804226215986	0.5536512881773608	0.5284220477963708	0.4933825815084349	0.5180680295882911	0.45909728409418116	0.49377635085660554	0.4204595564772991	0.5655178606780258	0.555361530563357	0.531994721470613	0.272020025450237	0.3230367915797429	0.451974406197423	0.47676619557416045	0.42590997492746885	0.4598119395969267	0.32372233971097586	0.5613745356756753	0.337114050223687	0.45210175606468117	0.5606618872170883	0.44980969713776403	0.443561871915113	0.5065306397919398	0.4147097807100905	0.546851312895936	0.47007207781178384	0.6832888415871398	0.5041347315672084	0.5734700013201991	0.6834616176669086	0.6621783990983897	0.5361325773886723	0.5555075876880786	0.5300867191896291	0.46603455971425545	0.49179909103558633	0.4242552210475014	0.47691992304471026	0.6196554164419549	0.5496827215803624	0.46051817613413115	0.52690557828977	0.6007076559584299	0.5249763897000812	0.4628912511909553	0.6081932711829391	0.5265162361832487	0.3683787828248464	0.3374643921639805	0.46999762426886194	0.4305415142672222	0.5856894289475749	0.4433392282562839	0.4063057972257238	0.558641269435618	0.48490780309280734	0.5409055877063703	0.507714043161237
0.44995362597959987	0.5778972016989297	0.47400556769609486	0.5786848263217474	0.6578492917268772	0.5452055006028188	0.5725763908771562	0.5601827545384628	0.362959956682806	0.6355684038981476	0.557349799046211	0.7456975713004862	0.5018161031737713	0.331920369156143	0.458409984344069	0.3839767934368131	0.6581390081432551	0.31081830678945843	0.4591226198548307	0.4826579472844974	0.31118104529428436	0.5325894136455995	0.46144140833047054	0.34948309706729364	0.5141559449486388	0.49842683757712636	0.44922039034349326	0.5834559496569389	0.4711206846122483	0.5098350576169891	0.5747203750415181	0.4981097771788654	0.42402653271469615	0.5434014876915767	0.5643617989364619	0.4298408562822859	0.4422929839766341	0.47425550943088135	0.48957026498500367	0.6565971675637542	0.5651867368457546	0.5714908604020486	0.5099327421791751	0.47561384188140843	0.5707762637530539	0.4424409398546123	0.48501801016655327	0.43522424317253267	0.5644660472627079	0.5278948815528158	0.6376948026887894	0.3487803002057965	0.4812948497717902	0.5841720683951837	0.5990494059031541	0.3382243385156093	0.36284924228972637	0.3630220831086215	0.3898866732837033	0.5027221666809478	0.47520973598123967	0.3228910157759511	0.5500034606005595	0.3729407844807097	0.4410493611743034	0.5059409751668629	0.6186783955671649	0.44968678039753024	0.46558692870898266	0.5884577271714686	0.5209847274474458	0.5736366644556408	0.46727410957451787	0.49856388013634656	0.6876534635432472	0.6699513846975123	0.6015219112556686	0.5942489009379704	0.6119177253143984	0.5488323937649691	0.6109511657615585	0.48550975246029	0.5539307092393662	0.6447889416385165	0.5850680531297915	0.5239099478547434	0.5423037913586402	0.48479343361929184	0.43594956598535695	0.4139412035194169	0.5967662355947113	0.5159581662204511	0.4985269611700036	0.7572060679529786	0.43422259749040537	0.4400954689132509	0.6065122609384073	0.5125434742283801	0.5428620837886167	0.588057813097945
0.42908270510131197	0.6302119290032514	0.49385563655498355	0.5463389233938535	0.6846825768001347	0.590045209368209	0.5338661025852339	0.6291973405937821	0.4364807816294798	0.4170454518456631	0.5592145163453952	0.5639476766487005	0.5263973711977328	0.6202452623365847	0.5075974135724334	0.4835623556929465	0.4757640861244752	0.6176766298233852	0.5338038078376904	0.7000477260858513	0.5237269964822542	0.3574040703254201	0.6479914536478586	0.3420538366760286	0.5358996477920709	0.49522653624592117	0.5305158889461177	0.5410742555318204	0.3303223114611753	0.4944599272559306	0.6345661061164589	0.5332891205539195	0.4831661708555851	0.40660779485328225	0.4764638012723202	0.53750946407691	0.6766532398989932	0.3283409068965118	0.41321186661827547	0.4001721225406346	0.47086380951184537	0.5739075559070532	0.5640929851537091	0.4661139266308099	0.470684625041919	0.5567512340319096	0.5304116406198716	0.3936970216064516	0.442586652096353	0.3838928262485814	0.6648926543956284	0.5394281371991978	0.4370926979474041	0.5048657612334779	0.5567471293088161	0.5746969709922256	0.5719136076434794	0.5009804226215986	0.5500741437096935	0.5438451305041825	0.44347851327466675	0.42936807902544194	0.4657243714737098	0.470463906031997	0.5584410763953146	0.483876553313509	0.6466742802503957	0.6223617059475353	0.4823952782270976	0.4450389422270539	0.4357472046416173	0.5254303843666605	0.524190772121422	0.45718455677156783	0.4630657718271532	0.5610096088571375	0.6354157394575901	0.5751907591735966	0.49476378479326993	0.5555969827629761	0.6079844425952909	0.5166491904984254	0.34325979189230316	0.5207287010181324	0.594697448884684	0.48680590198540064	0.3805599708077063	0.43158703229158446	0.61908706407261	0.5760640896557002	0.6670516083417661	0.5647036818906634	0.4001955430689772	0.5129726628180689	0.5098685427929999	0.4463976513415875	0.49907252745444164	0.5739265597874217	0.4750017301690308	0.42523919058988313
0.5192744944780495	0.5029453023571355	0.47557863686754387	0.3793099619796436	0.8790848251446725	0.5802869734378335	0.5768808098792803	0.44328704994770984	0.5117911252439281	0.41134764133644974	0.3590811618247113	0.475845741406118	0.6622996772189464	0.5972224397623527	0.5416975748317112	0.2811248246475927	0.7092267222237744	0.4340036477554877	0.5004995241991939	0.5261330694060307	0.4055561944885432	0.4274811641788614	0.5158558731470626	0.6482162302978737	0.656539069351156	0.5436015006394019	0.3850575835683161	0.5759868639698567	0.5081535506467987	0.5805514411971133	0.4889535070950229	0.5090141243794133	0.520301508878927	0.5289138501209336	0.6427534576578721	0.5977179018756515	0.5511324620353203	0.6825430516584476	0.5080557001170346	0.5580451399207828	0.46593053032396303	0.4105930345908599	0.4581159713413691	0.49560544881151786	0.45591569237458934	0.5596572869454111	0.347711489954269	0.5494344714336289	0.5378532563780436	0.48440112162124527	0.7021779894762826	0.512071852990455	0.3494991134000117	0.6195659460342563	0.5250908156731977	0.37804712460051587	0.41435758003709106	0.5398220477963709	0.48960960179468743	0.5683845355842175	0.6599471975791673	0.6662930169347347	0.607322350304651	0.5738139807762608	0.5337347492233337	0.519020258511091	0.6214371117441484	0.4120830488072178	0.6080724497674903	0.33928287106888977	0.5371952499772971	0.38878882981638946	0.6055011475168957	0.5515073946477753	0.5823010615904193	0.48453450556880445	0.706536742142592	0.6342286092062809	0.5781596506433008	0.5058700107367993	0.533901165173021	0.48695978129862794	0.6455681155147677	0.5065099113654178	0.4521725792457425	0.677480912284807	0.2997892582716968	0.5531975924878364	0.5882453800440869	0.5209890063776426	0.4994702037771025	0.5229452446804596	0.3232785780137929	0.5419725768915925	0.4270142962323663	0.29270384079579104	0.40329329119321433	0.45867240856986446	0.5629393000578601	0.5206412235296922
0.541549624839108	0.3780680554839415	0.5518180231143786	0.5152599143081052	0.6098474965562224	0.6427910322550014	0.734082823985889	0.5700516036334661	0.4384348610454607	0.44228710644731073	0.5289768546447141	0.4098810323464591	0.5558830158491173	0.6059725980789428	0.6424371764832746	0.4633955524855773	0.541353803717928	0.48114318584500004	0.4007703885778807	0.4032788463868975	0.541447886168054	0.5117102480088735	0.3882518237464948	0.43033489871186126	0.43459525115437214	0.5750140102031364	0.40557860155529335	0.44888896400294176	0.4357453047112856	0.7230305785840387	0.5473304644077619	0.5579535541780238	0.45572853387347956	0.5697597094970518	0.4105722567271869	0.5377243008492085	0.6852847086142455	0.5181681049210924	0.4643870287603594	0.5016390316847554	0.5162638036264703	0.46901194430522675	0.26757225790426187	0.5303637435956443	0.49537185887583	0.4342614799491312	0.5133737952954875	0.7183551645479005	0.39112598655188674	0.6070843766790899	0.4535966272863198	0.3334552116309013	0.40138247439460795	0.5155888663057151	0.5190679919218905	0.5822618683838879	0.3901807557338294	0.5308056077166456	0.5032263208411925	0.5664178218345501	0.375232563263772	0.44897041447353114	0.23980578898619875	0.7526473447135447	0.5166244150254856	0.5561306951144659	0.4893912441285051	0.4197206128106721	0.3091662403030112	0.356051658955992	0.5559120278775531	0.7734305832923389	0.5805909463285249	0.5152762814091792	0.5619364773007125	0.5745783119948383	0.7034138336418834	0.4987118830973257	0.5781304632306867	0.6618888098061142	0.5032970816372777	0.5049617165412104	0.4670577389422188	0.6483973653123576	0.5808642026549021	0.6428182714772077	0.5490057713300734	0.5926037242653642	0.5668973535416072	0.6178723167580129	0.5466201408035889	0.6737535353448234	0.48661613613187193	0.5059723579556388	0.5823203232502172	0.41206431918532915	0.5637286857161573	0.5510558437201872	0.6732620932052168	0.5239244456294362
0.5248870734892102	0.5607513599789369	0.584338889258678	0.6465660990540089	0.47675986840217954	0.6195639519379229	0.40111203140877827	0.582820382103968	0.6962057831008235	0.6762786133260433	0.6740703944632558	0.5351913300549817	0.47645381431160305	0.5129038549206912	0.38035189083977106	0.40473106589309715	0.5737559296466637	0.5467933194430149	0.6218682238056694	0.5564392058918584	0.4880913641901572	0.4873163209326501	0.5405474424107715	0.4802743379270718	0.5849888839618405	0.3520744061974229	0.505753629510825	0.6091182608835327	0.6346639848960235	0.5186116912340974	0.5809702649850036	0.5094368268919934	0.431930414970611	0.5474660531480829	0.4958431587722745	0.5368117959937743	0.4721619484249894	0.4815307163018161	0.4683494341529547	0.47784728350564365	0.599332613877998	0.4424993805960413	0.6506534011582711	0.5344240795591049	0.44319064028901967	0.5927991440039623	0.4192614976052566	0.743846900956262	0.4729011781208463	0.5439718471050798	0.6287884272567327	0.5799572222062848	0.48568648612877513	0.5476593810931211	0.4693657306295275	0.47302231734655054	0.43501599488286957	0.429111840722625	0.7221742908440709	0.5677722284773864	0.5445868780947568	0.6369286315707062	0.3722287692884836	0.4482264597360449	0.4999681731914435	0.6686952746958724	0.4183850829241019	0.3909643321331544	0.4853829722973415	0.45854980257743594	0.5489038325562661	0.5531659213156808	0.5722514670927636	0.5893429268884955	0.4705741743136439	0.6037553976087544	0.6588847192079208	0.4385513929370375	0.5312699824869989	0.6572950275101181	0.40329711694952824	0.5490199501174357	0.5707638801363467	0.6221347751189841	0.6442285397588546	0.5844932205687132	0.5827661932200106	0.5668015959824785	0.5563994947723182	0.5515430716687231	0.5995327539499254	0.7032578860765962	0.5318162444227739	0.7530953759243242	0.7550640449268495	0.4183829040269903	0.43287033207827985	0.5428599472662058	0.6333787851789964	0.32343307293725576
0.5897953276642485	0.4979410187186388	0.5172641520406762	0.48047444268674855	0.5328682285139696	0.5150266068704225	0.5521766863229863	0.5117455401262896	0.49954342243707917	0.4223495365584815	0.5062245303788376	0.46400785017580815	0.47375165189354207	0.6615287422157582	0.5433060844320289	0.32958748311131725	0.4624913406486567	0.48348497463320017	0.4688016783777299	0.5652996277817955	0.5300037784108149	0.4921413141644687	0.46987038857788066	0.5591640402185494	0.507159951974506	0.5982327574811503	0.4549702661620786	0.5746702908806541	0.3251267128071742	0.6569285032695291	0.4294035147460105	0.5974972476048555	0.4200033864448333	0.4914034382361342	0.6109740789705673	0.42436377302251976	0.4515785238683419	0.6713535812507492	0.567591008713501	0.432195009853993	0.4857137512466319	0.4904657835979034	0.4939657741813032	0.5008676894136104	0.31552197246356956	0.5587449127453037	0.5270261278008891	0.3745863672441981	0.5514365279149382	0.48418646023312467	0.5807174522329936	0.577532163058265	0.4956322795886921	0.4312427114837669	0.4801365573418139	0.3142951428634702	0.6019493152683776	0.4066181808424312	0.5703035618290113	0.3630618978107635	0.4894576024015165	0.4616868357200561	0.5583827568926127	0.623499358231616	0.644130478532662	0.5523806568595276	0.4171579202117719	0.5241163291721753	0.4679685263139496	0.5080289952868876	0.5577182573523075	0.6321411352490657	0.5350140125572863	0.5628912476597302	0.5182431587722744	0.5736888639515652	0.5134182432274073	0.6817346632968572	0.611834656234407	0.6220534046894961	0.585492813300756	0.5053720636868836	0.7586033322993825	0.4835015018164769	0.5254973453020821	0.42085788607659624	0.8025265491937463	0.5087059066937007	0.5500869393026578	0.5462284620719033	0.5575786639402693	0.46757444504089873	0.4781328869594027	0.563714167931189	0.45162234441927596	0.3871764461996821	0.5497890675855435	0.565953687187501	0.5363267728380002	0.31895797788844793
0.5321744509262737	0.3822869628441583	0.4315828993186903	0.5757119796174774	0.5104765191783333	0.47617870160666986	0.5010933418074403	0.47733911643415694	0.6031537542807771	0.4689684121376727	0.4571288658086352	0.5144517672468939	0.5590933712343158	0.6290205692588963	0.38315596378183925	0.48539128061783066	0.5447559108134632	0.6302827427677126	0.7104204056454685	0.4266662579591366	0.5348057030597223	0.5006600579112578	0.5123829923076169	0.4932600355468324	0.43848919824087085	0.37081214440798027	0.45928937362504885	0.4737725192149165	0.47067466279977743	0.5674474600668966	0.42963686455839417	0.6072283573122266	0.46190118400622143	0.7287011945998966	0.636296921555075	0.476909690075314	0.5893764567933573	0.6820514117702378	0.4643659542737813	0.47516375065809435	0.45432006429371263	0.6908116547447718	0.5925426702861412	0.5174009356433922	0.6537738258994381	0.3837676858823852	0.5967155511255868	0.42293427721625054	0.5410469127270122	0.4124655764326999	0.5105071050873204	0.5341552069226012	0.6974281124806224	0.5392779953616578	0.49914693744558764	0.4839742060946695	0.4344617765720364	0.3406221454935975	0.6439640084375239	0.41429720523015484	0.47151595721646894	0.5030908509854484	0.5352347245047584	0.49171789952150136	0.5206971004704781	0.4296869051674823	0.4251224821370533	0.4243723238204631	0.5704036265681375	0.45687031324507943	0.7089911017024276	0.4647954606737257	0.4210704815668074	0.5963475024415975	0.3957765792091593	0.4712475624724235	0.6482869875627336	0.4566098077828159	0.5322472352455678	0.5953721896339108	0.5063305032512375	0.6769199807213864	0.48218458972966843	0.5572661979283104	0.3882245621598631	0.4858369234121451	0.4371515600816903	0.6110390646428562	0.5264994735849678	0.5964348327956602	0.45290160775322863	0.501428736330383	0.4346683627005218	0.6418557931059612	0.5550579484615724	0.6140494659339802	0.5579681567123933	0.5466514906342641	0.7574225209805291	0.4404578872536713
0.4681097242104895	0.6709743979578977	0.6566974936135348	0.5712994983035433	0.48913906464285606	0.6674408833550114	0.5924430681374981	0.5889120078672777	0.5858224986161036	0.60273093288362	0.46371620322514817	0.31127239797618944	0.6063162126417484	0.4232497837442357	0.6600579802425979	0.44279963837547065	0.45171850336098684	0.4900141149628131	0.5361640461039244	0.42831206201272876	0.491966229709336	0.518162096736442	0.43982261396945554	0.42588111121048555	0.45553310707243144	0.5048268634727768	0.591049863785337	0.43103319417598296	0.4915246115970139	0.40365993549545554	0.659753571834149	0.48845762005764176	0.5858576153493417	0.5372639072090721	0.717301166350096	0.5741845591257178	0.5254619060502886	0.5470827427677126	0.5222951734674208	0.48039721582383	0.4930598825270798	0.573801513587227	0.4732803720073728	0.4544989521407339	0.5416677106009606	0.5569468232693108	0.5883718117928293	0.5463281948758738	0.6154073687521249	0.5046259265210606	0.5748489044691956	0.5745177206060984	0.39681360411225436	0.5490946849812874	0.46891992657593523	0.45889491451091635	0.4222554070253546	0.4760117665668987	0.374515963101844	0.45087633790878023	0.478180559162301	0.48013879626975137	0.5857096582942883	0.5606991510664123	0.5390407774182596	0.49657844265016554	0.4620429845651715	0.5980388668942527	0.5714328622408271	0.3068390469867308	0.5920286504039065	0.40902473401281614	0.5827017054504553	0.39175152006113967	0.5204912041079545	0.37214755776412334	0.46197049686878255	0.46365787783707124	0.43492247625167824	0.5435161114132965	0.7198159948828696	0.6421742778962458	0.7113867874599804	0.45214950948575594	0.5891390764136062	0.6523097230334145	0.6057326692005239	0.4367931829023125	0.6290391811732832	0.4183015712639031	0.5394079019671091	0.4818537931242529	0.5264580814710497	0.4728185068922117	0.5760161879231729	0.459645331784011	0.5037600108282569	0.639024267891108	0.6971952805812477	0.5730349034201613
0.43409296514343376	0.509080565047676	0.5082786145031184	0.52209304400746	0.5660619260605638	0.6769345314644548	0.5641867215437792	0.5767223149924006	0.5817559967399398	0.573789034627443	0.5216807110049787	0.6230951781757209	0.5946619213522638	0.5752518025591444	0.39114150602769704	0.55784138478897	0.5646579543469474	0.7035953712160241	0.4738057630905482	0.5156954441946754	0.4201685404388499	0.5655373648152777	0.5305414036221704	0.5215248670222934	0.5004767687182377	0.5445434236141541	0.3694267728380003	0.5824747499033288	0.5456517684239688	0.4486454094709623	0.4340702826411289	0.43574324469875103	0.5995912182328547	0.5378785874303931	0.5865200066170367	0.6398637530122444	0.497582701570087	0.5040911064107279	0.5526431964386752	0.5527744579887238	0.4286808287124807	0.35302453037883763	0.6729597330385522	0.5801073899394752	0.6251260406973378	0.5143303290441346	0.4996615105530817	0.5565802236959203	0.4268948674279155	0.6232843472522143	0.49972183827701727	0.6389699118624975	0.547505399374367	0.5526949251045915	0.550421990119695	0.5111742461152202	0.5510971593242291	0.44766799780726557	0.4680472140582174	0.5863844614284913	0.5895720307287831	0.7592093875670336	0.546134363142727	0.6105738035350127	0.6621322501618165	0.6691948839069658	0.5319636200027671	0.7429366550390406	0.4383764226581817	0.44659101930717626	0.500609981989919	0.505583004078367	0.4617725827769674	0.5451516613101421	0.5680036077349371	0.6015288811106105	0.35232677990045036	0.5973767534162624	0.5517453835753119	0.7037682026183192	0.5360787345647705	0.45724734824476976	0.5697494588715301	0.3414328751886524	0.4335371305773488	0.42751006438517036	0.6457849699249	0.5595473317657194	0.5600494718193555	0.2665080785283621	0.5496997702078729	0.5243539120088299	0.4852789676256246	0.6243453153049607	0.6565764167728068	0.5642492505292516	0.5880305538654635	0.5422053263957158	0.5864617871657116	0.537514050223687
0.49103868444762455	0.7772553328696283	0.5327281783968234	0.5921013181927737	0.6902159372061936	0.5351428233058937	0.5339073781687251	0.6031179160005515	0.5254473682550451	0.5646807404318541	0.5118015806805031	0.4157641461553012	0.49908915704324497	0.5935308410717685	0.46099972430194713	0.5258080596951618	0.43929320879796285	0.7242869122299325	0.30261830678945845	0.49180796906038526	0.6648352883236931	0.38139374201294707	0.4389228423220094	0.29810001503947714	0.46275612739526706	0.5265436201856826	0.42177696646684115	0.48983929417248506	0.6253308693215688	0.28887034973440506	0.6198516024563911	0.5080267704838503	0.6558183209143587	0.4780869334172828	0.40969099694275085	0.662805514727719	0.5706535000325728	0.666609930198618	0.5055974018016831	0.7221099431464433	0.31224323175092583	0.38210142412952547	0.5005012864117481	0.44892199835922	0.7077989980466598	0.41084912340514934	0.4607636859189683	0.5492426832339664	0.5277114805376688	0.4980177005958229	0.4756490115830225	0.6307345255790798	0.653155484712306	0.5673161172986717	0.526895067530669	0.3473576636094175	0.5122869098757823	0.5105180984471798	0.5136992122743134	0.649040915136037	0.5899594776132728	0.44669892389093346	0.6113365067275879	0.620582188365378	0.49320728988809853	0.4870635835134415	0.7014595529460741	0.5251260512910129	0.6721283066980007	0.5320763779293309	0.5009202408549658	0.5504099231361679	0.5014768158012385	0.5646641685197267	0.3330890569918684	0.5938932959015145	0.6813601002859586	0.49511844686138573	0.6383662803235619	0.48965790608687176	0.5194620837886166	0.6050702779328289	0.5088307421974667	0.39306008262983316	0.6670996748647964	0.4809579390449723	0.5908766003965098	0.4673140219738865	0.6141121055645046	0.37545810736670004	0.4077956419432788	0.39516038749226345	0.4802912747324557	0.47424948123595545	0.6573597601112777	0.5920201255016138	0.579161813061362	0.5287888462954398	0.37140956765951183	0.4713533670230955
0.5631324432021201	0.6571635858675916	0.5855720436766083	0.38292402423657884	0.5364950074998429	0.5522096170966628	0.514413758309082	0.5758865826489268	0.6564970745748275	0.4626262572791414	0.6108826721432112	0.43194743534832136	0.6435224244603772	0.5304766698439359	0.4487639860730984	0.5162724462362652	0.534922407981327	0.4771848851754985	0.6410849711019752	0.5616643474351297	0.4877039726281933	0.5510292201082164	0.45148120890771215	0.4991832665660967	0.4721060726612787	0.41020808088251215	0.5932017784291067	0.59256825911792	0.6992284467699281	0.6177074817513268	0.450157635359617	0.49263493990948704	0.28531636801565097	0.47588701581253423	0.49834741180682096	0.4953598907666049	0.4301744885926745	0.5294661896887854	0.5626244114942607	0.5586722614354871	0.5764014547334761	0.5140574458505387	0.5664887568377384	0.5123804332152738	0.4236804755899745	0.42661588423781766	0.48069092867239965	0.4478720354370831	0.6377761272123517	0.6299718930110056	0.6261199489403606	0.5547304043769359	0.6420995218450438	0.4078119490135268	0.5088493764762786	0.6283076912706804	0.40337432027094644	0.6488305008970875	0.26894518347255847	0.5233722037588109	0.4807658648160798	0.413184625041919	0.493157458798364	0.560849102217799	0.46405527990125245	0.558149044541123	0.7083532422531433	0.6256844567201911	0.5729698447692215	0.6993386785622493	0.4712950016144678	0.6126972476048556	0.4896848192592974	0.6240578637121709	0.3745621579443429	0.5712141938268396	0.4447349693363625	0.5158456248756911	0.3999662661986617	0.5159747004661781	0.5428643038833538	0.45727029558895416	0.5286244044318104	0.5912663874373889	0.6607329728858791	0.4503204609679945	0.5502641449782262	0.6329392188396836	0.4746436260710577	0.45581227859453244	0.4669392718080597	0.4632810217527841	0.5195226881251818	0.3346037901815653	0.5411201843553648	0.5002742096258945	0.586972197873436	0.682686716835479	0.4496491339988245	0.5357803543512474
0.5091031875191548	0.5124886414843863	0.5747659177844556	0.4962803119765467	0.684565701202652	0.7213219265576438	0.5747344490692035	0.5188491940296506	0.4705096641796635	0.6548928380193316	0.6930201490431143	0.5328390752365311	0.47840386080606656	0.46245165660184195	0.45242458805551367	0.6559807239528037	0.6875683191487462	0.5639558213557616	0.4598287728197088	0.3828747863926545	0.3754790747394514	0.36692923187896664	0.5323727075469197	0.44459970429167184	0.4602579213888469	0.6729642191339524	0.3513976077898118	0.43916599429433206	0.7005679154120141	0.7958095441180113	0.4925367680382424	0.4064327739602006	0.5247268140356259	0.5017080408619614	0.4304913324091316	0.36961633034925034	0.5326683450443966	0.5005994170853668	0.48966402256242403	0.6925662026366107	0.5353452234931092	0.5098179889792029	0.7044824296657572	0.5124325750345222	0.4882952229045716	0.40169723112580524	0.5377221878682982	0.277784739218196	0.42902831258337576	0.5007325444305717	0.5159596188622751	0.5267389139772534	0.3574369445994955	0.491195184061096	0.5719493011434773	0.6434597671737277	0.4980889534092666	0.486322052504671	0.4752742531776703	0.7175513340832864	0.5725762990653047	0.5270324443791949	0.5729887533065132	0.4520158100820914	0.832934474964854	0.7101428845137948	0.4501158147903915	0.668486592065527	0.6298468844772118	0.6822218359228671	0.6847488832818451	0.4848323843483689	0.5507514517907885	0.41842452213931247	0.38482677048385017	0.43431223504275673	0.5622663862603138	0.4909226987188571	0.6685143562631924	0.45945176371566876	0.4384704909834075	0.6640870864370354	0.5981099066571177	0.5297038619831415	0.5460621273403925	0.6286183621119842	0.47223914939225753	0.3966037642859148	0.45988927710489713	0.435282884016715	0.5112871970820874	0.44027057455573393	0.4066538931756296	0.37014545773103813	0.6983452917634603	0.3959493847158039	0.4569283702600518	0.5877783425987889	0.4517679813282153	0.647032327848768
0.49091160766177094	0.44368056033937603	0.4683366950595912	0.5295534741369223	0.5308450716504316	0.562882246042054	0.7036677035385104	0.47086796367208994	0.5667451175563574	0.7263615776463579	0.6014157500512654	0.5503473659008951	0.3306662979796873	0.5054224880224283	0.39722671633839923	0.5749931369963867	0.5390180301768287	0.6466160619761456	0.5361911523166536	0.5243350234818134	0.5602081538611634	0.6338934818793676	0.48201653398322886	0.6581557919288862	0.5514682026183191	0.4333182455815574	0.46348296052659144	0.5431139278078849	0.5017930934446109	0.6715430292940223	0.6086368469022689	0.5273264891629205	0.5251119972736027	0.5534039726281934	0.5508436378418078	0.4029873124354393	0.48599547009032584	0.5645120631898037	0.30730388317049184	0.3893578813682962	0.4930473470676947	0.3892346326929067	0.3859950169164431	0.48388473450989594	0.50127451801955	0.2764766568961108	0.43797445445749883	0.5718973052815316	0.5310178653863258	0.5660284008640024	0.3670702685162286	0.372278645107069	0.559959837798229	0.509628618622881	0.4784201772929146	0.5666390528721059	0.28057853799324217	0.34748267567443647	0.5708867580331048	0.4650347033174079	0.5317824826341332	0.655190768590197	0.5486907791838722	0.5409742119800447	0.6907136747367557	0.668161584708808	0.6386781801624359	0.7631114369858931	0.6639468079673354	0.5846467938424352	0.6518884131318323	0.6598636482525675	0.47343686808961927	0.6076183691744346	0.552991244128505	0.4902934265568416	0.5127641991236771	0.6819245315559126	0.5448975465819107	0.42657044507748165	0.8235974265202586	0.47707652506370857	0.6033015394828775	0.44126426857110324	0.6942080855908123	0.5505330482186804	0.43310803144536136	0.7090997266560971	0.5594518213923448	0.5132267363486747	0.4206975477589857	0.40358506291382656	0.6536558072308615	0.5178953264871734	0.4779120490649035	0.614697280562956	0.6618117018277725	0.5969722002275861	0.6616908921830741	0.5794427032442417
0.5011512163757844	0.3998869334172829	0.5484554152648797	0.5891742531776705	0.6051347657023839	0.5200804838294997	0.4399346585885572	0.5136512822919856	0.4529511504595833	0.6078117618585985	0.5724305573966884	0.5651869028133323	0.5830265680269467	0.4024952276128717	0.5869701461004266	0.5875741931468443	0.6103240383614792	0.6213764320747819	0.43857028264112885	0.4465766510107356	0.286856067364441	0.5336663674271136	0.4240683674088219	0.6362827156949872	0.6290366750493159	0.5253159819350443	0.5656078372279831	0.4112681131606175	0.5449992852529646	0.6880304879492624	0.5868701684648518	0.5210952582168222	0.45158273217403744	0.4137119513676769	0.6497853312869312	0.6508999538315761	0.4021893830416491	0.4967019573445096	0.4937873654038152	0.5921621956107436	0.4254768158012384	0.4569911087648778	0.36279937000236606	0.626313997255311	0.444272550995942	0.3135663485939131	0.47284952478773123	0.47209118174352904	0.6145889275136163	0.632030590354789	0.45556392015689723	0.4725909227870246	0.5045347515774836	0.43053282222027645	0.4486263608617431	0.6645513411457364	0.6243265656727967	0.5097932605892638	0.6199806615678277	0.48212225849279944	0.5803387009266748	0.6015552033913762	0.7401386597290491	0.5459575341311653	0.4117909263182496	0.6572844814387666	0.47223865972904905	0.5501406491170823	0.4999259347605858	0.6886552375265516	0.6375093098800824	0.49707831905728844	0.5415492870185771	0.6010181702487559	0.6331661885117104	0.7075870228749843	0.4371723026331127	0.47647864392999395	0.5392931829023127	0.4988494612256801	0.5408766227609352	0.5982683638775967	0.5352329540526788	0.48059746300958417	0.41927874751259575	0.5647828098609887	0.509907783082532	0.5913663662500385	0.5693620908510669	0.4973537024894763	0.44004115408226596	0.5347620061016652	0.5247453094195855	0.5626432835422267	0.41164534590891133	0.29890983250139136	0.5640408680530362	0.4661180913847297	0.6010865873572269	0.6038427432647926
0.5929617706866613	0.5477931299339366	0.5943408833550115	0.6184262478625413	0.7150554152648798	0.3615639272193474	0.4864618012906118	0.6330701684648519	0.4810680896191171	0.5774931205173364	0.5446973629582075	0.564028670414182	0.5392804673504493	0.45396390367784706	0.4364889910756672	0.42469091337042436	0.7101074264288008	0.5467200960747381	0.4612807133591287	0.5558184786424112	0.2831581403248007	0.3743893347815732	0.526801513587227	0.3972285997896807	0.39841185602460016	0.7092826803827366	0.6236596176852002	0.5517554682332557	0.5965951840610959	0.7641055829980701	0.7325639707711231	0.5826556824609094	0.608913990192861	0.5519578201603953	0.3598790076461752	0.40634993440983835	0.5391854690047085	0.512647945021805	0.4069187175886405	0.4425811088563354	0.5234497602027354	0.3754788769908479	0.5693807545567543	0.6165119690238021	0.44451828089380796	0.36768293227679083	0.45181415380628887	0.36498493696679934	0.5357702155478528	0.5689536671772256	0.5327389881329797	0.5903991993264881	0.4601431434702993	0.43810349591281017	0.5354324408479698	0.4825366467995153	0.4811181467072556	0.48342867983078197	0.6005037289736642	0.5841160278409702	0.483940978698088	0.6318911370146783	0.7165283667288267	0.569091002828126	0.4317159725184441	0.5836200478146624	0.6646116370886466	0.5623095088057608	0.6343676670491848	0.5196678024128122	0.5705614481681057	0.67330318869623	0.586669881258547	0.6216615682297578	0.6347722096441861	0.4699368480793438	0.5753411117075653	0.5399620767261666	0.4654787039608199	0.6799701978917276	0.5018098631053419	0.5880870358228096	0.5987704050569311	0.6302308599049686	0.4486620013933653	0.4335765756779343	0.5261932853078393	0.6780410775723897	0.540897385322633	0.368359895474905	0.4973785521181423	0.677059786006928	0.4943431681888747	0.6783057336636727	0.6066517366429433	0.5238411117075654	0.5095535494697235	0.6371554658791057	0.5046053275727909	0.7269741590116686
0.6472244644626364	0.5230535365218983	0.5001639413442477	0.6922805779955012	0.48593667622639086	0.5158367268406168	0.4381886944527621	0.6771137594861572	0.5300347280359832	0.512005625372771	0.461709811314041	0.46455352592822324	0.47957016140240183	0.5791388798420779	0.6440348716391358	0.39683076456189204	0.5067618036447619	0.5129889498780416	0.6036704309525814	0.4399580073153234	0.5268621308716174	0.5458620084558153	0.49795358713612425	0.6264891076060942	0.5001286515809816	0.5150057160075475	0.5946576447762171	0.696157569443416	0.5364367845172928	0.5108931723086374	0.3661994135541419	0.4886763131902048	0.7180162361832487	0.6703391705796078	0.39216226741231985	0.5621185716313379	0.4146061797751054	0.4537501133252414	0.5041041056376707	0.40817288528524776	0.531093560743394	0.41153936832821125	0.4547830405676928	0.5100892559175468	0.6249078925505089	0.47409560663102823	0.4195350999916897	0.5113578072125701	0.5437242761306333	0.5038244150254857	0.7461741648970437	0.563305460582268	0.45612852681102944	0.5884763214297299	0.5329323549214935	0.43864077388703443	0.4370722143524863	0.732547135194191	0.695286944010958	0.4301556342008336	0.5485952899978478	0.5073745144883247	0.4346703567968552	0.5547244220879357	0.6802285809564804	0.5772597212678019	0.5538368480793439	0.7439283855620271	0.6416782284225118	0.45338244732188254	0.6389324149523194	0.6962987849960811	0.5942094817330353	0.4881406785439578	0.5156095653053618	0.6218347774731341	0.8123347433379586	0.6204264314862444	0.5310390093203301	0.5061452717531849	0.5541515129986896	0.6193621214550172	0.5769496107142078	0.7111348528059355	0.6648181631863058	0.558666225001036	0.5123494200280544	0.7356535435843485	0.8024890993665692	0.463666289740162	0.5196828133922138	0.5855887744938637	0.4736035959641869	0.5174870122813091	0.48246830502384586	0.5574784732541161	0.5455890593460185	0.4894492387585013	0.5915033852677583	0.5930201984802649
0.6217243008492086	0.5154096618255135	0.6568949674792923	0.585999061608711	0.5887635529094911	0.629234367851027	0.6107719506876816	0.46145140706193766	0.4509221266603972	0.5423096441693882	0.6631367421425921	0.6329807981085301	0.4579265797976969	0.5223243349843842	0.6251952087796714	0.4585682508783948	0.4354745297903001	0.5290057713300734	0.628337209441375	0.5854808016397552	0.43036613907455945	0.43713078928046745	0.5556579002014965	0.6418495271418813	0.5093451399207828	0.6001243126199588	0.5542848486861729	0.7459285173944292	0.6530555212016317	0.5508680896191172	0.5049952264357968	0.5400368398398186	0.5188433294481526	0.41414142716367075	0.5853789158343238	0.45238931241714775	0.5700790535521011	0.41833310707243143	0.5537247740333668	0.6184247363669662	0.3454769994249417	0.38302289646746046	0.4009935254311434	0.5193330752914057	0.34173097172709566	0.4688580791168997	0.560391293565656	0.6340682226285944	0.7483201478660391	0.6319346374012069	0.581634653880257	0.3699700307470746	0.5522136135288547	0.4740908580478984	0.6679052769585649	0.4937157394575901	0.6496305126678377	0.601561816592587	0.32619726526098086	0.4499702614537786	0.5676347774731343	0.5157225150951538	0.40500372308828914	0.473149448277855	0.7185013970567999	0.43615983897530397	0.4979139513493853	0.4058243491092845	0.7163450398694059	0.7029054711759433	0.65865750705844	0.4846010886631448	0.5001136782679807	0.5392698777273219	0.7057742531776703	0.5306014100046252	0.7008223526588011	0.6832554494000554	0.6362411540822659	0.41949762309178706	0.5718538460926287	0.4055956372349787	0.5408435213113808	0.5314413506537944	0.420834946971937	0.4206391411527324	0.5841493741221288	0.4788118466080001	0.6141934701086175	0.4540329846566292	0.4511266315889978	0.549299546563619	0.6504036230369123	0.45214751892064764	0.5065433329793776	0.49892444680651105	0.5496390069661801	0.5658348704620607	0.44848497463320003	0.46999737826018273
0.5284014029421751	0.7159053699474914	0.680448990395672	0.5272114981937941	0.5986094628998351	0.4151072687007482	0.6880282348964245	0.6094283620205267	0.6678492693624519	0.5898847662909215	0.3888223138153255	0.49100158303465313	0.4847140102031363	0.4480098466262916	0.6299557271897602	0.7554329328653283	0.5384746816329778	0.40838300172421704	0.45562880930903427	0.4051912547221803	0.37115167778919234	0.5976725839540425	0.4206932652975639	0.236668257940845	0.4795931958501377	0.5608825944562601	0.500740979875163	0.5742723308829133	0.5798304773555871	0.5125140231509616	0.6278598542772793	0.42371622441249845	0.48851427857624097	0.43427062870118494	0.45291025507132365	0.528185261839505	0.4226767016249615	0.587710097343271	0.29247879812682165	0.3718561450513923	0.6161478732202287	0.46812275639553313	0.4515726204433682	0.5150141643999641	0.38944550010573886	0.6079540061748314	0.5227371858998746	0.43969330767226467	0.6192682732428204	0.4523035477041111	0.6127282290110494	0.4218909710471003	0.4561742060946696	0.7767035571207112	0.554836796288043	0.399872143727985	0.7154470904653404	0.4246866944710537	0.744467910703714	0.4531888674827902	0.45487038622373066	0.47208302644279243	0.6671495848185574	0.6456787004295949	0.4678889851902922	0.5723826615495363	0.4842889569404917	0.6208495942351574	0.6287493352786531	0.3828992711280644	0.4412284514782282	0.6401700990174258	0.5088886968069122	0.5604513870516623	0.6340723473619634	0.6113244267962359	0.4277307833950923	0.3893785568264424	0.5403703379636549	0.4990746121855515	0.3846019067302837	0.4413124445621104	0.49794985672288705	0.5840871653010618	0.49512654213129614	0.45745995315158094	0.4328953641535741	0.47147466397685234	0.3647478002415775	0.471666342708538	0.48320795375840997	0.45290170780460537	0.29068490400869884	0.470264253269128	0.5708162785579495	0.558836976380521	0.5302098442721417	0.5200934818793677	0.5245766392399854	0.4511766945625114
0.42457456157132556	0.5312077359995312	0.4539701755273021	0.589507492345002	0.6682846944893454	0.5345491151656243	0.500559611799825	0.576974228459095	0.6255743155626464	0.3602702037771026	0.6719702120166278	0.5216702779328289	0.4923056253727709	0.7330786074406683	0.6176432705944016	0.5293140984837628	0.5059600167136321	0.3711850087683757	0.5863536459898753	0.6988515600816904	0.5481789346675239	0.5583308599049686	0.5326996407296208	0.48911846451751095	0.487078641575844	0.5777473329427945	0.6194138924956345	0.5825784697228911	0.6500805050168501	0.5561201349182139	0.39256198844554	0.3751121467621302	0.3136309493626702	0.4513310788409225	0.7244997937493735	0.5600685533866752	0.5260436813935836	0.44639976432249795	0.37742249861610355	0.46857269224494436	0.41444794737595514	0.43889997148770155	0.6503186045894385	0.4958142103058899	0.33741008321837074	0.46857675694748735	0.6627766274692354	0.529314159691664	0.7157994512205424	0.6121160490283205	0.5644304973658625	0.5018472305372677	0.5343804732358244	0.6688971416681037	0.5041159948828695	0.6034722426022867	0.6500762731696541	0.48924931056007753	0.49106180953013695	0.4670827357052625	0.536222571594755	0.5612809452429076	0.5880934901188927	0.5101705533683836	0.3681934030153413	0.494964188530002	0.5761453470859862	0.38006403551024937	0.5704910769838522	0.5955805509227758	0.4177660037109322	0.6332762719925791	0.4634846509375695	0.5604391164341569	0.5027455424804397	0.5278663862603138	0.3957266362972979	0.5518952193733465	0.5409681649519185	0.4677912806178308	0.22461021034247286	0.4044372741805011	0.5684165492852042	0.5773829934846918	0.4793265009336706	0.48400783134260794	0.5226806239014271	0.5123765780320843	0.303876901727715	0.4601142267849401	0.5362579166805469	0.5930745250820001	0.6206265915684471	0.44428085460813105	0.5638015936283284	0.38354944945492997	0.43219937353359106	0.405274526259075	0.6306329210945782	0.5513828981416153
0.6551597459863774	0.3838119419510767	0.7597617965823116	0.5877535329906733	0.37813682571491847	0.5850555988885828	0.5036431999699003	0.5589847474577212	0.5516202314383655	0.6447661755638852	0.5180202914691916	0.5375015265350522	0.5074077866137571	0.31396192841471404	0.5117474141609708	0.49949324646436355	0.4803160796322711	0.4590307327808665	0.5563805991828517	0.6744556530340338	0.51571839389301	0.36502662334947267	0.24660167249235476	0.3457602839096616	0.42706631681288754	0.5313704227130565	0.5402701955375775	0.6140243008492086	0.5178825885708849	0.5721388433527523	0.37144542359586263	0.5616267387028246	0.4462829440475411	0.595139349495011	0.3580851076426773	0.5375143244821667	0.4288601650250846	0.644664129676251	0.3695163456512256	0.39756422266517744	0.4611186234226389	0.30690422334517264	0.48701667405515625	0.4609729476702239	0.45505216980655094	0.4043601214733088	0.577630823415643	0.6062620108099653	0.5607430540125977	0.5119283584893015	0.41683885512350244	0.7015826274143606	0.4967617483222359	0.5019908933601491	0.6266638589489963	0.5276806085994519	0.4568804885377998	0.742155364650654	0.5130389398729038	0.627026466798495	0.5064556730443093	0.42002868336200716	0.572839235318734	0.5318081597465384	0.48598108531483497	0.4384579755342978	0.5065806709844278	0.6463267139842493	0.479247537753848	0.6225120231692531	0.6289014029421751	0.6015013087761736	0.6652534811993724	0.47534729998469394	0.37908722768603786	0.5366226492817061	0.5555661779180352	0.44118065921367766	0.5321660213670574	0.6304557295439102	0.5930184339135606	0.5149059149332259	0.41599565253695403	0.6381725498188671	0.5503036983697137	0.4639742166883447	0.6145846897810452	0.5309952511543721	0.5794578201603952	0.5076162820891745	0.5071827957360886	0.5815931817252373	0.646728615091656	0.5823682908989455	0.5823807886919299	0.44026825440962003	0.6092723461848885	0.5606368657354691	0.5124515742065905	0.48091822439420695
0.5511179783855278	0.3834202526257159	0.4935556306696084	0.4573745415610503	0.4687119313574015	0.4850307892804674	0.5629245315559126	0.5525556718672341	0.5550786615861194	0.6821494353300298	0.48382234795050105	0.39723915056933257	0.565470395640331	0.5652058360691995	0.5492245739306133	0.589782588570885	0.5920013229010737	0.6140388080405017	0.5032701131423261	0.5588265621415716	0.5708516224666665	0.5106952170191966	0.6330159972370196	0.6743599778701564	0.5021519720579474	0.5845810758982349	0.6747891770535205	0.48329930761739004	0.688557455267139	0.5725056359664461	0.5512662391259362	0.4669204150620687	0.5715558613763124	0.4124682497013199	0.7105285621232801	0.5165453282527861	0.6068578825453712	0.6676203491458675	0.5796725086212413	0.6073745027175745	0.5637578519414208	0.6079789005323485	0.5021104328096517	0.38004357663390675	0.41566649101999054	0.5607830523384428	0.5720579649406228	0.7131806580366027	0.44271387601658396	0.4989201302099138	0.5518909380889998	0.5956139183912849	0.6008388680713277	0.3604244420982111	0.7086161043508464	0.49479735001038216	0.5404097689393401	0.4594805273812754	0.4258910793380023	0.6539724909651159	0.6712993782418912	0.5821682449930198	0.496151774309344	0.3672163562449007	0.6837249388238698	0.49115186612119555	0.46913497404466253	0.5645059337664262	0.5668019702923349	0.48832897409953724	0.4838119101700512	0.5120327845538758	0.6314473388281695	0.5640474459419965	0.5660289976410376	0.5498893795104239	0.6018287433928333	0.512213932516185	0.5304224244603772	0.48978925827169684	0.46287702532059205	0.5179394624942129	0.3170206940288486	0.496435058794064	0.45945580605378644	0.5151638271679708	0.47780543586369256	0.7099555094308814	0.5285472375997178	0.47988065568245264	0.6237369893283462	0.5918161584962974	0.4933245327329877	0.453620313833617	0.5289139996094612	0.6116243467551343	0.46453915763178266	0.5026474188692709	0.4484890440440432	0.5395723061643379
0.5984159925287195	0.6618243467551344	0.5608887756709384	0.5372094911496356	0.559155657742334	0.5664974371139337	0.6413474541815217	0.4878535753653741	0.5053120431795284	0.6224162632559741	0.5180246104199389	0.3653247752104417	0.5789643180082541	0.651105874912675	0.5094410858119149	0.622443128168324	0.5447410681557896	0.5233661249496592	0.570213819516983	0.5120951993630711	0.6716097395124647	0.5087597718820278	0.5111889286906911	0.4372474459419964	0.3801499779616141	0.43023531657349334	0.5708078772485337	0.5224848922379486	0.5534348021917096	0.507334771587759	0.6086078489987332	0.40124539887728716	0.3718205386549458	0.51279960070907	0.6056661508453097	0.5378659848777319	0.6044347374525835	0.4061911758581539	0.5873390269764553	0.4908077607181066	0.4286641767592517	0.5950850440806263	0.5414330764684808	0.5454811170958606	0.5706080761742122	0.5430537601661524	0.455749803754511	0.6284662756152618	0.5773120584815037	0.5797140984837628	0.5058015218267521	0.596470228495678	0.35488900284641745	0.6796245138997874	0.6852390834760564	0.7455433282710775	0.4840055629877948	0.5655138101003829	0.4059494070802292	0.5975141326189386	0.5310931499442119	0.5791620614241912	0.6184412199984671	0.4072913712526073	0.6937392565060844	0.539380901691132	0.5744703167763047	0.5767620861427667	0.41561226800085727	0.771872778171421	0.4368287127888827	0.5883454047626624	0.7249723426536634	0.5074016230552039	0.47362268812518193	0.5057144680853193	0.4651016183469039	0.6459640873015501	0.4596848981233238	0.6220851712047284	0.28880193027178425	0.5282518531733704	0.5195999126339503	0.47941013500967156	0.49454535532551147	0.4838743367499968	0.49577216138411023	0.6077887968582889	0.5310638613031464	0.5388680119321657	0.595066051971008	0.3381183691744345	0.4779767651870127	0.6191888027436641	0.7187534976784227	0.626438951643654	0.5423704462545568	0.41808515943397817	0.6767702485059532	0.5282554964830561
0.5635431305224742	0.5035576412449921	0.6551991098687866	0.6697781483814106	0.6590555659304824	0.550857688327993	0.5363099713962438	0.600428617445806	0.5909953841638493	0.516828738684533	0.47768078986900486	0.6397893889270242	0.40139347363984246	0.4518912170557796	0.48675763065131694	0.5156659519196312	0.4930328022100011	0.5957493976636291	0.5903137594861572	0.409334593849431	0.5068472175894425	0.47298052031882526	0.5634285009153791	0.42982869395568235	0.7376602721389115	0.5589539484981555	0.707810212696623	0.4067496613284337	0.4920495271418813	0.5756535847819744	0.7701493917782539	0.6807120408253784	0.6136328092724511	0.7157701307984514	0.4296326315341232	0.486447245839243	0.581934764525309	0.475241092874365	0.4512972311258052	0.6193473235261943	0.5471994771161931	0.6223141938268395	0.4801747993404798	0.4131499002746628	0.5554019655840348	0.44299336417186563	0.5925267245779245	0.5026599555057311	0.3968224833141283	0.5407223126382504	0.6925451540456831	0.5069429775027214	0.583932564440847	0.4566390893614314	0.5270078525299582	0.6035057289553728	0.5044244009005854	0.5334929804454089	0.6799265539020465	0.7817495942351574	0.5509017796061817	0.3550475130352726	0.39918488046719836	0.5308226634066063	0.44863110473657286	0.5516142479722904	0.5615724803714408	0.41463505643991394	0.49181433272169184	0.4630788887615982	0.4597203103023919	0.5888347821814341	0.5243869793232085	0.47711830090408325	0.37397689701941483	0.5272706169304346	0.37334758365977383	0.5785765415427588	0.5034910193071762	0.3453286480497565	0.4578474259317211	0.4074307327808665	0.47892029382334167	0.4684849122482241	0.5063179560211023	0.481730593886014	0.5888764014708314	0.567880503839775	0.6137202432091158	0.4835972888024812	0.579293155829587	0.5355995865841697	0.5874559202300634	0.4624368363085936	0.49603060683383926	0.5464432152718754	0.5938661873346354	0.24461638802592633	0.5552473282344944	0.47392018200121466
0.41149927701343947	0.5611138983810093	0.5685951051970697	0.5333598142567285	0.45609742298903355	0.4767203361980423	0.5218995806987947	0.6737537495724771	0.5383203091253169	0.31006217089216814	0.46244549068913876	0.5676560461770906	0.6280516989765427	0.5250826721432114	0.5487971275432035	0.43039076623604683	0.5794514718010637	0.6057805779955012	0.49259503457256837	0.6157157888947411	0.6326971310744287	0.694268135525043	0.49025589551148796	0.537695656068179	0.5500832324309212	0.42426849453292415	0.3095142526805905	0.43525790961809674	0.5622162279437236	0.4279662720840368	0.5996017631271314	0.490553744864177	0.6071554635249556	0.4864951369780951	0.6851931122778113	0.5911326962732493	0.5028640001979986	0.5584994147312169	0.7875743190938715	0.4795995006576933	0.655066287386012	0.7101683238570461	0.48019739473923306	0.6103955054025766	0.603206042057328	0.5277497813900857	0.5273348127853847	0.45080774423905634	0.5062826980388617	0.6771785262224921	0.6612638777821965	0.5440827192262123	0.5662637706683697	0.5864680295882911	0.580518169071681	0.48517429672944606	0.37192851268612925	0.5360787463355207	0.5425558413660371	0.5900517025077678	0.5667683014926207	0.6039911699727789	0.4055078148635576	0.5418704650877572	0.6175726251516683	0.5808786309821687	0.4229348386810352	0.46092861626873105	0.5798517507678436	0.5301891064290192	0.5740847745304467	0.6695973252918068	0.7161370599528475	0.591745271753185	0.6095288375588348	0.5662851723818035	0.4392474482961465	0.4534078501758082	0.42750376546298974	0.6544037430985645	0.42036210144474195	0.5200743991349729	0.5033617812803364	0.4682242843701584	0.6224637412414942	0.6214575564955908	0.4665389857788297	0.3206306197816645	0.7446846791873699	0.49463473039013334	0.6142224115125521	0.453630764561892	0.48754320350112523	0.5588535788965991	0.4294746722163776	0.44053926592268444	0.4615266127557974	0.5103996583857461	0.36531813375943034	0.506728379676652
0.6637618213008871	0.49573891750847854	0.4919993335130405	0.5347264232467193	0.5065473164637442	0.4550724168093897	0.42992861156043094	0.6487077042185057	0.5971076324169295	0.5128806545053776	0.4080142715137909	0.6185142891699161	0.5112850958719272	0.5008807239528037	0.5362576471303673	0.6321073934707002	0.6079471493190914	0.6565742261049448	0.6171075276572526	0.6961094428895598	0.5887636870960433	0.5110722167066362	0.5190494906525558	0.43410175371053117	0.5764039573262181	0.5928141679311891	0.4448392470894842	0.5043455930946655	0.3651809169931072	0.6282497531402852	0.4312708017312129	0.5645517837259442	0.5804119702008773	0.5731389846017546	0.615743068137498	0.5826432800110017	0.4093932441102136	0.4805035465270361	0.5730619178210388	0.5318224315228276	0.6965975783629363	0.5394371282231986	0.5847641155513507	0.603120609279447	0.45964968840115905	0.6259162750267244	0.49306624030301116	0.40283075985359185	0.5934388480610524	0.5514952676334225	0.5115078313426078	0.4915848016031721	0.5230408892403866	0.5828680142863158	0.4118991828474378	0.6614181172803802	0.5786808134105054	0.418618399778385	0.4774204845094948	0.4816622579957197	0.345066281500637	0.41588692046945763	0.27654749067084716	0.3643329905420044	0.5123121844285309	0.4677265927455222	0.4306141161398881	0.5226828463503144	0.5316412647273179	0.43171424090984034	0.5087348798786608	0.5532325891594225	0.7451306091879892	0.5348494612256801	0.5402765238866336	0.4759078737173087	0.38980775365565656	0.5460662638445116	0.7432601485460344	0.40295179431961936	0.5424494047260792	0.4554806992342284	0.6729221290145472	0.6703450845982568	0.616832686856649	0.5313096159195876	0.5147577354109937	0.48908908053336875	0.591555658919409	0.5795349234304368	0.4465225268659041	0.5420932205687132	0.5653266292348477	0.615947537753848	0.6345767545933375	0.45896012500453387	0.5600766933854363	0.5631266209953227	0.6406786015552933	0.6267013452654991
0.6166784603062908	0.4402266056933474	0.5686035865475867	0.49452036209369277	0.3361391588088576	0.5966514447283384	0.6876160360804954	0.6039098289701663	0.40297844147309053	0.7828390269764554	0.4157892735736721	0.4590475612953484	0.7195600873381334	0.4167412941541935	0.5124180866764295	0.41395961297690004	0.6072764320747819	0.5989054264470924	0.602015790071816	0.5579136370703549	0.5837906191016693	0.6069803461117222	0.6181868486678814	0.7336639389900977	0.33317264869316876	0.4076351470746905	0.5106517954966944	0.35196021917053555	0.4668540049977564	0.5617935501497187	0.4403081220801378	0.4048913959711826	0.4577434553951797	0.4713913759609073	0.5687181914361065	0.5483098489804417	0.4425328151578264	0.5945452941176104	0.5388036489325628	0.6139704356608815	0.41120171839828057	0.547714282107466	0.5782413636016196	0.54044138008067	0.46998291932896563	0.4683224868453534	0.5843494824130304	0.6565620602471164	0.5144953476745238	0.45990791138370934	0.6493223185236255	0.5171725462876419	0.4987888733681653	0.5003346950778829	0.4282658860034302	0.5608848781130483	0.5962891017207193	0.4284163856717762	0.43608300878666717	0.43962886816278535	0.45590782663430784	0.4241391705796078	0.46951428328454115	0.5048226386880311	0.5244206610707479	0.39504123647751743	0.4692162350061737	0.6818932029125879	0.4169890263879179	0.34138513824662786	0.44534952949603135	0.6019471446107912	0.4808036383388876	0.4349432682402514	0.4952932370477633	0.5450452152535841	0.602647420046346	0.44258078516070487	0.5536433918331285	0.4514203950517933	0.4507268163897761	0.52401422207664	0.5269389245709286	0.6141741672511938	0.4384660425544079	0.6024076830311553	0.4089578142750201	0.568120256156941	0.7005493847158039	0.4705682803052704	0.6290161055279213	0.5673036760052883	0.6316871688322869	0.4102267763692252	0.5087577848481447	0.5131662297093361	0.4259517531219936	0.3923245080144122	0.5611350105339883	0.5700660672729834
0.5196661849804853	0.4658517248721932	0.4855390893614314	0.5328432882505268	0.6011099702191688	0.6063993982521665	0.6202118254206497	0.4827057583822483	0.511868375648347	0.6017913277008317	0.6525850829241019	0.3198789111260236	0.6180747640282291	0.4480391246736821	0.6988870275832844	0.5692846744790698	0.5173785780137928	0.4975096841899388	0.6548512363860597	0.4262428032956184	0.6000156723643141	0.5710241278191808	0.6357805485686259	0.47918274159063756	0.541503832556266	0.41809149719963445	0.5051478461475032	0.5364562192071186	0.5221167211381571	0.5304601991602602	0.4161623474534212	0.6761872441650881	0.5989142538576656	0.6716831417961445	0.41896020151441016	0.6602431658347246	0.5313869628441584	0.3755121102728045	0.45624745535859657	0.3800454483144381	0.4579872712378137	0.47907262515166826	0.36100597496405185	0.472478931136299	0.6057205539569211	0.414964254446203	0.5100184621633611	0.6494184539238359	0.5287100832183708	0.4833245833472134	0.48024526822196	0.4822493611743034	0.575874348520747	0.556901450025176	0.5235577377651438	0.5539161302464969	0.689084740395271	0.5602452976488355	0.6195788146058718	0.515243360052103	0.5887599131310304	0.47645796611769764	0.4382997431351475	0.6610581991785517	0.6181205833837966	0.5396869675524584	0.5752599425579058	0.5315475283372478	0.4477078089781825	0.5567850111225258	0.7022452552741348	0.5706806721615029	0.5781743555831971	0.5843661225955091	0.6061306080109142	0.5121640284477992	0.4206995336157938	0.5329077630722567	0.649824552743263	0.6525475036186725	0.5312225103868539	0.3794828934333152	0.4433807274840289	0.5575889051491909	0.5408890310962179	0.5146537283851266	0.6024805556310759	0.48584740121314574	0.5055661732097352	0.3331807404318542	0.4168159536852438	0.4044014300149006	0.5563704003486308	0.5417830323281675	0.6016140396300118	0.4522973453020822	0.45486608139788354	0.4828161114132966	0.5119994735849679	0.4933223491275761
0.5323059161103008	0.3526810358776842	0.4364122162095565	0.5185746404353521	0.5950372129726001	0.43859743122855877	0.604715960747694	0.5627472929222438	0.43529953714701897	0.5753537660515273	0.6046308351863934	0.4154477849396022	0.48868121126186237	0.5405642273734776	0.764116194985623	0.5503495153711312	0.5483202914691916	0.48379303223670994	0.5448179689689275	0.6292200030858117	0.5126907403403964	0.6179284973841539	0.5325951628737456	0.5164807663275045	0.40556616143898494	0.6773371611812993	0.41698301820326733	0.4937623474534212	0.3694645687252335	0.4852039855760186	0.39340403383609446	0.4009352200533418	0.4084432858963768	0.5629329881878544	0.4050848757588984	0.6120472587870682	0.47906406140589974	0.6426370164010718	0.659136982265896	0.6150246186594641	0.3709812171472373	0.289533142384682	0.4800415166213722	0.4292956231100785	0.49704789440757924	0.42851654104567904	0.45794957304780715	0.5154664721867903	0.4704916196154366	0.5003892535633968	0.701318176134131	0.5071950204476682	0.7332408880633114	0.5059221266603973	0.5349493082059276	0.5864036842448135	0.45150977953301547	0.5468370164010717	0.6135100573227202	0.560903780764965	0.6304994712308177	0.5568890369815931	0.5582496884011591	0.41343939775508676	0.3845456778440669	0.7089121597099556	0.5159100055314194	0.47159321468333804	0.5418889804819921	0.7060576836196928	0.6252471799230418	0.6490992193367635	0.6445014088275502	0.5940534906159726	0.5102056394976712	0.44198072512987885	0.347864020208274	0.5609639990209236	0.6724535635946238	0.5148829346309408	0.6620162538393739	0.4839495801102571	0.29355996727648126	0.5298952287899467	0.6029974818427845	0.44274320938650047	0.5587660025338571	0.4340556648047841	0.4017600014116568	0.43137451566539986	0.4023600061199568	0.6860286539351317	0.5545702532142534	0.511172495673416	0.5044327421791752	0.5581597436322272	0.5339679271827644	0.459142952784146	0.5114013452654991	0.5674450999002321
0.32803278102265077	0.5313476966589757	0.5518937796793478	0.7867058807980503	0.3452475012645224	0.4596390634657811	0.6276410658016395	0.5731243043804337	0.4523598519231292	0.46276218148584336	0.37337256865206725	0.3965770276747421	0.3612602862638117	0.3152621744233932	0.6717641496865263	0.43623714823347404	0.4529516824974925	0.493145158753983	0.6174888639515652	0.6829011840062214	0.6558761648787523	0.5117886379531613	0.7350825685606097	0.5715827616009129	0.46557664512536057	0.6531475236289478	0.5585141655770391	0.5656395131084386	0.49787485348593075	0.6509060149846025	0.6300955418919022	0.6180142456181404	0.49665578251228604	0.6933306539168401	0.39243897989345455	0.47058900284641747	0.6466495377355564	0.5752475224518728	0.5591747652053042	0.360633030562555	0.44974559662589053	0.432472897055998	0.7221977561012644	0.49433732244057715	0.5353832936388222	0.5190456531254917	0.6285997666766479	0.4000644498406565	0.5261726957761694	0.37469332650546494	0.6593659413259562	0.5240452376180094	0.47283891397725347	0.4419640719995749	0.7298390905385064	0.5372662720840369	0.6325912664929306	0.4161350493774638	0.5796351058770649	0.6945767251664619	0.5599037619317647	0.6349098219077162	0.5827516118729913	0.5260914442312585	0.4262914748352091	0.47165577780398593	0.4784036830677384	0.5105890122630177	0.6370015394828775	0.39414302105449717	0.3592346715363823	0.4890596859555513	0.5784201490431142	0.5934825685606098	0.5873723567785637	0.4375411587905661	0.7084933064951896	0.44593065273976507	0.5268202455632658	0.5673620272890156	0.6000224126896271	0.6516952488002221	0.6040514729781389	0.5680222655552496	0.46392659509967216	0.6987308975713694	0.45377033796365485	0.43589730881275657	0.6659788628659478	0.3839120820230042	0.314543238813376	0.3935515647899904	0.5077807145362037	0.579736853964719	0.48531619380854785	0.5319430516584478	0.7538636717940681	0.5022826168206854	0.5334180125207034	0.75040347707961
0.5449892971151725	0.515641558996073	0.31881871170326537	0.5085808345978557	0.6207805379749507	0.41864096810441287	0.4000184091949852	0.5608659530967064	0.5367202031885651	0.49475981661087853	0.41620377370251493	0.4017621850170684	0.3483187152344903	0.591743590758807	0.5807434130204789	0.47528296288074146	0.5822786768880945	0.42769708634557774	0.5645325091183211	0.619692803884156	0.4774073299086492	0.5308992252221387	0.6980597295073272	0.523151480040589	0.5611267928482756	0.3682892500321717	0.5214245127227123	0.591930822238568	0.4576435060094056	0.4556351588454408	0.624014110254513	0.4230662461883863	0.6923161902773229	0.4494411387802907	0.6378390363930556	0.47623921766260857	0.6324475130352726	0.5376663968539891	0.3333350246588884	0.4855454541998131	0.539795597214428	0.6107580826481247	0.45357901941692536	0.44748090639943194	0.5682310623618723	0.5559977714032395	0.4503894607286004	0.4027997784473981	0.6755747087057032	0.48078289107916505	0.5298264985795206	0.584568203795394	0.3860370764318978	0.5199579684718477	0.4097892488550967	0.5798039384930177	0.6011559932087147	0.5015498014003611	0.5207289340789866	0.4096120985020545	0.4897744473950487	0.4683306150733645	0.5803430999185235	0.5611474624210466	0.6388704474316318	0.5197620637783413	0.5469243455780595	0.530324324390709	0.45344726231829335	0.5692742025634444	0.6587640001979987	0.5275348174936848	0.6551431010955986	0.5601846768332199	0.5457597389239273	0.539849618953733	0.44910798789358564	0.5565598001318284	0.4806349234304368	0.5712515177069895	0.48058900755471756	0.588538948112429	0.5663243185053339	0.6867577471817439	0.6004537154373014	0.5983496730991839	0.5890954453717505	0.43561197255502726	0.48958498051857513	0.3747369646097708	0.5648535788965992	0.5171783743798143	0.6816450857753317	0.6631117595044487	0.509261751853461	0.6120367621528675	0.7028678236001624	0.6074951157907449	0.6024180478329538	0.450899538324094
