0.553706936483817	0.7826307119305329	0.3628070358531169	0.5189181175134475	0.3400493418408922	0.6034745129912611	0.831883373026052	0.6855770261411928	0.7157756238206981	0.5348709486801402	0.702419901910734	0.7587051013351855	0.8469320502326645	0.7338789540756163	0.6838279536741058	0.8299222472062177	0.508871222504063	0.8110563556600919	0.18873363580801572	0.35233646253292383	0.21434988287189627	0.20548721999466324	0.11355709764642119	0.11718105198121098	0.29278317645417606	0.14548272815896302	0.5599449007732039	0.4956962766013301	0.4402646923143464	0.6523142506443089	0.8135977694908918	0.7403588688266907	0.6761077425551779	0.507293319606303	0.6482463472948701	0.6643394725960239	0.587978678018301	0.6572801951751723	0.45914278958392407	0.6863071352390839	0.7028454197702908	0.6014044542680381	0.5947547744848574	0.8233400158604205	0.7086909146759057	0.7466174351453647	0.5925540103812752	0.5972404774059847	0.44707825620712294	0.5438160791760983	0.5483381387106759	0.336109136008771	0.39194024769989755	0.030217519014253957	0.16297528147829277	0.03553795980593499	0.2632229450080428	0.1715976347373207	0.2926345301983837	0.41337665953147773	0.5985330704763677	0.6340790777288932	0.7867894527204973	0.6019890927609582	0.6134106730828368	0.8190592906378688	0.6830868402179325	0.6035059913087698	0.4020216664074932	0.8035000860856147	0.8190769046879744	0.5241031203993574	0.6416846538933283	0.6855367430236902	0.5097993727667118	0.44113104760609506	0.6053371869187867	0.760156896741097	0.6598115012214492	0.6438823770663257	0.737281820551578	0.7260100171821222	0.5375834370777494	0.629130804682991	0.5615533014791559	0.46852319238126483	0.30685049682149923	0.3256935801632078	0.5507983414393816	0.3491967624475383	0.5296866966474613	0.37050370561486556	0.5916901306884632	0.6503726115908739	0.6774502163807341	0.5681115851403395	0.7198130316286715	0.705646744805404	0.5395420409474185	0.7012929110454762
0.4054261737102701	0.5672482553287663	0.5236140960568789	0.3510251998011281	0.5933332294805813	0.49648532302772697	0.4141776776084567	0.5187544233422186	0.4762053133241365	0.8253130183783205	0.7777639436945081	0.849921602372463	0.9167334878874291	0.7676583719468566	0.5132109447067015	0.5081590167806115	0.5768789871764937	0.29798697488816805	0.3778768869875052	0.3616398236886612	0.11735920886903517	0.07741328111861645	0.3020215272204715	0.23485575274411452	0.2702879355136246	-0.023943706191547287	0.36309108909719456	0.4589722206805149	0.30420794349383606	0.6537725298720418	0.63182030603811	0.6023339980176142	0.8127971268571952	0.5924473013201517	0.5701922065768077	0.6884804866828972	0.5540946313743982	0.65474015056399	0.5862815754117485	0.8143636853043273	0.6567146989561892	0.7296813347053699	0.8346406165430051	0.5891699438701793	0.7309343071924741	0.804992215410375	0.599414562035894	0.7033379267217249	0.550994686575861	0.7467199659290973	0.3042642440024662	0.3693170729357663	0.38458596122797273	0.22740319323462088	0.19287548906712715	0.21966324137589655	0.27380540824331867	0.019219904077458216	0.4108202508033131	0.30441755658191616	0.4016196943052325	0.48298979501290135	0.7461663154906939	0.7402007221024691	0.5920937082832696	0.8059898701148915	0.7542815135934435	0.5883743959714933	0.673545720111583	0.3949823350985468	0.3594188308323505	0.6161636919211695	0.41655497322345714	0.5647302790857291	0.5427641821841613	0.5918174770964766	0.5525476303622047	0.7256856498863888	0.6146800472212515	0.8704304292730425	0.8881574753397633	0.6206856145521189	0.6203676162251635	0.6496272094377169	0.423174170698857	0.5968461220222337	0.4417736296345188	0.4339774722196805	0.4622533169295654	0.3909063512516415	0.5428593193219622	0.7777558654137668	0.6550730157182499	0.675017914358064	0.707786968287993	0.8040569939103387	0.7916965085074754	0.5898216619907095	0.6884586303203702	0.6379413607627269
0.6049528443503753	0.5793713130564628	0.6508474558909146	0.49991380896593773	0.5275112671152453	0.6620026146692889	0.4730531027238889	0.535675332312973	0.7607204120409191	0.7718760544654434	0.6202557196765716	0.8574315423025378	0.6693540037644331	0.9134704871345758	0.8482757320402324	0.560991824516683	0.7132062849998859	0.311881535644028	0.2711521089308868	0.43963543783910297	0.4569577137960823	0.2436585905193155	0.33213432700966583	0.32480798321155535	0.12600689006592014	0.2173968750505222	0.2260883308241003	0.13547160233079525	0.30627855874847365	0.7144141755589857	0.6917576232936842	0.6877903316604557	0.8978695110253756	0.8550842475658939	0.7551378626866947	0.6602996002394064	0.6193781347539045	0.5628628240315036	0.555391674346037	0.544087390082504	0.6142842232652499	0.5121685835007963	0.6500239211672444	0.5890612472563858	0.5466901859065934	0.7557518527907656	0.35237591974520666	0.6114705666200154	0.6662290909709109	0.28953012669835765	0.37577674345036827	0.4731068812490199	0.19505042171950904	0.2217017644134237	0.29522454830053013	0.2621757827915776	0.3481739652934137	0.495104988665533	0.4869968993678334	0.5723773949342992	0.6494185260742745	0.6215198334422529	0.7003856410528213	0.6415218739963278	0.6381555871730602	0.6344180976629215	0.5524223068411314	0.7198944878372611	0.7613622785670489	0.6584045403869871	0.5805210877921598	0.5824583299624108	0.39964928000592026	0.43340858392747417	0.49468656414394996	0.6445761935857969	0.6309585949861005	0.5889499822911974	0.6535734198622931	0.7212902035737281	0.598250737561212	0.6384440969519025	0.6098388233288183	0.5198834989127212	0.38250295917841837	0.5086190362044595	0.4661851640235134	0.40378046899909525	0.4150662801397572	0.3897331720623931	0.4437333531505253	0.5770014243544122	0.6767166997425432	0.6795878626783609	0.42848231301462836	0.3262077270881013	0.5094644538246932	0.7710211452270153	0.5580164987872179	0.5845350381618446
0.570693500677768	0.6464097455415903	0.5928513647278322	0.671070129358428	0.5672362615942658	0.44021538795778103	0.5238517136537453	0.5336876285888243	0.6871358110989942	0.616880515400325	0.9782001103862585	0.9238590962993853	0.6743129366761553	0.6547980985496116	0.6024487919763208	0.788192531202077	0.5136860297131207	0.5516447749032019	0.49642995664385126	0.5124473741554154	0.13492151398678753	0.13375737812052035	0.07513274801782266	0.27578767934016946	0.13442724252192706	0.06570529340694209	0.39082661093852333	0.39164507302776874	0.43329903929120794	0.6802953711773363	0.6312687601721446	0.576329258825359	0.5556560973032453	0.6665474051062353	0.7178351927492745	0.6719781965888765	0.7534522171670883	0.338368210274239	0.4775837484526674	0.40224830611344553	0.6047647917003134	0.5275720418257751	0.4967377831845878	0.6437653725157051	0.6585851949576664	0.5818303519709941	0.46030250646642146	0.43144585481515274	0.5661173732937258	0.5843951525382091	0.5017079324435433	0.303955189629192	0.47398350109611254	0.3335146326710994	0.3384038226346332	0.5047107105838307	0.48219990276408997	0.5331331985630954	0.5009266131719159	0.7293290755205015	0.6881897331779294	0.5179261251256493	0.7656504107192175	0.8504908219234477	0.7192680689538274	0.6320952077730061	0.7170120091515759	0.6384811536172377	0.5799625192734275	0.6437960535620861	0.3409776268071105	0.37091508539976314	0.42710115271388027	0.4260453005004634	0.5916213572159664	0.5572174152615046	0.5778201293667616	0.72083710741668	0.6068880194825164	0.6317814804592322	0.6514711297682723	0.7222833907098538	0.647207395829323	0.5890955964333056	0.5839761913690715	0.44225810470644156	0.5332540501156615	0.5492883617582535	0.519960423501223	0.22048356956459358	0.4056708426606639	0.46147053348580425	0.3517588378925376	0.40093051759204956	0.5503542157533842	0.8565737577379134	0.607386296936869	0.7516554524528234	0.5413576232936841	0.6969843999365984
0.6247950840863951	0.542288867488322	0.4512491673862692	0.5527799677024775	0.7577399054241605	0.4489461971075568	0.5260698555178379	0.6521631508734982	0.5843442471225488	0.630736871127085	0.6401249281939305	0.6850445275966481	0.7270886709664474	0.6862123713278403	0.576930345354152	0.7229812817039651	0.7679022679601011	0.4767958062221983	0.5897808907936061	0.4171180976295873	0.14285815327439522	0.2557590741654655	0.20530800751219924	0.26428718246033533	-0.006023375819459109	0.4269532064933056	0.5622903934620935	0.5174872266448396	0.48478455450736124	0.700912128388069	0.8950938297364882	0.5570814892927997	0.6539266860571806	0.6995616734676804	0.7073447925870038	0.6539563600935427	0.6895631574903403	0.4727808488424944	0.22973052420889162	0.4851229980427815	0.4919991519275262	0.5830441256526632	0.6276305683933958	0.5745602446464833	0.70018198175585	0.5675695618100547	0.619800454878721	0.6153522127503046	0.5667431760441652	0.6444626716441321	0.46803590161805964	0.41415199631123567	0.4123116469419775	0.32105948272629237	0.36463467816897166	0.5308823218315286	0.5638549511395387	0.4871223819097874	0.4345172253398049	0.6376975707356246	0.7130874276334991	0.8828609910829304	0.6595411598074017	0.7749040766413644	0.8540829203307223	0.7683635285168391	0.6502663994095845	0.5816544498429208	0.4827009473417714	0.4840131883994926	0.4617956626683941	0.4598271785035637	0.3122633142778285	0.5880032087183645	0.5090515745167248	0.5315867717327842	0.5059036658638122	0.6403283357175632	0.6206766529313028	0.617114350030276	0.6937749988541364	0.6934644052400722	0.6138650832080383	0.46985077729559843	0.5571369218950969	0.5330654321172846	0.49387119378663535	0.41352425680947225	0.41862653365314195	0.5062302746522785	0.414429172673076	0.3200883440911185	0.4651363388796472	0.551031239727853	0.41315785958327905	0.7203898391807384	0.6533608872801796	0.49806026009689264	0.6979873105803971	0.595922757336403
0.5525867187313799	0.6083683736952363	0.6029135837099684	0.38820116818095696	0.4199005321641025	0.41954648861528177	0.5515742281170452	0.5119424980761991	0.4044189302183176	0.677661808187917	0.7358290932043035	0.6065274965453252	0.7075298528911018	0.538251779922168	0.9648828982468036	0.6576170906362352	0.6123675102223542	0.5427701381919954	0.4684853406948619	0.47476319944145207	0.34761940278084036	0.4569305021083061	0.4966655646041288	0.22556342026397047	0.5091512609084142	0.5985461396727014	0.4789849807186558	0.6831148998948473	0.5324354533228466	0.6416667549523397	0.6171253234877392	0.611250141295411	0.8081805087668158	0.8830194800995561	0.45234328646375804	0.5420424075237995	0.4996807605068202	0.3500706593558064	0.42045998623963554	0.5357297115206888	0.5010245814514087	0.6574318889950584	0.4697118722146138	0.4696261251256493	0.6383146702387614	0.4204398016380768	0.322293469760282	0.5684204893263007	0.383095070836044	0.3612998431458435	0.45220663612585743	0.43707336904427974	0.32233167035593113	0.3783181484309335	0.5005100613332921	0.5282576696615795	0.7160261251256492	0.48773748284329543	0.5482424031236829	0.7288949604331183	0.5957103153233562	0.761329543716242	0.7403716089976385	0.7751486970238045	0.8300231769475226	0.6477275959146251	0.5802346362345271	0.5851494721443452	0.4085475950112679	0.490910085617269	0.31594249584280665	0.4289676714099592	0.4003719468399247	0.39117302895193395	0.44626792980013985	0.6510915042915305	0.40939633181946	0.5548250165129377	0.5266691466323858	0.5502521774160349	0.5478902190241376	0.5940377014657556	0.6596866789803265	0.5763853760291316	0.6370595335276387	0.2691048892962331	0.16471885289960198	0.3418037806835216	0.2917525638596091	0.41629984754596017	0.5218820546077806	0.3836469081930671	0.4889690185289912	0.38332667720694613	0.42581886394989477	0.49691940279750746	0.5184824079671446	0.561642906620359	0.6599262774963539	0.5315780442015048
0.5002489421302999	0.539845254132568	0.37206882640723327	0.47547510925706216	0.2945420939321559	0.40235952249401286	0.6732767743845214	0.48819219994329865	0.8441270438166613	0.6064301996002894	0.6961434101503692	0.7970939909574271	0.8126517225039798	0.6453993197819743	0.7073263437647765	0.6800628969167684	0.5861290512365245	0.5997719225726148	0.3523227352524843	0.4709397640870817	0.4411982531037074	0.4646946158906544	0.41173130154615767	0.2717293957123198	0.24708822703801658	0.44691212837140204	0.5370405038900198	0.4505164722698486	0.42717802653437	0.8537384346518517	0.7608726645922783	0.6842792080323463	0.6746115387557772	0.5802728434636851	0.5231606553907012	0.3665803762466373	0.6039528001658712	0.24109672931332693	0.24555266102885065	0.66392241722739	0.5008881806701212	0.48338867976668065	0.5855439997659939	0.5740036128624075	0.5288825934720603	0.6710807229724922	0.4922429242874937	0.4241865729775174	0.4691910405292409	0.46062867137645824	0.539248352481341	0.5128467160713094	0.362707868408513	0.41054060769277056	0.6679584779329988	0.7577727264272505	0.6767962788347226	0.768584949834504	0.9261961352975855	0.8589943928847448	0.6508801731079208	0.765569711997368	1.0134886842167985	0.6220698665847979	0.7698317631417233	0.7101737025364507	0.47169863738055734	0.4794586700547566	0.2660589725961072	0.46309685298327086	0.3617484805514014	0.43351808216251086	0.30923052860900824	0.4279214278678386	0.33640102241042735	0.3202778343959449	0.30228110943273334	0.28161882419884143	0.48742587115225244	0.38718029896125594	0.5332762178697736	0.324660783477429	0.7283645686444026	0.4132015458076307	0.5632591846017255	0.35571502356479123	0.5017025064497543	0.44001835380304266	0.22789579295518014	0.18419989171379725	0.2817421027490563	0.5001376197302563	0.42300806494705456	0.4524049025465843	0.3817513448439719	0.41127194022308267	0.5143552890151589	0.3486192747107799	0.5778094098660284	0.5903838367883417
0.5660024070804545	0.49760539944308535	0.4489858839592583	0.46307373343726954	0.6932493396408339	0.46406809543786254	0.4422433217980277	0.39914706501388963	0.7312603948171293	0.8047766683983792	0.7311684487972266	0.7521912901025211	0.5571053155408618	0.6663697981163168	0.5142919857376222	0.9470687822560632	0.5063178834405779	0.8144756414878328	0.6225662337718617	0.7487193100450497	0.49489337037431513	0.4737625501742464	0.5416417781237871	0.3427229251575168	0.4935626164260021	0.3029900909207429	0.5612686629862359	0.5298370742824686	0.5582192415932357	0.6271579324685439	0.49483265089858225	0.8146218099446303	0.5961227485028354	0.37613609817326843	0.44330564014946394	0.5326345213814834	0.4108559934838275	0.10624438842629347	0.3294551145438689	0.34351556461246235	0.2918638244080136	0.5690503731515552	0.36008231741474495	0.4475979373120056	0.4957438584289151	0.5076682168910811	0.5339249524612404	0.5053811712677053	0.30750876721566467	0.27853546877325597	0.40395664716781676	0.526855518687912	0.5473698776017567	0.7837671436293063	0.553847793783202	0.6911027692733858	0.8041686652196285	0.7709106289149998	0.7646654984023744	0.8159322048200945	0.871401651843774	0.8404100039484381	0.9155120113683013	0.668583763936411	0.4931247426890147	0.6313753919478867	0.642916827829271	0.3092249392108891	0.3405740205115436	0.5440885825807719	0.32100808259752234	0.30379828842130996	0.2571547899019325	0.2977368865441602	0.4362841326961834	0.3622627754302157	0.46061807334561033	0.39679350729461005	0.526348681540061	0.4308988339190989	0.4940023496622661	0.5881751622584667	0.5788746454947724	0.7907825559210654	0.35340897480449907	0.40410125871668945	0.7849782584071814	0.377431321430018	0.41271119643003884	0.32774651509931696	0.2995397022354428	0.24926649212870822	0.35496532831453376	0.4235075746840625	0.39534822439461337	0.4177569519258928	0.3883401637976741	0.37460766081967845	0.5338312397278528	0.453991544042584
0.3966981007330028	0.4737868821523771	0.42698078922424787	0.5737707786256337	0.2891941013603528	0.5818762598375524	0.5093114239194007	0.5589311911598991	0.5779233690692804	0.5521307649486045	0.5991118059795253	0.7172092597120492	0.7505481559594663	0.5463187491301853	0.6043911288815822	0.5165822511796563	0.7010627489461805	0.7435047921436585	0.4397565411816748	0.3810288193470461	0.7088038005673819	0.29219235009727773	0.5225687954897473	0.43105610170336184	0.42160148838944245	0.45445386019396183	0.5943206129962445	0.5193829887825361	0.5526805220171669	0.6759771211103762	0.755299392650572	0.6332937966022767	0.531345117212273	0.43542497896194254	0.5238909433599993	0.45610855962683017	0.497517978376427	0.19729375461783083	0.2602585110338759	0.4062506536089874	0.3560218297951564	0.6305616314832344	0.4661716884664111	0.35303020620046444	0.24019680219859163	0.42069897303945236	0.3904476060448937	0.2703249369941638	0.4546517887224012	0.365711284765713	0.6139619318245267	0.2247652333620176	0.4390506403753034	0.6149610065333398	0.6519606509905846	0.7066138973182792	0.6495423567557874	0.7517973631634571	0.9226393798602331	0.8972221721375617	0.7220204385582885	0.9325580208208852	0.9459743805210838	0.6288504041023755	0.6619550041576103	0.5595512962760181	0.5859924804007308	0.5528465305663934	0.4649254382907816	0.24702385266542903	0.284659685881676	0.398993359307355	0.23657706585891214	0.5135129675436401	0.4232979770463918	0.26599314731840407	0.29736097559918684	0.43992807511065724	0.8023231835476974	0.2837376859986791	0.6101413695796273	0.3209119936678324	0.45741416009190927	0.32742401168630975	0.29598424974928517	0.41469360446385173	0.3426844882556056	0.37927741921827607	0.601893240070862	0.4047465857678564	0.5081313722146972	0.6369144339158322	0.5481839736919696	0.44694284918550364	0.3836654431509102	0.4030035068429314	0.23512949068150313	0.5827799301514824	0.5546549710067318	0.6726550460920548
0.4295313501474457	0.44400128743411715	0.5475801333402002	0.6613454286038581	0.49524386727914965	0.6105671590963828	0.6599546287309948	0.7380946600918258	0.7163620731949398	0.7863727772285967	0.5301491144015317	0.6217017180788624	0.577360957948719	0.48165463534783687	0.5018813589893467	0.5905351949493329	0.45764362655610386	0.5350619230076263	0.6251076983706736	0.49813910820303414	0.48138156877823945	0.20363683797620646	0.6228040479072696	0.7202345059310741	0.5128070491034681	0.5265599730059516	0.49901548292696435	0.7499149197953747	0.5843942493309406	0.5859793449526414	0.5597376462642927	0.6737003930437491	0.4517841547967689	0.5270099774144017	0.4044774015511413	0.3420427829337479	0.28191337168768316	0.4971618236049923	0.42537358766674005	0.6059202949711503	0.5350611500538099	0.34227601468105584	0.336623013493191	0.5719524291560394	0.4734358176991693	0.4586368004252115	0.3801802061921308	-0.010270926712891204	0.25225007059353755	0.3828041583101953	0.3057863830391506	0.5070667991035096	0.5102127047700098	0.5776192813442891	0.7351546154806436	0.6288747272302717	0.8625176140334385	0.8164661520863638	0.5562157832849237	0.6183763084388404	0.9538725497725691	0.71862222955575	0.845484576624614	0.8351772646641804	0.5732670751774923	0.5200010732284406	0.5844398789234584	0.5749558742306672	0.3547848813326887	0.31162692231344147	0.5196870234561217	0.22031180151274032	0.2770521111309451	0.2582834856290359	0.31333009134742074	0.2712773286658764	0.4129935934135589	0.48362988819203734	0.5654812242691099	0.53836303823718	0.5056207786173001	0.392606024409647	0.5160559912837691	0.3418345964668065	0.4409845368402263	0.47315771161269127	0.49090974774164853	0.457155306682294	0.5127626650106228	0.40488316763727583	0.3002322202371698	0.5806824609518821	0.4195449935256619	0.25289221096025727	0.34533248082740864	0.38553878134437236	0.3188625899252998	0.5568480168057789	0.22257352363170968	0.32050523380536255
0.25838509335497406	0.7222034582749778	0.5464906297850227	0.8127859678948159	0.6193258623353519	0.9148345456987944	0.6285096572225831	0.5459934609433817	0.7138514663305245	0.7064139326525487	0.5461687955064143	0.4677364139816373	0.5580439003966939	0.7769206129962446	0.47486542991722624	0.45624227502028813	0.5305089461037386	0.5017923169797335	0.47376778184621904	0.46531533937316016	0.4208216487236912	0.5624133584539991	0.5401670663272579	0.7013930059979924	0.5180806213864668	0.7895845721911632	0.7193482752126266	0.5734283070168027	1.0085488096434556	0.8461423589558458	0.8279626230761784	0.6808714808942439	0.4582367386069065	0.4278040346569185	0.4874989421219664	0.2824477341316213	0.5996172496071148	0.3813581002729908	0.2642278873890159	0.3129670022755604	0.4936545293283606	0.3971728522805855	0.34392721383783353	0.48713847438623814	0.7269731261211757	0.28036535481523617	0.3667870654239005	0.31428214514351305	0.2917298970089375	0.37619633841963485	0.0878520294287799	0.49662673682519265	0.5539680755540024	0.6529417604733192	0.5535876087216312	0.7809886599161546	0.7753631729740839	0.6886303784883634	0.8605262399786928	0.7364155094443336	0.8151779227649534	0.6838930170649522	0.9614325139949542	0.734722664600612	0.6589292941596288	0.5315437546428315	0.6680707057403689	0.4110802503599681	0.44695788385058877	0.20808169021479084	0.11257538086425978	0.11451293662615414	0.2774129454597214	0.21408499395233982	0.17267783879606158	0.30171689184763417	0.3185323129896277	0.5236943751842758	0.2967468220741184	0.6829934366260707	0.6231957488040101	0.40415558493966763	0.6287458216809413	0.35811682561254554	0.49781468568917087	0.4764187667806531	0.4902063026670207	0.5548521928664444	0.6440389116478255	0.39383688214404355	0.33180745764762776	0.6100144272989902	0.28572231564136463	0.5528846141256077	0.35936843993032486	0.5386221257196651	0.2799681219218978	0.320159747733315	0.37480013243684296	0.4765698886353822
0.3267948367465072	0.4022333377001158	0.7141803939304392	0.5982234927392243	0.6045575460083027	0.640160180611453	0.862508321153844	0.7324681926237713	0.8996595710953007	0.48284446354495075	0.7594122763586569	0.6917655293031935	0.4990813015711585	0.40509302366512717	0.4769519455265565	0.5242156021634574	0.3968285697904329	0.45804163900343375	0.6115587893079167	0.6462026455867748	0.5578695728436803	0.5720810144802171	0.6233266308390507	0.7163227838371051	0.6124548517702386	0.7881609292479586	0.4244027869405207	0.6384560376849988	0.7015806920716734	0.6803261450095095	0.7383961551647785	0.5125814340746697	0.4249222449894923	0.38731841785473997	0.5008075415665182	0.26965250424136256	0.5275746035269935	0.4266662470055459	0.3480980808491426	0.38620548556203416	0.45544755967699824	0.4626700873906494	0.7097881232519331	0.48022347725548076	0.4324304292397083	0.24674859318771958	0.30760866341291404	0.29507805963524714	0.15001670412599288	0.36639043099642155	0.2709759241286561	0.4705177928715111	0.3839806810047135	0.5875577270797677	0.7142475066922607	0.603515834069603	0.7206189103511245	0.6955423965068408	0.6621610109667907	0.8956194271148187	0.794242131499818	0.7346478843356017	0.7306685282993335	0.6510017512130739	0.73373892049806	0.5624995052702231	0.47925549660399347	0.27076764049247315	0.49760008163549674	0.42027804196811236	0.32608191547076004	0.34239246491698705	0.2201509075657173	0.38107379303884903	0.29179347194367333	0.3248235103730249	0.47057238851829575	0.4466124198791269	0.43834183995875897	0.5364342210401911	0.3798159996739915	0.6119058212375963	0.598762689311267	0.3718458349312924	0.650265496168982	0.537959442991906	0.7350367871915273	0.6345330726930931	0.5795402808507761	0.6003968264992355	0.45728190445380146	0.25963432262621644	0.5858821584105314	0.3930644427577332	0.2825817454329208	0.3979571175469484	0.5792791086297122	0.320330999004807	0.34365292383581514	0.5854516054342109
0.458309383365326	0.41625204491252366	0.5033697428981869	0.5383965261746103	0.6774554767534675	0.6753807539066452	0.6609310697066807	0.8581347091197917	0.6997674417705404	0.45980824826857924	0.5395318205432444	0.40224146013202694	0.5605110197753576	0.6142766926656891	0.3731708006928852	0.5927808422089854	0.19377841961145315	0.5631603837501695	0.20826330544426108	0.44931637068382335	0.6049398303388375	0.5360680159357558	0.5844106863165208	0.5817321606355903	0.5257723289167164	0.8470967867648495	0.6806201227499196	0.5775809747458309	0.6668038425518277	0.9011571970823893	0.8201501810464646	0.7439983370392649	0.5405161343942282	0.6539772977650576	0.5446100171654551	0.4808885737638716	0.4214970672056144	0.46976350419952795	0.3611826707574418	0.7201420939321559	0.41739697666988196	0.4302314870677407	0.30703049329140564	0.5592827149252789	0.2715630581043732	0.4887166290573367	0.23548436678571993	0.13500052109714256	0.30977796688278914	0.39841584065311075	0.6631019035504444	0.5505470760308483	0.4791389911499323	0.8235204672423821	0.4283116359250188	0.6713777836279329	0.6213703457974971	0.781023000276174	0.6542685592168194	0.5167683383776337	0.7229476634964163	0.8223638111909968	0.6414048694457071	0.7762734772804813	0.7646868402012654	0.3950697450982452	0.630890930109648	0.39418745631759267	0.30273049990824774	0.33733006706344404	0.4106731813226385	0.5126582946114739	0.12406044778519976	0.451094209546553	0.3743277946365581	0.1977805153669907	0.42359964659063476	0.2501543394066611	0.351604279780081	0.4515212269125134	0.5126453225843819	0.6177086766799321	0.5185494058925897	0.45942013156681993	0.8386165539886807	0.5733499579905534	0.5125959762767047	0.5421710833837097	0.46759807644902596	0.4670769068880326	0.4785640761813522	0.6168688484911518	0.5862081422491031	0.5018393996940921	0.3952449714417433	0.49075593164885556	0.4422299941948463	0.5048506955767663	0.36508050875014864	0.4529311646425297
0.3043308223501257	0.6468028818930369	0.5972573494530939	0.6647186077931067	0.6984613620927622	0.9675845964918073	0.535567980618153	0.48931286379089056	0.6333868137005632	0.6150543482568955	0.6239496708996124	0.48965226795176764	0.5595296055178798	0.426326533653142	0.3309502870159394	0.3618066515762669	0.37371331868627855	0.45127848144642513	0.20960812678202656	0.5893219291811235	0.4170032396358504	0.5539395520814637	0.5382475353930213	0.6595947064597212	0.5931185459581346	0.7744028752761949	0.9893791793315858	0.642691798032648	0.7197039132203671	0.5739113333836681	0.36992946199740967	0.577152698596513	0.6650820722915826	0.7162476435958889	0.5441678105469797	0.49641743291197227	0.5073683626449436	0.6107622343825446	0.590496239067002	0.6364736760190813	0.47487662863065877	0.303297387430767	0.43259609772992336	0.47735224586784897	0.6123664877285915	0.6272891081947005	0.42293344810304156	0.35148146275876335	0.394841449065067	0.3281899076158853	0.44791721868962875	0.4094016849279841	0.4610021906580526	0.6871971489244465	0.42174442157717196	0.6693158804374983	0.7944642859869121	0.6821013007011353	0.8011301289317503	0.5777884920783735	0.542444472378518	0.5299041980945829	0.5879499734576301	0.7655073693286207	0.7212233756861224	0.340205894122861	0.42071297419381626	0.5423493241737575	0.34321407395629333	0.41800394852130274	0.22636286376588988	0.4057274258434517	0.14611234037702003	0.44547866253455737	0.2866309327530515	0.5027771188769837	0.34775643516219856	0.41605108867051654	0.452653612854074	0.48520396398837917	0.5982989531722592	0.49270196761880863	0.8817095180855626	0.6753990304743076	0.8635037961672651	0.4984472946866426	0.6304990790589284	0.6456741287477453	0.7289596262967637	0.5928634953826278	0.777768824207175	0.7346905657333254	0.24385825046030396	0.5058150677326284	0.5143814649754885	0.39879218225949664	0.3728871493594581	0.5640127533546306	0.4979780044504514	0.6098737952722414
0.5717500507430116	0.6033410825053531	0.551448222211222	0.7788675256894307	0.6535738703742318	0.6942945055043959	0.635836107023503	0.5861452872667793	0.540513338586806	0.45811398563728617	0.5585003908270237	0.43108632342090414	0.3458763768573202	0.263435718313202	0.3727266065217396	0.3963265270196328	0.3959001876383059	0.475408663412914	0.402423907883559	0.5917768627035285	0.6203482420617481	0.4371576188602332	0.7008822445461472	0.4453148778275959	0.5339699593205888	0.8074651737604381	0.7405772823313153	0.7113482332615149	0.7428102976562214	0.5630597212659469	0.6412439865323099	0.6395814429082372	0.46464689495938327	0.5508513536775392	0.6154984253582721	0.46606916869963744	0.584599162961152	0.43724647536493066	0.5465390993694667	0.6152520449125236	0.7827337661281357	0.48658109398232396	0.6822181373973077	0.7422579876700067	0.4202876241720407	0.7085415661348361	0.37344533583473305	0.3033686607695105	0.44702012713336914	0.41278791124631475	0.552657027011216	0.729939057401688	0.6183710325823635	0.48268639630616883	0.5442480035720949	0.553812265308364	0.4240003842101817	0.4956015546578652	0.85197697093973	0.5521794288715318	0.6892415506844265	0.5089822423460889	0.5284572434502848	0.48221109266062223	0.5482983370392649	0.686851854990824	0.5968464488642284	0.4716683096435389	0.5570960822628468	0.24660664495942486	0.5980745350751797	0.4947984584924834	0.8587564020446542	0.5519144913506877	0.566672885414797	0.28552276395324483	0.6019641137156804	0.637839026484202	0.482068097637921	0.552352170782526	0.5837181859819286	0.6301905767836182	0.708825266069551	0.738304564687631	0.5409507905626166	0.5881485534700004	0.6758313899151662	0.5249689235931421	0.717137703682481	0.47081820144900516	0.5914379929734805	0.8480353053689258	0.4899215206369636	0.5286231791309136	0.5714146989395219	0.5208064572544507	0.6212571793985875	0.6671467403719533	0.5555442250219632	0.46003816301131994
0.46245429967227475	0.6206980874993189	0.6887214499850913	0.8547404089541708	0.6089402013653362	0.7027314650004893	0.6276976634880824	0.46497358106656506	0.627549949156986	0.8906800074535309	0.4811387968114491	0.40099497806691886	0.46796940940601606	0.2554620488609617	0.45564507964461065	0.3140376440142332	0.20677338227796382	0.36243421660674013	0.2404557880950513	0.6271178061218624	0.4519892340647028	0.5645782098225604	0.7243691532492279	0.5392293581946589	0.6342427321657358	0.7386008236884944	0.5775728743978383	0.7974151605184205	0.5985333332999991	0.6619716686158851	0.6467517379543891	0.7992647475324766	0.5214374519091425	0.2536439754653499	0.2937558830642346	0.43779023225782154	0.4952869638545423	0.5837242656597066	0.6783257408654664	0.5032920586062198	0.533436020887887	0.7063553199493121	0.365928017709136	0.5294880702671955	0.5417134975910196	0.638048767675677	0.5235453203843234	0.6496694624240876	0.47483716040141744	0.5203624022203256	0.5571323660076994	0.6325361953425099	0.5978946600751588	0.6488450421269498	0.3739278918224668	0.4893619141740591	0.614431811709677	0.5149944017016452	0.6512405127402544	0.6046862616025992	0.5645568989411553	0.5813753190626221	0.4124666798670166	0.5509597079989288	0.5014701426087793	0.45361551162772495	0.5305811801012729	0.5875597013654197	0.6863180998463128	0.7895504637039549	0.4789035642777868	0.686798953172259	0.2336009738424737	0.49645319989313075	0.6292659378473531	0.7186307516815864	0.5253690914142558	0.5505806500872276	0.4880553773508334	0.6807861312991463	0.44481497499683753	0.6632124309460867	0.5778147828750796	0.8691846759939139	0.6031118015627415	0.7024601055261297	0.6575097764757434	0.734142354539062	0.6623504946381079	0.5656749193520296	0.48985538178428406	0.6824868402012654	0.5202171237537796	0.8020524247559229	0.6086848393982442	0.4273966630782383	0.37981775313712485	0.39067014260877925	0.47805134264391347	0.639870301612993
0.518386601694945	0.7231141821924948	0.5410567951550718	0.7298923390803191	0.547838057025178	0.6330684421637174	0.6248488560113512	0.5438633363784142	0.6603289474337738	0.44592299804278157	0.6074252020011865	0.42308732601413945	0.3546890021752245	0.38753820936254824	0.13634015494743956	0.23979051711537047	0.3792986351304978	0.22617209699390384	0.350754034631918	0.15257610963357204	0.38911842447158185	0.5180973542965557	0.3198214146341546	0.49095495777304776	0.6179645421603672	0.6119201492506219	0.7171380283244173	0.7875547546176642	0.590626458601153	0.7396763967578475	0.8059850028192416	0.39257529917876177	0.4713062076978375	0.40778412386261587	0.31737315040515246	0.48784574437889283	0.32147013155848636	0.4390701072745095	0.3478852059912922	0.8392840465939015	0.6858403758199594	0.5643143897813292	0.6601722052467724	0.7074613819599553	0.5815995030701648	0.5989103175234145	0.676286221851546	0.5487461816571474	0.6029266043383483	0.5503306147612912	0.7305518947418774	0.48008074947319446	0.8759116646257793	0.7338949250821815	0.42832763123222783	0.5141931385015038	0.5872786713847918	0.45510810913155875	0.5170114172858915	0.593313376121134	0.39657485750039057	0.5336881122183071	0.6621375888294374	0.5180104455934751	0.7271937855519839	0.6732838456219092	0.4077713373404397	0.49216275114623886	0.49404869920719585	0.5825575724923377	0.4999455147228069	0.5952377544671602	0.7226815974956671	0.569769084797414	0.750056046501899	0.5415872399118579	0.5359948809143443	0.3205984849931858	0.4353393444926291	0.614734430845751	0.6096004504619373	0.7063915705599532	0.6805387637105718	0.7267476899971184	0.9395105670800277	0.7141063358178993	0.6816161299941115	0.6886364736165509	0.7672967205130936	0.5442498409541188	0.5312203943737843	0.5063055518304569	0.5748175477650159	0.6915481802434431	0.471985422413694	0.5619270681006381	0.5512053994430854	0.48066402759673144	0.5230540920834403	0.4255302592185361
0.6005658649787553	0.5028936133140862	0.776242279453739	0.6054404310380892	0.8119232056482832	0.6687667748362	0.7770027758902279	0.46364958256393807	0.5596985379945902	0.4730236848443151	0.5406803651963445	0.5027282650156897	0.3822528133995552	0.3001358309328531	0.2703374982603707	0.04123609372315051	0.23049797702972474	0.06989599169378002	0.11388940630260047	0.3394667306350285	0.27347822527296983	0.4803264298670583	0.5799456383927508	0.6942772580306712	0.6280680954545297	0.6667210679416339	0.8996239498846721	0.7522927211404438	0.6276702618786065	0.5608404641556336	0.4084002229892426	0.3739856653201311	0.4166351882991567	0.49443273478413863	0.3304282340982039	0.4296507154439594	0.38715437915771445	0.40954140933068073	0.40634470203460404	0.4649498917387979	0.5293112030802151	0.5266683184937735	0.5547825691880836	0.4995346450680944	0.6302166754585665	0.6240716818662362	0.6386339671001282	0.8451871405425577	0.629673841656804	0.4838793471526997	0.8284750805563016	0.520764491359021	0.58334334829873	0.5527136852959937	0.638922037400658	0.5932783533763647	0.4542660747676481	0.6569817542831554	0.5336688926589889	0.3839353340696863	0.6165593612730739	0.6288197274227769	0.4701988714534271	0.32667224056437516	0.547655916198446	0.36899212705803375	0.323088514145625	0.6591701426087793	0.5883194005974492	0.6668029083937391	0.5989329070720375	0.6372689191763583	0.8288749635198667	0.5123408616661675	0.6057715957306202	0.5555519742439843	0.5817842873002803	0.6068696700129221	0.41149445690310804	0.4696892694156396	0.738506936483817	0.6852826531069741	0.7254839648917364	0.7994200123303268	0.7836810719150724	0.7551580230209436	0.6161872310949574	0.6309220418341087	0.7062796187932314	0.527148191293736	0.5865912613850934	0.6592714853110275	0.4896778785804491	0.39573839048401466	0.613133395118304	0.4993046684737147	0.49199365084841423	0.5387653018304986	0.6158497504017191	0.5929796474939919
0.4820240956218674	0.6512120643530387	0.7109842033980569	0.7494820855586006	0.4540466078851091	0.7132645156596651	0.5463361754753169	0.6318509716340817	0.5048190582883781	0.720522070518202	0.19379091022578776	0.2992611522538683	0.30898979939635074	0.4052664324937947	0.34023958076555716	0.22068311903598803	0.35529060986782823	0.08932839971925943	0.2738591845850583	0.2687212335293553	0.4181911575656756	0.4708704142326441	0.4872455721409951	0.5925561547214335	0.6997638111909967	0.9402353672205649	0.8971377014824227	0.7105693233204013	0.7186368976277873	0.5366008214717691	0.5161775009371082	0.4098637890737439	0.21754232137151652	-0.011319250560139715	0.20632861614166131	0.24602946858091768	0.2271756392544404	0.4408937789184747	0.346340746813124	0.36964211601607455	0.474930619178075	0.5327170575020239	0.7789698754016984	0.6740461617899541	0.7183553177492539	0.6676866569130749	0.599449109984748	0.6634484121329216	0.5368188948840478	0.5475120599362551	0.5612613598760368	0.7344380989762895	0.34332865150926506	0.4907994699359534	0.6460872752461275	0.6768555429885559	0.5745637449225739	0.4451356123270601	0.48435002202558375	0.42653741215808905	0.3180724680204027	0.39067639894123884	0.4647186850618209	0.40381064213201656	0.3808989995401546	0.5047331013938537	0.5339887349848106	0.47103143186627794	0.42088917004633963	0.522164930837334	0.6193341437714767	0.7603077337216104	0.68749907685887	0.8482877058908729	0.561115319505967	0.7754269002628571	0.5445863609718993	0.5191651560766362	0.46438846997778793	0.5294545381785952	0.7134761229172574	0.7583260853745959	0.8293389823330319	0.6756859104766277	0.7307182655007025	0.5973475972446605	0.7780976347873219	0.713791338687142	0.5115428227181353	0.7106708824283845	0.7152175698489345	0.4269768936376815	0.42028404659390156	0.5972500993276324	0.4706162978152255	0.6619854930822334	0.6201409610354676	0.6376899827178755	0.7351409919529535	0.8304689611274699
0.4802817388327458	0.6479601474772416	0.5765992468967096	0.7093620223935935	0.9040000198338589	0.700185707304577	0.7547012013151683	0.7249974713496575	0.48287887234011706	0.366381950821697	0.3233123447938039	0.4380102203208386	0.3291572920015715	0.33982960550121266	0.4465985975961698	0.3461903514943149	0.35632816342966445	0.36702030600477586	0.5393165296713697	0.38540983827738107	0.49489888028699447	0.718709105107952	0.5718834547448843	0.7256021641740175	0.9448653460150029	0.6514809217444264	0.7693814075906347	0.6458771454110201	0.6645484430504076	0.3896668565383651	0.4124160659257472	0.2106877632757269	0.11953994294182135	0.17514253999397678	0.27481530842234003	0.4904491452690164	0.16449444583614803	0.44821364994505697	0.26644500457595477	0.6180753919312195	0.3965994787695208	0.6112900335192217	0.7138638796428105	0.6368417052718565	0.6012258800024868	0.738511805979525	0.7457966498445543	0.5389488758952112	0.583663241425898	0.7063175278978227	0.49693967576807463	0.6771254206569808	0.5398199306114947	0.5899046640569308	0.5802049113968188	0.7697898303471709	0.5719203921570589	0.5081796187765644	0.4161935514624473	0.43654921817094827	0.4501949162319471	0.348358692122008	0.32120104449434594	0.2957010533279133	0.28787603014813234	0.33762298037564675	0.49750749961540663	0.6669052647395156	0.5901979903300771	0.6595323925250687	0.5958666975508184	0.8328732763251561	0.6525733823279651	0.6398633960133278	0.9474412238424319	0.4183083123036095	0.6412389580323881	0.4769134247057548	0.5556866348124893	0.5838331433616324	0.6439105317290909	0.6965068702320613	0.6918299412101089	0.9662499248730092	0.721794567339368	0.8058781590545484	0.7523006381835786	0.810892003404757	0.9559711430186235	0.5132539397127358	0.7124739785770992	0.5462127379042213	0.620841627969808	0.6011472438852964	0.5557950487521255	0.4148010180103108	0.5950444679450674	0.44674815594279926	0.6035346163506669	0.4802060487102909
0.5401103903920123	0.6242274170265514	0.6748406540773332	0.723130365221345	0.6766062805997692	0.5103979726629424	0.5453954263954663	0.5199643676890772	0.7059608320620498	0.2663007066187255	0.5121912724020522	0.39116348431566783	0.2742917913658047	0.36289651289092495	0.239722225088965	0.31203718246866896	0.48420708883785446	0.3514114923545475	0.19389677789794768	0.5420190693220038	0.6925190627051618	0.5634539330792268	0.6415407733304933	0.7017298683415112	0.6903863874892684	0.69783279886917	0.6985244865155593	0.556963453431516	0.5698782981749018	0.6324927630748882	0.4540582879946319	0.2516282959331757	0.19229071145385357	0.029104370299146365	0.4148531733590942	0.26266092478117353	0.10549177148194444	0.38821573686702704	0.5505061657467257	0.3895838809561788	0.5824745152079864	0.6328862218515459	0.6935015060732443	0.5327730576860288	0.8429402322828222	0.6358550394918798	0.689934276274988	0.6409341526050442	0.7766549555729896	0.7460802857275718	0.6646578065985416	0.6498536945895734	0.8410569806599877	0.7822544697267813	0.9877648071673901	0.7266998475792944	0.7442735324819443	0.4795704385332879	0.5179675919245195	0.48522687596221314	0.23459545949634342	0.3372968353161361	0.3354711518188568	0.26886676155251454	0.45407262702461637	0.739685340694862	0.5339622807671071	0.6988950465520671	0.8145277770027572	0.7776714544102086	0.6865305242422259	0.5712848902162575	0.8191553420498978	0.7019055761311008	0.9224855659674982	0.6461424141573087	0.43776276219653165	0.6100608916969634	0.5391720926104543	0.45635513222767077	0.6824911399152079	0.7844665738642075	0.5137546132639182	0.6552385980728491	0.6211892274645279	0.561747564110449	0.6693212998144451	0.8797484298000564	0.7180479572041994	0.5620325625629081	0.6381486528393003	0.5897918642677366	0.3820839516247181	0.7013147431073591	0.6968480543567739	0.43052487737591727	0.5651063115005881	0.46865474355070424	0.47013669443906947	0.6037728920483061
0.7224675190559218	0.7172153062556158	0.8000696987303497	0.462753922045601	0.6081357050961851	0.7006813082046677	0.6473889492071541	0.5810563865942449	0.4812199195612018	0.44325391319536656	0.6435174638294582	0.30681010328440383	0.4322277858029905	0.3802674549875573	0.35185069336004093	0.23252565912996703	0.40918126622022166	0.5480843690024454	0.5886550372584876	0.5407377478336511	0.5985767699677376	0.5868383595665285	0.6298126517852725	0.7498317211739445	0.6842486550560258	0.9379950929366295	0.5679870809243113	0.5342414623487524	0.7046351242807936	0.29982529697036986	0.43850946285076575	0.14943229310576733	0.5034480896577095	0.0005770989764563028	-0.0873637870236893	0.10542180769457066	0.3144944060850947	0.38624879194298656	0.6614885737638715	0.3446694933415736	0.5907934079253102	0.43150914265894724	0.6733957576542446	0.6372773331159944	0.5992859634780322	0.500207508465641	0.6720886952504241	0.6196884699944549	0.7048912061836305	0.6406209001038528	0.7146276113817018	0.6910799522687352	0.9064148866778303	0.6691625678747155	0.8441996466239691	0.6456300008450225	0.568939256173622	0.5102506514255962	0.43496830744348064	0.6070922198104918	0.4135526455784413	0.40726132672515836	0.4237332117967795	0.32635394851296906	0.22819072030408816	0.48083269504975235	0.42139174059779266	0.5373769444390277	0.5848327326174145	0.5692822776970258	0.7073687999398651	0.8615578132320507	0.8034840731112709	0.8176917582815946	0.8062581444741621	0.6290513227767203	0.6254459564011781	0.5046518594076077	0.6449435823882667	0.552016244813821	0.5373500286590929	0.6063045801380404	0.617580385096872	0.6660157435172034	0.41060764758599444	0.5476433505154554	0.6496958945745396	0.6546996885750807	0.652694220613513	0.5498938142694116	0.5194851574066714	0.5988011593473896	0.5284367496405322	0.4258839273240741	0.49967483983325567	0.3589728589140947	0.5448443486919071	0.35158368661769546	0.48144697004470627	0.6478833575756425
0.6560948212960979	0.5574136080106125	0.5968331985797624	0.7140730400188939	0.7303918709012458	0.721537306171947	0.8210013117347611	0.636694710876505	0.34458713832583243	0.6134486285386563	0.6721290335527226	0.4928294995150705	0.3624436442065716	0.44319768775539226	0.2955396028661428	0.40109430451573647	0.46662276395324476	0.38549994031508517	0.3218524932077368	0.6370201889850082	0.6230586766882658	0.34762010728284304	0.7842732431909447	0.780883757302902	0.6602880371496513	0.6674029812790039	0.704287992981814	0.614890961043801	0.41896344899806515	0.4893663243075942	0.26182389021642427	0.10006503900686714	0.03611604602521978	-0.01994984550423906	0.3996465327497847	0.11189129888608729	0.29577419938295046	0.44669273214073524	0.41247769305886606	0.5635041185758092	0.2798037409491353	0.5946982487035908	0.6893762024193644	0.5198744290890376	0.7169626407433131	0.5913940726595923	0.736148023455955	0.4964522635516509	0.513459690348461	0.7741709641472168	0.6578442758399765	0.6437176228670061	0.9286947948120625	0.9383966873955495	0.5292646062120647	0.6390495516631192	0.5922044233505521	0.6878831389531823	0.5815754162318636	0.3401523077028209	0.30343729068820335	0.2873871802602771	0.2301344462794932	0.5182700520397125	0.37923202589868654	0.5308747073297444	0.6439687977064728	0.5837645686610696	0.8281312993794336	0.7123432136118275	0.9291102512883258	0.944013859783951	0.721629450963784	0.871524155256781	0.6952702773290158	0.5696037431658607	0.779879863916394	0.5069687932896889	0.529573954276455	0.41007268445947165	0.7264334834539783	0.5409061812138023	0.5541364537326907	0.4533298749583532	0.5151550151912361	0.7581537851253058	0.7154974735663828	0.6476631950413353	0.5796791925652698	0.41370328602041306	0.5528627423126714	0.4220101408353989	0.4361989862898036	0.4260865663440082	0.3519493418408922	0.3909831786875687	0.5540401527640483	0.5327756083536215	0.5474656198389257	0.6263939335225717
0.588678324675604	0.5395662624892894	0.7518087694490572	0.6646794023708296	0.6257073052935904	0.6526879885650305	0.7211267788096387	0.5567073604950532	0.7163870455733745	0.6393285499232397	0.4381145752695781	0.5766460535537526	0.5447897729123157	0.5261609446817008	0.45512655353700227	0.6578689809946631	0.43488400020933904	0.539620113899685	0.5663103020563378	0.5718438783127753	0.633289967267466	0.41385305193920985	0.7926812419529119	0.6083611059193069	0.661175754124151	0.6280689015092235	0.5508037917504816	0.6003233094343668	0.49112115404391565	0.5268740227282691	0.24289545727961803	0.35553936434315536	0.182476761100836	0.2532846185257245	0.24399064078531418	0.3397681992072791	0.378777518587576	0.3273186453107675	0.6938559824502016	0.40239833923932333	0.563383925124016	0.5706366458544485	0.5926203700731405	0.43879413669462247	0.6096471091817268	0.7535570314446667	0.5741494743610707	0.7813308996521742	0.5269758998780134	0.7421539684301635	0.6238335762231033	0.6718721036774142	0.6969144118819149	0.6506241663070739	0.8258693189036177	0.6388016407934811	0.6256547656512899	0.7627580958895412	0.49765211999784675	0.7439794332716484	0.4293701911767329	0.27012356999127163	0.15802058204542435	0.2966466321357517	0.33070034664251957	0.49828065008722755	0.8266440903183936	0.7263148932946725	1.0041417163221493	0.8187259263870493	0.6914385583384628	1.169186005445811	0.7846210414409315	0.7287700366226373	0.5753702287443951	0.5293448720891104	0.5629705489528807	0.2789447373688737	0.4980447682863597	0.49041138636840553	0.371640386853585	0.49918438005273813	0.5620296011177631	0.3864858950095512	0.45165083251372834	0.8060908727081268	0.6323930391322037	0.7232834370777493	0.6184059073732121	0.3886423103545579	0.3667351176472844	0.6658170574853568	0.5359568547566512	0.41109454302205684	0.36289460485702885	0.40246016954449304	0.428679517190539	0.548975400764787	0.16352347505542242	0.5992852148248595
0.5288099950982036	0.5615542312204608	0.9192568437396925	0.4714820767250333	0.5707345103645247	0.568935506340918	0.7051313722480315	0.6433387747441974	0.7772663971928591	0.43731736446015834	0.4158202927710919	0.4771856123187266	0.5318365729691837	0.5545927476078117	0.5158746940793932	0.7267773330993272	0.4440387548603373	0.6759008612228224	0.5141632259588214	0.7082358795508082	0.6797010025599013	0.6441499778744137	0.9042192393931774	0.6401629631685241	0.6545232409825529	0.6610789916099443	0.8373633010441446	0.4980737201869183	0.3840951437046416	0.5050183405526913	0.33678453240677564	0.28388719129390283	0.142941685354662	0.18065153694906266	0.25080027375725467	0.28345631810909666	0.23122270431833125	0.5001830550176246	0.6451357094963018	0.3545485357861985	0.5187314075656341	0.536427644482579	0.34000702701954943	0.5473728081294156	0.5559313170299014	0.5297354025381673	0.5683273021901748	0.48179431778275467	0.5459014000704352	0.5917429331377282	0.7876334525531594	0.677624011719644	0.9105305330757931	0.7343781833551923	0.8039076785201476	0.7721255200429478	0.5695450244764821	0.5931836027154721	0.4110361798921005	0.4213061789970769	0.5505986660646508	0.14576916426618647	0.39548108069863874	0.3194444082934865	0.4343737908387907	0.44143052862567544	0.6963642881869704	0.8232731504384867	0.5769975685355664	0.6848518329235727	0.6517354467226716	0.7474438341616053	0.791293381441275	0.8126821827278424	0.5827430015895422	0.6193209751725088	0.38886358591836023	0.5316831345197316	0.6118043261646435	0.6145224503616015	0.5171326022972943	0.24677637907404548	0.6430841459632015	0.6050895344226623	0.7979092000771355	0.6811156375143942	0.655287986348305	0.5347765402949847	0.5123553044822355	0.4376539396960687	0.367471737051032	0.26013238365816704	0.3612317432245289	0.4230247205717619	0.5864461374726431	0.3472655778711471	0.34474981885353306	0.4188740293617782	0.4204825139699536	0.4217522480845744
0.5945908903752618	0.5730268318110431	0.6670005056800674	0.6979566670683441	0.7667896647261153	0.6676943111659127	0.6959405767919518	0.6410763525900105	0.6524664590278311	0.4246777438602124	0.4095639017100621	0.5234512476747301	0.5018968640335637	0.5307179055078294	0.4635142042597463	0.508690327227005	0.4471687270379333	0.5465079390937193	0.8061171038865864	0.5161562033060544	0.615014778458296	0.6806048031939514	0.7101847908302904	0.7859213130647963	0.6754875292195245	0.4403580384713529	0.45077706589224625	0.3973009605921224	0.38019644002232744	0.32734494052425733	0.3063011085293761	0.4058291903235437	0.11499550806429726	0.1612340178514733	0.5626770415749351	0.3981243451451465	0.31450000656684074	0.29689946110238596	0.683018075562336	0.4437368887775527	0.38866533274798465	0.5186655315032517	0.5011690560799862	0.549804622089152	0.5560982641540003	0.631094165395383	0.3921383573498032	0.5541700410227539	0.6746129940776766	0.706047824700688	0.727028669193067	1.0501050350834298	0.7334322799054176	0.8181073295942344	0.8709430325236953	0.6709970716557323	0.7446920542061031	0.5743807980744824	0.5334456936108808	0.4643635461673069	0.2957438297114875	0.1590461838405386	0.13526183243855971	0.46353458761657207	0.3104947793116519	0.3201928845281068	0.5451495207289663	0.5280831831210195	0.6626977385734056	0.5870169669662912	0.44014831054689624	0.6190028796929787	0.7081670442600063	0.7200805794353551	0.5075835695812607	0.6145699085192424	0.3669353649871723	0.36079302586518547	0.31193831538202443	0.46814291765398464	0.592499450052093	0.16826910686466534	0.4021453049172471	0.63405968591501	0.48686026451367637	0.7042132370007808	0.7001670067090112	0.9041160769760401	0.41862772398468573	0.4748686718198033	0.3431093943989517	0.488622783820438	0.45738859804784826	0.24332563262926477	0.5170288369975139	0.5488943177660877	0.41656025346338355	0.44912792715673644	0.5597616270831178	0.49132531243744637
0.7882968684670145	0.6287435271868038	0.6368415374340753	0.5092083233539023	0.762566545163447	0.653225235152065	0.7241960138276999	0.6168697914828078	0.584870147025563	0.727778083952558	0.4364929551966462	0.540994282431818	0.44224464681647413	0.38285619445581986	0.704692202143357	0.424941460132027	0.7535923633642959	0.5356016739110254	0.4962172982250697	0.6475259020864053	0.8667076718866386	0.7365125347488377	0.47462055117793966	0.7134967116795263	0.5887022878439614	0.4596157567675544	0.5992976877720595	0.4450774126014341	0.31660277145677707	0.3942946953927614	0.3423046861075153	0.4210461462895434	0.2502629079170601	0.23959925569694274	0.2664072345917169	0.3567052691396323	0.3994132568679738	0.4249243893296507	0.5667858199242282	0.6426632789602258	0.4793535576526113	0.4172461352725848	0.4609101275850478	0.3589469015762252	0.45039281827635114	0.5117743981548845	0.360180747256469	0.2923192658772126	0.38249429789889444	0.6347378693035366	0.714654213553326	0.6802916036941646	0.6455963649703385	0.7294781303537877	0.7459823262816465	0.6358450487771259	0.6083494832113052	0.6503020427207988	0.4686154277255015	0.5939257276151152	0.6026287464617813	0.5340681925904373	0.3331318227266358	0.11359813163382182	0.4158488405276074	0.47603804595821797	0.5379319552468143	0.596923260849746	0.6424293007764705	0.5541127864888422	0.6276387173260093	0.6146929066286925	0.38933151136838473	0.5543639083435712	0.5653110683599782	0.6045041627436462	0.40030824825191214	0.5233829313476808	0.4326490282492488	0.3362862527523648	0.2819680048854629	0.54026974288152	0.433160169544493	0.5166524799573856	0.64092572539839	0.5244769952237069	0.5577001987052658	0.6858271741034472	0.49889877208412714	0.4869898722982826	0.5736148049423312	0.5176825338371468	0.3276011019125341	0.5453211849447345	0.512742460508537	0.4616147453074174	0.45578476209619556	0.4111088091834434	0.4760851088220505	0.7520022591265336
0.4635446424163575	0.6569615409641689	0.6450904619472417	0.5852514464466642	0.8743208625528577	0.7409244666316992	0.7877354467060045	0.46186590251308335	0.6427167461104388	0.4375745218248285	0.5106168631468736	0.32944543962081674	0.3116519079755615	0.3618245549507063	0.422664683480779	0.595214431732441	0.7014297954562463	0.6396868622851839	0.7221693387708108	0.8212618302718356	0.6219961220472343	0.6604542334371861	0.7357767302333513	0.5207842343155428	0.5333336402581337	0.5828139922707953	0.5680646282793161	0.43421209967064134	0.28378308813516906	0.2513767279832917	0.20421274670445455	0.21908510437193274	0.29925475898444664	0.338609197843743	0.38813794878897634	0.4508436464232971	0.5109115718733215	0.6707670376264971	0.5789881586028698	0.5919338456302425	0.6132865111425454	0.6111748619171743	0.574157822032284	0.34791262746796137	0.31925565780826537	0.36488942398640245	0.4544044387842945	0.38144700757903427	0.4019019609852996	0.5007328562706913	0.5466413342620247	0.7160529923209632	0.547695698035998	0.6780527162803148	0.7224714853276946	0.6306634247307554	0.6754404995065704	0.5537852325086616	0.654148526969298	0.5884820700915243	0.5574419437615097	0.3717632966106936	0.3106186099764978	0.3593093215136869	0.5275911487321083	0.3516419062105147	0.41022171717550526	0.5185999756493549	0.47769045973051627	0.5365802989612559	0.45265767407836316	0.4898637714232762	0.42696919741706496	0.551621131959997	0.3746896647094482	0.4605184973568467	0.498201753396465	0.4579033103043898	0.3218094915681933	0.3181180556784756	0.3886662183047852	0.45498695060419114	0.37304556992426974	0.6471085176757186	0.6804492866394294	0.5627106156479815	0.5726540169981172	0.5946371758684939	0.5785638906764363	0.5242713947586279	0.6210064660880181	0.5399639988793038	0.4266678083302541	0.511680634620151	0.5114138619506751	0.27231820804918017	0.3469255023424789	0.6011951481214253	0.36885699389367155	0.6479437988106687
0.5116705754535831	0.5528857625060399	0.4824858905927675	0.44418012008984914	0.7585011218130614	0.6111563556767587	0.34972353247361065	0.4886938076359023	0.4237111191446574	0.45373732602247296	0.350162112912659	0.562762099662308	0.23211209745391603	0.587774053645755	0.39259791081130324	0.47692499001223543	0.6867754294822148	0.6348123249432777	0.5376824521516488	0.6270036040455073	0.7835564837801534	1.1076872664292272	0.6042789231581305	0.516938622373493	0.6296339803504793	0.6459052868234343	0.650092811659509	0.40269872128278084	0.3114839781087533	0.19428269724147706	0.3454134843073343	0.22857949287322787	0.4064835496807334	0.24024273214906877	0.4357460292697757	0.46318052863400894	0.5539605074367804	0.5253293493610915	0.5558647033646393	0.7197503599178712	0.5424535399854764	0.4388390132338509	0.32449922257939845	0.16204409691856847	0.18721238232813175	0.3881774965036575	0.32524217341759565	0.3342386488408611	0.21433055512637766	0.5742131508651648	0.6016470031789177	0.6709023673460681	0.5819825404873229	0.6190057793031516	0.793441658903961	0.6129172386068231	0.8216606752912287	0.719029115288222	0.6626658892793993	0.5221830064496711	0.35213326703157644	0.3057998961472481	0.380311278148871	0.3724933416568874	0.4544184598058516	0.4155043946164575	0.41410739581265577	0.3423847223451423	0.5353025793350191	0.32969845407569975	0.45793142081598504	0.43330457350453133	0.3125201426004457	0.4438933217896941	0.4284185856925209	0.46109555888231046	0.38684745367418916	0.43618638967265966	0.3466952011228299	0.33502893196669714	0.4932726645756115	0.5016937723016328	0.6193121615056134	0.7095649352374507	0.4143475574769399	0.7558920321055176	0.6651220528677344	0.6531241530400557	0.3985547236835111	0.7172120312188275	0.4721360230879452	0.6565013779698496	0.3541686607695105	0.5490766771986125	0.2648178812071855	0.33120581460408716	0.36210673771188284	0.40228729953010434	0.38374616177328713	0.7342283688351076
0.49237713656078563	0.5293060045424538	0.5562648270345834	0.5725001236199427	0.4106474117230775	0.32783449268072284	0.5058287597121326	0.4451877610756686	0.3596904906313353	0.3320663817091154	0.25255896374587283	0.39197612288392336	0.5851114128524407	0.6578497592186194	0.49280380940094914	0.39700337435608724	0.5568439445645311	0.6257833862930703	0.573903149116785	0.6916497769190884	0.657512499414568	0.8153067819130542	0.9117419636620372	0.7791870676739602	0.7482901770730258	0.5614173092586956	0.6168610882355051	0.24479640027127403	0.4436860650307234	0.26409779595825966	0.48293719130223645	0.3736060111426288	0.467875009871095	0.49872510704867035	0.5659395057135681	0.5073692084673578	0.5186366259872555	0.6019111368284593	0.5004378516364019	0.4090234198539595	0.541459703582145	0.6142264872852465	0.6169514309629206	0.33531018498656895	0.21908267515755842	0.17039915852770116	0.3812199879963487	0.12872746337777963	0.31989647535659715	0.5064179805931526	0.5581205202437867	0.6076410118368138	0.6723336446749173	0.45586359476859484	0.6462593988407361	0.7375161653283813	0.4726162889983252	0.6025376484810182	0.6643936773657836	0.6828686276686333	0.6724778388293958	0.46175781099865826	0.38672152505374735	0.548970506985102	0.3902316924398497	0.3551778388127286	0.49675350243448135	0.536498021230896	0.5428884523106531	0.33894204976431885	0.4716163397663372	0.41087480008220223	0.4962434300008951	0.36176188545663135	0.3134663949761336	0.33277226706507734	0.4764034251407663	0.4952208294019793	0.6815657501257117	0.506197411714744	0.5530224459448176	0.685385459948022	0.4608332692316348	0.5381113775348381	0.5900976877720594	0.6547405834087937	0.7077539794637893	0.4768434300175622	0.6647158053521753	0.5521542113366005	0.6200407622802007	0.45560041732772605	0.6650783688267741	0.6855857050711845	0.4548901350885799	0.3163169735664664	0.4031355041075255	0.26704679115663243	0.45402726905596347	0.38243255592939895
0.6212655138361168	0.7854301156647319	0.5984248972597774	0.5251395410478379	0.516147111381785	0.42601464152133384	0.39506528194663837	0.5327161652950472	0.4161285123555776	0.2615026521869497	0.14294976803551973	0.029885457714629582	0.1841991364437825	0.5898774214183343	0.35504452314653023	0.8228400953458602	0.5126125523993054	0.6724286758099091	0.6907861313158132	0.6744392098057267	0.6284796740113614	0.8120256348793244	0.8566879642810534	0.6203726491418691	0.6411780442181718	0.48335076184518894	0.5780695728436805	0.4359696854633316	0.2754986351471649	0.19732140136713638	0.40384522319841487	0.5554018660161163	0.31360357089462887	0.3832006028326419	0.5922086833134412	0.6361341503883187	0.7505326199810963	0.614669433723327	0.6285923280300263	0.5297333421168996	0.47029460707375426	0.31262832245054506	0.5277743031857012	0.3974164634196141	0.3118425775449718	0.09085387342764595	0.3018426084624577	0.23052015583412966	0.3128847422123354	0.3267750982067693	0.42981300069451855	0.6546129940776766	0.6830307848157977	0.4890052824066506	0.6922473874391004	0.7138337904287799	0.5567498078365745	0.788293840786781	0.6206104434100838	0.7148080826475235	0.6804276356656784	0.4681758667438021	0.5448745461254725	0.5420136985463451	0.3289207609501652	0.32432483762486386	0.3689309128858582	0.6483530629728355	0.4211337594946267	0.49390435708212954	0.27255779111479794	0.514435091146582	0.4684993307989329	0.30187186955454337	0.3627757209732726	0.47467690245458183	0.2013212799139178	0.5658654895354729	0.45841831626871465	0.4213557616110162	0.3702355151578185	0.6820130846134091	0.4850299301598159	0.5592574797398799	0.5009814208243186	0.5527237025281171	0.6321911951333379	0.7152726999265482	0.6598557881283855	0.4474017953642439	0.3493759749466695	0.49709878975126176	0.422506315917372	0.4424304402900012	0.4621364713831585	0.41502397635204	0.4988155403284855	0.32463522806687717	0.7786919415531178	0.6255003466591866
0.5748757055228632	0.5084262774963537	0.5455519742439843	0.6154600966758952	0.5491614769124716	0.4295999491486525	0.3261669713580744	0.253455395001301	0.3852395807655571	0.43207216324565956	0.16403642939871255	0.3089222582065093	0.15217020662714242	0.3700151141005239	0.4663838522387511	0.5971086104281764	0.5416747183800372	0.49978412609600825	0.7323880813174884	0.7539472704026657	0.720438200578982	0.6032409102674554	0.5701406761779189	0.8087564528626677	0.5658095998043948	0.4174763260893081	0.40241987539336466	0.3428261383593333	0.4196103064564545	0.28583284300367306	0.5227019543517905	0.3743911001474872	0.5307612715236955	0.5250321054174605	0.4266850734877808	0.5337373569566262	0.5489239189505188	0.4311836755840697	0.6069297954562463	0.48961310008048564	0.4489756039368378	0.33683730173849624	0.5175150721494122	0.2076238504653708	0.6092242148416934	0.1701296850033195	0.1999653305145921	0.1778223752596112	0.43836504122359254	0.19872616706009394	0.27094052155715476	0.3329234397211527	0.4443996421905182	0.44237247687063724	0.42569218669294745	0.5318744644233073	0.5449528995685053	0.5028165230878618	0.7059023298117402	0.8743474382404468	0.69237841081122	0.6925501412954111	0.7259675234727054	0.6409482553287664	0.47543752479440715	0.6546965040740247	0.3585876396224501	0.4452420144300492	0.4626368998111785	0.4613635881184187	0.33005579252850215	0.23035732293572464	0.35151927249405446	0.46162302674354216	0.36133766169803516	0.28126268267775767	0.41222168625801936	0.4374826265896047	0.6067253543885582	0.5809982553204328	0.5313716420985158	0.6743030121798228	0.6551963185691089	0.8056409919529535	0.6081504835878152	0.7238922750286217	0.6801850315366692	0.47993745192580944	0.5925946225408308	0.5858583498462709	0.5803626385265876	0.4526600215905722	0.37160484292833773	0.6283498232703167	0.4319081334155356	0.38990619224742795	0.5230002804074309	0.5472753433465988	0.32132947081431007	0.46087096191382404
0.42498554386691256	0.6337160504753376	0.4901330726930931	0.3591540169981172	0.4490691223317419	0.39912223835598326	0.40473313892818186	0.51603858037238	0.18567031483000984	0.13702849688850094	0.42513207888342397	0.1812891368787941	0.3691318227266358	0.22841317734919997	0.47102991027595575	0.6676298020730883	0.5171727286273087	0.6553215051865543	0.6566735656161556	0.660280740656294	0.6869527074467474	0.7478882337048598	0.6536573362194098	0.8633628858831426	0.6883852501757965	0.6634609734157957	0.4415993639331443	0.3106998033947901	0.4177117419111608	0.47221780833858773	0.5201988361191573	0.6456717370510321	0.43038413932969244	0.6005278344042785	0.48227603678164155	0.5953727286273087	0.5202024446314495	0.549910469894119	0.6801713837250021	0.4965856962542841	0.41136970093040814	0.654604043490486	0.2629961396810351	0.5000485755205848	0.11432208816866996	0.04702339331992311	0.1509781347205703	0.31555860156960847	0.2513032617031019	0.15257059088732539	0.39092468965427596	0.25822072781595384	0.23031198925104857	0.3746999844829223	0.5473368357761481	0.41778961392476915	0.4489789430253236	0.6046886731665057	0.551800136886961	0.5795169780165843	0.7005009959430593	0.686837783184588	0.7734745704261163	0.6620347643212547	0.6444152355870766	0.5433665296963703	0.5503514795642084	0.40000030249134944	0.2921890816939984	0.40703873939326074	0.5211190560716527	0.48863295342326596	0.4332519256426963	0.5968494235430574	0.4502014243377451	0.45527268885958816	0.4300692747024465	0.4742041671604298	0.6019235324736106	0.6456511483054302	0.39891558671304794	0.6138890485764541	0.4287367253565554	0.560677467819564	0.5925514773641501	0.5343451282625657	0.773317865773443	0.5824347422373362	0.6862012498997891	0.6008423744062552	0.596010929239625	0.5911003577094796	0.6274721456118588	0.6400319552468141	0.7984759793634533	0.6896091890268427	0.5965929574133716	0.4922802371262839	0.42657983078218253	0.2335542886219819
0.44226555358717023	0.36267428111844974	0.5730831279028894	0.679855865413767	0.6596610219837493	0.6048727043266647	0.46498853842960175	0.4161313412972112	0.25104865722274994	0.08867776371073854	0.32132740815964955	0.1610700829571985	0.38537167741611844	0.43931269813650065	0.42682986169133497	0.3936690074953654	0.4511123801447406	0.6399801289234166	0.7264835850483373	0.7747981648013673	0.6068760257646828	0.9452720506760096	0.8683924384662862	0.6660141932427877	0.5845402543667408	0.5654388674966554	0.5268136499617241	0.4952063335845067	0.4021722538147262	0.48216464372972556	0.48697817890507444	0.46497976673048524	0.2931177332532646	0.48926494848780167	0.6322078352909686	0.6321790335610561	0.6414711540522491	0.27192110325923646	0.5950439843155845	0.580235406954951	0.6963030342637415	0.44048930253318397	0.17297146321044188	0.45990816653307987	0.11808566752018945	0.1668761582181929	0.3068523960218281	0.23317244371975865	0.1164905060817446	0.17645910508295148	0.1966710590663987	0.5938133716876831	0.28609904590805	0.3965486219051473	0.4718396757514074	0.28010711093844	0.49560231654472187	0.43018316103710086	0.6133346296176849	0.9323124508299472	0.4965472439019635	0.5874842431491102	0.6430985733455271	0.483751910208954	0.585436921911764	0.6705218982803045	0.5335107128172232	0.5132449537912755	0.442054164952038	0.22962934051085704	0.41308564765299627	0.2713898568312061	0.428558747340138	0.26970756585049516	0.15645728096794576	0.4591135174415457	0.31492095748870685	0.7064283577848148	0.6107151052836234	0.6395238063142008	0.5377825448874397	0.4557150147478909	0.6655543085058422	0.5879632922105771	0.5640262178781072	0.7309326641489333	0.7053850315366691	0.6730514861977177	0.7155011968983847	0.8010134799238847	0.46166491537025744	0.723123093011965	0.6803166334907875	0.5785470848810829	0.4766203214885195	0.6909742325338288	0.6580971091733933	0.6591624441881043	0.5460472085510266	0.6926322511713229
0.6279617419194944	0.320212419895794	0.6383917450145762	0.3592976921888431	0.47549918284501225	0.3358205312774123	0.37966724078188074	0.36285913380037915	0.35207726241412063	0.31035367908916267	0.37816230945120055	0.41365314245827534	0.33195583447961385	0.46420611052859584	0.5184427100651502	0.6065191289569175	0.693249737151368	0.796490656285725	0.6320566538179929	0.9334814031738508	0.7268238129643769	0.6800342343238763	0.8092319928144764	0.8646447064680548	0.587322348792243	0.4977332714483601	0.5887633385784725	0.45020810249804966	0.5042092177276033	0.5782952541242344	0.27885965278079883	0.32958605841388144	0.35551154757267744	0.728218939035218	0.4347487168743307	0.3843853340780199	0.6158880040154397	0.4847526676790269	0.4999748994681693	0.550580528634009	0.48327744351892	0.3701157390837525	0.43076096234883576	0.23275220390007012	0.22051322593382072	0.159837747816984	0.16137606326567666	0.034481180084605656	0.20080099149294128	0.2073318624776891	0.060241568318227245	0.18307537866420143	0.13008597669504918	0.22315993765501474	0.41848496968503013	0.44296077906064524	0.4238268605118036	0.44692518435071876	0.5994857558891977	0.7282037763000722	0.6647325691964171	0.5345494235763915	0.537467967367802	0.6399611412535766	0.8723497967862817	0.4718305860605307	0.6348489885148625	0.4197472527188639	0.5428022701601594	0.4086886665163295	0.198203292637255	0.4335423434721022	0.4967914358230494	0.2627263393146586	0.3144323483238973	0.4268781590212143	0.4145865376265806	0.3791338102793059	0.6503248729591335	0.5281263879159466	0.6258552426472634	0.4705041914610738	0.45420636230193445	0.7651836402498	0.6939463892459818	0.6324510842704001	0.40275243800627397	0.630009160326082	0.6041217039418214	0.6844610595347445	0.5520213196816384	0.5749626871112086	0.5439683251106155	0.495011699960049	0.5185615122467413	0.49183051759204965	0.39779804111475625	0.729835959052915	0.7095704650339902	0.46304124812640873
0.7637913784215282	0.5773291682729594	0.568932487477585	0.7837448279212734	0.6085827966441111	0.15763949908005903	0.4771136300778639	0.5774352302669356	0.521532798835836	0.4901323483238974	0.6029457178781905	0.5602069320503661	0.5401219910160953	0.34410721030773994	0.42809969297519734	0.5557374342420075	0.6274599862563024	0.4136259484543008	0.6232735877000741	0.7905398325722299	0.7886633231447301	0.7400112693486378	0.8198810674982887	0.48719812725037226	0.44621815728116804	0.46748881007013365	0.44237522409343866	0.5612017268957629	0.3386215140034545	0.5318111235614412	0.7242221809377949	0.498755505437561	0.5314257850166364	0.6244101496689664	0.3607962125662998	0.7936491718030528	0.39904946772756156	0.5360086744798738	0.5690298042898136	0.4360766992991982	0.43075389994501534	0.29817037448159056	0.3332284549540564	0.08070488487944938	0.2583377500337093	0.35488928264932373	0.32507642544194093	0.2763371979357454	0.3480043769493226	0.24305117920624908	0.1662396448172545	0.2870560707692089	0.2713865111258783	0.37804505977741754	0.3839918775014206	0.29571167124262143	0.47237086032779885	0.556845360135377	0.551022366459378	0.7440799721359284	0.5831635991853785	0.6840760367983085	0.7156429331377281	0.5692155558122292	0.4720987941847127	0.5911103528576842	0.5147346715687967	0.4071311094410669	0.4406655580039539	0.3078494478437013	0.46017862941701293	0.31419451652135455	0.48636252367354416	0.18707042968305343	0.13213182714341942	0.2783985291443558	0.5260553088823522	0.3386417162888151	0.4067078949092152	0.42706914441566046	0.4978948499968585	0.6639332581980091	0.6566291638561756	0.5359871780768858	0.5884545072611093	0.5271934300092287	0.5738079280434265	0.5292831897378614	0.5526477959832604	0.6742522569181417	0.7769996466073018	0.7790056026151362	0.6514675433398986	0.4553466299523605	0.46680408765832304	0.6265114437865938	0.7736785256309293	0.42748307490148496	0.40706022917940665	0.5196815003264255
0.606543564721132	0.6830259263703824	0.8031324212258293	0.6752118170131509	0.7657233756861224	0.6238138531337747	0.5066206858648421	0.43013405761919365	0.5171233226680508	0.46636729820006917	0.5305928094427838	0.5597515524328063	0.5313659356306276	0.6080828915966274	0.5146482575288246	0.6567588688100237	0.6338078662084545	0.7235510577696975	0.6388885671636966	0.8175438871630099	0.6535005873988995	0.8297110485094523	0.7478413718130199	0.460564701164581	0.6588887283679685	0.5253163684837648	0.5253668984894767	0.41676209304546585	0.3677176758350764	0.4518711893698518	0.2981077094042993	0.18120716613990284	0.3059343623772698	0.4002160394250449	0.2780603064647881	0.5543950664192603	0.5920578816671975	0.41170201620342944	0.2831689655442537	0.3457766683817122	0.4389615210803087	0.4860342850918883	0.19962139696701975	0.496995810638982	0.5285092398115218	0.2400406275599638	0.3109325802133758	0.30537489283466024	0.12532706588391263	0.12449238984833111	0.23441399003740282	0.24179489856481207	0.08565756364210331	0.2866509892845496	0.09725780656520733	0.2148187998981974	0.3240476303455375	0.16635303205534957	0.31571487782759583	0.5823623845698578	0.6928816438802294	0.6568779337985791	0.6111883639916458	0.699332202603369	0.649482112059303	0.5145001214198843	0.47708462519256767	0.29884150429986406	0.5585529260525404	0.5278728500805272	0.45567911084643753	0.5653287552953488	0.2179421049657817	0.3023638553254996	0.39311545419286964	0.25980294149461647	0.5447528597841178	0.38634324227925376	0.6014794840563277	0.46283415478843526	0.35759967089127864	0.7381013890201424	0.5270855460836379	0.5050244025800019	0.5498648756192039	0.445420820585079	0.5541993197653072	0.5888135792931847	0.5867204804927333	0.5631242789100579	0.2694384236015589	0.43564790860291147	0.5666640342135736	0.5475703612312395	0.7042618722062802	0.62619617723203	0.5948093789485424	0.4769119870509903	0.6556879068461983	0.7043794973233457
0.6653621593138888	0.5863176361006901	0.6925947903786118	0.6057050792345999	0.4636876550895266	0.5316475353930213	0.4756424428580691	0.41137013155848645	0.46303365127509233	0.7682400975459185	0.41019457835632656	0.5842705467361552	0.6128730797532802	0.6196528509672173	0.4950576210769586	0.649204129626102	0.6072235921085244	0.6764475596936652	0.5781218033277884	0.7171020692215011	0.7919940262916969	0.8849400092435784	0.7526517975893029	0.6986041450931784	0.6630734706469723	0.44230814888261216	0.5826480411064228	0.4725449471577664	0.4146567620041932	0.417970893445343	0.3012503908186902	0.2976697384647361	0.2722856874040497	0.40459667411186406	0.4945825294203632	0.43800481642763545	0.46629125033480057	0.25779752876784584	0.44443074284801887	0.5053434013001346	0.4408832869071031	0.5308104168927144	0.31076181700481736	0.4242903581444909	0.5048380570085108	0.2481766507145774	0.4505020338705643	0.30822522851855577	0.2225667991201768	0.31959669841250804	0.24583111164112526	0.1062011482970967	0.09417968722837833	0.2479816372300534	0.271942994939366	0.26741207978678105	0.18424489415636192	0.17395752390771702	0.4095374011244632	0.5591454197702908	0.2969629499181729	0.6685820458075473	0.6858365222011717	0.6604284306867467	0.5218118810648482	0.4620173998110951	0.49070979192615277	0.7553109557403273	0.45991842007146533	0.4100510555529723	0.47000209348881083	0.3309809945963569	0.42345038640190646	0.22692666173986953	0.298184472788529	0.3063709751475081	0.23289181786650692	0.2596260522237174	0.2835963671370626	0.5208973211623443	0.3544636764540928	0.6418156397144525	0.7148138310498563	0.4853928072427254	0.6570763989579058	0.505780846642436	0.5697467668726555	0.3100027825070699	0.5354258402347664	0.43126331649455396	0.47848797529801224	0.4117699681374891	0.4519946534416496	0.35650248436583587	0.5573428116511755	0.3932454771718119	0.5379200741486316	0.6088399606422905	0.4893968066320425	0.44098268402446006
0.6907996929918645	0.3789368114921713	0.6336384081511494	0.7437996333569508	0.3564343513436441	0.5852467492055207	0.46933153565236163	0.6686995251374163	0.42811993059482745	0.4906579236183093	0.5007386466408027	0.3969597676171752	0.6870293383107987	0.6644089902715755	0.6077808510592198	0.5371959365256515	0.5771381740616128	0.48058138770677433	0.9017407843807862	0.688601980885827	0.7022250960317117	0.6842435426538803	0.7977802857275719	0.6502060730109349	0.5423022767936685	0.5639303011696478	0.5487483061134455	0.48336353511701413	0.3210787243695292	0.387285528399836	0.286158363079955	0.42485430848917505	0.34254396221499883	0.5237911067809964	0.5814651472430687	0.46610070883545085	0.35615051670535947	0.4344877102909894	0.4697947969954538	0.24510325068614336	0.4227526632622432	0.5780718695712106	0.42394905918340176	0.5048463362445772	0.3492379929734805	0.47086613881934547	0.4741561061368127	0.26690403025680187	0.28478298436575245	0.3242652333786847	0.26805202724538874	0.22628413712963402	0.24825640204465427	0.17260417157721353	0.2857929463630787	0.21150057853199788	0.3028304182060826	0.3120839118736647	0.32086674170198853	0.5198378538531272	0.48997233113344174	0.7317094408001812	0.6691246013519359	0.5465022061417961	0.5910749039016201	0.6204723355502255	0.6805402587835245	0.5632576939622234	0.5228131574986739	0.7892354908738415	0.5272184244882491	0.34159625231735313	0.5635108629712021	0.3248661410027367	0.23492991689279774	0.2783272160378918	0.398171407992312	0.2835083542380541	0.30868818728696323	0.274001088662183	0.31862538308931865	0.6737644140569727	0.6426214499684242	0.5899502605319042	0.49360495776471414	0.46355271846370605	0.4764171789552425	0.41519781364206165	0.55079142037264	0.45765797661971386	0.41496176620347114	0.47691481155917304	0.4064768494531773	0.32486779949668676	0.5694832250554642	0.4938807119221993	0.669773786438674	0.47758956975693206	0.5153924207824842	0.7183745262582792
0.6861990923092798	0.6310822379293053	0.53765204049574	0.6908186497442184	0.6163452983004051	0.531820038814362	0.6676708691613663	0.592237014647555	0.7131302923360804	0.4621023452454823	0.4306521972832281	0.6395003466591866	0.5539454065032725	0.4711026897546119	0.38214522763186565	0.7170442007379862	0.877259511460387	0.6245427432160287	0.7261015877920767	0.8670955081142984	0.8553603793667199	0.7653602468632086	0.6694356520947806	0.6001458570318781	0.4786004062941002	0.43721542329205076	0.45695806495538815	0.5962884500939276	0.31391085855441847	0.2961391876884739	0.2532245129829276	0.1786981294337635	0.21990515430325575	0.47676213279651936	0.5170540898667149	0.5498144604332016	0.297295413128448	0.32377884583941485	0.4488212291292387	0.45006174191949433	0.29353391188199834	0.32014887809526965	0.31968859144767353	0.47150227459361016	0.30878191772081975	0.34795072431086094	0.24534253121041044	0.3613472483187472	0.3437176957356038	0.22159634508647824	0.2548460513703614	0.10311737109366736	0.0318994478520348	0.2357866038950034	0.2324751490081155	0.1675140143380468	0.20200301437988122	0.29127725359722045	0.39235227458527655	0.3268810917822656	0.3859109800409712	0.6212892517651718	0.643935654311506	0.692782118692812	0.5911609579653863	0.7250504350198614	0.624264248452584	0.6079669205900624	0.6730517777054427	0.8212198246086855	0.636685497499017	0.41266124723971864	0.5570678326308982	0.31800159217552604	0.3660452187816311	0.15874478152004368	0.2901489641975513	0.6146009738258066	0.37085141329578586	0.2843187424800092	0.35551737991056775	0.5449537762750715	0.4645641446331663	0.4374933041225595	0.63858512427246	0.5200441013520194	0.7391641799674359	0.639462168130789	0.49742202635036514	0.38303700139720376	0.2847984606925418	0.37701028878931986	0.3119796055095462	0.3626923257966338	0.4018123536273712	0.33328058383547177	0.3765135174582128	0.5619930280819109	0.5695265910879973	0.7040588091917772
0.4607916522621184	0.7537295348660074	0.42095382707641765	0.6058021707908594	0.5408096660394834	0.6860218563125257	0.6402609601487775	0.530596088896356	0.6445805109668741	0.5227218474789582	0.559166260272564	0.6041951061703135	0.5719858574585562	0.6081130095280859	0.5788750054709784	0.7007609358648006	0.8716623227348859	0.5102692946029737	0.5880493617414195	0.6942706726394918	0.6780504173527265	0.7869335011377802	0.521606868032003	0.5912998519960779	0.7948463494949285	0.4431055672808663	0.4144069872684961	0.5184994456353095	0.2946233491687531	0.45142021546904343	0.23026626467268063	0.3888142285437233	0.42232634594816765	0.3097473432545964	0.3511785631652573	0.37792689804613167	0.23699970622554833	0.36885422237022625	0.31461290794206054	0.11030581020397051	0.17912719618736578	0.50175974113314	0.3460081334322027	0.36392758708105766	0.3227179165747894	0.4377159974906003	0.24692085593601565	0.37404435534208336	0.23911896335252886	0.2676503422674035	0.39317256080619484	0.31755677748793687	0.31587642325854975	0.1491226910846472	0.26422588881938713	0.2857831963547035	0.25061458851992924	0.29924314954346304	0.3746610153669074	0.39139571348640745	0.3594499469569278	0.3196408373821907	0.7057088467511057	0.5974156772821146	0.7912614438115944	0.7026256437128917	0.5303149264288838	0.67298498075199	0.610551090903909	0.5205478291174717	0.5804783953441435	0.3852991916785796	0.3885623536357048	0.21584066289423343	0.2384246101521691	0.36437042526626984	0.2785329534232659	0.33921013861867344	0.2544256569299087	0.39981072163412346	0.5815738681408392	0.4607120996706413	0.5080806500872274	0.4962976369707133	0.42897560393683776	0.25482963423530736	0.5894666555663727	0.45101444276606684	0.36179748238328324	0.3084489708310605	0.43397832907572065	0.3505436751240576	0.39111704201828024	0.22668856713036234	0.3655942735982505	0.49310014790391954	0.5352269907985895	0.50090514326963	0.3184573163188825	0.59147621345299
0.5428537166568248	0.5782418488089937	0.6157577182462003	0.528660207095488	0.4884368181090133	0.3891819309545037	0.5405463561117705	0.3740840973785806	0.6248889955750495	0.4825307693487212	0.46214723946851266	0.517214493567413	0.6110520007446866	0.49993511103044247	0.530277269064297	0.48232980870659753	0.5461657722262975	0.6293295370827328	0.5041819221376034	0.5012364029480116	0.6896090256225124	0.6288800163037654	0.6887454727716953	0.6196593259554712	0.47645046150389664	0.7974555959899605	0.4579694491737365	0.4122100745836432	0.27758373740237463	0.22761264513509627	0.16688355631424234	0.33103136118107146	0.5462306743795379	0.3084642638863264	0.5350827900106021	0.5823789297583053	0.6023896823765831	0.3912335209883062	0.24510456025418026	0.3967662514389965	0.47708018634160476	0.33656253474050407	0.4019818249683618	0.48174961791487475	0.2699683560447686	0.281852605860722	0.38912355679092164	0.33863253166208906	0.26826662468222084	0.23327709904312469	0.2783201028827265	0.30384827742935194	0.18764005561147384	0.1546513978620434	0.09331881758199934	0.04198909716107485	0.1927115100383494	0.26037284346368517	0.39925547895352564	0.25979340572525184	0.5261790799456187	0.47924460046524575	0.4919209575220411	0.6046003753932814	0.7840625987922014	0.7684567178696904	0.7416584558657473	0.584287681606896	0.8106412658102108	0.5492332957490041	0.5163246698037499	0.509422615999324	0.5307399451752141	0.5252414579153016	0.5709136300778638	0.5982752660445503	0.3704231327463513	0.43595863250376155	0.5828233535855368	0.2800670994448021	0.3550664258936197	0.4548920431391432	0.38106080114456375	0.5155635417505231	0.6377365266012884	0.5767608938970217	0.5038985247442392	0.420895536798392	0.5442560619523086	0.5935745659926657	0.47881339157154346	0.3004773485497366	0.27078067878798795	0.5209484496505826	0.38710117479779893	0.5132501280283928	0.6992377257497325	0.42997334917708663	0.8230283335008379	0.46906168450130603
0.4988485976211704	0.4057919062188483	0.43422119379496904	0.6307235722246641	0.5317541782023892	0.6423808002578736	0.4123807693403876	0.34524797043788336	0.5548724945377719	0.8814517313208801	0.5023834282441819	0.5699168543299731	0.3176231327630183	0.4474916301781999	0.6833996289401669	0.39098350332950504	0.754080645687111	0.6179455081059649	0.626906148096258	0.5099545978135088	0.6728021553404501	0.4145344904806645	0.6226490415162669	0.7815440461505563	0.4516395277974867	0.4087947572444004	0.5436330351420979	0.23778599216212581	0.3290650522738854	0.3640475486267055	0.3034959674264702	0.42708207449164093	0.2857751931759527	0.4147896028744763	0.3549230466274025	0.2415528951350545	0.364903683530947	0.4462951238374485	0.18912673684185977	0.49984005339474846	0.4893534185322579	0.28567574529058365	0.442917753153792	0.5577373613900769	0.2939981868852859	0.2589240028860765	0.3126660195828524	0.25269208734031456	0.3567472615857654	0.35347631948913316	0.1962960800961226	0.20537604784860136	0.1008032021181895	0.18634414553652345	0.1274829711154013	0.20276719663071086	0.2809231725140717	0.21865472368351102	0.32319255770277927	0.33264683534113665	0.3503060067591792	0.3548524269726481	0.676059491593194	0.6019517799221681	0.6445833134244725	0.567897709872645	0.5485291329553568	0.541156064185701	0.7297390596350805	0.548139578598833	0.4769427409993032	0.5453582526770293	0.43372756056368844	0.5424064705048018	0.4588092133108195	0.3863962986852486	0.3945572346000503	0.38783472013675035	0.3148072765594956	0.43319781364206167	0.5647233381351273	0.5371990105904474	0.569574705129686	0.5134015259404374	0.4240587230561611	0.6130225828651128	0.4851915087083143	0.38645176443842444	0.479419199625457	0.4971216266397728	0.4731352943186329	0.43824676023914644	0.7350925886035983	0.3881991673779357	0.5260456715102951	0.6130605449711085	0.49714135632927625	0.493768278726053	0.5041606465571339	0.3087464753649307
0.3832780066505097	0.5508358972012759	0.41886321269180327	0.37467978439761995	0.32062085590268163	0.3632753146291712	0.44410708222101236	0.412618784447788	0.3622693166702251	0.798709931046506	0.43745011699476716	0.34062664850618546	0.5250127555713562	0.5652558919144691	0.5645809438116778	0.79344601823615	0.6184084889749579	0.741952698596513	0.5741052073213273	0.5190572301999338	0.564598429791723	0.5602441256526632	0.6224659643480552	0.5406598316688727	0.43357416628207324	0.3786439953492102	0.3990577160294748	0.361707024802824	0.43784809630788557	0.34508551514948493	0.5150882999232815	0.4342078154071084	0.43604170525518937	0.36610237174618476	0.41933113814182743	0.3380235324736107	0.4275988515862338	0.47615977866746817	0.43097493921922275	0.2206698091499425	0.4537037917504814	0.4489551410779053	0.4741454131534486	0.29177951059036406	0.34651216153894754	0.34723753144458325	0.2359943421000657	0.20146212621301135	0.16577708359271523	0.257994008641229	0.16101209308713352	0.011056212156288853	0.08544038025341011	0.09371822133286539	0.019737761100669216	0.1645993794002209	0.11513499841079128	0.23817395649318052	0.28376546746822134	0.35324073799622363	0.2854498144534164	0.5105923479138864	0.48559513268768295	0.5360681131216645	0.4531557108430041	0.5178743959714933	0.48824111122278074	0.6621387416266531	0.5974282981832353	0.7824332339140321	0.8121966785453149	0.4034094496170817	0.373360491969704	0.59570763873576	0.4348126451350962	0.39143552619144417	0.46722638569922115	0.5734456847606462	0.43539185321744367	0.45658478639683964	0.5211937966022768	0.6645959497760026	0.4996382579805033	0.47039254445242806	0.6293166467411389	0.6297384633526124	0.402133922915624	0.3388070446866843	0.475208985854792	0.6266942581478412	0.6541481515260155	0.37086656723069844	0.5291827635098997	0.6054622122986261	0.5102963274026763	0.5587072964433559	0.4131461617732871	0.44778700360559576	0.4797247095381363	0.5751727705784204
0.38460431511435067	0.36667471836337007	0.5483582173260926	0.5451556313075631	0.4610989487388085	0.258899014990564	0.268087602071455	0.30689070043689504	0.23574973493464257	0.5722755111843797	0.40129065406899955	0.47065145748029	0.5508730731364382	0.524084949817837	0.5059647784499623	0.44409371268338615	0.5081850734877809	0.42474168980477994	0.4486019985362947	0.5574829291476224	0.466890923492806	0.38935949157652683	0.42544948317797104	0.5745813170215679	0.40391429259542055	0.4527014133041193	0.4163924561000868	0.4557022281923805	0.26492063948027966	0.568908687713558	0.43649054584946523	0.2702034428079011	0.4234436994247015	0.30567123575441424	0.2667358331662456	0.4445400600115904	0.3359598935038446	0.36175797000287185	0.34300601779280493	0.3835784130112782	0.31073540033810904	0.3914494235763915	0.40560902783923786	0.2562724967711645	0.1001673225340472	0.3115201050994518	0.2145808908436074	0.18058764628929339	0.07380676426258631	0.09959882733559108	0.16573612250724645	0.2179682235579243	0.15403984803930643	0.10158448387215602	0.03106612778571971	0.09314093013464864	0.07394640912984202	0.08067660876346566	0.29424956269674496	0.13999320696998474	0.29610228342717754	0.6512301156813989	0.6248510953206927	0.7365808643262381	0.5411911487654424	0.5406490879008294	0.5472717392844244	0.4625359745199915	0.6661233734860641	0.5332533611140695	0.4744297601219767	0.40679799914697756	0.45310806716377994	0.42860937673181676	0.34145051007185034	0.5285909036089458	0.46948532744451077	0.6542551498948056	0.35385245345668337	0.4566146967394637	0.47940928399602595	0.6286913320536328	0.8650020846719105	0.648699728326134	0.6997926857895068	0.5367960469452441	0.33410149060616784	0.5817220418174416	0.5227047855101495	0.5259132833686759	0.5227298462409256	0.698769625845085	0.5834124795140406	0.45119435531708263	0.6434239344009284	0.47191476960806145	0.5289520780300679	0.42679585922360286	0.4408616381167435	0.38190928397935897
0.57101040804248	0.44813270166659425	0.3780617242356923	0.6670822401126966	0.5351093480143893	0.2378047369088616	0.2437759837635698	0.6319811558006287	0.2443795988927041	0.40216952204233425	0.6771119185825093	0.5308257430655248	0.7413872796629112	0.7098282804994334	0.5675561392543571	0.5920561127536547	0.6702598449192237	0.4313889823246984	0.6521535885700971	0.6658284262532957	0.5900024335811567	0.5774333310666068	0.5382846119255494	0.31655930827166934	0.5440170530685732	0.5254089218030946	0.3200817829839159	0.2813431716107144	0.1055734904974982	0.38056404966398294	0.2517958923411472	0.3432534273491581	0.37130626291596736	0.6384233293015599	0.495400602832642	0.33828053305079264	0.3120041649603716	0.41298315440359185	0.3368582040924085	0.3679281060448103	0.29418576913954897	0.38063080911644165	0.5019996135064246	0.27598149372625047	0.12611999026307535	0.16179566713517912	0.14247988603364659	0.09678857381387278	0.06934535796865286	0.12244780265010358	0.14466595334776378	0.050823561224372454	0.04490366589714628	0.07737152729547339	0.12022276840336274	0.16383175430815594	0.1446266971074734	0.2264281656797239	0.25933841920144224	0.3134792080323463	0.39753576693115716	0.364798237669965	0.6490484739678937	0.4467967646809308	0.46021166905923017	0.46196534159821906	0.49798199280614286	0.517277474453073	0.5298823660160328	0.657990382445135	0.5244018439488648	0.46491010991791304	0.327510774635528	0.5676440196331871	0.2417113444006267	0.3865035090596568	0.524495660468336	0.464536164425024	0.5357345545156947	0.48170477005974005	0.6292122366076035	0.9965760102976065	0.7447654961856491	0.5638339626833445	0.759174747097465	0.7350531800259374	0.5976168499131894	0.675884565557654	0.681444119019154	0.6473649838220714	0.6739071506894935	0.5256173865440767	0.5070289584673996	0.40205441229192584	0.3949530850567542	0.5146772403468695	0.43593925615695495	0.49827307975328017	0.36386971638081755	0.3702775958896245
0.4033806832047717	0.3386451039452547	0.1527736230010096	0.24877029496281666	0.6010206460971218	0.44025998843969394	0.5684835231800311	0.20009672489654318	0.48899805876522406	0.39190648595521127	0.4131154475760276	0.5285709530802567	0.4392155116277249	0.5475777261930777	0.7618428536189544	0.6390017291124883	0.6514596373303894	0.6245171612881076	0.618452934886108	0.4715816482803463	0.3217602092955464	0.653074084563241	0.5510820965755594	0.5185295083486381	0.5361979262617127	0.4415270857511059	0.7591799964032381	0.2013715404958233	0.18710800089535717	0.31986907373045403	0.6756365530853236	0.6243247161549782	0.3569054678948994	0.45333795542248545	0.3016468905425995	0.3416391302869527	0.40270408104148103	0.1934459254836921	0.4250781303371207	0.2793639061435129	0.2525816306298785	0.17747894082526527	0.2078491122014734	0.15377552888484883	0.07878496310152219	0.0850129808606595	0.08425746432280458	0.08774775848226646	0.06292548252528693	0.12698609159809404	0.02471289915849438	0.005913903968455189	0.08316340708028765	0.02073545998968976	0.1841968662836232	0.07945359080348968	0.09901451125121485	0.1167514354130385	0.22311121413050788	0.32791183468028573	0.3292788679400005	0.43223081131649993	0.3868976899887848	0.49561695813272394	0.7093839737253038	0.38274621479135873	0.5726665363298795	0.5993016739110254	0.4824825206034627	0.6663062607159089	0.45527141242576274	0.49290109971247587	0.36968952998921156	0.2629147099731477	0.4410378869540045	0.44589697003637274	0.4187955721326617	0.42022404923730494	0.7438478887357183	0.6209072324083256	0.7271297005037302	0.6067161918290835	0.7429201536674055	0.8423136146441215	0.8790926880062322	0.6936166533746477	0.6186931451350128	0.681547371972024	0.535882094375501	0.4927170552852984	0.6075188241988414	0.24400405674083703	0.675781635029995	0.4707580958728741	0.6668684553974016	0.6288346406346437	0.5912482884463105	0.3687648248178578	0.6094406893949358	0.46341476739133614
0.37779755525188086	0.40858686005179157	0.4353591426339466	0.32340203163717196	0.38221114562869263	0.18015676198752617	0.29562309739541437	0.3158540500989945	0.3832364294153796	0.3300459740516458	0.26224680440698356	0.24673475105423637	0.48936272022875293	0.4494543151226842	0.46805079054594956	0.7640222273223575	0.5735833399085077	0.6615012786005496	0.566073680435865	0.31947930960170456	0.5072309703040465	0.4019827105084952	0.5638570844294041	0.43799165224545134	0.2649371979357453	0.300891197316729	0.36754107585517704	0.514498480559735	0.2910638972766112	0.28634325331287946	0.08028952335570239	0.20180714183925885	0.2801027449560748	0.5380762244866156	0.4952756613550259	0.38965334564699317	0.5457826332231139	0.38155490918842694	0.6055245549673735	0.1521312353277363	0.2951801046394397	0.28650609731157883	0.1839034605083702	0.27888813875234364	0.05286788346557855	0.034612949943173515	0.06611010113434675	0.01900657655761212	0.033653133691376166	0.020538688658582792	0.029171999907997563	0.022900594049075643	0.03483726645422773	0.11081340045511208	0.1136662382219796	0.09461453996864252	0.17755637336056074	0.12228450373934913	0.042623042227285746	0.26529683313274477	0.39947172823413163	0.40455715069782694	0.27103460531704093	0.32326813740564136	0.34521769793566204	0.39382035462273096	0.41613437122750424	0.5895899319331963	0.6298879333469005	0.6058477959832603	0.3878728854147969	0.6480298793584698	0.5404359104516271	0.3355420917154306	0.31439441493532916	0.5313160129243426	0.29834146674886897	0.6079930104147762	0.6957760699158528	0.6626556865423601	0.5278801134730071	0.48308933568406237	0.9728142020763552	0.679387085341095	0.9335345633659293	0.6888093436309397	0.5692896205582783	0.779380354179386	0.456141764890103	0.44013847660296335	0.5211402587668574	0.6039769576727118	0.3195718474706247	0.4171318293601448	0.6260629167672945	0.41391936966329623	0.6021927873588652	0.5128325802133759	0.3126841349129086	0.6721980013470358
0.5133940130080116	0.5599061326125143	0.4744135130247621	0.513171041399264	0.4477723112162475	0.38269525852435105	0.5516055959649598	0.22282019116839935	0.29650930826333577	0.5027994345850166	0.41588233066509606	0.6331331190609886	0.3629129521098976	0.5497633562456073	0.46094473295209004	0.4321785388812805	0.40631627573130696	0.521620317071736	0.5175785918826851	0.49380133601873794	0.5147942669814085	0.34662466978708284	0.6302214963363196	0.4048620466609032	0.24729418746263454	0.3076190008535228	0.3634069165832896	0.17416882639056608	0.29054357573809064	0.10502947521442663	0.32297735074979494	0.1513976038365018	0.4267983326058141	0.38122462120246203	0.29183275910144957	0.17926206876148892	0.5117413806299201	0.1699400313108298	0.48949502888493224	0.25798567638709097	0.18942419942461813	0.24420393972106935	0.2840996797581803	0.061361083852055465	0.08232029943793512	0.11717142792617341	0.09493535178682237	0.05106136212609635	0.034092997214426185	0.02265587429733555	-0.001642025530343219	0.022024203874736022	0.07083569629595185	0.03676977384900702	0.02036618080379135	-0.033520964205551396	0.12081855259164376	0.16166533718143533	0.11191992177792714	0.14084780040004397	0.21122888559880176	0.26623998272620897	0.39110830788682577	0.2914227573364028	0.5729102093038799	0.3241057837032682	0.48606199809294953	0.3699637802568435	0.5522548583870807	0.5630360230879452	0.4661372664042266	0.27526993722000315	0.6287447439857157	0.34925464416473717	0.35752805744352245	0.23144770101407697	0.43582554431025766	0.6097142683114438	0.4115700962408838	0.6063535201182833	0.6337822357292469	0.6410514000787688	0.7915823814831096	0.6849935536958398	0.7177703722981994	0.7442301819331546	0.5512376992656973	0.7781892142141767	0.6408438871463427	0.5853364647663164	0.40194399976599393	0.5069910272788898	0.4491383462995103	0.5954238880163658	0.5297631022722105	0.2434025462008077	0.607173748887679	0.2745734971310074	0.3935773485497366	0.2860935978303426
0.5883837904037791	0.4098898082465853	0.48558517064035556	0.3453145068010971	0.35369938600039574	0.35766777741276834	0.2251688175569987	0.4193579147680748	0.31428637862236697	0.353795711253015	0.15789443260246405	0.43120361064568213	0.32694804552320644	0.7294783577931483	0.5245784107945529	0.62331804464485	0.7159848968164324	0.4904460005690152	0.3782681528560508	0.5456388078617417	0.5868652753297963	0.39228599437885114	0.5470807825907387	0.3732601540774164	0.5025999005473646	0.1855473079036596	0.3157590719654072	0.3569047324920779	0.21776833171079046	0.07612854327306351	0.3009261935607961	0.34494245389169487	0.22943619312578467	0.3929999093975992	0.4752948455800746	0.45391391055196306	0.3461933505071219	0.34206505670733617	0.21719669179566603	0.3268001390870192	0.24444088596681152	0.21056063112339152	0.061749514128791094	0.15313131484651013	0.04344694799412188	0.10459207188990513	-0.004941837825369028	-0.00929294201296333	0.0013598847202784259	0.002004014839726587	-0.0014938452368987772	0.010624517466379529	-0.0014245771012931785	0.0010095622867339477	0.018126869378705224	0.20545617240523548	0.008804699407867711	0.03586347551543456	0.062358184225215385	0.14713588396759192	0.4866228015042399	0.09422208156849499	0.2648171347874052	0.29934387167926635	0.24869410797719493	0.28152263144973355	0.2760194602156958	0.37911466802203597	0.5653018593992742	0.5077421822678301	0.46506691173982784	0.4103746896626095	0.42313015319906	0.5097990127905059	0.5047744467395054	0.830336182092159	0.49309912101004016	0.4054547281002947	0.8110803895136556	0.6862249613114748	0.851927688667083	0.7731931915195753	0.726268824223842	0.5725020780550685	0.5962105361625416	0.7507952651911942	0.7445647585827692	0.5895705025849853	0.6701942471142153	0.7612143345631992	0.6778009340914203	0.4970739829772157	0.37847761797354307	0.5358233933365902	0.4020066537929923	0.5233444701451255	0.43787137487476757	0.38149028967600984	0.5141428381518778	0.34778198173918284
0.4521786735848502	0.39232013818366207	0.43326513619277596	0.5474849564346789	0.6433667814363748	0.24946681677064453	0.6338530320386825	0.3119669117231607	0.3575816747643815	0.24961364994505697	0.4697423434721022	0.5353956118837151	0.5702629675686406	0.7535155911298317	0.5377700631066724	0.5102906982368366	0.47736194950832866	0.6355256922808454	0.6811397000520516	0.581208608228118	0.4458858420081467	0.5828902057737866	0.3105257916501455	0.34910532655782056	0.23243703009796435	0.26035215751550767	0.15051847525626105	0.32113291145548695	0.07226151443013251	0.20695020309704892	0.1980347930053481	0.4114189059010064	0.26220424002902765	0.2607981228169214	0.5026076188685669	0.4498942647813501	0.3605688197903912	0.3047607591934521	0.1967326597321497	0.22854619712422386	0.2524057528024493	0.147812574499891	0.32299942358472505	0.16440850445870156	0.10393638088076004	0.03020688351574652	0.0203808577260631	-0.014568172789912258	0.0013803829301476528	-0.006235658761623849	9.143147293403514e-5	-0.009567223181414303	-0.0050910759301788025	-0.052440329502065126	0.06533962058327883	0.05056909144759006	0.19663881451191795	0.08132098843952706	0.21595084356402122	0.22728614676622266	0.22003519936611665	0.020989753045122517	0.2746331367281234	0.2517348747241803	0.3795820038231015	0.18183623729362175	0.21212003659763667	0.4190191179066246	0.23418184923567154	0.35960729864341423	0.38596445822480974	0.24087415523178046	0.3550435139197856	0.3733640695478432	0.3588330439756655	0.5784065941747458	0.4553009296746364	0.47809792627837977	0.4604093546645654	0.6823397420198304	0.6573134733070427	0.7129332537978923	0.6172648756358712	0.6794318028927768	0.7822484673510516	0.6925057174681797	0.844990066653433	0.6182766750152212	0.5066671789635759	0.6969829733154598	0.4193254294738812	0.3068444613115582	0.39368588615931677	0.38268424091571773	0.3712332272638559	0.5067519344762637	0.2782560332348808	0.6578899319165292	0.5814076299021926	0.5519042864135901
0.7571001169864336	0.6267709442466893	0.4056826972581442	0.5376956030501475	0.4524530210050568	0.29482161558947984	0.5371208824033838	0.30492304441067697	0.5185936773324495	0.40442699741543153	0.37324434205839796	0.439137778751137	0.4473366635215834	0.5667710436326563	0.4284624883559416	0.36635792583503474	0.535354617680702	0.8023970186376607	0.47300923982818893	0.6034347643212548	0.7279386024896328	0.6606694381401108	0.5289850116528089	0.5643622918007328	0.5948709817810173	0.3425760102642721	0.4434003422257359	0.37742285227225214	0.2598683935457624	0.35543461191721604	0.1578918421671508	0.5300192239094337	0.44119706278883064	0.4545784394953134	0.4413839162904485	0.3521710922172772	0.46272979103946266	0.2930041561268041	0.2670826796076764	0.3739609601654445	0.264392891178283	0.1961371891355121	0.1439911200646818	0.11546689852281089	0.15500098270937515	0.04662924339161659	0.08414701204581924	0.02762687601221435	-0.014464060780944019	-0.00755492248877928	-0.006244359792201157	0.02414909676773102	0.010754712683219453	0.031022309074523816	0.11938346361178573	0.014340263216975263	0.14603078924924845	0.11395649261372098	0.2962097941428781	0.39151270478667693	0.1942148778275959	0.2075967690810474	0.08229505978575113	0.22212983519063267	0.3271253565886163	0.31573795320576015	0.21358619975096016	0.5695566206671145	0.2507334083519881	0.3953735501324118	0.5487869417706237	0.3244506690760639	0.3759056357326803	0.21569948538636274	0.5434752108430875	0.48516683223772117	0.6733359877536758	0.6575163419830625	0.49844700317891766	0.6913751843590523	0.6782716509487502	0.6857970341047372	0.6592289695343594	0.6365501744296225	0.658147818083846	0.5389924229992096	0.646753829293143	0.7021819596719314	0.34463940854432656	0.619612748937847	0.45472635478173506	0.46014770321413523	0.2898665385132707	0.4851081135316754	0.41514374579259694	0.48864929545632974	0.597226732408409	0.8788317896090915	0.4029060288264307	0.574375449349408
0.5474505211221432	0.6134716067642461	0.3492755023508124	0.6014000330675431	0.5109054546445481	0.6128606995585385	0.476358418298085	0.35990128963417545	0.44043346135339256	0.4222589019275679	0.4703610860187797	0.5185021994916199	0.5234781678714489	0.32201092482284127	0.7271861732669251	0.6002756326542654	0.5275757077395885	0.5757111633291617	0.6416683759119617	0.6227888343707776	0.5832031689839782	0.6567984783763436	0.310295437429092	0.318994121227546	0.5397658075439	0.325043745792597	0.37014322902890284	0.34443055510971055	0.505551923425971	0.38399883831921555	0.28139189075177173	0.22047775931062186	0.39018642500692946	0.5412164281020114	0.40533629251175174	0.2724307295976678	0.3034872310782903	0.24067504963881553	0.37879677129777284	0.37493312349443936	0.19891793865870788	0.1959072522921858	0.2604423523390037	0.22449822443628095	0.17770313146631722	0.11241399008740405	0.1660920718899051	0.010965551420446001	-0.0030587496235316702	-0.022574579309685025	0.04831520250286633	0.05255053442249554	0.06278945275383133	0.027955160978432606	0.1765700984742763	0.08978777657607934	0.09080121016540277	0.19018337084266068	0.21924697006137334	0.37353346358678513	0.3543882513553277	0.2654886422323526	0.12277579605859568	0.4074547766682486	0.26969736754690676	0.35875123000759535	0.3146504217361762	0.4778199261780438	0.23733643163210505	0.5686292345080479	0.2882533610974025	0.21886348653239318	0.4110465482335284	0.3861264740348953	0.3516542047030914	0.6045317034901427	0.38341754554829055	0.6440419062271818	0.5064506602591636	0.8706500441261694	0.6746108166199738	0.7085257960835964	0.6793368843774361	0.7441790777455604	0.7694823858998932	0.6856332206636809	0.7357305772269633	0.5246959630263537	0.5214762399536923	0.3037055253130876	0.5185789805429846	0.38993807024219496	0.3197172805246007	0.5062465018489658	0.34203400240106374	0.5739991651612103	0.293587862661694	0.23428046899909527	0.4725900798871171	0.5237575150741495
0.6233573516531523	0.711151364727832	0.6447555606556908	0.5805718850216197	0.48977538751443594	0.3747530320553496	0.4489316549055218	0.4796576851119889	0.5171255685942345	0.5430426261462598	0.40864330633095114	0.42355866563797284	0.4635388741134975	0.588864217518431	0.39881455981916863	0.4710902764423259	0.6647803232618998	0.5566908152899386	0.5994558278794389	0.6812415771851289	0.427021752526442	0.6675004460451537	0.5377722427811006	0.24982353247361067	0.4909707587417734	0.47014628322650565	0.32132871332756996	0.4277022215588715	0.36729127901889425	0.29947989701727107	0.2127996863416881	0.36076091376421493	0.301911309066357	0.4059100259990225	0.30702196673211846	0.2891737378540532	0.325144366359042	0.2958620952621912	0.39355673110337436	0.22820731191043242	0.23577546261642612	0.313278653734324	0.3222630316370051	0.10606835826149397	0.09392120707865431	0.12154047522259345	0.015855313349137118	-0.005191802499432879	0.023860763643569927	-0.013994863313877795	0.08322046949244156	0.06392460800211208	0.09014689720944274	0.060512826273229625	0.09017203080881644	0.15000817319992318	0.07614814934262432	0.20118758002087062	0.2491994434519182	0.130536319029121	0.33668892712323556	0.37822454833386426	0.6354253367214232	0.16398470909479113	0.15472216327066013	0.4809655690375796	0.21851772000291358	0.2379743319031289	0.4406982663540585	0.4496592111024277	0.45932627969641204	0.34670293487777437	0.4107069011328802	0.32579419851292746	0.5079176228336718	0.46895809587287407	0.5127693166702252	0.46803736137340984	0.5343375954629465	0.7028088114001689	0.6608593392058224	0.5677062585158508	0.6658649617548198	0.5291630426706309	0.5450960668291044	0.6853477893664184	0.5903571860320965	0.7571097013737531	0.5189725409056676	0.3798061281957307	0.2363758689271933	0.17472052684396144	0.17442429876058396	0.316248098507944	0.3808658053271746	0.33326504344031804	0.4541475640937819	0.5475380349245923	0.6464011990984428	0.43992011389968516
0.6334103506409589	0.6501616823012477	0.6937198466926042	0.5325833619924263	0.6792810365641357	0.4850391656212224	0.41928546878158945	0.5138403360522389	0.457225546510316	0.624315853920129	0.4638137449142403	0.45800348697573834	0.41009081307321316	0.5096159356389613	0.5165622145153514	0.7393426968314663	0.7638915705599533	0.5016598603863003	0.4981498630380373	0.5770642064848053	0.7198989553889846	0.72605903886453	0.463670253028372	0.507188266805737	0.44238752478607357	0.4637493109234062	0.22466245300500476	0.4030738217562766	0.2808095887207679	0.371761865572771	0.39449939925074695	0.18668983474728762	0.3738810807153058	0.28668166373075565	0.21857092216277074	0.44253741215808906	0.260360461052218	0.21215768732871432	0.431864018763164	0.4232714455599741	0.1839851110387759	0.1903653371814354	0.24258961835821996	0.26186354398391565	-0.049746166273406195	0.0489148668106372	-0.03274776293238435	0.03334000262673631	0.01795706901232888	0.03127200872489791	0.0342830661012517	0.015872759578128864	0.08032266903406277	0.1413054701449589	0.01640878271607535	0.059319590535815925	0.23712911528822184	0.3174669846417597	0.20449569361921427	0.3877491939036385	0.4086625921586923	0.3925022856272359	0.5589616005824155	0.36949078877256925	0.43546372503871356	0.41208211424269414	0.35422468745421765	0.47392432527795336	0.5582861865006091	0.4776193343290265	0.5003362063761359	0.2922839935758299	0.3357370345147481	0.3044453777858448	0.39516081217818955	0.3634513757614578	0.4613362969285354	0.508983534246991	0.5070271387691775	0.530494114610704	0.6788052603227319	0.6930117684285302	0.5603958680738375	0.6811208669696414	0.39244331076440203	0.6639635042161952	0.3885797049121803	0.4378024644986426	0.2527482288113969	0.2042064793217021	0.19949457833965945	0.2307753941146108	0.3309525969771534	0.7076212026118693	0.4078073494280934	0.4549520978972612	0.5766349012248826	0.49885323964418404	0.6048394659625147	0.4615316615390309
0.6950891567959885	0.6865797954645799	0.6718855659674983	0.7472037785001303	0.7976473123537775	0.5717943531170244	0.4222841724639037	0.4267974293818787	0.4046926946064071	0.2601677045441706	0.4060160040907752	0.5578622918007329	0.46028217387760784	0.47699110016415447	0.45826247952237414	0.4995231415965857	0.8446413475123757	0.49428060593605744	0.57528732163069	0.5611266198054249	0.9735118744313392	0.4377487102574886	0.6099858552584979	0.6538124684804147	0.7044655447536028	0.5207415550845433	0.4727795061402461	0.2734995229206908	0.3214986263135974	0.2543784328618043	0.3054897994130179	0.3055974713329904	0.3738698201669013	0.15582692674689225	0.38168016865780285	0.48088513310602743	0.33805029144939025	0.39519458940661945	0.3299993065149561	0.3434001942884821	0.29402680089355704	0.3696779072978768	0.22470170704523673	0.37206931007005023	0.20858203035713785	0.11857407576300777	0.07319275205792958	-0.021022616082659484	-0.039324641169657615	0.1459093237637465	0.08513049774152348	0.17005846691604	0.03074996905751337	0.09760224369279125	0.23537628193813814	0.1842481935104614	0.21533777656774572	0.3963729627335125	0.42468524134222896	0.3658678481146418	0.32705649481377935	0.14003752479440712	0.3751675786741683	0.34890428641359006	0.37272455495070633	0.4492882071708235	0.4792099155794296	0.3989679430504909	0.5155301222815739	0.33341712815389624	0.38674229488748124	0.41149450768778717	0.45596953529268547	0.332742131466484	0.24961480714238948	0.2633225033630059	0.5047197340562859	0.5590503908353572	0.6211655204696259	0.5217044211338268	0.50105471043316	0.4511260632906773	0.4288299897947297	0.7151640386470242	0.7171595512114406	0.5981561657550591	0.5105847422290025	0.5867037652331122	0.3599765402783175	0.21452465210328087	0.4094713527741821	0.2138778122953593	0.30810325728631827	0.45097975568019233	0.47517309962047327	0.545453400848456	0.4665444149436627	0.4520101121346383	0.748492575369914	0.632139454928889
0.48619323568741246	0.7603460889213566	0.7045308400339276	0.8121405414576821	0.4525125369488959	0.5898424229908761	0.5029119031320999	0.4426291925569361	0.4903881497526352	0.487129693853554	0.3024088246338529	0.4183404641389664	0.5417683626449435	0.6371342100065653	0.335515860553638	0.5722900114353031	0.49316988423526564	0.5564576630447373	0.5102974647328155	0.5358165164543527	0.4862625126565855	0.677347533192963	0.6417078551748288	0.39183629472847703	0.47601414022471605	0.41575051228857585	0.4275303961221639	0.4777856344026451	0.3067954418292086	0.32576653851327064	0.5303716001307369	0.39140677304615257	0.26613945269549655	0.310214369880802	0.11231449796752957	0.29268407307793665	0.2617063291677231	0.280088743818378	0.3992689611274699	0.45759433103310576	0.38918467819397223	0.1888961021633741	0.36525333683009276	0.2547810144968843	0.1683516341683055	0.271495865873779	0.23783277678525155	-0.07484741402313821	0.017837359173351497	-0.029624290043686108	-0.031357040361569555	0.08641845542240212	0.05941900310358228	0.10075463536450385	0.23812520203452064	0.19440405897422952	0.2685207234325044	0.4426500551764622	0.21617713657745274	0.3844720440425005	0.20848166154736447	0.5971596395471148	0.4011565411816747	0.44805554298855593	0.4441690384128514	0.3976225121965733	0.4701086590127972	0.6742109093557647	0.29172710563496607	0.2774027847071282	0.6889443773926677	0.5077221235196068	0.32939062535157193	0.2945918775014206	0.396496568109055	0.2517805396676347	0.48653603633829645	0.3258207764172419	0.6626502980828992	0.6155122299740945	0.5421210811753179	0.7136384876532563	0.6767259617046519	0.7843312596117131	0.5549374894601375	0.5041515502327478	0.6699783357092297	0.5883745041576935	0.536383043967332	0.37669295959676286	0.4790723200498148	0.1598246830207669	0.464882851828907	0.3724095644367911	0.5314177641707506	0.4270379598392692	0.535451258725023	0.6211715471459995	0.7174939224889461	0.7566778807971746
0.562717101686528	0.6662820612746239	0.8033002119722841	0.9811531513251769	0.521023117312609	0.6362722538313932	0.7033583233455687	0.49693130597960866	0.5034599752060097	0.3898003576928124	0.3410649153535903	0.37159609551319783	0.6125946666920008	0.45801642368522777	0.5073893732017234	0.48367207494331943	0.588432984357419	0.619208930653329	0.6186008170549855	0.496074164082015	0.7253539264623845	0.5490931848860663	0.6751725895069554	0.4995202177024359	0.6392977363566803	0.31141151445513315	0.47451741746156284	0.3913579854532814	0.27611122514746655	0.5675554082683192	0.5175740138947016	0.2842339913674381	0.34679810734984484	0.23162080290127696	0.34421529298859765	0.5209888122701919	0.45617268665953004	0.5570886157316505	0.36482295609166987	0.30584463358279007	0.2976758004920465	0.5103971290572534	0.20785361728752488	0.26036103525076754	0.3064126252845702	0.15976925926870406	0.21157007857374893	0.036547716481153514	0.028326564587295044	-0.0721499006723677	0.002397111390118556	-0.06569210507411771	0.09887303118532648	0.15792798017480802	0.153888284489539	0.14092415967356475	0.22436370077140388	0.33553944389526325	0.25438956977359906	0.3947893091833601	0.4024017247123716	0.4726155248947431	0.46741693163202164	0.3716466365858696	0.42861096457389464	0.40637410886388503	0.5979243009939765	0.5720805153836579	0.4637798970339382	0.4712105471795003	0.26222845937084016	0.41371219683988303	0.5399375093273306	0.4222935337953123	0.3984164236852278	0.5645848195143839	0.46452943548004044	0.5134971003398258	0.70496404968065	0.8560263481648933	0.6423809923962986	0.6098497548185027	0.5602350359451193	0.5570790335610561	0.770593010414776	0.526534779771664	0.5134881343022258	0.5553114062355987	0.4653119693671883	0.1085226579337687	0.39999101842865525	0.505230683196438	0.22800604206011466	0.38668470687806566	0.44205926852061594	0.5192962346502183	0.5187188573330528	0.5584349144919007	0.815064745332418	0.7126160593255721
0.7843795105903641	0.8233279073062103	0.679995989543723	0.6161404619555753	0.6019701934101256	0.48936344238122315	0.5946375336279747	0.41935446971011414	0.5926165164376858	0.4541116712426214	0.5872147541409848	0.5816429816890148	0.44355813340720207	0.609245819464216	0.5061027007882377	0.4395974691329322	0.4050386356071771	0.49042271758534944	0.4245162668977395	0.6984960336948931	0.7540348305730102	0.4729495052785566	0.8015002627569632	0.6267959299088093	0.6719348040723081	0.5905113620844287	0.48354351171972737	0.41083411283732363	0.5022353208193352	0.3803332427309325	0.42958481068081655	0.3487036327296008	0.4017699063025172	0.38535496658994817	0.36732588660266186	0.19857005647316328	0.4708066471761502	0.5512532573113189	0.3204554281521794	0.2677997172758412	0.45571042572628184	0.44394020798217826	0.3729842762666545	0.25381710608664476	0.24695052775565224	0.21165239825522048	0.07530554961373148	0.04600222599232218	0.10896852164915716	0.08548973537798754	0.09655933698909691	-0.003533094877014198	0.16293548645705785	0.1193569077747228	0.20832385711554702	0.27987622008649904	0.3753646614135276	0.4152048341114373	0.4918158561535215	0.6370246720204753	0.5257262995969394	0.35379873676652446	0.40401939398060727	0.5147248950597192	0.6748052735730831	0.46537915723100004	0.6770294067792799	0.5361856123353936	0.519668166106402	0.6084363985145609	0.37579767672176656	0.6456213351320478	0.34753004941297616	0.5014085309260696	0.5399070226027659	0.4366630426539637	0.5102548186360273	0.5543368490264993	0.4948454087199978	0.6132601850115696	0.522101994119511	0.6156869086530795	0.609632829769989	0.7384910471627499	0.41909691483490996	0.46326317074069145	0.5077957664711449	0.2695691907835559	0.44756567724044705	0.4801168432630133	0.3338075548002023	0.2949035487940431	0.3918473299875782	0.4884359435691715	0.6122969170349684	0.6261986130799134	0.728344770503085	0.6880875468866594	0.6658797998813637	0.6536331698790019
0.5946899849512679	0.9306406496772166	0.6765545293616948	0.7120161255773279	0.77648118011794	0.5482023562957753	0.5526239255673608	0.5411358817508666	0.3745103351738822	0.5415301796997622	0.3829566869188702	0.41548702347278876	0.35409301481489286	0.5854721985965963	0.6174848658822794	0.330829340510857	0.28661857685895353	0.5361008457557459	0.5799452364654332	0.547118760163811	0.4618763084221733	0.5269085000252508	0.5903689633441953	0.6875612914242228	0.5690568039886391	0.9006336181742152	0.6221640474805917	0.653843732558913	0.27458085989278724	0.3855505564564129	0.4168590233974535	0.5477862461355226	0.45935675980413493	0.30494966426610315	0.27129734987977194	0.11516177945382222	0.3752712799222514	0.2737342674247536	0.25902425682613933	0.2313094849513514	0.361755772661309	0.20909948760308827	0.23272093100467167	0.2873976303538711	0.23075338098126286	0.21893189782862588	-0.008334280791774229	0.04448998050115005	-0.0804441301861164	-0.0535277616523504	0.10545305633932633	0.04784789535256018	0.12432310846237427	0.2914001876549729	0.2639422661867208	0.3216704076158019	0.14833142303271046	0.3651175080139625	0.38822274630277714	0.6213070535369188	0.46752564591295015	0.6138822003949773	0.4880847113281836	0.6127804579821367	0.5842651516765196	0.48558954105617147	0.724331010071767	0.46361343133926386	0.33041486016046107	0.5907954992640638	0.4474516385684222	0.48510612379561396	0.43823257359653367	0.451105496612327	0.4685056777004592	0.5804715625964089	0.420903950738028	0.6909966056600501	0.44379271007348375	0.386057369320287	0.6621465637006049	0.5067532175602654	0.40642422149186963	0.4780829335644063	0.4705845832247889	0.6685220374006579	0.34431160499086566	0.3034524821574439	0.3419263834824958	0.20410630265035368	0.5516595070102693	0.3129990481081083	0.45125325066114264	0.2845465018489658	0.4731258159341225	0.47733200824821864	0.5822945827897772	0.5709567024026138	0.94638455232397	0.65212484427504
0.7410190958560402	0.870263248059407	0.6881323991585777	0.8171731835726982	0.7007977915748101	0.2904486572560841	0.5723696744297059	0.637246607868442	0.5270519366929891	0.5396981559344657	0.7110435117030602	0.4345330770932099	0.21049467772562647	0.42400953351930504	0.29415282886663174	0.33844727036933153	0.35345456024584665	0.23497873983660578	0.6927591117331277	0.6416586413539961	0.3886691554659533	0.4785517070369032	0.7817361732752586	0.6871550129911776	0.6027095291358555	0.658614928628942	0.5632082703524977	0.5100901306884633	0.4455103594745261	0.6841613444089603	0.4889096086212953	0.3569342011729979	0.475648434200173	0.45820004631789435	0.35838124193624477	0.5501753389298152	0.5215296209849561	0.4015519985279611	0.38877141684254646	0.333359473909392	0.4876905524829742	0.1908844860555472	0.1636407269459309	0.4158152068696488	0.246122777203596	0.09707131303979566	0.0440867187147127	0.015371328490205172	0.2840501059278072	-0.005719564135116095	-0.03367371810352959	0.3075813457223284	0.1869784571624482	-0.03580172481237409	0.1346214963363197	0.23030970799059514	0.4746918355503088	0.32641742629513026	0.39063350995468055	0.5174989995568217	0.44237286334754544	0.6359740558791476	0.7459669228067878	0.42600213105647305	0.6331328209530886	0.8241206350968302	0.5779347842051148	0.5849361246906377	0.6443869992054789	0.7153383021483404	0.5350087760658992	0.4100150942499977	0.545556262924301	0.5286163640669812	0.6335657655927882	0.42012552664312275	0.48232604340681706	0.4235823505489563	0.4360565875495701	0.48467084707744756	0.3733641888010033	0.551547899769344	0.7513792300995978	0.3611193939639401	0.40891612114387704	0.4449161211438771	0.5153022480762409	0.5744144825171201	0.4991038248513586	0.4051341128206567	0.43426200027634076	0.21292032808869443	0.3453369262952136	0.26994105377125843	0.4514367628908834	0.79909409031006	0.6485515413991805	0.6734767545173281	0.7956139194021975	0.7636438606623077
0.8066253875394365	0.7201357028961268	0.6985069276669166	0.7748956008667565	0.6498792389498322	0.5180571683649617	0.7563694359233856	0.3894156132137503	0.5656914203726399	0.38427272861064155	0.326466043833495	0.2987681086715466	0.23081240662877578	0.30736406733111776	0.3453470848644157	0.2462738350066278	0.556193147318404	0.3930238659324473	0.5845772889314901	0.37252283242172596	0.28503983255556287	0.619695536815059	0.7285467271382693	0.74271965898763	0.6425911134311728	0.7108676140251051	0.6724767942683816	0.6525464289970353	0.5026056379494057	0.32301610789352597	0.5738577270797677	0.3384820899587174	0.4114002980745657	0.614101969818867	0.43287759368956624	0.3709819309545037	0.37478157761180686	0.43072498337872633	0.2953820369573128	0.38882351922325953	0.3709462412753939	0.3440109623571692	0.23872739272590726	0.33905842713165246	0.12038794658058449	0.07947431201926869	0.03735442110882625	0.02271423957734897	0.18562823851498744	0.025118638677258387	-0.043887973214623455	-0.0066193874637677785	0.196023075328163	0.15635600231739488	0.11775189030842659	0.17151259213369163	0.44331693381541293	0.367092866860972	0.25300474575909615	0.5593208559193485	0.5058530961070469	0.45802717632017254	0.8912536504217363	0.7160902057904536	0.7396694028225083	0.7314462965101909	0.6118020736382849	0.6802599818561861	0.6479635682678926	0.5163206682143744	0.604449531779259	0.5241675455566239	0.703127514195793	0.4464310961907158	0.7615741176974523	0.42521758529934395	0.40413680485866216	0.45269462474088906	0.5730297799891698	0.7379938076359024	0.3897948566137004	0.3562858905761004	0.38632988377525357	0.5317806545040111	0.4905002362395938	0.6300779293651283	0.550913513041429	0.21113776108400217	0.461750638158578	0.3950410846887443	0.24876120747199804	0.24568785602818488	0.448187776526078	0.43227510262355306	0.2668119141657255	0.5887424516916367	0.6268911310816404	0.8060243606288902	0.4518320126816695	0.7544832030048798
0.5857058588052584	0.7503600392743741	0.8067786449007566	0.6383503488842455	0.6097238438651957	0.6119982001189699	0.4075430656245725	0.3805585508015964	0.5289371162335804	0.42166520686131537	0.3830580804057976	0.41931247729731524	0.686956183405527	0.47117079185931776	0.32527742805184345	0.43514608005445476	0.3913666665999983	0.6091177553371833	0.4469716200145971	0.6557165584054645	0.6261838920064715	0.7002854334639869	0.6817195176505512	0.5877347842051148	0.755059597596003	0.7000840841448965	0.7433854732150403	0.7351929861307992	0.8086483745819266	0.4891941808624596	0.47171192521601835	0.5502028310916907	0.385833755077843	0.4549028487588256	0.43420548336197584	0.5314170552852984	0.4963360540054311	0.40561965455417914	0.2668365751859092	0.505487917879824	0.3737818867866666	0.429328284916217	0.390844074851317	0.3535283798687332	0.406862647343488	0.05445297020371054	0.24913122646083463	0.09710770497084853	-0.09950325081947997	0.07955074636144532	-0.01912736414181626	0.2835998320955506	0.2519460358866178	0.20673555269214638	0.22673504476201967	0.2887495869640546	0.41925845141562934	0.4064242060247931	0.3959816791978322	0.46895195216006563	0.31070092747457817	0.5225165650389736	0.6440282186811286	0.8101522966858623	0.7621529547866353	0.6894880614502952	0.685063309894379	0.6080878450278934	0.5402122476578963	0.7606783003916272	0.6404769400222441	0.4028802923444139	0.5028589196113697	0.543055741743823	0.4218224923293802	0.4635735744330559	0.40880457350453137	0.31860838517220713	0.4171892009471586	0.6616845765912798	0.39603375286111764	0.5591664457608129	0.36292926984231755	0.46861333857013887	0.330813519658271	0.47501014525218266	0.49564163900343383	0.30719192388598304	0.4204864382572807	0.3563388475961282	0.7296559979006112	0.5149247029046271	0.4207067862965037	0.3630920762566876	0.4791283401176798	0.833403149100118	0.617714444982792	0.5596610286172584	0.6763336314245662	0.6079533412468765
0.6745259639213774	0.6849155072276083	0.6233547259002366	0.5647969126348515	0.550908749565197	0.5223044343841778	0.5136137471309659	0.6767581930421158	0.43260515872003946	0.4288967624475384	0.601996568109055	0.3316234021701576	0.6121177111693461	0.7013300206955485	0.5793152753214629	0.5047471135818434	0.46821631768241867	0.498929227891206	0.4256658980962996	0.6123542378373028	0.5108343977282066	0.7034834216273398	0.574242937554512	0.9550847599128044	0.6872468728921318	0.5430511439053136	0.5804859988123019	0.6470606819080706	0.6133159246053355	0.487950700010217	0.4407205820787585	0.4645699880213494	0.34340912719187067	0.6983611898215304	0.49090069558509986	0.3906718099362967	0.5906611544872606	0.4974882182211162	0.35428667014675896	0.4316027692567188	0.41186546966827964	0.4711948720807769	0.2969313943152827	0.15021618517890734	0.19308152681046054	0.09324690377628353	0.18570031130824982	0.2753562651076922	-0.05564219123473424	0.17225284211698288	0.31391249496445006	0.16088846776106247	0.3227820524077222	0.3688564174950637	0.2891543614905796	0.2706775914728409	0.204646124222292	0.543142559894504	0.27162740155947473	0.6693355703759483	0.6019260323731912	0.7153874762181198	0.5352995008701065	0.5410107481681599	0.6441176979523292	0.7331903559610996	0.6879925268019604	0.6949484496839167	0.6103791616644508	0.7754282363482632	0.7622441499533072	0.5747108961220807	0.5825632127084703	0.604629004851962	0.47958097914594744	0.5756216310565565	0.5676183913540376	0.5696242987772511	0.3704391413205784	0.47199003350255464	0.6311365310014049	0.3268823416987219	0.5336640275800643	0.38926610125168337	0.25078704113992367	0.33815946727588286	0.35875723018326666	0.24157465874512352	0.5592631773575335	0.3999021089392203	0.4542232785002138	0.6759159466725869	0.4717985931960532	0.4324283357008961	0.5241832449393243	0.47932737947555615	0.7650698776017567	0.6145060752109932	0.795730855484337	0.6781088931190011
0.5598643478218841	0.5836515701166083	0.8090468132572181	0.6573977849413011	0.5502220904020625	0.5416680203525396	0.45631889045059704	0.6888957797214961	0.4513051233857698	0.49591944033183555	0.36761957283534685	0.3650703435641046	0.5969921668090873	0.5157415064999223	0.43277898717649355	0.32393752699446554	0.44677976011364307	0.5521568216391068	0.6836763282893663	0.42036264736015516	0.6129509782675908	0.6121335960902965	0.8661867629158841	0.6545762443871431	0.6059449979757798	0.4856323881082849	0.63490915370924	0.6566212070619872	0.5724302592185362	0.6051190295876174	0.7536915683432279	0.6053182301497657	0.6482154144584832	0.45921661802371105	0.43685028703260653	0.40307183643699906	0.5719314870677407	0.5211382778476964	0.46057355676592104	0.3620420939321559	0.4435462191914754	0.39835697180975305	0.3316128151896026	0.17763648463350956	0.20627140579225356	0.20791078346909542	0.2517058896894102	0.03626420866819646	0.21934751329243574	0.3197692967863649	0.24030444983458743	0.18131934537931937	0.2676625700581067	0.17450121454885237	0.12930957548708388	0.4782046839241242	0.2959940196415206	0.4726794288548648	0.5041722825321538	0.562262634109804	0.5363040523407205	0.881681789634092	0.6888329932076533	0.6194810233304516	0.6575165363382132	0.7041566869522042	0.7095399959932271	0.7190211783612266	0.5019497901694396	0.5431181241636238	0.6654905834171274	0.6358002141723424	0.5525695441429199	0.49283124194457834	0.5083147011562474	0.4364889779079147	0.4484464709481468	0.4168952673745855	0.5733111677292784	0.3096356410278207	0.5419440328835383	0.4408285940744099	0.5229121062874834	0.6389268428280018	0.4140772425469277	0.30922149191953596	0.4649639547114668	0.6357285477065143	0.5330216509237495	0.5026217171755053	0.5846093678982495	0.4709388542296371	0.5270700299724611	0.5124335739897109	0.5734925113182168	0.3576044498345874	0.5148924583168122	0.7380871383258324	0.6355864647746501	0.49456042573461545
0.553013599177045	0.6187537961589317	0.3704596064129033	0.5099051521031976	0.8394570998964808	0.3767793493527579	0.592776065482402	0.34437784322951226	0.22582417952409084	0.401343279830249	0.33843280546934507	0.5681420055964819	0.666884887982865	0.49315800092035783	0.565609246445031	0.5150927939923743	0.5041012741837659	0.4449532087266981	0.5556606752745615	0.6451844264373008	0.7497912967193632	0.6236883330741598	0.7470100326491986	0.7314889470070958	0.7635910339290659	0.569814294828813	0.8537448610554847	0.7849230687279881	0.5245473035202101	0.5470299765443786	0.4712020117866457	0.48057850354701076	0.5931152466207023	0.6066792433499489	0.513581851452397	0.39335503505842917	0.5668727175770158	0.49494425593944913	0.5627457995970228	0.3503140496723165	0.42408091951103377	0.2644087120142018	0.24243359607362935	0.3251408881502028	0.40945140667894375	0.23947857199882472	0.2734535377687509	0.34964315616030495	0.24293660830345354	0.23982930739331265	0.2081886024812991	0.3154353892878162	0.34475038641857353	0.3336708978787939	0.4931939467729229	0.36491062889833253	0.40359649745718273	0.5291839450078761	0.45975517419544965	0.4831381696448291	0.5238892716323651	0.8020340466022351	0.7759658230276436	0.7212639171938056	0.7892593281721967	0.6944034273741587	0.6386598361023235	0.5261849012498833	0.5875968662669562	0.6540404266213056	0.539242615129301	0.6204688573413863	0.7264609711990702	0.5750920453558686	0.36931005029966635	0.5257184995735722	0.5094752329270061	0.5033843115842572	0.23631704423500577	0.6536574819399381	0.6303155094109997	0.3778651759438293	0.4312482332281806	0.22811914882411066	0.4224043062807832	0.38491530623894876	0.3680366878055603	0.4324079523274035	0.42587400064435055	0.38819727037766516	0.4657078463245943	0.506747427173487	0.287020107266176	0.27977239515180496	0.478105993492161	0.7382266021216229	0.5438665363132124	0.6998893533345303	0.6332904928647276	0.552480429264709
0.5117944635366172	0.4740093391974889	0.398512488347608	0.5082516893531014	0.6130123735112316	0.5642517600216407	0.4080582239596017	0.7090809106774664	0.5133413695796273	0.542235351736821	0.3874917339642835	0.5615091006911683	0.7684500109919581	0.8287542466708703	0.7205184774896536	0.7130146393212755	0.576348184660227	0.6451966122935593	0.5272094695009419	0.5510828651125923	0.6502623934034253	0.8245281126783195	0.6332176339006317	0.5966513735780665	0.5662827259922389	0.779145421987016	0.722238529621035	0.7349209685556668	0.4260769179383254	0.49990680839708923	0.4778847819800559	0.4585109446900344	0.3835757585242676	0.5184791770981931	0.4508818514523969	0.6436886201484342	0.557794611490538	0.4815169625328405	0.508182896013411	0.2875329423896401	0.3078098007430532	0.2908659444641951	0.4331747426640141	0.31292885246459035	0.34344184217548435	0.36350687243211965	0.4995047678430147	0.30322791390638526	0.3944344529296695	0.3285605471878339	0.46503036080456145	0.2733703612479065	0.1913625568244226	0.3828687336714424	0.35552542507376456	0.5085940682428085	0.6887070712040535	0.5237587054056934	0.3758172275565303	0.5603463075438166	0.5029857470556305	0.6194273750754395	0.6416674241034055	0.6620732961923491	0.737320919971046	0.678198361339909	0.6449027692733857	0.6281896558925478	0.6087854643814727	0.7087544520596463	0.34663441539534146	0.7998489178463231	0.6958481758266597	0.6106389315316856	0.5238034626917614	0.5348716200145972	0.49007274407771806	0.46609018367320076	0.39124200779654006	0.31327357663311417	0.34166333636174706	0.5919607459264339	0.452014643721392	0.22112078965092585	0.45212243047774126	0.32779866386459255	0.5821222251056322	0.4947492800059202	0.5607120157517508	0.3851435625044064	0.33934958476399635	0.4228036371463846	0.22416131127474892	0.4419436243393784	0.5992850226864347	0.49509746913293207	0.5247437347589713	0.5538618302551684	0.5677666401159631	0.5657673777188429
0.6165075791175134	0.5548970672056144	0.3809656176222005	0.3303105626299099	0.5196631685239659	0.41746614321946207	0.5080766440810682	0.5603520338622308	0.3940707189907201	0.6031714168425464	0.3247773021818412	0.4947679806014861	0.6000957863550053	0.6040941190274877	0.6546376528811348	0.6293960336948932	0.609839660300998	0.5327843646023287	0.6483991364771168	0.6902032396525175	0.8250638531421084	0.6205270305663101	0.6588918399837598	0.8319552161632284	0.5962619406914285	0.7020010975290847	0.6276970385215209	0.7683611765878463	0.6890889580407216	0.45093348345397827	0.5412634092470119	0.7198989620058267	0.41318804154976785	0.29933552840816957	0.43933971108567715	0.42559322683717793	0.42833692411182245	0.749607093271305	0.26475410311706604	0.4006874320336157	0.2708780199008608	0.19271101755863207	0.1469011041292596	0.34735226795176755	0.3259322732552413	0.29983502269476814	0.29211018280317774	0.397427818953869	0.4409896691428991	0.5610112317976427	0.3402223068411314	0.4764223156746987	0.4563577889314067	0.5147044388176287	0.5094673821522938	0.7667628682160079	0.5458312066269757	0.6680516518354404	0.5857828629125339	0.514115405641583	0.7299791417805908	0.6497493065232895	0.5346170332180471	0.5799496510324191	0.5057427630832219	0.7805283003832937	0.6806222869572712	0.7112421535670697	0.5640986594644759	0.7044003002912912	0.48290192786775527	0.4356118987153161	0.3964534649001533	0.5744170376181637	0.5029311734760972	0.3938667792363165	0.7177874055329134	0.6062554568529401	0.5642156065802412	0.6087483524813408	0.4488255332599649	0.5771399473752723	0.3259978776770919	0.5876790909625773	0.2634021001056529	0.5146228898232471	0.37563010461443913	0.3398908285236226	0.5503521354482561	0.4942773110154087	0.6453647276486162	0.3857469678279809	0.3313005564480793	0.4675757828082444	0.39358251617001194	0.5729106929333628	0.4886551631451568	0.5654465504502537	0.4281238151477681	0.6000185039903558
0.39498466934373766	0.3763085596268302	0.395656214323013	0.3943458547984855	0.5086087804660158	0.6043754206319802	0.5979280883610084	0.4596072986434143	0.4646844087534988	0.5151023143279964	0.36583621300964486	0.6039239829855493	0.4959199593122553	0.6285225850818381	0.5945730996371406	0.5483422021516904	0.7068256657801433	0.5908381122266408	0.44120435488207116	0.6789024755489356	0.6333482376616314	0.7108222560397851	0.5470443177910882	0.7619888940056913	0.8473455721576622	0.563274537308572	0.6595593944239522	0.7511048076107352	0.6024409102507884	0.5947410891221951	0.5374542091198752	0.7465210568746738	0.46051296094346517	0.40326484690177633	0.4789794332716485	0.4428964687397551	0.4418045690877477	0.49020875618203885	0.4594417980076474	0.3873458614319948	0.2363198555095044	0.348336692222344	0.38449167212931157	0.3803649219870995	0.28979364201484686	0.36630677747960333	0.5703909124591802	0.4115472394851798	0.5406189191846917	0.3182359855702844	0.481157380387247	0.6286453977030392	0.5576704540170315	0.6563061878639784	0.6905042201951685	0.7048913099863814	0.5290991453273513	0.7309670685606502	0.5212666710501161	0.6266592663372247	0.5333577116293583	0.41790260363566306	0.48366734680135703	0.43037711889365077	0.6141762134529899	0.5590430435406539	0.4839801046227725	0.5534425002762574	0.4853197075555836	0.4130113819516218	0.5912531071406726	0.34035950041009433	0.6234737599379718	0.4775229671252956	0.6013352369004447	0.48746080997813124	0.5021400379276719	0.6908268715454294	0.4919437833435921	0.5955978048084942	0.5743951922892624	0.3577772867147647	0.3594583144953343	0.5304586236701941	0.3461358397830877	0.3816401682144578	0.4889407070620707	0.516542820484743	0.5161265358698672	0.370806421920181	0.4860043482485621	0.400168309643539	0.39678268400779293	0.46248740553291334	0.6537669824083674	0.4969398612563233	0.5070899915514429	0.538288116635091	0.8366231305462929	0.6492976546378479
0.4575377721176279	0.28351301172814425	0.5496786890352596	0.46782439814655086	0.4005440196331871	0.4757127467211216	0.2880686784366454	0.23383313009461426	0.39969675361397083	0.5173959254753585	0.44881135103413594	0.8846845258066007	0.7668265425033765	0.48142063949694675	0.5088435028861599	0.5520689964617396	0.46239135192082603	0.5534528465504336	0.5422717348509736	0.6398438253113709	0.6895818404187712	0.7738660858179409	0.604585906059844	0.6982802106422488	0.910484795247074	0.6099085154923274	0.7329701028743929	0.7018753521968334	0.6681725585894693	0.7033250915982607	0.45875670238594657	0.40562310404559065	0.3910202839375245	0.5611503488675784	0.34672333813512735	0.5113421336832094	0.42770379173381445	0.5149286051247026	0.4341239940191749	0.4206012012985011	0.35963027686900384	0.11964296182182166	0.23361406733945123	0.3223430921252748	0.5196009274745781	0.40067109001721884	0.4721082460685209	0.6250060023590627	0.4905480941411614	0.6406445165630223	0.5293489907482549	0.4818881520026948	0.5168341747056298	0.5184555297715391	0.5363049754651832	0.552181763150057	0.8479356300275291	0.4114508590310977	0.5509642837868538	0.4447316460886215	0.48698146940893944	0.44118609154809285	0.4644373856573868	0.488680517583716	0.5717125347155034	0.44258587290896556	0.2950873856490531	0.24682139916707801	0.4804888299373269	0.418125707731255	0.6487177133860714	0.7192388255288766	0.4441388387792278	0.4578466917873324	0.46552971373741414	0.6765787818043846	0.6897372377034658	0.5260677509287331	0.45534877429251885	0.6415885892309481	0.6411092199443287	0.7277821584105313	0.23691935641294515	0.6259193166618917	0.5549527913323037	0.22056365437017422	0.5152429132372008	0.4312557351103139	0.522301678311142	0.5280516231013457	0.3678064307537484	0.6386878383777173	0.42174490962343847	0.6455303320871338	0.5545341967562142	0.4341609336480752	0.39490627616631846	0.6340357006627343	0.48262278603716346	0.3465509340830867
0.6929046022052919	0.49647777256097314	0.22071885731638563	0.4174812794705728	0.37249511057043017	0.4335101386186734	0.6181601673277676	0.35018759765467133	0.5233944237688967	0.640022883206405	0.7847616845013061	0.5530116116243748	0.6675228235881585	0.4274308002662071	0.4970822092118776	0.4458720749433194	0.6276818912034504	0.34090145747195644	0.5048958018054146	0.6020823858832262	0.6613101209682059	0.47773579121513393	0.656791159799068	0.6712237047448424	0.720570562219899	0.6538392628071312	0.6479662602892311	0.677423819581219	0.43729557656611245	0.6173234242707433	0.6212538403267687	0.4735464311970935	0.5955242766933325	0.6122082173344261	0.48561270918679356	0.173242138099993	0.43835815770784603	0.44946280634770164	0.1600164833034743	0.3485526544120088	0.36605096058378883	0.33350136471949854	0.5612229803756467	0.4579165672390319	0.34423736359013524	0.5266352170499186	0.7224346848358149	0.4581405635582677	0.639787637455726	0.46214794618724075	0.40975427320490665	0.4346311006408337	0.583683688867755	0.5723918422171522	0.592424985628786	0.607653747607645	0.680706731128375	0.7097534671335458	0.39192446443164086	0.7079035620777285	0.28429023447454704	0.366350240648044	0.35824712019868543	0.29195183509029676	0.2787390088003999	0.43919159261053753	0.17440058073205622	0.407078207605835	0.6716071528895516	0.546410520678798	0.5417079368769939	0.34708743425034105	0.6516252285185558	0.5630440726512587	0.5793413143781645	0.6647404685724172	0.5595421270663674	0.4416546132639183	0.5322629609517986	0.5057612008718233	0.48850193670132264	0.35378321843862215	0.5956991982954217	0.26183613570759634	0.4362014574719564	0.5431502384479856	0.30684586143199477	0.5925255840613111	0.5213777394434288	0.3764291395555317	0.5894437170918363	0.5191150655325701	0.48502431424432757	0.26276636627537303	0.6330827083084369	0.6699194160478588	0.3375649926556389	0.5262417670901612	0.594379181514977	0.3984367408069648
0.3118189986534644	0.3852439577982151	0.48963339510163706	0.41937674786715184	0.3671019322678719	0.3784706902732925	0.41787917929825147	0.74320272728894	0.5883488559946839	0.39661595108937076	0.5386815069432676	0.6958141932261207	0.5214354555395719	0.47886190534049167	0.41625841388130125	0.38939329970577563	0.514663323111396	0.36111897656954584	0.4025194403318356	0.45010968590667666	0.4845945717394845	0.4815228103378074	0.8716532418609095	0.6832155646457966	0.7660035554608866	0.8583119561501713	0.7490745284750048	0.965345223231749	0.7074815422942042	0.6163263282977001	0.5047607989445055	0.6883775583552966	0.30680141330411936	0.6934959387257097	0.4148938120526863	0.39512862279183747	0.4478555319382632	0.4061462037243989	0.382076655114694	0.40723773236657457	0.48530130730131016	0.36478535836199666	0.48039907242541946	0.36187843951198045	0.5277013713696747	0.48358668563050256	0.649237858286578	0.4874954418792099	0.49973614017438134	0.4924407424463415	0.48375721698291674	0.6636637295054987	0.6105636544201756	0.5461678150137645	0.6148343535937036	0.5732334393194753	0.49445289516838864	0.5801532683782786	0.5379361732752586	0.38716919963379043	0.3524266816237298	0.1557885715471462	0.29189211820779926	0.4139463097105409	0.1359165451217792	0.4055031468667254	0.31427018012644015	0.40021071500061434	0.4017734750470888	0.6443498056031819	0.5888719689405104	0.5332337396274336	0.4923737621546972	0.7490926504552371	0.6663593524561736	0.4564347908219569	0.5845409985864627	0.4653187535469691	0.37399829508815324	0.6248808576927288	0.5855050085660605	0.4963703943654508	0.6103253808892604	0.38988518169064823	0.4813793935205951	0.7310971135901769	0.6177324366762387	0.2852282054141102	0.3819733535938704	0.464695934308926	0.4084516981866687	0.6489502605319042	0.5711720131083474	0.403743273213407	0.5257388034449582	0.49550867667993226	0.585375480266894	0.43978588837604204	0.229682653090307	0.2863006933683744
0.448197219576319	0.5770871736434351	0.6137958216726078	0.3018267191580578	0.4604241993912841	0.4174012034985596	0.6402476237120285	0.3527811646341962	0.4907835563142423	0.26991291455890265	0.7112831875211362	0.4781281038280848	0.5374362085928611	0.4508272999734494	0.43090135146914743	0.3069063755356185	0.570934779754997	0.32033626599438225	0.4420362085761942	0.32379608667963045	0.4977942404807062	0.36611975614020453	0.6000084801413905	0.7494605317374246	0.6522974360320548	0.6625932577713309	0.6723626164593363	0.8055725298887089	0.8044090874574843	0.7204626628272318	0.6058047170583354	0.3735717613516759	0.4563753212626802	0.4530628218147782	0.3305147828584125	0.5905023121112711	0.43615051448863407	0.25097091111247793	0.27120202943711347	0.42551921507586643	0.4035019168174625	0.2092784417120388	0.32912572761511527	0.2924606200730987	0.5028621880313162	0.5469061348625739	0.5264681484726013	0.4407817256157289	0.5234240779880668	0.46781194954999644	0.5397328452703998	0.6346664612778906	0.49185812242357757	0.6948601298434409	0.4993868711520856	0.7937859171268039	0.7046697407147957	0.520807060170428	0.47114810295806187	0.3265476899804513	0.5042593347723717	0.2730214720356757	0.15857502752156283	0.1998985335444725	0.32575911611657726	0.1812411023392121	0.2555274125764335	0.1678015148734776	0.3745283334841709	0.25441534599000215	0.515579729196157	0.4635583851805407	0.5497446910009782	0.7023559559661665	0.6397103131066306	0.6452837617196856	0.6189463207941678	0.6207423457054946	0.5730466078851091	0.7224398480226395	0.7514620003096749	0.6983256746137108	0.5571722118636145	0.4055610970690724	0.4231201138996851	0.44359175826492747	0.5991395763821075	0.4718865553103825	0.5328961772320301	0.2367840046261227	0.3491590675652906	0.32394621919147537	0.4531205025766517	0.6993558389130647	0.5620135527924824	0.49171528195497194	0.5244638354583063	0.46137788739734953	0.43792294724143543	0.208659641730506
0.49028705439027487	0.6480305926607056	0.3401758645104097	0.46943750269382156	0.3387354908571746	0.361338741593319	0.3528524026553371	0.5339542599045543	0.5306119605336208	0.5380392760241481	0.4039150677326283	0.4501596969486359	0.336167912133005	0.5660574819399382	0.26660641528667195	0.3635954241620737	0.3421686497192178	0.24993266853238294	0.2661521089308868	0.3982183891373122	0.47677889442403576	0.46468637422225023	0.46316041026753885	0.5267140187714976	0.6802153084723412	0.8629599597722675	0.6339437369923637	0.7146555120877369	0.6732695861106985	0.5434084602741974	0.6493492226043991	0.6383469877118411	0.486709396615677	0.5544302084171899	0.46141240001193373	0.382677021707742	0.40557039434878384	0.2845178591232669	0.4145124154623432	0.32729452093813827	0.43324663436914423	0.3418048672289816	0.5911493683582616	0.3716179739929776	0.4769002870576071	0.3211543284063695	0.49760612824573186	0.5521030762648544	0.4413515834002935	0.560706103961755	0.5699624376045965	0.47829170751358246	0.5960416611373536	0.5452416567205699	0.6659889183230023	0.6344877699592374	0.5800759970639222	0.5727825824551018	0.5369821694774912	0.40716806452037657	0.3594839803254788	0.40919080642303696	0.10686764930937342	0.20281847082281035	0.2898228257548827	0.14223304394233127	0.234479897000604	0.3059214389014645	0.6415682345415488	0.26404125252652544	0.5316147696080613	0.6536480477399319	0.7919495494463937	0.6044938694875416	0.47617135502424157	0.7214651075086824	0.5950529393195587	0.6673306236115258	0.9237201845848917	0.5897866613298587	0.6407513073263109	0.6242392208393523	0.5164407203290888	0.5289630978720937	0.3690020780384015	0.41268059488576453	0.5091161608949304	0.8009816880313996	0.5238876440392337	0.5539922595615452	0.40281560438018293	0.2688884346435182	0.7029553707339912	0.5080038602022955	0.36864247819233886	0.5069841062121481	0.4446928182763511	0.39181279972252614	0.6086662337551946	0.5736954639131272
0.3676962235999255	0.5581175389147814	0.4362710877838264	0.4556772292965764	0.4451966034433248	0.44156711269515325	0.417971935806299	0.29249865944780884	0.2346286735765165	0.5520265115692234	0.23117178783571113	0.5594190649052202	0.31154977246897053	0.36255420248636605	0.496126794243381	0.3430175587819746	0.27812276835336147	0.27691298742750037	0.4435150875998216	0.26907846377929034	0.5264208625361907	0.6623611942383141	0.8459896978436596	0.6994186519609438	0.6715359612696403	0.8587633606790581	0.6258114305529097	0.6897385163706838	0.4873592486700898	0.66524217345093	0.6504998873303477	0.5373668035369605	0.7681248000905359	0.2737974890167924	0.361397517717553	0.4034920011713645	0.3231789628758497	0.2999210016565441	0.3904962147663582	0.2978948831144026	0.34280511235214406	0.6897268406446105	0.5069776334572867	0.5184158208192517	0.516805384009343	0.3989902786757183	0.5250731924229326	0.537994821329432	0.6117831654872188	0.5800875248360748	0.6345999403650864	0.5883815467443221	0.6776062497156176	0.6673059582078925	0.612771953523435	0.5281207808673597	0.6070006426170294	0.6476574289718678	0.39449627000115506	0.45687249895455573	0.5307258336012572	0.42093378156187833	0.1829913695546267	0.18341258106673186	0.192799432351624	0.0637617485030022	-0.03272271551862782	0.17218726637922588	0.26178123528606845	0.3155860429468049	0.30300902780590366	0.3304927895755905	0.6468695176422177	0.3909496201149331	0.5410217194088978	0.6972431274762116	0.5835934388594632	0.6888814826759577	0.4299313744647567	0.7660644207071488	0.8398035112930493	0.6967379598559362	0.6628955235647079	0.733923949868005	0.3873755752360772	0.838561019783691	0.4870909102424549	0.5949347554710201	0.405217865756776	0.44005583227955547	0.5307006425836952	0.4976679187665142	0.6551260257396823	0.4635487080407632	0.6226478114336698	0.4713769267552258	0.7222555672725328	0.39506253250711165	0.39940605752719127	0.38206498160534597
0.6797952232067485	0.46809237218119626	0.09118786266169399	0.6684442139716704	0.30296584287816974	0.5494701271417027	0.4365832361057569	0.6167221102692555	0.5221908903585947	0.34352743026023536	0.46500799427851514	0.3547302525683599	0.4593077425218436	0.38937079185931767	0.5471079677778128	0.3840078573582202	0.6997404000872691	0.3558883065401235	0.4809150920166052	0.6835825492875562	0.5274028730428024	0.47408925394856294	0.468439218622627	0.6538432489294301	0.6026895587233063	0.5822423103712249	0.6677462192081425	0.75901320830002	0.6220296960869465	0.7609842784833799	0.6039482707958428	0.6216471135985105	0.47141339158821055	0.6782292212743639	0.6455734419295447	0.3281413254117902	0.3710297733556608	0.3449947329437565	0.4120182721008775	0.4850912702019937	0.27024330413089287	0.43769921597922357	0.5012151494681276	0.437458014187376	0.369461298057732	0.6280590057636528	0.540856293875121	0.6369861202988547	0.5924012808506093	0.5558807031386332	0.6051121924731006	0.5111147475741441	0.5244229980927828	0.4616682964431891	0.5492320723332502	0.4883809305946608	0.4565456406261433	0.7488881365356184	0.5559207609668324	0.5631907291543227	0.5583346583017784	0.4086350359284522	0.1961138906514358	0.31200331690456484	0.146522269240135	0.07274151971693932	0.0661900268523784	0.07114693026031871	0.32913502707821773	0.4839791814983099	0.6033660747509811	0.5552269598811037	0.5242180181441476	0.8028968949677169	0.5787113245501005	0.594497709872645	0.7808231681139551	0.7483385053370583	1.114892729974011	0.6951274170432183	0.9016872090110388	0.7153300361792923	0.4669058080039122	0.767709513668779	0.4851654498010865	0.681054860603806	0.4774349741101474	0.46607717409511373	0.3231281016113595	0.6166841879143131	0.6398975839693087	0.574102013986704	0.538960045874549	0.4666785808323922	0.27227354571562823	0.4406652951969894	0.5027425024763158	0.4306881365022841	0.19156505227388543	0.7077538513603945
0.3667193277121844	0.3851954970473386	0.46587675891744473	0.6475705158186692	0.5892069298503079	0.6228096837066184	0.5820491497191344	0.6403293162268802	0.3563355239913859	0.5016348879745315	0.3275803364955838	0.2963683515946507	0.40538607386429093	0.24638054186769298	0.4911623337518446	0.412684932134035	0.39634076668031726	0.609188328624042	0.49021696693295724	0.3551364249985959	0.39928307488481785	0.4732195551682121	0.719700951758555	0.7373471135985105	0.6507937458175976	0.7015980609986164	0.620077690875475	0.7185444723785182	0.7373169183816706	0.7397654034331911	0.5815109932913223	0.6829725232551996	0.6436680225692648	0.6574572125327989	0.6561265425033764	0.39804800135536933	0.5484870256895142	0.43647957902551093	0.4805325735965337	0.5494804005472813	0.4703153725073715	0.5174138995183373	0.5796799500520098	0.4248782650573575	0.6193110440926686	0.5239270615004632	0.6073328209697557	0.5292569122248406	0.5508722936157808	0.6126121615556146	0.5640083057201016	0.5807188905005983	0.6174811669009229	0.7518764630429373	0.4987320149150619	0.5150783136586453	0.6130852568093055	0.5732523541040505	0.38697926103375085	0.5693373613734098	0.26007084266066394	0.3820504791543643	0.13746673505181228	0.31203996944252377	0.12025428197180565	0.060109935429955685	0.21197994558522493	0.6230926570387451	0.10116885067454306	0.22166833171079048	0.5213620864119568	0.566954028031743	0.42306845761412687	0.4809488515945673	0.5811733050259166	0.5764743959714933	0.7310294907148374	0.6090611788045717	0.8092553729673837	0.8766026478201672	0.7684314186325938	0.618821882829895	0.685888010648949	0.6464395520981305	0.6423327701517424	0.40696996815415615	0.5858770570586788	0.44606696915801614	0.4697237290121523	0.6374451194123313	0.7000332868987695	0.35622196893217684	0.4804324167923786	0.38861501473122384	0.47451499264730534	0.46028785824491036	0.32936322152537056	0.2898097477416486	0.49625348918413015	0.5431935558792309
0.49721727170770025	0.6938630735714498	0.6143098868786692	0.548599814445083	0.7789337175435149	0.6946154122584249	0.6569281016280266	0.6499149705800538	0.6094325824301012	0.4520881210518747	0.5295161321775028	0.5115500507263444	0.44646198040914753	0.2888669603077816	0.33771779287151127	0.5591179827932109	0.4317248000738687	0.5003035863450382	0.5973662779230318	0.2985857161048102	0.35682827606598255	0.44839039126203517	0.5404627246455366	0.4558538889113896	0.5860229384245349	0.37144829949660335	0.3682867341984563	0.7647648115841736	0.6676191157232334	0.7804167019592687	0.6251418863599887	0.635789377635174	0.5316262267116747	0.5002393467093544	0.46404695237757143	0.48032817891340795	0.32782006973184796	0.6318326089308034	0.4571102799724194	0.5938256746137107	0.36126190755721704	0.6359077889230733	0.5260110992941314	0.44607473606383913	0.6141484010992958	0.5124973984977269	0.5574528421669842	0.6047522039500715	0.6038759418624594	0.5665595556615585	0.4579891479957553	0.5185078949592165	0.5716370323646911	0.6397927520745966	0.6426540567825048	0.6092796850616542	0.6213739653434149	0.5442333509671341	0.288682944614699	0.4469564042613797	0.5120120091349087	0.2907855173662103	0.2931048053773426	0.4707592265528371	0.3654792521668493	0.3278103373572734	0.35841047427756856	0.37938199497286684	0.29463824028003416	0.25650026714041274	0.4184835253967565	0.43852334255191106	0.5276978158587871	0.5993591537009064	0.44201414244144144	0.5938094584673161	0.8354608784632793	0.8392528532006098	0.7495049423309718	0.6467685238825496	0.6533078573915543	0.6641992976980557	0.7950342100232324	0.5929522723852183	0.5792835452972838	0.7316049908989257	0.47929693250204475	0.5692545580457883	0.6303396006660845	0.4626495538465104	0.3961265491202184	0.6251465261496096	0.5195447351521483	0.3285148203927405	0.5138740425954622	0.2403122608749133	0.4518383860505638	0.49566973846473616	0.3191578176155002	0.6346608938970217
0.3441134777071594	0.3316104168927144	0.6144507044270008	0.7986953380597921	0.8598955544821939	0.6041957399871098	0.8164822048117608	0.6356724790873627	0.6186340355519422	0.44578908832750747	0.3260061657467257	0.4150527736651689	0.3423246145689528	0.4211309239194839	0.36032281915470765	0.3239806346201509	0.29469392467233724	0.42845008164383036	0.3830111522622016	0.42359252455190066	0.3120309901712397	0.4402384213848334	0.6323292808926105	0.6382896117080437	0.4183114172858915	0.5882793294855648	0.603009818426855	0.749309849344341	0.4829556512080905	0.6177354665898648	0.8464737157868018	0.6004815069599345	0.6379537807085223	0.5757886974504824	0.4704668830390673	0.5057278101203017	0.5167312905291991	0.6223959895270559	0.41176884629109345	0.5383614084606576	0.5914428337517612	0.441655673292009	0.40837345519656276	0.4657743650540073	0.4022895123554108	0.39532803980972175	0.48215186605778393	0.4703799898197303	0.6139204054407442	0.5151984695761105	0.5640862439687986	0.5944258027337725	0.5353982399033574	0.570191338703809	0.5253739940608426	0.6562287906629526	0.589881553344497	0.506717770820927	0.6052872421285831	0.3952321076341857	0.5273729097154409	0.5039409433683328	0.37230270742174676	0.6188342475408933	0.24610773810505993	0.17782838426884995	0.27913464503476026	0.31988405761086014	0.4157816880147325	0.3877593590563484	0.3700276113483676	0.510245932100534	0.4169556666584999	0.619813400421778	0.6312311425752783	0.7994155646457964	0.5097687712224375	0.6593924075488001	0.6484314893011333	0.7428002075555004	0.8071784240615709	0.7369713241067557	0.6373795878757453	0.5607041848442318	0.5665828783629434	0.4441899010157103	0.5576348636905546	0.5251322555881066	0.4809519852776101	0.4052006933683744	0.5397998409291181	0.5018218010943958	0.4457165959397925	0.3951920983406061	0.4258822754469661	0.4707457664628114	0.39148777432601967	0.3484237113450174	0.6787161851789074	0.38258332444143117
0.5665707344577966	0.7646261604599189	0.5831522017166788	0.5910673578516499	0.6993406342101399	0.8459538359266521	0.6736802724772208	0.6157977474069731	0.5776987124658806	0.763274872967467	0.459663360662391	0.3627038800694886	0.5575670420266139	0.15022770851760914	0.36846091376421486	0.5785397486200052	0.4627295569332588	0.5100286691597328	0.2598738438401952	0.5149759086782468	0.4603061900307027	0.4266672982000691	0.6841093237304123	0.5143494125094316	0.40768621963482043	0.42758588175920004	0.4315885296127015	0.745649178436562	0.6333245240498874	0.6170789783595934	0.7142365796193602	0.566430098014264	0.5611042687631222	0.5906288966490946	0.533020200035301	0.7043182721175445	0.515757468706254	0.589036511150879	0.7986798285821242	0.6615719623236683	0.4632240117029769	0.5225597632170587	0.3527755332849654	0.27161910247288223	0.47978649790886135	0.46299549044716354	0.5133547060330432	0.5295368556766755	0.48227953930779177	0.649465880462499	0.6106911752828118	0.6059638907097705	0.6306341393713601	0.5215041451098454	0.5868349012582168	0.5522087849161337	0.6060930192650107	0.5825188551329944	0.4489365332347975	0.3884583763469733	0.7366880923511142	0.7481459917354477	0.40966993060316115	0.3706478423511558	0.6516903735949005	0.5547394526954966	0.3592283290673871	0.49941224320777855	0.5232014994230683	0.43405187264129175	0.4467609446817009	0.4162976325539295	0.4933389315316857	0.6388965372082361	0.5698707764255754	0.7959682632923106	0.7341641998679633	0.716887407766306	0.7248058588052584	0.7393036172958585	0.6551822357292469	0.5815209729724505	0.8447120908537411	0.5493522238005975	0.680974468840091	0.6768481979105782	0.49069707825590725	0.38927800445045135	0.4697944856038685	0.3981583851638737	0.36910807378062194	0.6420290622534832	0.4859157435005361	0.346435910451627	0.45937257402321163	0.3772797269794318	0.8071420740482957	0.5868721743126194	0.3756620223769265	0.7314403736032339
0.6913409058340046	0.6245854422975544	0.6834512808256086	0.8109412746437782	0.7671877036908146	0.7767771277438853	0.7905223863432381	0.8600777527104468	0.626074040412071	0.623509116158245	0.6136205423277051	0.5701430965420584	0.4808399981766185	0.48060589190613556	0.6406685614002107	0.5785722405643752	0.5885634379477725	0.4962399694591908	0.45830940101579387	0.613208197450566	0.4367976347539878	0.3556834414778659	0.28570806053027087	0.5732362947118099	0.568610171752885	0.6323577977483071	0.6430198378590368	0.8540197318562275	0.5712076034181572	0.5139352236667605	0.6829707013402522	0.7245165871228922	0.8113998696632128	0.5619855659674982	0.8199751578583501	0.6114837308021996	0.5091998740799966	0.5447177332699318	0.778049575947096	0.605528340134347	0.5955884589441622	0.34753872174279293	0.458603645996619	0.6337186298770252	0.47726719001386875	0.3812049931156509	0.5024555430052231	0.367275120324022	0.6313299942281805	0.5358012322493213	0.5592809548786377	0.4151933306565958	0.5293408175149975	0.575962850548873	0.534325104865279	0.5571095335526393	0.5588752771115102	0.53085402804841	0.5789461374893103	0.5125043990499083	0.6452610860354469	0.5329413717963527	0.6888307428480188	0.3216680380196743	0.41281710828670304	0.3995515303488877	0.3860654277005009	0.5494339427828171	0.361407254475577	0.5249151560683026	0.4178288171303207	0.4209933571239639	0.535915586713048	0.6449748464667648	0.7102759948305298	0.61225728100128	0.856863987862345	0.6947554767534674	0.6638205025933188	0.8681702883793088	0.5435305485262028	0.5821315268354612	0.5734976590712988	0.7608412812606202	0.9692050527338975	0.5328418929768306	0.5955472129678105	0.6295418156747823	0.6741273816756146	0.4143661630866552	0.40502282798827516	0.3998542819884727	0.3507935669128567	0.4497787906212849	0.25272394763461237	0.2127681351722488	0.22140622536497234	0.382917667001509	0.4399344926807228	0.5401478269007464
0.5917419923627977	0.6871949118484973	0.8077168499298565	0.8170903780450184	0.8874214963696538	0.8915049069967023	0.5577477915831437	0.6723515060815778	0.6840565831494535	0.465122074951653	0.5789984342085067	0.7819601231765978	0.6472508170466519	0.6100691753331465	0.5193191687079709	0.6519398524227561	0.6213561017033619	0.531976834002768	0.38845234082036517	0.3389562099062293	0.3797391214367182	0.30145979631793596	0.44198296888200883	0.48057912188006324	0.5281592331863462	0.44217976894721045	0.522651868241175	0.5598689257932004	0.6144054369940803	0.45450942533310473	0.6229680976545879	0.7565265933047227	0.41828066777102935	0.6560576277104678	0.6889355151744856	0.6213043173477433	0.7292251026485537	0.6991932246371197	0.7581099906814197	0.6046613731263879	0.5977527515979174	0.357520635080163	0.4909487058407049	0.4620183957874885	0.5269732078566749	0.4877880989846232	0.5370023894299867	0.4573199328282201	0.5124408815500279	0.49640354662731906	0.5176681749566364	0.5798162404137044	0.5183824565684325	0.5475509142325605	0.7073403073681452	0.6739041936777992	0.529564087231645	0.2951049025632513	0.512757102113206	0.6939051896541926	0.5004965592921546	0.4200171590880493	0.4170375954629465	0.6282585309344032	0.6089872664125602	0.6463866083117872	0.4849668366545049	0.6411953292095576	0.6204394946632754	0.6082557262767465	0.6107233955533156	0.7680605847221619	0.5922672871664433	0.5936290004351783	0.7777425510776036	0.5803108828717296	0.6990450244764821	0.5645889646742306	0.670318380337079	0.8887997482099943	0.828767781862886	0.7627360981899356	0.7331775627887474	0.6609973675635739	0.7397650434569851	0.7168492689722945	0.3592814186075932	0.5578926062707329	0.3710094805179006	0.5137931296512693	0.5170764033580224	0.4439011725810734	0.432594549638899	0.37859225071131064	0.25666027111385126	0.3734941521283649	0.4953830439673319	0.3908950288682651	0.5202982310364559	0.4797201161164105
0.5961592442533061	0.5848810100801005	0.6859781524377064	0.7476972836613505	0.6125867430486909	0.8436695750770729	0.8058854754317657	0.6234530409055841	0.5686986130965804	0.779002689771279	0.5375553508667981	0.7330419592285863	0.5021640143463804	0.5564656728403304	0.34379911659325646	0.5248740426121292	0.5753404619389081	0.5110580163707674	0.6180254846753441	0.4771128438903631	0.3247639745786598	0.42614829947993627	0.6807437502093807	0.3195885008786068	0.5668717613350088	0.44385351568483256	0.5731230731281047	0.41270411857580913	0.6002053994430854	0.612743012623168	0.6372000308674848	0.4614502229975762	0.6812450620108101	0.7107531137741817	0.5726259661214357	0.5531598206352468	0.6697348173226592	0.6860403404856896	0.6433299986282972	0.5709978291091382	0.3998762797047456	0.5407495516464521	0.6325295127820887	0.45295075742840524	0.5629327259839054	0.5112747426806812	0.4458015458242978	0.49425603546827335	0.5943184752895952	0.5225679784014278	0.355817485930044	0.37426772222797244	0.5993742700848239	0.4795827591097832	0.6086767191830584	0.4408243517953227	0.5383887460351033	0.5139781038364184	0.672292407532133	0.5207451900975377	0.8208465482501954	0.5516549047716433	0.6935260191228402	0.5909292521918499	0.6822353142024933	0.6066538889113895	0.4722743032023683	0.454600677917965	0.6127077579889202	0.6104577866980142	0.563308694347067	0.6414525506259251	0.3051317034901426	0.6173722516146679	0.49571702216775426	0.5262791020295372	0.6701402278660387	0.8357948765142278	0.7947071507061606	0.8838118766480645	0.5090652665128961	0.5218838147210902	0.42052276838669567	0.7842090499064893	0.7027123713111731	0.608098467326051	0.43516403863035713	0.5498398237053282	0.5484627864638415	0.4697714742440675	0.31697546258309195	0.18250370338147315	0.24898594136077956	0.4685418244916826	0.4340418730763034	0.44819450547106165	0.46302105907473234	0.5106958901410887	0.39806491978704117	0.7910647144149321
0.6504953226093826	0.61320082590522	0.7218350381785119	0.7547458437981941	0.7371684775146542	0.99984265709708	0.820854127434377	0.7284174572292834	0.6765687822560632	0.6048141556917925	0.6133224062104313	0.6600734353127026	0.6929000441178359	0.3582028112244975	0.4616130603294321	0.4122209530885903	0.6516643676890771	0.6313302702521618	0.6501234043868831	0.3249976281371457	0.4451942780150342	0.5069856432362124	0.5210388078450746	0.3522303894886549	0.36248467154379604	0.5885145907199876	0.4281113709013291	0.3750391457373622	0.325121286547427	0.6283693696716297	0.5041494942282638	0.5501895609233645	0.6706316482886796	0.6050750849730853	0.661143683974292	0.8533400357276135	0.6226486484225165	0.5601063269676648	0.5829724547867186	0.5852695198422759	0.4187858795424746	0.5211363499299398	0.40265501297451056	0.5836244467478389	0.42165228341884403	0.40515656326559324	0.5022817432495295	0.42099243403283526	0.5178048142275772	0.32484341455048565	0.28831978264090674	0.3841368931943364	0.446791153165559	0.25358735474823424	0.6363707830424175	0.4644403581528245	0.5293107923193299	0.5409673600517082	0.675694494454103	0.8328328717377678	0.5142657413088114	0.5298463671620632	0.6407171988391027	0.545140349319257	0.4562089571540314	0.8064732409742192	0.5398952740080946	0.5913500220255837	0.6673615895321227	0.5633553950179682	0.5807809725124383	0.4258493153401899	0.7926355946599253	0.5643702883626416	0.6540066096418223	0.7541683494112595	0.799117125970505	0.9625406607108424	0.6511757364570161	0.6146417847739634	0.6932933483070637	0.49032483764153095	0.7055767501005443	0.5279821849279007	0.5960933681742567	0.4418539750303384	0.32995315792535174	0.2266829997994948	0.4441565036140126	0.22804953174592468	0.16083822261289937	0.4395409278845891	0.24068836837509544	0.426590309543203	0.37876718114696706	0.3550223068077972	0.43288873718486887	0.5913052669395741	0.7173552492807728	0.5757335784231616
0.7447275760474319	0.6518497879693813	0.5800621284130697	0.8071225740648795	0.6659035002594236	0.5801630890551934	0.7219374143914815	0.5445420630313371	0.49116861883506585	0.6176767368501933	0.5459555407884976	0.5940377500503764	0.6182811514005122	0.5809113311669427	0.652059590962494	0.4939152532542113	0.7197318072928934	0.6321832339056987	0.5329140033044208	0.4189109623571692	0.3662682963931879	0.5745201028493924	0.2989382005456479	0.28396699785877677	0.19541875131357656	0.5128083167037262	0.28846878443945445	0.6801805308340673	0.43927469407939324	0.5559787884212266	0.3594734286791935	0.3192944392359731	0.49010349360924743	0.4106449140402222	0.5710032330190085	0.8940225188300824	0.6230324278426712	0.5661969457523959	0.34922790065603415	0.31771220125666677	0.3747659797984648	0.44312381293104275	0.41856772662808917	0.4573640209632224	0.3954849211004092	0.33771323478405524	0.5728193630464542	0.4030571087300481	0.29503434692686037	0.43378137002297235	0.4525812949376493	0.37191660035657625	0.37294200559648183	0.3335459453508852	0.4716553133158029	0.4629205732451911	0.6112437678931826	0.5796593966240107	0.694573810739318	0.6555846781939723	0.5362806721878131	0.5555470959313755	0.4009428911699494	0.44966185455581253	0.6947456317759089	0.8786491916869131	0.5994046508065798	0.5122342630079698	0.5549643743059192	0.42702224718955073	0.695734128287733	0.4789841349129087	0.44067900484362854	0.5828637670064926	0.6135017821138928	0.45260068455147406	0.9239951304709577	0.8196869197033723	0.6034436111056944	0.458571767985185	0.7910155845129898	0.5675949184653395	0.46523631681239563	0.6837112030802152	0.597928545506456	0.4807623933867583	0.5077275495133955	0.3227427299323433	0.2218077447219019	0.3664319309295031	-0.003949595947625784	0.32583733263931514	0.27249878973459474	0.65882226263996	0.43358352097997277	0.2304221323531741	0.5157674550042244	0.4914583321791362	0.4249326773992845	0.586880100222656
0.6331039264707181	0.7351194668658719	0.5572259705548865	0.7689776268404446	0.798065043473652	0.6150747713981088	0.6048451834806957	0.7134870212893976	0.6643576586279536	0.44826592239694363	0.5997660107326179	0.5367298396240835	0.528219312261775	0.39139668737888234	0.6054679695678603	0.5976600326408652	0.6802115078382911	0.7790422374859602	0.6106550063576686	0.5136580936728158	0.4870038955365652	0.5108553044822355	0.7570337948288964	0.48713653763491416	0.2631419636287029	0.5087759815635116	0.46828204799093864	0.5745739918107831	0.6561405348075059	0.4006785057470691	0.3428307980494817	0.44660005956824533	0.6878420895153722	0.5879208007012187	0.6338437038414851	0.5154414799992201	0.4937703788983744	0.40350250203297056	0.5314355968599835	0.43534768996378403	0.6653867275482802	0.3945417737070034	0.47572334916875314	0.31099903487442426	0.53096329219391	0.5202383462995103	0.4015245328667877	0.25305564235785594	0.3942926195210841	0.4816836048988633	0.29398574482223794	0.3221652819466384	0.4885640607142756	0.431416940448922	0.4506057439522148	0.511198213369321	0.61115621433968	0.5031591669512576	0.5263591934519598	0.6006370941663289	0.4595136698455843	0.7806200366143037	0.9014819861726338	0.4556152400038602	0.9621453667688862	0.45720570200110305	0.7708189589190781	0.4456031446833343	0.6924041583268625	0.34101525323754434	0.4444641379996571	0.44620997961445996	0.6477090719737408	0.5459206946984098	0.5655821341265544	0.4097285543400235	0.5439148645772448	0.5435865177760544	0.8577972438936299	0.6576708537109568	0.5390967734978311	0.5238514044788856	0.6502683869455876	0.4317874916685293	0.36894517463046117	0.3716897132940691	0.42361569491591533	0.34731619179574946	0.37443066111251966	0.3948297203375891	0.5494236583269458	0.32521609682656605	0.4779801001893219	0.3304018615993325	0.39921533715643476	0.37058625055230643	0.4622665385299378	0.8099410250871649	0.6100793582029924	0.6247463737955723
0.7157870941746625	0.76265589634792	0.7922307781989557	0.6539225232635333	0.7196888630882053	0.6429546861491829	0.6310749149352459	0.5657694999750829	0.7079194535988538	0.6182170133341867	0.5385130073280278	0.7053983635399673	0.5237173004251281	0.5127509782675908	0.6343306346451514	0.6946701757429906	0.827557777881114	0.7272703612479066	0.613358405064401	0.5563160836095491	0.5937430943420001	0.6670798020814219	0.675993010414776	0.47749241414897503	0.4784538999450152	0.43973229312243456	0.46274425372272376	0.46813816079459447	0.304800287024273	0.3520364183817539	0.3497546309143861	0.5566095136521119	0.46347634373977586	0.657932606714078	0.45949257535324695	0.5514217790104773	0.2833413894468205	0.387617382110626	0.37946379790731133	0.358534165822061	0.44532381071431737	0.4600201978019085	0.3023858861593167	0.5841460977215898	0.4589111368117922	0.30937720721265793	0.3529791837150352	0.3848975950029343	0.3754385075037824	0.33685900129686785	0.2801194336983265	0.3499580097372582	0.40751644576914636	0.4666096086212952	0.7227312242774434	0.5065521818328187	0.6267105538130093	0.454198107366512	0.6366171281705633	0.49354086166616756	0.6897049599814395	0.6594302327178337	0.6118838036707974	0.6930384081511495	0.6839421447335021	0.6637010158102523	0.6059477827329092	0.7680859987956348	0.47863308372671887	0.25988142964121885	0.39588640070628545	0.25234887586187715	0.27239925349688443	0.5124484408170152	0.5934830461840573	0.7366236517267709	0.6660619362579776	0.6600776268237776	0.7999216951082538	0.5108204230745449	0.49055318222599575	0.6710406562773915	0.39671804464484983	0.47884742055664486	0.4489465592838212	0.3937609468984262	0.43820621433134654	0.5407982398533562	0.23910405672417	0.3397423257883001	0.22860715287288458	0.32203518388237296	0.3172821429434548	0.3357997879277135	0.56543939307725	0.4741972416769045	0.6634333995350878	0.8379749193520295	0.5039738262063945	0.8100119031487668
0.8531621261963442	0.8748280464265636	0.6535154188919341	0.6863025440174166	0.5376767456837607	0.7129932069699848	0.6203093546645655	0.44476256785804835	0.4459955920165219	0.4792430744581399	0.7667042488792621	0.6707856432528797	0.6057605427710502	0.6048874254167738	0.49989222644400083	0.795067792896512	0.39822848588820947	0.8004101143513638	0.6418355063409182	0.8424858707255745	0.926594598256854	0.7212001302534516	0.541630351970994	0.6123599774227351	0.6404740470289131	0.3289143235129065	0.3416577601973121	0.3500672716993668	0.6142403669697248	0.35277923229965613	0.4222919084189065	0.327020635063496	0.5274851264725182	0.41411464372139195	0.384592085090255	0.40367133954049794	0.3071039971059234	0.2945397640704147	0.7007971356574283	0.15108797969812882	0.5057883286240421	0.5355682014240045	0.4699729406162598	0.3398520625629914	0.3833600966592282	-0.034400945258382665	0.40008024594318425	0.21852947079764296	0.33607261597432336	0.41322879061295137	0.3513521000973193	0.2712996510074185	0.4329139127520213	0.5064139591365839	0.5196042312121272	0.7326393952939754	0.7790494809779126	0.39724894213029993	0.6660513470606971	0.7017685106155315	0.6861446203324388	0.6279004990465581	0.5587294111960635	0.6383547369338621	0.5871838743393367	0.4165877390084172	0.5505642793534029	0.6115863565551155	0.6854616027824738	0.6989464245635845	0.2913469037762835	0.2786959917104471	0.21020070881878383	0.37913903310104413	0.26311410045699557	0.5396059979089448	0.5937345765996133	0.608276809718791	0.4112039397044023	0.6147163463998464	0.3832015347740049	0.49569343000922866	0.6764317940425424	0.7436129852441091	0.6312454970556722	0.33447618253550393	0.43043371974357336	0.4705607635935687	0.48925481861936027	0.37527228029876136	0.4310766263972664	0.35962741920994246	0.3528310829236977	0.44259866386459257	0.4219043129142923	0.4455055054458944	0.49840959758766945	1.0152069828683794	0.7367097278911227	0.5773287221944716
0.5825672695159756	0.6041162779480324	0.5847157391004196	0.6574941411114062	0.6520650832080384	0.4827855725843402	0.42963605842221486	0.392599032674366	0.480232233504188	0.423483907456881	0.5264675168391962	0.5201801973752306	0.6864427034483082	0.6015135086246454	0.6307173666768837	0.4273980477482654	0.7010752417772405	0.7578627246622036	0.5606588511595558	0.5382887703357473	0.6853823947334605	0.7576651030918986	0.6725828871965107	0.517889538839446	0.6197723222832073	0.5760319066621934	0.49835792803509305	0.4172727970791228	0.27665721251613185	0.5086274788448562	0.44791249496444996	0.5219644295073821	0.48795358413664636	0.7065306103278406	0.35381631988247697	0.7180371979357454	0.4727296607193424	0.27710844699051207	0.49956306472121514	0.24929575762091039	0.41128591486007726	0.28325308504008706	0.43993888293039785	0.4509933593240222	0.4355687932730218	0.38652469848784354	0.5281112626817944	0.4282044630682714	0.37255262569458103	0.3134536658388115	0.31718348784576145	0.3896218430455076	0.5411737886387323	0.6348557859116601	0.47534365305680615	0.7395699968549169	0.6168487389582492	0.6444387195260676	0.6582387460267698	0.6846555032375026	0.589191643428551	0.4648068039803056	0.6012676294755144	0.5244379753063457	0.6122335276218154	0.713770743291364	0.565983397326696	0.6068595269107966	0.45016188103984767	0.2808704826844579	0.33436384207514847	0.4618858176908357	0.35492284785546846	0.4972973609133976	0.5204351419312612	0.4297928182763512	0.5238336888260873	0.5687054303605714	0.6251456339759671	0.646393301922501	0.4413708757948754	0.6336194094310167	0.6279942161967293	0.6390405834087937	0.785301777697109	0.6177409036172793	0.5118817498663716	0.3558881320855004	0.4303931252344855	0.4793272337050266	0.4649419790791124	0.3137535178848908	0.3702479903050766	0.3202070071356893	0.5067851949409995	0.6070741530317221	0.736209394415619	0.813546426796977	0.6856973697802994	0.9069994567022693
0.5867710016815446	0.6221192592603704	0.7846161564781469	0.36127382177294376	0.49037925660030013	0.2081349763102056	0.35513519714939124	0.4868272955566658	0.39188792671339134	0.45168916561288885	0.5027246388695967	0.7379003510759704	0.5330881917204141	0.5595826067224114	0.6306463980795491	0.48514168318793793	0.5998946645086096	0.6352217989110045	0.6065637670231596	0.8483185437580764	0.7005334569699431	0.5588472527355309	0.6704311116577923	0.6841986373805573	0.7635985976295039	0.42923271051682876	0.4716337285771408	0.6448813302719191	0.583509632905272	0.4448027626232096	0.4816795238073809	0.5545021266063551	0.44247896729263325	0.5838684266799739	0.4007767699510706	0.7085424693421044	0.11396808437090256	0.3969469633945302	0.4729805043166979	0.7153703567977886	0.37149447013679215	0.42557581150900514	0.5795544189087679	0.3838333818512859	0.3377104963781541	0.45204545287116804	0.37440503725015406	0.024617404194544612	0.29334087709990997	0.3781256282124811	0.4045806567040695	0.41509643118875994	0.3760140629226676	0.6105990238407984	0.6259685194490989	0.6548805242172253	0.4574448963730873	0.7930786316337385	0.7290914579236352	0.5658606664409941	0.579768470864478	0.6877468265075692	0.7082260588738937	0.6513485115022215	0.7771257099479802	0.5325612273725254	0.5411316482886797	0.6356575548252029	0.4901851816906483	0.44134721075108496	0.5052359634530317	0.31279618163214673	0.3672602225292305	0.31223820274570624	0.3282260036390965	0.6312919525867436	0.5790513757614579	0.46841325245119003	0.6025935404288214	0.8125499182395002	0.4998855990850425	0.4924273861090653	0.6793446733338435	0.6852113046662403	0.6649711010508446	0.5699928425769951	0.5171731504218195	0.45525020973055796	0.31814899069825364	0.2954570468784091	0.36689736974696496	0.3799561701551759	0.6224525881602532	0.4083608077614057	0.6311601297934397	0.5092283423344053	0.6700299853779459	0.8818839428078178	0.6346241773406996	0.6601868203340722
0.63757878402111	0.5729721456118588	0.5936495052618895	0.41590689229931266	0.25593342160233923	0.34367863161707124	0.39171493522911704	0.25508363139956547	0.49833601203765243	0.25816120527193986	0.38227232890004936	0.4201295149821471	0.7913549467227549	0.49151419322612067	0.6833914292228747	0.6369510511528557	0.6357160504920047	0.7026559405157572	0.5675164126682691	0.801556585366179	0.7191420829151973	0.7663828143279131	0.5992166136235945	0.7077386157399839	0.5622342254736418	0.6857252020178537	0.5884785697987664	0.31471716128810756	0.7035916897964465	0.48365528459837526	0.5214286316254049	0.45510091862434376	0.37261085855441844	0.5028960645957119	0.5363747006962353	0.2729898104466437	0.2850345169480325	0.3341444171270539	0.18322800884223445	0.27665602218458796	0.41343090403562377	0.6171361864922755	0.5132606531739758	0.4846626340931369	0.6100606178397062	0.48585443215911894	0.43288596566142357	0.3346591890185091	0.42227401389470165	0.36709505095218375	0.3602224282776828	0.415100262740296	0.5259799456185589	0.354478362209932	0.7083292301079313	0.5499387327764187	0.6582117617950212	0.3766577491636863	0.5554201271500363	0.7724662470222128	0.5579911796662613	0.8139482023273619	0.5198294509471169	0.41585683710618343	0.5529694646408131	0.5124879730979539	0.7180755310682401	0.5177200741486316	0.4365671634964995	0.3333787133359035	0.3789235611743712	0.4122189589024111	0.32602541179007916	0.35307304440234344	0.2637269112798156	0.5795914623237518	0.37043235937419017	0.6074817277824531	0.467797877693759	0.626408780482683	0.6221272889398237	0.65326533496471	0.912764087231645	0.5763218408621162	0.5988487323414071	0.5266981736182677	0.6603526389615992	0.3718861555831231	0.5002549577563807	0.45236075034321743	0.36169597184325397	0.5286666135985937	0.6422668388545633	0.3840732365407685	0.5396286448757561	0.47263517286541434	0.47911314424832263	0.8056021597572336	0.5900922065768077	0.7334212644801755
0.6218445231631973	0.5136757452739166	0.39495897701289095	0.32506095571532656	0.3551868622518497	0.42393049327473864	0.17418749826870428	0.1763731636555037	0.17326741965328762	0.36436388182620183	0.37654440389336996	0.6459712799222513	0.798674965719925	0.5903236804441986	0.5888857514724142	0.5841054922122104	0.7031747095631368	0.6447479064195202	0.6518812044185839	0.7267490945343386	0.7372257011310801	0.9419188308490176	0.6113547082331017	0.5556997415764852	0.6970682389916668	0.6590513713613411	0.5698420475642606	0.5954705577864482	0.5804678127637051	0.54428582654107	0.5532858530417722	0.36383296889034233	0.3793783909106926	0.22627817448829068	0.397195985093605	0.3141984054744119	0.45586245078827936	0.5141094562172566	0.5612762686377858	0.17992400725285906	0.32583049327473856	0.4249348504235364	0.5727357381970622	0.5458004151110005	0.5072067951300712	0.5098399341249212	0.3780930877001575	0.5224190317876758	0.4867301730829202	0.6401030475140926	0.5783724106188817	0.628320113899685	0.5318785521316315	0.596604235628911	0.49762692676355935	0.36480895935408963	0.5757453446683005	0.5035747294136629	0.4854191466240524	0.25091558671304803	0.47275310714067265	0.4963387327764186	0.4880765402949846	0.7377051234024369	0.6821742480009055	0.6432023739629102	0.4897112825823219	0.4594140960568789	0.43887537426408485	0.5866118788314558	0.38177163104822287	0.4820018969336023	0.2105314870510736	0.3478031844177205	0.43143396706679404	0.41156595549782093	0.3592663927594083	0.44855306517289384	0.5927527449644083	0.6226617198355758	0.5781975596853319	0.6016213903501777	0.4465198599429553	0.6380611964550396	0.6359170000838356	0.6616166776586248	0.5164320965838928	0.6179014265544704	0.49029237659798	0.3961739829772156	0.5058235258401016	0.20873953661438704	0.6711477297148377	0.33435650583073795	0.45264354483727176	0.6436055672808663	0.8015336027071386	0.6681035664945123	0.6043895233890366	0.5386437568595568
0.6002517048201779	0.5709911818663195	0.39388708530776073	0.3835408086314288	0.40762106347484883	0.0762137426808478	0.180281473792389	0.37545754375824303	0.34140709325463814	0.3933225453141176	0.4877944281856803	0.5175614327446345	0.5056921866929476	0.7144955279814915	0.6524091007078354	0.6955472041509102	0.8422537785084638	0.8350505763569402	0.8875987478168172	0.5870093105133953	0.8603088953357264	0.6263721544620933	0.294844198537928	0.6049105162786815	0.482648054373441	0.5532751357744314	0.9588039728386135	0.47101373168055627	0.6686298087065976	0.5638124905643334	0.4580309592704208	0.6375900887206846	0.45509566488511954	0.4801681020547045	0.5973403802200761	0.4308434366177373	0.37181156302308693	0.41184544623765884	0.18574748899179183	0.2513696942802318	0.12353575584753007	0.38273176530844744	0.5258565676657099	0.457788458927495	0.5679620223769265	0.6420125280986614	0.5473506712927894	0.5845682941931296	0.9117021177894549	0.49968953883944606	0.7710772337300273	0.6902439578148822	0.6818116602089956	0.7234867938167029	0.6926525815434109	0.4440413033278716	0.47284014613053926	0.592815761167671	0.6149061701635096	0.3796520382790145	0.2643458967662644	0.7442487698757351	0.4781656463396281	0.47649396444005776	0.6960555628724161	0.6993783644266574	0.9797555628724162	0.6294756149871306	0.5017599155877632	0.4708327878022103	0.5960948875311864	0.33166622492162723	0.44709291322886746	0.29493489459137345	0.27856823675827425	0.5004931738191063	0.22899354041215436	0.45554404613388944	0.5100869020195702	0.4720236384764198	0.9001579037511163	0.4415144140653062	0.5232900556031403	0.47960939441561873	0.4364530475224261	0.8229918421838179	0.3727595799122011	0.4602560266180389	0.42480247111548475	0.4111580649553881	0.6568863720055249	0.30961448030039473	0.573776853869961	0.5417853870627571	0.5212719093055969	0.4157876307888827	0.5191667858698257	0.44872547585844375	0.6058866193620798	0.7553677663958096
0.5146062629159673	0.28192093540478835	0.3804594032241856	0.2833633849297007	0.2419641114822878	0.14915937670681623	0.048685603468492156	0.35893733263931504	0.27893051315859885	0.3743987654506179	0.5477891479457541	0.337490923492806	0.530398213369321	0.7651521266313559	0.8208298153401066	0.7620326884495773	0.6714833090076888	0.8418090322560217	0.7371168940976938	0.7567607106254983	0.9444351772988652	0.8021285985245277	0.6847924627502631	0.5548143456134922	0.551653829293143	0.6194579103846252	0.5740035046595403	0.6324098184268551	0.723021553771175	0.4940571418642595	0.6663594452086314	0.3799524335894902	0.5184890971610747	0.6777945938234032	0.4848251335493725	0.4192862748362832	0.40235189030842655	0.5082400953291931	0.4266918222832906	0.28076420645147104	0.1966308598677866	0.30685808040579754	0.6275656971243073	0.6010106487655258	0.5116612781572046	0.6884851044052669	0.47826268269442485	0.7053755354850237	0.47784839666584505	0.8426450134261894	0.683159237619797	0.6188043283813689	0.41721559112983164	0.4085332427309325	0.8321493992590805	0.5743154740767298	0.4064807980411481	0.2592952784082112	0.16553966028433098	0.48147558846976124	0.40692754067982806	0.4091165826894414	0.526394699826212	0.5247982884546442	0.5505692990197575	0.6201238239980027	0.6430960800794556	0.40899761490346165	0.8225174638461252	0.5156349520262289	0.5617187579470858	0.28596899644507257	0.3852346560850529	0.5549439158304362	0.34004880077655397	0.5030833089743546	0.43126062225648987	0.4644752792949014	0.29061183908040233	0.47064505537730095	0.6306396647177817	0.5671127864888421	0.5081673688852755	0.5371444745785765	0.6903712733054093	0.3969623161013768	0.7047974404321716	0.49914634286141923	0.4758820038231014	0.2935297556885258	0.5817602556634419	0.2908184730562028	0.2740810497978198	0.35770218402454335	0.5352046728738312	0.6532933173729104	0.6004002826241563	0.5963616734676802	0.6195740757463408	0.670798032281189
0.5423270482167779	0.3735209751558418	0.2055027913239702	0.22831285270726365	0.13687383940674447	0.15918482169777504	0.16870727212604475	0.37553808349254614	0.38170417377727184	0.4255344418793765	0.3737665804810495	0.5498372553706006	0.41519011302132847	0.7838039993393159	0.6091302746856126	0.501868687303547	0.7415732807419397	0.7913506161079935	0.7463663662920401	0.8446601099429136	0.6886699482869629	0.5938567774879369	0.6434482001273034	0.9048099332632316	0.48181344458961506	0.6030760522487182	0.5454701978269092	0.8107748751841926	0.3903825250202465	0.9031683891623129	0.8589441455365235	0.6112104456101422	0.6130910228787729	0.44724411240231204	0.37614690379295057	0.715543584588325	0.45433863339045155	0.3557895167388604	0.5673802150256984	0.4292055628474156	0.42972389904999164	0.5558195772521306	0.6717898634647153	0.7634368843607688	0.7085063313844484	0.5648304182227497	0.7537864912753522	0.6652028774762532	0.6509226712174541	0.48214559202485546	0.5557802525933605	0.7126193431792611	0.7281493926422385	0.4803873569482926	0.4397235081729667	0.23615123220765355	0.2550192526101942	0.35151274008761246	0.30505654336506594	0.2999020051364695	0.4080826950414188	0.3199323328734879	0.7141321319181626	0.4997650655409036	0.5407087782826245	0.6751970296879535	0.6413531248244746	0.6805463340445188	0.687660770243745	0.6187738814078574	0.3999384589358286	0.5347405480578569	0.2915516518021063	0.3848991254101567	0.22675147071397406	0.4132189544856273	0.5352092618954403	0.3516990613751265	0.4331933262064779	0.5229891854967491	0.4367919084355737	0.5276693498044365	0.6727856123353937	0.7064231813476393	0.646491842183818	0.5221517578215823	0.4410134556232408	0.4151508126298682	0.41514953617937556	0.5755267302083505	0.5602982575204911	0.4042541804024473	0.4023271431692942	0.2789626517602717	0.43774275423298736	0.5770211982117528	0.7120625590244809	0.8463125899503003	0.6755264431340764	0.6265546265142693
0.4952237753967148	0.5320297777724445	0.34693236157424845	0.4179994367850749	0.3144045359368691	0.20906268707787445	0.29499490076487045	0.2686133496037646	0.48961501914800754	0.44546194287481977	0.5292888674883218	0.5121466498362208	0.39818913029528624	0.6920753521968334	0.6030384987035491	0.6393678613649929	0.5367184112545649	0.8344291771231939	0.7041692857694062	0.5858043350148779	0.7389353208360023	0.5595721699125027	0.4861430590077304	0.5642237378623869	0.4737982575371582	0.521295971859921	0.621498491626695	0.6932945253715892	0.558188613531592	0.8219498188702001	0.7182442824568185	0.8242190097204243	0.6421369969970872	0.45571345783996625	0.7631399297248045	0.5791746918793348	0.575267061910474	0.4819068525482594	0.22343553944179528	0.4603981912687354	0.46042584243482465	0.6608293471443663	0.6330467757062231	0.6867268207607503	0.7291824896859769	0.712325160066742	0.7376084558574136	1.0250125899503004	0.46007325644129576	0.5012919901544057	0.8266476701132581	0.5124630448706892	0.513727719567902	0.4857113444006268	0.570930831167026	0.3620583520296622	0.38860910729134324	0.33143444627949326	0.1838787619038572	0.20339379436888416	0.29184482568788095	0.47011958166891443	0.5366709884145263	0.7947090366561381	0.5850500529597369	0.7515822313124633	0.7669718762047195	0.5071551587450401	0.6215151848023973	0.7773186431273764	0.508293209170043	0.5979331676456094	0.27857585789356765	0.3606295834339611	0.5432001236032755	0.43648004057107515	0.4592265977048393	0.4203902698088168	0.4284118103796418	0.49615822175954344	0.4706187734141622	0.27470855522671356	0.5572929309126693	0.5776583012616501	0.48086676378590715	0.6660596196632544	0.4862400158437532	0.7546381850952385	0.5059164369355789	0.27872844612048897	0.3047238968499333	0.3320904221795211	0.37778277676025096	0.5957118832482395	0.4305666997342097	0.5435930192483434	0.5734818050845014	0.7235661388193455	0.5092644538246931	0.6419053619087574
0.5958764784600126	0.4734033147211736	0.3650723841015121	0.24617110323423574	0.3691476214953031	0.1866938694542073	0.5105050902515584	0.5966089880548503	0.6230610087333982	0.5887767081327655	0.5746133739210757	0.7452272955733328	0.5789761869689547	0.8071786139832706	0.618209643972232	0.5545845876582398	0.702070102874393	0.6775256061618967	0.5313284152196701	0.6383228280049421	0.5140217370593655	0.45031067968301164	0.398421224712455	0.58687547585011	0.5008008678396645	0.46307968061153626	0.36957768644202416	0.5151247559226987	0.6669920674397873	0.577701329401896	0.6471486020546211	0.8487781104699276	0.5119942095798873	0.5651873039635551	0.55578087094308	0.6408115166718584	0.4316992667639027	0.5718122189238016	0.4022074355637092	0.45122231785808997	0.4119338566638683	0.8196701646926978	0.45752789403919214	0.6419555717059835	0.7270503621345967	0.8527617772704312	0.7390413320619664	0.7383907512549084	0.6687731371881356	0.5256268097271246	0.5299828253615388	0.8596411774578694	0.4380117286608096	0.39667853444782974	0.40729438180111777	0.23699652834133444	0.21341237569462268	0.38045225246802394	0.35094729907009226	0.5145149197620404	0.2540323129896276	0.35120954456959785	0.5098574444056102	0.4298237290288193	0.5190046706904401	0.6955055717143173	0.7313412658102106	0.6564247824400682	0.6978115674732048	0.5792792963680204	0.5511089085694105	0.5012634666652002	0.44824556992426967	0.27549439726819436	0.3558386245568842	0.5845765513286103	0.39620876943239003	0.3983575062405821	0.5786291152715548	0.6018879333469005	0.639585731588554	0.41752761136503463	0.525842422990876	0.4931873414978832	0.46607696430622086	0.4758140165547722	0.485434550098911	0.4976710458327147	0.6155975265511204	0.28322642986705826	0.5199741861492664	0.6228785366645551	0.5327727882455553	0.6040171612881077	0.6960136587952915	0.6395398899737512	0.7159909080423967	0.542426496135481	0.5589828297783226	0.61959623245016
0.6983509142158933	0.48845988245355165	0.4849943177660876	0.3731455765411118	0.31128903530943586	0.3674244688150903	0.6267125302987199	0.49997084266066394	0.42162944653033313	0.7783200454478711	0.6685457245283668	0.6451012079486773	0.6387250076960374	0.6768084713244902	0.7298724503866021	0.6400635947685948	0.5968988162686313	0.626376131750825	0.5845134953742941	0.5757324167923785	0.4261881011680143	0.3988891501458123	0.28708720014413724	0.44729404392549754	0.4288484938184196	0.34747317912258013	0.42860778448962245	0.7219467182880348	0.4826081532993959	0.716250991517942	0.49036276441325705	0.7632122211571941	0.8609770217410762	0.7020518196732213	0.6812423147880087	0.6234722935824466	0.7043919967712478	0.7980851574066714	0.5485634799155512	0.5884338213295986	0.3589632325756633	0.6546039573715372	0.7821621593138888	0.9960465195494348	0.7726845611575373	0.6610227529362862	0.7170519830942188	0.6997348018722498	0.42641476962472846	0.5555842674330871	0.4717185834924627	0.5403558366963392	0.7049418134580567	0.44410876499893914	0.3434155579789532	0.49546980248309924	0.33145236508767495	0.22779103829584835	0.5668562496406155	0.382028719944412	0.3807963229692255	0.5714988847037782	0.5067601894283533	0.5974680755706694	0.8458487875595371	0.7051539330958938	0.7824481272587057	0.5328586369538795	0.5346097897260944	0.7220584624825892	0.5088024357978821	0.5489635815015765	0.4212354444892791	0.5131871007748373	0.3996992027122054	0.4825693829219809	0.7753339604666192	0.4395597676338424	0.4889095931708858	0.7404695618100547	0.4963900776870588	0.5356671922139271	0.6350091824100006	0.3623122918090663	0.5275787641372496	0.5508647364821837	0.5841851816906481	0.5913337683281941	0.40580660300831317	0.36495512559416166	0.5435158274194266	0.45429783130919643	0.26330590073970306	0.4456836512834258	0.4499950664192601	0.6095498100366328	0.7254249303939888	0.5563376550978602	0.6984628439153637	0.5845089129861942
0.47148064788716915	0.3324662713061898	0.39355570860961164	0.544044342058398	0.4474922308441176	0.5374171502378148	0.40887434515348	0.5101297844059536	0.5158314716173313	0.6183685216658241	0.4408154763101223	0.813874157465173	0.6523192195259842	0.8625858552751648	0.8455620776117236	0.7574384457021445	0.6536288789819598	0.716593301922501	0.4848390971527414	0.35955196097696607	0.17044262834631796	0.2036871007581702	0.2910308687013541	0.4351103395739988	0.29634831493034575	0.2650177398701067	0.38088945048710476	0.4460346097171577	0.7444777571105636	0.7787813236550769	0.6873850447870202	0.6995821429767889	0.6411980676321256	0.610081540094146	0.6337618037711333	0.6932253985730623	0.6175618987236496	0.8610676427258657	0.5340038734526467	0.6609748508835486	0.751325149016449	0.49026732913422216	0.6269869197033722	0.5754441102022538	0.8225594562589242	0.785807755805529	0.6365017821305599	0.8191488979791298	0.7847815157935019	0.5494059780417516	0.47616095131520986	0.4048940350919301	0.3612953093256972	0.4239063335678397	0.17055069556009905	0.1718555517887892	0.13288763517233226	0.19457695763937755	0.33383584859998816	0.30294564057614204	0.41568685563500773	0.4290222471895505	0.49465483410310385	0.8979189125511828	0.7711035466273191	0.8800604014506386	0.8657792897511785	0.6399964223885266	0.9527477915831437	0.5665967470137959	0.5772012101487358	0.5807434543015392	0.7465914623404187	0.588830296752864	0.6185177178028551	0.6306058852892937	0.5644038624190209	0.7015254736583854	0.7623232056482832	0.7085163662837066	0.5600347864051732	0.652460218145781	0.7458135550092078	0.5529294111960634	0.7769979174448125	0.6384734330959771	0.5560725453224512	0.4255957267200916	0.3829480234392879	0.42293665247129064	0.5914953424599086	0.5825464576977957	0.641196455489404	0.6873743208695031	0.5133006271332858	0.656560337398941	0.7471063998529295	0.7633107945360553	0.6990420851152557	0.678821372683043
0.6847540346652521	0.3530942228135714	0.4879913717880192	0.5764098890787274	0.5555350602290962	0.7148906518522743	0.5030955102976897	0.4466863079704947	0.5216891722463981	0.6912638222246223	0.8616134423895567	0.9326870720907439	0.8583066979941637	0.7050877699425703	0.7888347312037103	0.5976068459480843	0.8535856079186099	0.5024433990834092	0.4163183228855567	0.34335569092580964	0.5281111588790437	0.19317671251621515	0.10483435572709354	0.28380570858461096	0.3460070910379126	0.35936717231339976	0.35308762415537354	0.3085014442216053	0.38215430628911673	0.5798064064697717	0.8744347024862826	0.6506812419529118	0.5499450995618052	0.6948292875427867	0.5684906629192341	0.628204763442898	0.4922166136235945	0.526780367429737	0.4872983149553464	0.4546699151527517	0.5886598029681122	0.5580329556566583	0.5292828651125923	0.6507394240114031	0.8120405944590866	0.8340807009052407	0.731880268060437	0.743525023146447	0.6956776621580472	0.6417444061100953	0.6211443773926678	0.3193178767904018	0.3681245637676067	0.24181722088968716	0.2937369064113534	0.21582336901927923	0.11204022781603729	0.19994704509669525	0.23521855695842608	0.23059277189178862	0.3066721433951334	0.5826262863299212	0.48004072032908884	0.6027572147495243	0.7679789010742119	0.8513626738775244	0.7732108276702667	0.7450254007897876	0.6466727860621642	0.6323364603661998	0.5656165120375691	0.8046781965888765	0.8854360915564263	0.43550829021969095	0.38262108559210156	0.4207441300694469	0.5725083851888741	0.7059236340763031	0.6534965394249614	0.6801648866694969	0.8908396360170212	0.5310057329185891	0.7131156463479617	0.4821689169596328	0.6381996775247879	0.4573006514172627	0.6040304932914057	0.36107530579560365	0.4682175874994021	0.5573820877419919	0.3878566493845421	0.5142966233271848	0.6160412834606785	0.5878614879627645	0.6552618766397311	0.7408688264239003	0.6421426062957336	0.6687199284114363	0.673527860921648	0.6460051278192207
