1.5246525181305186	0.5886417514490617	0.2662703197588103	0.9954394534450007	0.3379154094555271	0.6188245419890328	0.9767499629400076	0.3904012910548574	1.1949600787545986	0.37981304975698665	1.1418966551708851	0.22730122536186234	0.6691270530580977	0.5268431211050674	0.16208205031519712	1.248618313157937	1.3423639003437478	0.6423353609930983	1.8745741910055487	1.0987112864363902	0.7685235504006322	0.995896947199555	0.5282825554584083	0.2690118637594908	0.6341234370671349	0.46939527752937515	0.9413260577316518	0.354905571375848	0.7543986833286873	0.619620654945371	0.9687404338027568	0.17998434696582408	0.35755322399746126	0.4216939187949294	0.938683091113351	0.7234587702318326	0.2578136414822481	0.7769202325017281	0.2915188126181737	0.19908005551849028	1.8198266141285417	0.4941325685563417	0.47947588921480055	0.8260605095041735	1.1760362411425034	1.0981505299722711	0.5258701684751675	1.1965708096314973	0.5402163724921999	0.2982780833135978	0.5172522810489308	1.2645227431719601	0.5074928163995868	0.440485852172183	1.1870235545526067	0.8754223134384611	0.7643260560844253	0.7676626802853866	0.49398690229684344	1.5012589498188296	0.2776038506461831	0.8949270596939222	0.3316024342105263	0.7640543749327481	0.22153876526644659	0.24878606089561314	0.8134849483691646	0.3120130278779783	0.352126379067988	0.30230345203712883	0.4536343832712516	0.8685079970290512	0.33118369864350394	0.22981659135320928	0.7485358133268949	0.16528042262808923	0.03402736850388241	0.2637682154163674	0.3943783226977046	0.3259155162453634	0.2811014680402018	0.19383796693289956	1.0399404350696373	1.4507176009688658	0.9689068355460698	0.6804547524003602	0.2882711880771855	0.7419382939354949	0.337185703443237	0.7743006614162781	0.4099637104061977	0.3188233987264509	0.44675775925020617	0.8346574332660067	0.8503089077985995	0.3700238401807561	0.7819942214616381	0.7416218638284827	0.2757789708546703	0.5402823142005292
0.8700689536271481	0.8054547293116475	0.24672170738059865	0.683254460636562	0.6472492964331563	0.8926936710517964	0.4709995209962783	1.3346295602830125	1.0007874287608722	0.7213934134217904	0.45748876344328854	0.21532686193914818	0.27573949891968424	0.5683036851838643	0.2790407325024533	0.648543954785693	0.6513058851051983	0.4473263511232284	0.4443461987660822	0.4265902746409296	0.06812596948345684	1.1008307610579482	0.6415202012989523	0.8328072002727362	0.7335661174732857	0.6707661990285807	0.2453259155724026	0.6487049729097762	0.6079772235763243	0.259914084657609	0.6806802255385332	0.5320668614515129	1.0503157035343398	0.3790061011582547	0.52647279752782	0.728399864979627	1.0338802443947213	0.875099362197219	0.3993358326315242	0.31532077660561997	0.47640961103556856	0.7647226726744895	0.8537189466548483	0.29782844391584856	0.36695833360728813	0.39603695849519466	0.1373892412935199	0.6000474264573071	0.35322219622815476	0.39227719266180744	0.23408982467815648	0.515730951617652	0.4288782506050369	0.5041420594831388	0.7217826498742806	0.6300798066099594	0.318000552738016	0.45581973916245183	0.744999409590042	1.661476399692804	0.8936930267086928	0.32155401138088424	0.5846168594237922	0.5172624880747907	0.7489816159510516	0.7212274609238559	1.5576498530644172	0.5909058146778043	0.3804918084762959	0.3329855116914007	0.22679865427665719	0.7042625472734569	0.7684095293297893	0.6192385693975019	0.32135535447342456	0.3763133149766092	0.5052435808092666	0.5907407378322742	0.22964302506850962	0.3515010867063492	0.39540590814065746	1.0789140907463417	0.9380201531542696	0.6774144378455632	0.4808755321813173	0.20950244951657657	0.4714437540829705	0.5602189147345422	0.04544765260299991	0.11490457513252185	0.276792486101695	0.8175306212946997	0.1271242095125515	0.7049381030794646	0.6110002085147618	1.2743759761904763	0.43802726454982244	0.3973110480233478	0.37936994139040603	1.1233166141656665
0.5371272067756773	0.5318402378873326	0.3505437068990933	1.3104839066869227	0.793745286035285	1.7869676816970324	1.3754021280027813	0.723052580975968	0.6301580808349179	0.2295141424318929	0.31487629720523574	0.3903481590665246	0.2938977553774076	1.0912158288592462	0.10730815977332941	0.6956234583073421	0.7428783752066701	0.43577881899770066	0.35724637094390904	0.6018889725680687	0.21800725896531412	0.2705216506328852	0.85643781917563	0.20961252974331615	1.3163658049343476	0.7334177464121011	0.9200082126061653	0.6679733044769168	0.4427285244600558	0.5623174544689595	0.40170776262931035	0.5346153335830085	0.7710943272688765	1.0596605657149978	0.7203833909210086	0.8857601095861717	1.0542309562792274	0.4068719183568896	0.22544880398009948	0.8747000782637789	1.24817570981522	0.8285460970620234	0.48624298601627697	0.6103259243360428	0.12563392134828028	0.37731219666688054	0.4795248232574055	0.4834247528363049	0.2511169630044281	0.2940140817838001	0.8734613464386608	0.32332390277990025	0.5943989880467995	0.8363509328781366	0.49093293525565246	0.33283782858192035	0.7309110277155152	0.2514365557282195	0.6950752526851904	0.6108016624184684	0.18571874796280702	0.2000578590817152	0.4472069722540171	0.42282771323362406	0.4745033143955416	0.627503204139908	0.606744566741623	0.6165756195882903	0.3481832581179837	0.4517182214937818	0.14750864440411232	0.26298029860267874	0.338924560375378	0.07169726841442893	0.4579265157231145	0.31124189239970984	0.6019526121723101	0.43610336730985927	0.897854367090681	0.5533459243460803	0.4260840001797822	0.6555159604517522	0.20114033645163537	0.3288513198275329	1.4887409331951034	0.420291416954673	0.1774127684373073	0.2155012840741843	0.3616588988234186	1.2323899088628383	0.3142121090323152	0.21016149049656574	0.6010104895974707	0.15507230098624092	0.2540314917076596	1.9303916862916843	1.407182650857893	1.2106824584190674	0.5144931413744375	1.0069096166852471
0.19832018084414035	0.5395287079763563	0.5704629062633618	0.5941724385433192	0.13381681176714313	1.9173960023789	0.18454433876295706	0.8010618855057605	0.39844833658384005	0.127449041204831	0.8424348528803547	0.45684154857700676	0.17008340787913345	0.7723801930581271	0.9786634687939103	0.623595682308424	0.5708661972748156	0.33201111137000844	0.131185110725273	0.6165406010480573	0.48081116807266305	0.9333147063573719	0.3053869842908748	0.19314829575320516	0.5347889104561828	0.6490011944105496	0.6564196904794852	0.9893354655990853	0.5295800555566563	0.8680566364633818	0.7445232470662868	0.36755499757817184	0.9424244283335883	0.6426856899789603	0.7892056722634591	0.3469359493819401	0.4131427169993007	0.5127840069544017	0.7172253660555521	0.3154716215650051	0.13969181568244268	0.8854589623819086	0.13995946108553797	2.12768558264016	1.5314908741394557	0.7194035893191811	1.3547437114720755	0.564439914302456	0.7714532383116292	0.251353801209459	0.47094065393920553	0.6979134011513378	0.2114636141451874	0.5636138408882322	0.2763568152672414	0.2432409937821502	0.6230171218705046	0.3232208742899843	0.46451361390079426	0.4302578784856925	0.5007350210472125	0.5914354033934827	0.438480401227717	0.9763956014203944	1.389702028439374	0.30166761067485803	0.3205112878823925	0.7382023706030993	0.3527608052990851	0.6907360317770637	0.34819812051495413	0.1867670063776819	1.34156384473945	0.7104055805767713	0.6999303505543282	0.3086107598527747	0.3065019736176823	0.3427466218743596	0.1645179528180507	0.3023042770926266	1.246741111327487	0.7102934496430962	0.1985736765305407	0.2358899405066986	0.29314413264589767	0.7821609992203571	0.18255883413922377	0.3099330277240416	0.25519101507368935	0.700946269904675	0.3537486663616817	2.296035752545228	0.7140043905565424	0.5705399838380822	0.43063333557597233	0.5930787047316771	0.9109156143667385	0.7834158751731719	1.051379662667426	0.4824639119314035
0.592223301719485	0.16396675356781082	0.25489686852178517	0.7517999378792374	0.17416061425038848	2.3002128624007705	1.1675877550930396	0.4955688753575468	0.35955735406631467	0.6257999955359	1.0454990864441738	0.5482327252268279	0.789417974132257	0.46478481513502823	0.20794081866233008	0.7243070285704867	0.7526634237726437	0.07693714922933355	1.113470435396704	0.42078878178488477	1.0961598503543586	1.193151370183761	0.4006040603856209	0.5885509423243479	0.6255932089385012	0.868988687667156	0.2518945691338224	0.3614990662133616	1.461121585687877	0.5534302707128358	1.1332680464086635	0.9083672063490816	0.1982447128278435	0.3366045660894935	0.7796068486752717	0.8285139102905738	2.075602095086151	0.2851971033859102	0.5225715606024917	1.1322350968728736	1.7990258107425936	0.5418642571243508	0.732198566362743	0.6693236306361289	0.8466362955777695	0.4939423759302183	0.6527549283465072	0.5802258926545371	0.18168993852343954	0.3239699066845361	0.12166959103034726	0.47444806455575256	0.36279135385781214	0.22087030315007117	0.869350173282373	0.1275545960105638	0.7120782993404889	0.27665092487197446	0.8546819020483258	0.36148747913648016	0.34529152301966104	0.523574976807031	0.4113349762611332	0.8500465915556111	1.131459398774385	1.0679574268483294	0.6415270209596622	0.2624440389087993	0.8718648315836651	0.4753080569372441	0.6386392922340147	0.7176910228086104	0.4107900358589562	0.3065744004187854	0.7492955819789501	0.4804071525723644	0.6370404697611416	0.5456274216127329	0.7583812781180648	0.9034864604360949	0.5150986215598597	0.262568171429195	0.3561644777944801	0.15642595580195578	0.3797232877712475	0.23870562845264123	0.5786382320193381	0.13210581485246073	0.5096635110458363	0.7608194999422626	0.3156944706605946	0.38531967310127324	0.3608869399746852	0.2580670589430894	0.2349645751061452	1.0320161645696933	0.402581154420285	0.9393906466408102	1.3687712419257083	0.268572901876796
1.6855332233717772	0.1845696388478359	0.9698419990954108	0.4447034202801797	0.25891482882249606	0.6938367863871847	0.5659717658475669	0.32530130855137146	0.773219790620521	0.4743194796126869	0.19311786852985208	0.7379011404062119	0.8603293133021235	0.46239435380222166	0.9759499249767364	0.664622717884925	1.3863253477725663	0.21488109700766356	1.219735408047229	0.611476264224079	0.1582881354143801	0.21212469571841128	1.0818936643963388	0.2997190105879097	0.3167394803218582	0.40270375413302684	0.18867554454563035	0.5061867194405294	0.588833795295667	0.5981977108428196	0.6182902837848105	0.6060301935188792	0.1434237782538353	0.37817806042302454	0.5043358867665129	0.4185259179200132	0.2321774415945305	0.6930437374840784	0.8364315810687794	0.8426792834024827	0.9767986569164745	0.20120274159340176	0.7682044657962486	0.19317835745000794	0.8998512432836927	0.7768787468332745	0.6635182883459289	0.19675080564895314	1.1091637565507342	0.8060349711639416	0.17748628658748264	0.5714418393653253	0.3384773225980771	0.570839628396921	0.7116312719472152	0.3613854670529039	0.49290023650051484	0.9508207969745752	0.22715916552289275	0.2370031689181127	0.8615663983523492	0.4951760450014095	0.3932443437264302	1.3837103377004225	0.9501914154102458	0.9029011566608451	0.6924615239517752	0.9753798633873219	0.7628642589015445	0.17549120413056457	0.8653422043702731	0.32521848609739823	0.4783071590295353	0.39933812391087753	0.36817166658000616	0.9306235492296657	0.6325191123669104	0.5794125481006577	0.5173974428195447	0.3115621261564652	0.46424933837878635	0.35391539559872603	0.10190048270751374	0.5738655257253465	0.44924003747497554	1.4944966073401755	0.587730240231506	0.6662371479696358	0.26325882031598097	0.36277371490328436	0.6587290389701089	0.7664311616846358	1.0662098738203063	1.30610430069439	0.40547663351948937	0.6704239799896302	0.7704372831668458	0.212115391546027	0.1709406643980575	0.12150546584508434
0.2698032329314771	0.5788424981148276	0.5507576574235649	0.17258064521294164	0.8261805004623994	0.12289790271486077	0.4465198703986523	0.66309921156271	1.236603136930421	0.9413944951795796	0.37116272645739823	0.16996452043332688	0.8236665688179172	1.2636524462468977	0.9475170867432013	0.9250670631455504	0.6253174044532394	0.8470600646660702	0.7738884001854739	0.9860188191963832	0.21611506161311814	0.6050142732225573	1.076255591878264	0.4095084469674201	0.3978748317015712	0.47806411671075466	0.5610521371636723	0.331760070287382	0.15958623190342336	0.4615292256053044	0.43556396369826833	0.5822446016323002	0.48590495718485766	0.5214973842925988	0.3268599616710134	1.1703084433301312	0.30019662766099914	0.7072509933441415	1.3189945995350938	0.10062220024447818	0.434016900452009	1.2164467574089681	0.5358480726028045	0.6879822257374928	0.7133566493373427	0.18826785415177205	0.6528378584917994	0.8188775088646477	0.46791333488260284	0.44432177819093277	0.5300045539072018	0.3667078821811606	0.24069595034845465	0.24606792809228736	0.4285876886247934	0.721601849801797	0.4679192178797468	0.4604293868833614	0.17913538116545571	0.2771207666443403	1.041904320559833	0.48870990441941714	0.9554156554912937	0.31530489981149307	0.23869283073962266	0.7280685187664228	0.5964232286773624	0.4171091281064217	2.8518055620674647	0.1275473862393466	0.7540871254742201	0.35949410424118383	0.41044391961784155	0.7204324333923948	0.46937128421494345	0.263851284117668	0.3007903056996372	0.5377900752425472	0.2734980377500604	0.35918367151168334	0.2469541679310101	0.7933644725694636	0.3138058542773677	0.035604019412339254	0.7186544854344786	1.1706440848160775	0.525116676430428	0.24027236440046812	0.36606300706422645	0.4925423435256454	0.2033687885783851	0.9714498495077151	1.4258279679927304	0.6084528940533236	0.8246493378590781	1.3773960485294288	0.35316113385137554	0.7674596373770703	0.38249089261089403	0.13495173506984223
0.6127841497482102	0.8861675421605669	1.6767790745275126	0.7177328211994187	0.5949086372063295	0.7329889507645337	0.3707503236832262	0.440569409575374	0.18229326974541007	0.541647744878505	0.4586417174683402	0.10855966077185493	0.443695935822226	0.21956657601865734	0.495383375692195	0.7207628857561464	0.7074603268949748	0.7553201940799452	0.6780609222499453	0.7759281500340149	0.9109341576670116	0.4426814368437328	0.513945591481247	0.9779023201124009	0.3299061225602679	0.4601129940316657	0.49795915429412335	0.27018002066450614	0.5486268278817958	0.46190180722774826	0.44092723013333335	0.48388883708173525	0.4034437034312684	0.2691205134530423	0.49997225831358083	0.7238265329833026	0.44892029403755573	0.5604662117040897	0.3031475116833188	0.5781760082823237	0.7151869296307136	0.4325529397870432	0.6777340156800953	0.1994090050605939	0.26396270042904785	0.14646226745029747	0.4555450151781751	1.2083348239954297	1.358274470889016	0.5984206126192138	0.844343599834778	0.19012446783798573	0.4194980096748778	0.13236347344262295	0.15259730441470234	0.28786369313746357	0.34426459625922645	0.10455683107329765	0.4708846242900796	0.3936255898232252	0.22603415997143783	0.2294733440369148	0.19119861427667426	0.7968820722737382	0.4059143755099392	0.2789777811182944	0.27510761923070215	0.24020964229543343	0.32591807753525215	0.2570824804004116	0.8816945596987291	0.8478981416743332	0.4952707449739199	1.1159582101452732	0.2920899004202394	0.30682902798043876	0.7393755464772828	0.30103600721973217	0.5876266819822408	0.9738578629630728	0.238911391474962	0.8076634694258017	0.42095983279243154	0.9174747495189236	0.2408513315897048	1.4673227648938059	0.37128767195515816	0.5333621685332975	0.34608984832049056	0.3455854935978652	0.9730689953764783	0.5312482768764286	1.094053720455023	0.7224679763890988	0.28413642039235826	1.772390807371337	1.3081001491921087	0.26545617042990804	0.5272642674184002	0.5347681200627655
0.6425924979980294	0.3098353907861933	0.7252983332003717	0.47079786139962543	0.6525848993334837	0.8340570830305158	0.3917650361935028	0.455390516113755	0.5261553339233194	0.4675632206576452	0.7510270441102498	0.4507610588782713	0.2298798208077531	1.4230183411886639	0.4397971239158327	0.6105507094231438	0.951586652276345	0.6595502175699487	1.5969450467730884	0.19400682100812108	0.9205366907144346	0.7170337482852774	1.8512313941185627	1.1866147087342556	0.8374670053305502	0.285456223517287	0.6468586132423485	1.3939833835953328	0.80000836281672	0.5485714672007566	0.13601662112872107	0.615108910299556	0.10481454209242251	1.068792358206512	0.33974643129404064	0.4004230370086654	0.6236545989454976	0.7421806115431571	0.8005890455817531	0.547655635755795	0.49886211901745287	0.8844482788691748	0.350207295725595	0.3926239583428607	1.1176792751459674	0.6372493207062065	0.06578754848815307	1.323656281865652	0.5360369952053685	0.38747102870459915	0.4152252065331435	0.6021917579481731	0.2684512770686505	0.5772123785591846	0.32117620082122345	0.9916277867328449	0.34742259224391264	0.4421539776652916	0.20783445307918588	0.35460562594843775	0.33996226734889584	0.7919163362679047	0.18839986886820329	0.17585564090766634	0.9553054507825098	0.34214010324648997	0.22963513400723823	0.6345070846279908	0.24025598116831076	0.7223418960509144	0.830391589347918	0.5712947605840057	0.31170739198197267	0.336610891942446	0.8845878970395243	0.29253441119613094	0.04451464852401096	0.30849825642634787	0.6249457387454967	0.6170972237066498	0.8970186125709406	0.5983790042406631	1.0294941190646587	0.37194261978226867	1.4095850003709538	0.7287191181977188	0.5115278368730569	0.20427423512302093	0.5725269744132473	0.42132275432199917	1.3812729396196806	0.5804884650633066	1.8926054959902794	0.41919251384920936	1.27130977598488	0.9835573827988863	0.3332150363481373	0.808796974145756	1.3358964463015033	0.25359581724261854
0.5484980364102119	0.7362917406333948	0.7257413284295441	0.6342849993628028	1.0682488327086546	0.7316131971649459	0.48075293609871506	0.07425119876256767	0.6234296056788239	0.22105911770070816	0.22482404348027332	0.46675503961141235	0.7178766637644894	0.32927500436294305	0.7735410696745907	0.1772564074578693	0.49161659566327526	1.0760132797346	0.40796142472314867	0.4707261728544122	1.7616418634325617	0.49369871117962677	0.9531588667652707	0.6569091616703422	1.7428974394622418	0.5899369551871313	0.7096159079031318	1.0294441025058787	0.5395729947653367	0.33931164284661125	0.4871738556164607	0.1713560346097227	0.21108420412531942	0.25630744756093504	0.4752939302054816	0.9766498616425258	0.23982839710116222	0.6467135489565389	1.494547344964265	0.4947221841287796	0.14656738311252243	0.3696972281043504	0.31941195304194764	0.7192279058511315	0.5450684014354439	1.0145786107932822	0.276371647739299	1.0310238363309396	0.14370175065776047	0.14747098517827836	0.4812718854125993	0.9106186105711229	0.3743875421528209	0.5859055062530485	0.7226817433302231	0.846479038501867	0.35293607500349344	0.827109325060935	0.43673996991089037	0.5169962270671606	0.1188829767326949	0.537701805632347	0.23139079337701382	0.46507675557893835	0.4627358498434659	0.3774531720515656	0.38552556656415676	0.12036241932561115	0.3639564425466052	0.25786802845066636	0.20758599292070964	0.4375597115463815	0.5565293505717971	0.3502439551914069	0.3794044357410671	0.5087199373037903	1.4941169666091059	0.2640328842630504	1.0869982740190738	0.07228599568364864	0.523584926915575	0.6494228071481569	0.42287307180000255	1.0916681683947635	2.393070326329464	1.6139797785377428	1.996948711547425	0.5293739132913661	0.7230558935637023	0.8372384548491033	0.9479699383627417	0.8092227516309699	0.44517410733691354	0.37433188699277237	0.6326484892474707	0.546845241344326	0.7060242789939589	0.35289956717594934	0.5752601730353177	1.0685561685565272
0.40758546161084275	0.7396543291716082	0.4349639420283673	0.203141302189788	1.2702391569154563	1.4693368048675577	0.17107323746361872	0.18858871784076017	0.5526151482113633	0.5172155583951887	1.0293993130459895	0.3850171469239868	0.335309304385876	0.6484202334441006	0.5678595819221219	1.244529508717547	1.405443220322421	0.344617818561282	0.702049725	0.4825260610891945	1.3353948385534395	0.5224163459036985	0.1296317538576235	0.5493856138674195	0.2841639629020767	0.4181377884537216	0.7750962992863338	0.26181908740663723	0.7048844003672623	0.17538974113325131	1.0597327730168644	1.2712482891437134	0.2444390830996772	0.7469799402761512	0.3120761541078911	0.24394066314555887	0.35522631992267734	0.28000841860482745	0.4929335858328869	0.3573314424309484	0.6145798190015392	0.1243275698888663	0.5372526939763465	0.5860838224046965	0.6246271556047974	0.7627258668470194	0.8812864097833146	0.6381339140991727	0.25379869667058436	0.7715522242369736	0.34484032586132596	0.08541064586149735	0.5911331689299238	0.23656982966823265	1.0590013336183333	0.32596480659439514	0.12415131186885316	0.41449402278823216	0.24821993978377818	1.199372993908683	0.5169564904501169	0.4190503041868858	0.3362261924676679	0.47694042983642604	0.8082865932820027	0.4225000397376658	0.5964432629917293	0.40434823134059084	0.3754161378316582	0.6479183651474328	0.5126845553363698	0.6934874007535788	0.10088136592880703	1.2057462288449619	0.6963760096852094	1.054483051590094	0.6063189373652963	0.8742146438034719	1.5167308018503736	0.4219767620467164	0.7253333661729748	0.6301991087981635	0.4794062502674293	0.41049217879558947	0.2655238177408129	0.11659862369887386	0.6244452711600627	0.5517526914805051	0.540157488125413	0.27217185379685266	1.0290559826795191	1.3714530755665022	0.3546640460076356	0.9026061236365867	0.7193440653269512	0.4801045919212226	0.42928666759476836	0.4350873159093902	1.363120514894612	0.20834488744684201
0.6750716476184186	0.5225312155174263	0.30710285549258426	0.306338534484115	0.7913272643182591	0.5239494065098144	0.6710288346510033	1.181773951143144	1.21158837836666	0.3002884769289543	0.3512458558617027	0.44794186845231665	0.4285734071362603	0.18009170977327643	0.14004123035125726	0.3487582149652568	0.2850318325611957	0.6168084622954859	0.45924296996006	0.7993571687082132	0.4820394870105569	1.0188410316571135	0.4669846918674331	1.2020803045646917	0.7602083978637117	1.1421234426542415	0.10026078606077685	0.28154593983800585	0.5309874516884622	2.0504775101718664	0.39534455868575397	0.142663842762057	0.2038383058367627	0.2941404182296197	0.18092137298359723	0.27250278520890603	0.3265637000366136	0.6674099703679736	0.26680312941884027	0.5393978558990606	1.0685404730268497	0.7260694236740354	0.2750652261208725	0.39140505538658255	1.2797361507407459	0.3775164560786204	0.236435618927153	0.22568233719761233	0.6041952986987089	0.3473441094974427	0.3427365084381653	0.47193431917038686	0.40771064691079395	0.38207360699691717	0.5177354312229502	0.6476355677053359	0.6253992131624091	0.31985314793348274	0.5721314764165857	1.3674998844800095	0.061904468317983075	0.4361327947788476	0.46984981553653876	0.510900098371277	0.25629386637946505	0.15486205352884835	1.0313072149967555	1.1169871252443193	2.2765858872234848	0.8829290546613673	0.7906992787524367	0.27938555195504927	1.112650825433594	0.09228260508366505	0.17783913716017466	0.6193497272281128	0.7989630057352277	1.2012436068739138	0.3177988312142687	0.44280551721371786	1.3388716613713798	1.0530631633000906	0.885341876114661	1.3497263742262857	1.5965740449102084	0.41355100049679366	0.7086124433474177	0.6240591171962355	0.5040398740272162	0.5148757467196394	0.7697259385915216	0.5349026039170423	1.3529054924408637	0.35894428985577603	0.9929904641148695	0.13716670904706685	0.2573166665011743	0.5456752099500242	0.36002914381887907	0.22979017457546852
0.9048910878219211	1.1315227244292267	0.16417830456267313	0.4889036322231461	1.1292476617200582	0.7399239949704036	0.9735864212161919	0.31477114955180857	0.29804533329724053	0.42012671738844964	0.38978122350789696	0.8010473316351008	0.6234035526906043	0.16889471867977052	0.4376021608799819	0.16687317726739312	1.2945378409349555	0.5271285149466882	0.5892983070699049	0.24289951319565395	0.21798278284931014	1.6625535086550915	0.9141984772821398	0.8852939675482627	0.3977572337455499	0.11098733067792985	0.14850872349213698	0.14301722186761226	0.30723954006597604	0.40004996233216183	0.603014547077879	0.2233873906184097	0.18199700744123254	1.302186470106114	0.2631463779566619	0.45588916894568865	0.6654969499921571	0.3430935672812815	0.4120108658275122	0.34969661757911563	0.09557903208237926	0.09916645995702177	0.5419451250225065	0.40487392719216775	0.5461938936828916	0.5350381032738712	1.1080178489838435	0.25082468959165555	0.2588060169068688	0.10490052319780598	0.8091246854446673	0.24500133971665805	0.8246050811636688	0.24803230579880636	1.5432521385883031	0.446958866848498	0.9512140143251339	0.46455797356064427	0.395179151667667	1.0023274106409767	0.19196583162042752	0.32848142420929155	0.3277416563752309	0.40562131212810404	0.26870952764442474	0.8232007237790179	0.48751540808250704	0.7293823795059167	0.23938424757127955	0.6973047590007874	0.623840522648907	0.4503366794365036	0.4321553535509926	0.21966095896339458	0.3023193891906098	2.5793389436420964	0.5742011338617672	0.3085237454397009	0.24288060037215417	1.0212101390574089	0.9416398123207699	1.2702868343751719	1.029333450687614	0.9868397523074005	0.6504111038275618	0.5808578217360426	0.6319341079828689	0.3963547423937306	0.6550095140908122	0.7120861715803275	0.20011829224352934	0.6697065863424254	0.14395578595743225	0.7008507486731136	0.6626900801837031	0.2437817763258839	0.49273732241246027	0.19823773046864288	1.0787955640736488	0.5716508838722306
0.5925413447086529	0.590250137655496	0.6606730354116158	0.9254186093708523	0.5579546949563848	0.5701560933410628	0.11522028548556726	0.2596307988004862	0.8094556988327638	0.41856538667866455	0.8352356158806252	0.37035656090413993	1.3666275502804643	0.28261579383153446	0.43094505391582183	0.3846057713167988	0.7089786668064391	0.928406455572317	0.9533342347400403	0.932883421561309	0.3638315925283962	0.25905255863333715	0.24108570031122928	0.8272447960382197	1.1744643597143596	0.516895717732573	0.7639845729395656	0.7911460452085822	0.3437737148345631	0.5168815477702419	0.9992834625546161	0.7601047974287516	0.2244500356446707	0.2354852329267909	0.10916483353949026	0.22251681391138786	0.3907415863298338	0.6764082543780969	0.44829648157609564	0.05741056666546212	1.017548199360587	1.2289837316488044	0.42484248089936344	0.11489551913161468	1.077120988716516	0.7114920152488342	0.33480212384277536	1.063825407689296	0.30619527311746375	0.17859047959109275	0.5961335931552543	0.11456368868702234	0.9361512317055908	0.7562255841531995	0.7734912039670017	1.2792818012670397	1.2909203310519646	0.6618624371253856	0.43976029694467383	0.21845010941852996	1.5754829817991027	0.3685382175827283	0.1472536133662457	0.3210673389807425	0.9953841380322719	1.12959173595586	0.23145723295519233	0.4353211803744816	0.3369571994444444	0.6254931723806962	0.7719322928245055	0.46530006387589823	1.1067570904603687	0.5302731947567764	0.9045750026268314	0.4160472931446515	0.40010745009668236	0.6441626423275527	0.28115565620972865	0.6234473888315163	0.9597054941971384	0.39648898906511276	1.910123757668955	1.0293624907941548	1.7508303807486687	0.8387937444624248	0.5968082444105881	0.2734689324383727	0.7090489194203159	0.6735070982281773	1.233330567037579	0.6221010118851927	0.7766787893526059	0.035487865170844284	0.9973703612674479	0.6798119574205835	0.3000353434158795	0.5802212515191849	0.3486095363235062	0.30915092889784945
0.3936239312800485	0.3034897536672592	0.35703778838541667	0.9858429369910373	2.0626663769451863	0.4485362795940528	0.249680573330925	1.1418261347554648	0.11785289389395073	0.3149171462175943	0.5467930694059323	0.2599472119783706	0.5529962663389805	0.3192757266026265	0.253469412840474	0.3919231967996372	0.48441844824871994	0.2020155939091234	0.434042778245153	2.487316189804163	0.8171374133702364	0.2190899936752463	0.4929878695302891	0.4694547911206989	1.350362866150463	0.3030435662001261	0.2926195948970114	0.528972898946255	0.7079968342457003	0.4400194785154834	0.5041393920058553	0.7741979466438536	0.7106544145098134	1.1525403727503507	0.6006623878298032	0.4668906060817568	1.3334438540541558	0.21330863413751613	0.8610768894054432	0.495846403854243	0.625630087092859	0.387171830153895	0.3819317542325573	0.626180343453743	0.3499537876990211	0.7477514679081602	0.38926588273538965	0.7541507112864193	0.4963324565613171	1.1725785650218103	0.6623468417963041	0.31204034614854503	0.14217588204415954	0.16082103088065328	1.163438672074301	1.5907518593145447	0.27239417303442803	1.6570062518518516	2.790220298944737	0.19385721496821837	0.949081114754364	0.35949410424118383	0.44254024574378514	0.3652773242600277	1.0875313021530593	0.7650505991582945	0.6755722334928335	0.23853327374367483	0.9258701897016358	0.3905002347472941	1.1118888440020835	1.232904089412961	0.7097483084942675	0.562654705258637	0.08209530841226638	0.45344220785546524	0.18751413830052666	0.7296581064000742	0.5244658390663631	0.6058737539102722	0.9160281762369511	0.3910016367845967	0.3198164982179487	2.7604752005556477	0.7046632017422464	0.3173517909095061	0.4626640647935612	0.6491136811955217	0.07908586335731557	0.8113877979696887	0.6572654138682837	0.6563422957719879	1.3363076330063834	0.5038732207730751	0.4647729788439439	0.33724535478624357	0.3947278668355343	0.6804809982411533	0.6728561844779196	0.8519404882497867
0.47684039869068917	0.9959890379712211	1.093457036655733	0.16378342696393502	0.6117767637799335	0.6176784246261617	0.1096629080680864	0.7335478274910786	0.21336936095860565	0.7868891872537764	0.5843890547484542	0.28509965418352856	0.37120100726721145	0.44552485347982734	0.4902185593770531	0.6120081043455078	0.33276992340270933	0.3373429783550345	0.34877989021438444	0.3081286781420962	1.4567023490879278	2.044670448119284	0.428812284310609	0.48279723640844574	0.5141383483370265	0.4300670589583206	1.0335541954155734	0.1780522848062921	0.7011636321504963	0.5272920288545568	1.261704421139404	0.3545475870058981	1.193258951246873	0.5290187250564826	0.3290216134298394	0.9262333198210141	0.3226706507700459	0.5187238157212627	0.659024126536062	0.4228522100132005	0.5745568692342109	0.25300973686443184	0.3243064694655118	0.7793761637415053	0.574097475420655	0.5976635266735355	0.7053569888462387	0.713570614105455	0.5765954295484186	0.7197819842603193	1.0714277077055174	0.4236288034684961	0.12715686363270892	0.16681658528299567	0.3602032748780063	0.5789513648338553	0.666428356817387	0.488233609650242	0.6754125592547223	0.4272644299735162	0.9491798426219763	0.5054721359721474	1.1368278557257088	0.3306444489782362	0.6452841113702491	0.3337117321087681	0.9699769920234977	0.474367866371759	0.7244487685150303	0.8616419225802874	0.36268553178384383	0.5840607641613345	0.801477517764507	0.6023696772759645	0.6487985909437138	0.16029149051706565	0.5723414892270958	0.3914726525625446	0.4289808336565613	0.6552279312508468	0.4383309243396993	1.6139689990716806	0.27624403807655074	0.5721023833967611	0.6846680509704349	0.1940557474420517	1.3641789021136714	0.43602162112513004	0.4079131229456415	0.49617248211731046	1.218047650010198	0.4245252226965535	0.8349421521058141	0.44952749645445267	0.3470792015518427	0.5171127004924846	0.46410210599778084	0.3536903812937365	0.08550756972096822	0.5286066763875908
0.5975747336351631	0.22852002665513402	0.819862441640642	1.1814692372413953	0.76089139870409	0.5698780734642378	1.369524344181714	0.5085373800573524	0.15648103456054863	0.8273842202350067	0.3636369199129294	1.09099554281598	0.1775294693546555	0.18602414810785123	0.6756457656006598	1.4185534671946476	0.397516750400965	0.5904839991840916	0.14430347408336783	0.6647480046409372	0.09721737944295257	1.2710673846720353	0.23377254565459596	0.3279889398431766	0.9156817191070302	0.4069441031403564	0.6664466255613184	0.9573191773540204	0.6996642406084396	0.39976788570171673	0.2666093640363408	0.6170118933052511	1.1741174624936974	0.38390346132632086	0.2315038933159612	0.7453326301738549	2.003875916406315	0.5782248389893251	0.19717866215603624	0.4304714517562783	0.48289840546330404	0.48418586751360526	0.6433242832962304	0.35691254227495645	1.5751997938072795	0.2945927771548041	1.013361294229809	0.5538773417875535	0.17690192847254088	0.6118712694881658	0.7392643933916622	0.6773352059273894	0.5748247089174914	1.5343551763869119	0.33431914556111014	0.35573189120477905	0.5264278633470045	1.5835745448700353	0.2678254750486517	0.5449304678288429	0.7147069316343598	0.5158376457410764	0.5291044956923875	0.3882697758185392	0.3946933842714015	0.7600255229849749	0.12011594075862882	0.33459070710001654	0.3576186869916968	1.17237321187189	0.3632685355451036	0.20743798453272744	0.6742490065130576	0.4906663345955576	0.2657455428686913	0.21390275684571974	0.7729236344879682	1.0631802553766727	0.21418098756062234	0.9177091006855167	0.6794361858210938	0.9162771848115837	0.6356636566169189	1.9903765503245698	0.5675110100298049	0.6598599548335419	0.34822919807183406	0.3247797805726927	0.2032455621552266	0.12622499205258747	1.002701335413556	0.48022703451134013	0.20858476116897487	0.4990164481575262	0.23075205312880512	0.3635092370888445	0.6972432854458134	0.11372020441464654	0.3422822154938095	0.330180596238464
0.5673435952322472	0.8942688408873115	0.48189556696615776	0.5136195792353359	0.22699699407164306	0.4982268958564265	0.5969083920172754	0.41699318849331146	0.9303062097465218	0.849947225055622	0.11207781359455526	0.29714160161988135	0.09781495146302702	0.4597049872646375	0.6585386171511208	0.33312481727662435	0.34843683843303763	0.7195198283573881	0.9449099523611185	0.7795528435517975	0.8766173901642129	0.27814084304665926	0.8354130607970979	0.3542646502980477	0.5684624087536068	0.24550143279308026	0.844138850325671	0.7190705552277625	1.4454603362356664	1.728530934873424	0.2741245930484431	0.08428409485685225	0.22244810574370366	0.4417173404884705	0.5679326726643112	0.8310135404773407	0.11221882600652223	0.38373477589667393	0.45041046780171556	0.31603688344324105	0.39495157973769845	0.41186631181727906	1.4584038627859455	0.5051752198805538	1.1489204129256374	0.510123096599494	0.17724574695038567	0.5427800271230445	0.41952091569907357	0.31498015275320074	0.09826858880086892	1.0622716357650341	0.7541699520209973	0.9246337697637681	0.17174986967213116	0.46948268186878295	0.40323777686347123	0.7377311650689148	1.1102065306094357	0.5929314226974779	0.18511509518487473	0.8975799309930081	1.2852478970075558	0.3515871285229119	0.46709964060156284	0.23247094959691442	0.21046614178875397	1.0479960287421013	0.7171094739855719	0.4936099729632163	0.7812485686450745	0.7767384715366389	0.8032693029714113	0.11943858011546186	0.18721085920513558	0.22111156525834688	0.24557489050608983	0.7545539818909189	0.5247675456945617	0.14055698046646656	0.8063075238206958	1.2531134480339186	0.9831824890575274	0.463439352980167	0.5645127107575757	0.5383709904344933	1.5751152272924591	0.16159922080175346	0.5108494228752467	0.3996354516145122	0.6786495025705848	1.0946697418053497	0.23172112081705903	0.26798947204377116	0.8926286186633404	0.3800654959416019	0.7418553953405327	0.2771234685244149	0.5546985809052263	0.6275699532868506
0.7891527865021329	0.5514653067793694	0.962089442837404	0.31245844039213255	0.6782706942417578	0.8947753012448313	1.0580184044209129	0.16920397600280992	0.37127986508517064	0.736447228472324	0.6725613327006539	0.6456347193394714	0.551545255554892	0.5604566454933203	0.5760716207339531	0.6961169248295294	0.5768475408702372	0.6013454386641899	0.7699383590208452	0.6170721194453291	0.583587908165326	0.594426551475882	0.20585549177501425	0.57426475116853	0.5633562114708971	1.2578332880451673	0.8636313804860998	0.6138650913807889	0.3565671091403409	0.2847144080316723	0.40058338765569473	0.029795222087201565	0.2954276614299028	0.8159878231573624	0.4523436526024344	0.4817879961275688	0.3917275903810642	0.3323085008013815	0.37092405311177146	0.1538711248841645	0.47568207821883446	0.5736698567773367	0.7143201461054164	0.2622447177736213	0.7816308286689544	0.05928679620616713	0.2667495458078025	0.47168925503371156	0.2894639028984656	0.2246855869206166	0.18645422120879337	0.3756491858906909	1.6492319999374627	0.3941468943677901	0.45589761669077355	0.6308070182773401	0.37126537078052974	0.41593080696199153	0.9470629153029738	0.4932062234901028	0.36790451959615383	0.4549768227850978	0.3544979071438586	0.9180504563282078	0.31223212641825115	0.9291039176350385	0.8809197615649874	0.7048156237952807	0.6155324003983065	0.5411418808060172	0.6930754379510118	0.4182021818188784	0.35090088989104495	0.21097627743871622	0.3122643796112455	0.21715420958717013	0.3400552729281006	0.7917573244988428	0.36283769578122127	0.18993340371607265	0.49140838893567057	0.6499182406378486	0.631252705038183	0.413441547288243	0.056736013011409	1.0367883587400024	0.28011578334371423	1.2959831117320666	0.4339289760012198	0.17921549240439572	0.2716560221417425	0.24324534775917422	0.6418634590325663	0.36907062972989374	0.04541887714072465	0.3123094626407543	0.17577100193501516	0.40095267380412364	0.16029314246853577	1.0742258413734826
0.4196769291423385	0.23919343077514374	0.34075830997608386	1.384567127331952	0.5418495751304492	0.5890707443976572	0.21489744059518973	0.9947081600253918	0.17403949625895115	0.24293732379457528	0.24014880099290398	0.3266304717499738	0.371991815611941	0.13770502594658354	0.26272802230169884	0.566084464912551	2.3137686932756782	0.12930578564800554	1.1495346377062012	0.19191913372691496	0.535949374599083	0.32368105156781946	1.4010489210326231	1.04820626287034	0.6765835657286546	0.391133304973202	0.8175098016422337	0.9580602123683438	0.674302290976418	0.3388994177347871	0.18032131774808358	0.4721135875556261	0.4901767414483424	0.2965668813699772	0.12822250102179494	0.25942314605768585	0.8958851904782034	0.6698040669862809	0.384369386790941	0.3389085622838239	0.5542394641814236	0.782000103197832	0.2189410606824266	0.7434866458511128	0.9586280423803817	0.5587329659821704	0.3771252795211454	0.6522214437885118	1.197335246912085	0.4629080653953229	0.2945174064740458	0.2350109766343023	0.44098037051176636	0.49154094218497113	0.23966202082269322	0.5582051376120912	0.5170568088441471	0.11896756932433257	0.2988975039349026	0.25005073600794836	0.49395318477189865	0.6361385936265112	0.8182956893766491	0.26591800519241965	0.8223423360321971	0.5220399353465004	0.26687280614227876	0.5867275681860834	0.6048636060316275	1.1476823112860026	0.4992159292625136	0.6017178355427901	0.9310536739344357	0.09355505787660327	0.1599053166500382	0.7686094013564801	0.25005950595480175	0.5644578670328965	0.21663005743869213	0.6601126543501893	0.2769422655855162	0.24826973352435533	0.17326056147303417	0.5490268585661218	0.4574819788406541	0.4680765125268526	1.0347926939874954	0.24837995080413727	0.5437066371857178	0.3841348432271173	0.4632761865662652	0.5827510786712229	0.9986143969822056	0.12694172714628732	0.32178691950319843	0.36353439947712357	0.6653960729082603	0.5024443227422278	0.2545622610986207	1.1665030747001102
0.6437660356170676	1.0353897582948766	0.22038931418247584	0.9124218663541231	0.27261341129772776	0.34059596753869376	0.7326714021228498	0.5499720939414814	0.3628078214608982	0.46947316152376534	0.183452853141491	0.4304322524542451	0.9478554309830843	0.28526033962395725	0.12924785043140288	0.6761692583009059	0.8857828269658948	0.2574358213010385	0.321603097914259	0.2628936825575726	0.17926378834112897	0.3115376372354762	0.33961613967529175	0.40349634985064864	0.2630224228564912	0.8162875922387155	0.6196606701778952	0.45059511889862336	1.2027981026706893	0.2563183355958293	1.0974289691408528	0.32143673302538933	0.29685969200215145	0.0835991504033346	0.6650083272833945	0.18435824540337256	0.5865032916651489	0.4472032273117988	0.5198865154629436	0.7024119730923383	0.7864779330528163	2.73234893429303	0.9744811514968896	0.5124785265445289	0.333291023970386	0.29461018006987	0.2875205913567649	0.3236229007545262	0.6047545758907272	0.10907497019344611	0.188059463871484	0.7098116709469471	1.1649595279134812	0.036903222792132276	0.24075480633955348	0.7948952178817378	0.19312946355602606	0.2522920977808448	0.388475242570201	0.7517092219731113	0.38052147073252474	0.764636519337789	0.8521926088950852	0.8895281607032333	1.031392143351978	0.7193502604327313	0.5352341691763578	0.5500535640879106	0.35311163930477085	0.464567578714803	0.7271821165007786	0.7575957429315977	0.5655479925566325	0.48611948839023794	0.8371752227029585	0.8816469565927079	0.1610794309479512	0.15187225507467794	0.36844698945555665	1.746223913153304	0.6562576591968785	0.7697421250606233	0.6726713541556407	0.6533328832013187	0.7268940199062907	0.6944038340223064	0.24721810351384763	0.9477087838103513	0.42123134538526075	0.594986124867201	0.4925258641005832	0.1592306116823088	0.5993357917147295	0.27513890524392537	0.5131693760047984	0.780550408852213	0.3392875106407417	0.5615516243289906	0.3699506858560431	0.44993213833505646
0.6184027491555445	0.6438862428286853	1.7974021491082308	1.2178364545183624	0.22645268643599736	0.7459046578104909	0.4812526145360209	0.1560436531837512	0.14364833822927106	0.2771266320361113	0.4359249491835526	1.0863904560317355	0.3130683493893827	0.3380885541992468	0.2461762318456215	0.16838097982801703	0.06763952330384089	0.17600515609055017	0.8408215019055173	0.8298787580089456	0.25210273714168524	1.3142859382211152	0.7533058617491731	0.292337991067515	0.15624246801499642	0.5709490409367672	1.1469938141804943	0.7625606522533207	0.14691597701914627	0.4449900378308116	0.13498323677524193	0.7961749631607143	0.24703395790466395	0.3280849884053211	0.3174897351827738	1.3998125072292296	0.44289839102393613	0.36457561436564834	0.4082075439672414	0.5656100857800982	0.6448880211155054	0.19946439523001402	1.0589533378242602	0.8601677939708899	0.6724202223983615	0.5318961446829894	1.26110298044487	0.4213594840720221	2.0163651911375626	0.8108696809528945	0.18647300391722263	0.4249130082425019	0.4371162241030591	1.6089786782442081	0.4410275710768457	0.5028553893428728	0.46279499660804224	0.6271398056897525	0.43154191493166016	0.44722378691784603	0.553563334414864	0.7369895182165618	0.826852932981357	0.39947685250355786	0.31014767497556617	1.240243546996312	1.2412331328709172	0.4848481498371198	0.40335032545622307	0.3678999755157865	0.9533652619818954	0.09408899267125329	0.27451507263332653	0.2791784444398422	0.6701402632033155	0.6596621536863799	0.4325631158178163	0.6458430506743607	0.3423879344730508	0.4031137536621824	2.306172609458335	0.23243304739775106	0.33252133350528323	0.6530468065224506	0.7154676258232178	0.20898653589522273	0.5212221975645415	0.1127515439289752	0.8270128786487845	0.7058317800436295	0.8661843179025697	0.18856272438101143	1.1036428668405038	0.8428278148106206	0.5829165817971795	0.7603907959557173	0.17294293124819884	1.3603129025791594	0.4466240821443555	0.11218794835338404
1.0353206953612901	1.5995575295962672	1.783300512188197	1.0360567979670992	0.3509721516173098	0.6476665353216142	0.3616998687342011	0.6742974683477571	0.4865210890338672	0.4409509513204773	0.4933456940059686	0.35672855095813194	0.3192525124249776	0.21992503092608223	0.39904449581898677	0.3278635785553626	0.5345883473209344	0.26277252589264816	0.5019034613758768	0.06583465702482011	0.3244838397073942	0.275742404066628	0.48967707227269175	0.6006552928984918	0.7394745047047081	0.6109482529386115	0.7745826666009517	0.38983031584115335	1.1421609762154112	1.0829970508152686	1.1623731622233806	1.2027202803492336	0.5455637240022522	0.5394837095062854	0.779521825251408	0.7717607801926902	0.3728158922541804	0.43958283439505197	0.5702648925677224	0.4969441529415423	0.16711354067146578	0.13744280308103	0.9135209633713405	0.6980591998635972	0.3068678432136792	0.8776248421532573	0.31900683727932955	0.10461657699423642	0.4380633731045057	0.44811430798929663	0.4855092634255805	0.9421254413994345	2.062092164363816	0.5961665092644007	0.4521849283444365	0.03916110133653186	0.5214385564610907	0.7215176168463018	0.6413661742370793	0.671472807214547	0.6136761809757101	0.6443482295636433	0.18926529402294398	0.3902500093454969	0.4167871312856604	0.3857116696045887	1.1784833748910286	1.312564887823324	1.0858723564549957	0.4395741973422486	1.060463330149805	0.42391807187226127	0.44157256973418835	0.19675050155808096	0.2838043593980028	0.6912664749462882	0.7070394627034677	0.5353195495109795	0.6796079504241023	0.4570436389703563	0.7660325176630435	0.4511914621161338	0.2688658093304356	0.4305116142528751	0.21809863976943972	0.4211134536449033	0.35507789317327204	0.2495023879912664	0.7423732698328913	0.31158569795257635	0.6718618704686813	0.2209788318228541	0.3526683364722406	0.26024636733906825	0.3466997228165353	0.7878957796589469	0.8513361437992286	0.9666472065935197	0.6521854007340175	0.39791467138239667
0.8118544117733627	0.671494305741729	1.0459130548393911	0.18259636553903755	0.67759469298454	0.2836865511133709	0.35833889698455	0.24611859319535587	0.22176501497753986	0.2517700231856901	0.15653670741962503	0.4500727075507649	0.12590007258670438	0.6777508240034691	0.37724212781328176	0.2033691325773784	0.35712950095169477	0.49531640700949675	0.09092412907860645	0.844254762398387	0.3693435609940994	0.7858461607787905	0.27883977759509065	0.16107434839995757	0.3559276111634354	0.4342644901537162	0.6936417204852803	0.5444866836611555	0.42002359205582296	0.7968868814988539	0.7218994348715411	0.5169715274654832	0.6521988387793012	0.8095328352439135	0.46725721938853465	0.25214982924946944	0.5738856524384109	0.8464589598854856	0.7009397378039013	0.21036128884125652	1.1301019826387508	0.2947094396283011	0.33448425059929443	0.09146299630818286	1.0605729346666268	0.3986618525512792	0.6425387187641483	0.33869052517884785	0.4346071305427505	0.1169024201900048	0.06936823171681425	0.9044235634580194	0.9724166119809627	2.0439845301083395	0.7202307043815346	0.6050061525505066	0.6611656780816465	0.21661674606381973	0.45293785184263236	1.0202621492378205	0.7847644906418858	0.532134667241885	0.5674847020934797	0.3419492807323296	0.674840632448887	0.15113885946220343	0.32720976463799806	0.9383117951744581	0.41427525270888305	0.33617154839257113	1.1496995797405882	0.2571673573019673	0.6332244338825839	0.37855720985961394	0.5077561210169552	0.06751004478070176	0.7387329809811113	0.7506932044254464	0.6394090307276469	0.3871998402271669	0.391332168467177	0.5160511234404415	0.244424725209985	0.5175367034587818	0.7754737519767478	0.1965130762303426	0.9195485234825568	0.18221105313882843	0.718018511362807	0.8902255681531513	0.69737325821576	0.5604342724014906	0.23625153633584342	0.6219475972717263	0.5754696232231418	0.5212788128114129	0.11489784390318629	0.2658219402995484	0.6809391975573854	1.0997065278876983
0.09307738651790673	0.18853808169404873	0.22199480813074385	0.6634158387615791	0.47262866162442063	0.6986844100590923	0.34536239204470487	0.7067380587026909	1.1167766178200889	0.7422206481596595	0.48921092943406447	0.5533170309952659	0.6291656323597665	0.4049114792176986	0.3224296403597588	0.3533939999867811	1.4276477649701598	0.8601037391074656	0.3202495345871913	0.25336428090329327	0.47865641158687783	0.9411463360121349	0.8507296759816965	0.6575560075471697	0.3772701366851405	0.43197255477629987	0.1781646755861843	0.6782198739064627	1.3207608008788663	0.39740232275186904	0.7739104058639088	0.29190976541152885	0.46361233789278494	0.6115899430451394	0.5946948138476961	0.3871299873055909	0.4325502589962751	0.23980549765846787	0.6376845066457099	0.42977731767563276	0.6559999937739341	0.569972855268449	0.6411584528658016	0.5275399557455442	0.21475778075011745	1.2082046753121856	0.09803338939978767	0.9251833896977681	0.6631202693647187	0.14056619508274748	1.2763615654604958	1.2574363458966327	0.9662505199930799	1.1828108063331848	0.5315794590734986	0.2234218888054895	0.5796020726096531	1.2007854159096458	1.0718192725684668	0.9978649037698775	1.4926710890258073	0.22792297128082034	0.29787658942678225	0.5071291116045169	0.9665670297891531	0.630794678125	0.8194481096817041	0.6300633573727479	0.923368206045249	0.20930977358650546	0.4385883930462284	0.5784021197569962	0.2898326015922412	0.5408328621022623	0.20436763609309141	0.9661231953893802	1.2882565648310629	0.23961740152982688	0.46430280516612565	0.48431872376962565	0.44028024268871624	0.9531092432656679	0.6435803989425303	1.3490638562803392	0.3809516012838038	0.36047918368496423	0.8258509748370928	0.8211398932659564	1.1837012976206414	0.4312268068544152	0.7255061142878864	0.44223773326786475	0.18206474113548032	0.2653835137168158	0.23143461125868328	0.9475827212416228	0.7794679745591145	0.5327914839360425	0.8237272941925848	0.7812655029998122
0.6332935854463183	0.7127696119646609	1.5518507975352038	0.9161509002020553	0.6717764059283927	0.11678497523587653	0.6847755025876766	0.37590750788378846	0.3602923646947385	0.6293672811734061	0.3321060749219074	0.8468972837595564	0.08035215406254347	0.2100043129802021	1.0477679486536557	0.18554056887460577	0.8441007903763251	0.6603251700490043	0.657240682615138	0.4658673138703739	0.17543877869254462	0.13986273850123437	1.2025698639292146	0.5752876961069144	0.6214190720892001	0.6803787702013084	0.6972261767705473	0.3526321431020354	0.9094990676748459	0.330228040401983	0.3915719078871054	0.19569250380293793	0.4116242567521658	0.644663134706926	1.76382859880471	0.5684641006062349	0.5437398390118693	0.9080968224778999	0.40881392864807947	0.8065731949214557	0.6895304496095986	0.7758397265547391	0.33472648421469525	0.9718743852506073	0.9580610457803008	0.5443556374377534	0.2507385345169012	0.2970932388258583	0.9061249435667833	0.5304713448734946	0.3838883406942474	0.4970208956020075	0.71719336051254	0.992610113614504	0.5933621621393753	0.43964363129174594	0.5689470497648285	0.5058792457152322	0.44755517939061046	0.9869986049201577	0.6960095342204938	0.11262895948818936	0.30015125247879326	1.4948209396477408	0.6844506019499543	0.9690312090790867	0.19841390282328866	0.9576425803339597	0.37156880838562273	0.43304462152743023	0.11613065535389322	0.45133327550325675	0.9831871643796692	0.37872102098598565	0.828708342262427	0.22470133577803741	0.703815324607405	0.7934463903695806	0.2322508080782542	0.5425319331168832	0.34373574815288227	0.39211798449809493	0.5259790520119277	0.4827485086064659	0.7502737415277566	0.42252103248534234	0.3276568735225965	0.3143345561461794	0.9975072973350723	0.36564975246682846	0.3288641439156267	0.9933532799147641	0.7364349932278149	0.09691556914849193	0.873273371657354	0.2501558533679642	0.25196691338520955	1.1093675484069687	0.46497980857324356	0.773548260405601
0.8662756466888742	0.28134437421409614	0.6713697459589538	0.7541124448652067	0.48209886691824705	0.9573090791584773	0.8403714419908216	0.3978136909993722	1.2652259404012831	1.1042679782779952	0.30811766029784826	0.2010861336393912	0.2523777170488016	0.36720053649764156	0.28691842321466243	0.23181296256246706	0.3943005612223126	0.32637755838323906	0.44818394988545823	0.40317268325226063	0.4146386896450445	0.2721403402750942	0.9525482327851972	0.07377862463054187	0.1676566893224739	0.963698765108994	1.1002007544766692	0.7751164288269109	0.23754330058243975	0.27710871156952116	0.7158933506819893	1.1664115623355265	1.5299457861425219	0.555435491445984	0.22727940211429123	1.1764122706688593	0.4773597954692268	0.5312543813902333	0.5139662220097643	0.33328355560026013	1.3970692851557842	0.8423871485388	0.6582740616565397	0.542077816849686	0.6016232810630657	0.9008866679175482	0.6511874740313082	0.2185238647741935	0.605994325388787	0.1263036670728053	0.4363983703070414	0.5482799243920911	0.5090196564126582	0.5386754837791747	1.225953228416723	1.4984363742362106	0.5169047161826499	0.8672066412042504	1.0043347881701612	0.5399902704944294	1.052033740272816	0.9121499688383965	1.6370854357275568	0.9780324606528806	0.08781554544341115	0.5461344207604739	0.4695551518007022	1.5305313288755593	0.5781367615522597	0.5539523431172781	0.31753173885976754	0.8548686091637802	0.3485629421136128	0.9125548261094499	0.3127994461856018	0.11265859462062541	1.0616866839667793	0.7756086935581695	1.367199270331558	0.5485569268590835	0.6784578967090223	1.2200534560053873	0.7069529197677286	0.6452528560728628	0.5850455485207011	1.0536963493843643	0.8802878020441578	0.4050336916072471	0.3038326969270392	0.25777800378996224	0.26771902194500374	0.8238135944652044	0.9075425137628276	0.7411936227094778	0.5067951601108843	0.6147981650853145	0.7056596323112982	0.5125199725948809	1.3716888720498288	0.7130872175733527
0.4847296169496047	0.8665995200967428	0.43039021206890155	0.7788860660944887	1.6212312105496256	0.2246399724564724	1.1908524462370713	0.9734976959315367	0.7234674255969806	0.9850315269761446	0.18926926115680315	0.36466590854364267	0.5584532968994829	0.35844400391063713	1.4533162564068534	0.5064554639825507	0.716897422195671	0.3998125780571224	0.48747709968378355	0.2322240003927791	0.2761308481334065	0.4016736270078866	0.45301922558850904	0.6378158603422656	0.3869289031903184	0.4803235549746361	0.3304242043596634	0.44250102732409463	0.7474425027548085	0.7548458019822147	0.6470359583376623	1.0723858612064194	0.3471051818905472	0.3824292307197769	0.3124536426720629	0.5863015394207081	0.8053125265158331	0.32302138959382465	0.6812590863145653	0.9550506427133221	0.7003895184889963	1.1053316437509104	1.6763771619382026	1.5127809774913703	0.9972391003206278	0.8109034380134716	0.29704383688159114	1.0538667222726033	0.24684876655665283	0.1713815835445876	0.2152146781373402	0.4580908812441094	0.06901016770503345	1.7063090743624467	0.2086936105800791	0.3440385710761981	1.3729048659488856	0.9348687918088295	0.5938308868575419	0.3338289496171482	0.37717415092514167	0.5930762514649369	0.7488102223634665	0.4602143966150077	0.2509430045214527	1.4011592443198853	0.41994193639006905	0.6349787281988427	0.2618508297613127	0.27984333933963623	0.5800686233028496	0.912997240957621	1.042061286005575	0.8279220306811821	1.0660414283636896	0.22804058099629765	0.2890477357834977	0.23599181091799692	0.6375490579637233	0.19988652725106743	0.4856840750748665	0.18153005077640955	0.7788178175600923	0.3641664956330034	0.45212753441579123	0.3049319961831047	1.3974909655903218	0.1460243802401955	0.4649743601213928	0.32152938871981523	1.1620507471413077	0.8511918614947717	0.6702725249121823	0.972309541907656	0.36059022871473734	0.28098991209487506	0.4741303470052886	0.712970518706853	0.6097505274816892	0.35352866034266495
0.5060393739256805	0.4021594000691457	0.6512388645643967	0.594383389193542	0.4605193390050153	0.8361095113580794	0.5927201001901427	0.6398286226618546	0.9209550697369929	1.0103819296749559	0.5892901460721868	0.15974582780235985	0.916570409356827	1.670072629091804	0.6069810117946347	0.8295519198846265	0.6149030169537271	0.3232889188355869	0.6056865773498749	0.13840374644426204	0.8521894552021996	0.30639890590978797	0.32805296009464957	0.19874485127883634	0.7917895580967831	0.36340796558799177	0.18598231734525972	0.8120812154842181	0.6093629953962503	0.580417360142634	0.4939873247390965	0.4181962259295613	0.3704286151715892	0.37352365773768403	0.2034247786049383	0.6545454218575537	0.38247372831063065	0.8639295755794685	1.0400160502729825	0.29467492614463703	0.3708876450088184	0.1555646015047054	1.3407927247226903	1.1904903210251023	0.15006126918452853	0.7953653642493105	0.6459495247819671	0.3946983271238528	0.38071222704979524	0.324310938345645	0.6791278281321184	0.27100557089009997	0.484728414565791	0.834791772542548	0.5006463849422301	1.2912396278294451	0.6423702754434988	0.3178555151590457	0.719551069920476	0.7198018661000134	0.2780497254416089	0.36489031779051456	0.10943851326978314	0.4722386307101205	1.2313413935660484	0.2796054389765319	0.6777850029029965	0.27495656943645963	0.39337322774490224	0.21741735490772557	0.21727290111131425	0.2825009580248023	0.3646500977514806	0.7937864653038875	0.21694794336436962	1.163161279048523	1.840688344307254	1.0098693876175233	0.6313119703103601	0.600905841614803	0.5411107276567794	0.18679329281768484	0.5945813150477427	0.5148491669477016	1.121404974671533	0.9193227570515126	0.4479261389757389	0.9665848794900498	0.9733832340581375	0.6409522070018403	0.4619786747334779	0.37185699733946564	0.4165069701581456	0.8804734361775179	0.31519805764904524	0.7552197582040017	0.9549065830515732	1.3251477588649063	0.18386364142482192	0.2949992548855072
1.0443737347448137	0.36487943905207565	0.6968300274087503	0.421831400247095	0.5645441776632003	0.43040542635586315	0.6191546334221251	1.0627458944796702	0.3543461809155383	0.7233136668575958	0.939259122306377	0.48214973981691595	0.689592055112076	0.12138170022667132	0.6391082381891248	1.9005076906196694	0.4637582009066921	0.9953874335986492	0.47705155903570595	0.26640168164508987	0.484752902753305	0.3876343530071499	0.4873710293854323	0.3645352410895407	0.09709716444639334	0.05041184525930182	0.09186462422695625	0.40118456804846003	1.0730156650929719	0.8894540882263626	0.8800169809842825	0.2575814897413461	0.30133266363993716	0.29825977671528947	0.4487415190437166	0.22572648581572338	0.2583148599944549	0.3145097739914887	1.2682552465723602	0.1890617023985866	2.249569487392566	0.23836631938037947	0.7135333662692805	0.5888547828258911	1.0611434299231672	0.5191343259493926	0.3777945236510878	0.19093595286318787	0.18932835901064346	0.7335434892075708	0.6340873459454894	0.03524247021531218	0.7430567849099166	0.44384456215122026	1.1520300967467443	0.6248096528263867	0.33644210819281656	1.5117755389033125	1.2921222008937419	0.37595957175086964	0.5720818887836124	0.7529908418111282	0.777910844708806	0.1613613384705634	0.13549660718745515	0.4950131946743874	0.17400182020238514	0.1371010078654617	0.6402800229028971	0.7039277489263636	0.21364106162466687	0.9850983442857141	0.6052185319604505	0.34981923930156195	1.3669861335996558	0.5384969075668543	0.22021179249644673	0.13577943025408043	2.4298420292904996	0.9708680702750553	0.39700914003848226	0.9210568601803636	0.6312493270127523	0.3232963697307309	0.666168504359182	0.6439474576390992	0.5959013741521025	0.5590053585798702	1.0174939777218859	0.3596323611650264	1.400926009775431	0.5871672908818609	0.9326963316444808	0.8057085229781332	0.9475158104167972	0.4182259777867152	0.19331918272253726	1.0607202081944014	0.5426255152750785	0.4801572403634736
0.5659221253841714	0.8981029815642404	0.39597437445270717	0.27608961617363253	0.7627445385473163	0.6701789681766478	0.5971876281378734	0.8988079030212954	0.4357016783145151	0.770670624655023	0.8699960465846996	0.4770119144114526	0.20660094576098062	0.3146572322148655	0.929302534801926	0.37016929581452424	0.490081988359282	0.18381859464946423	1.1255460102613595	0.17507467969162294	0.13437382507836446	0.23154720167645698	0.42095889786778357	1.0681114433711123	0.7469134046570838	0.4017991089331143	0.6108274416863803	0.49332037212336605	0.18138280364923606	0.75202381837042	0.7501462443076586	0.5443476370442424	0.17852523371536025	0.7687353851822636	1.0323412454005143	0.39945871170720443	0.5899519956437391	0.2840391312899525	0.2615691818249581	0.41827822135913134	0.45160479147834126	0.7158535960141652	1.3235758090522276	0.4752831361099391	0.6414127540583532	0.1438643996808734	0.3917311229672882	0.4088885717483116	0.48232018984861713	0.5014897923682035	0.116882116030272	0.3774905820164907	0.46388768944494707	0.47671716927656543	0.9725925397472218	1.1086691734036018	0.36992150267181906	1.4474135022589134	0.5416907130727172	0.8397569592843246	1.8846794045870197	0.3512657640767249	0.6995932410072006	0.45856535984714675	0.37721479623230897	0.9855244475483521	0.06662473374351371	1.5471500815291372	0.2884641535263439	0.4600204207205837	0.8359533491879724	0.4512424407329441	0.288437294059766	1.4471183954145028	0.44200445487131	0.376495567141096	1.2578323955473647	0.5263001330207452	0.21834554254520716	0.15674877031210185	0.2807129038799214	0.17780779404240254	0.2547170121032737	0.5169082921200548	0.793233866900002	0.1465917931889476	0.40158638845914446	0.2689481029552025	0.8195843920162814	2.190044525899839	1.0888860232289592	0.4757261450607328	0.8944195940560132	0.5023505469889687	1.7445406009152513	0.32194762312778785	0.4592204977855636	0.391716695251286	1.1599874975526534	0.687846884174312
0.4832894148825177	0.12933250406174157	0.2741310913705584	0.20464666360288467	0.6390921155139007	0.778821580306154	0.5398106117712996	0.5639097708369593	0.19755377837311047	0.33065453463785255	0.3146287847613931	0.5972863019992362	0.53254116327389	1.2224909365994918	0.45458230149672524	0.38202477958465747	0.3238452571291472	0.13084393625912571	0.7633361170940169	0.2594942360816136	0.8439868154070259	0.4806872124367828	0.24357654073851864	0.5304332866835598	1.1333642668921993	0.12370813920842642	0.7763398215636302	0.1426807571561803	0.33230584385113077	0.3637302373899769	0.25247545916969294	0.16168931790734203	0.16814937905229488	0.23842372828734446	0.6126387685533159	0.2854431542551086	0.4998314829942969	0.2163699027069778	0.3588609970350404	0.56164032516278	0.7113801762006269	0.1828978994115419	0.7463040165253286	0.47090716269643595	0.5904477195206308	0.5022907844416721	0.4264735693764139	0.1760092786657306	0.16667043361923906	0.39342071868306644	0.07162746947111832	0.3156998981225074	0.18710180952765898	1.0620035092111728	1.0646999116472924	0.33745367655664804	1.043515073014434	0.44570686747177957	0.49219365188246383	1.1238959028451485	1.4916517802799485	0.567937492004971	1.5307155983413907	0.7883749370137845	0.4151912336114464	0.435474342112949	0.4448237160369687	0.36772003355807054	0.23175798806179773	0.7348622575395398	1.2163561961932094	0.6422414265323291	0.28252295200036065	0.44713428229592905	0.43618231305058275	1.0824938308292045	0.5009122618629843	0.7210248517478152	0.36323828407454944	0.6996323482710151	0.819952399035718	0.5455020900807773	0.16755475074522985	0.5103945193639705	0.41415006004718663	0.8392184343984409	0.7488553666539803	0.6987356535508495	0.1936950049121605	0.49653215605634055	0.3147028100850532	0.3455518940933621	0.4731615273925841	0.37195904729596435	0.4939037157180915	2.3968416920389872	0.5525653149378909	0.1971437545630503	1.2451645627000916	0.1820158214722756
0.35257154800913215	0.5275080305426516	0.17292878362858555	0.7278979512181774	0.6153512232053483	0.3748551491196328	0.7790673549045379	0.29636632769742605	0.12679682179461105	0.5519427811587954	0.7669466445122011	1.1516365199320389	0.1071192960039904	0.8651947952770207	0.8228314379536112	0.5415494402914303	0.656486345807115	0.4352386827276854	0.5140203466361482	0.7163902481443788	0.13796429787958786	0.5617676019484829	0.13352141300539572	0.6143076014024874	0.5567209179155803	0.4196320984346435	0.3519362270552194	0.4176514820037707	0.4303854607758059	0.8045620951009494	1.0651395634608407	0.5347697943745775	0.6088864648579255	0.6408402667393275	0.18750474336582243	0.22632579516260506	0.49519129861517713	1.064043788328377	0.6950530925449335	0.591025684137497	0.7731300942913889	0.38997794158344	0.33929396599517003	0.8267906151763218	0.2843865267708227	0.5620151159207443	0.07631483825430121	0.295490991643899	0.2029078810237616	0.729929063980339	0.17068431177149876	0.1669222574132289	0.1286734841816558	0.5684608816838489	0.23140887678761266	1.126021520717238	0.2534911510957526	0.7336920447362559	0.15832040355109292	1.2855792489249376	1.0735447526337585	0.5649836807835908	0.29751422717167425	1.3709108648279311	0.8486176359696228	1.295100929450322	1.2353310576271863	0.9172939697181084	0.9974168289146195	0.4275198015790901	0.4154057037104877	0.2840099333866705	1.3245372542260747	0.2694979881871822	0.548244649718269	0.43044276508902174	0.32752596487461183	0.5492612658214178	0.28453142069546494	0.5069382895384812	0.3336776557158289	0.14906272918281496	0.6445761122630786	0.3611978434903829	1.013274082525221	1.229227581295973	1.01420961928174	0.3403491493730122	0.581658243677951	1.1614389932454674	1.2185602941875016	0.5807655821621778	0.5291219281530308	0.659136639966812	1.1901214699808529	0.39172392747515533	0.29445002861573927	0.32188601029757413	0.2705887786072744	0.28013096654077585
0.5094648160277445	0.19937128255675418	0.6633569727667263	1.4075643077587185	0.503964283382456	0.32692720381007884	0.24930466884224917	0.04329702877467711	0.855518657900121	0.5165543704216217	0.35992568499173067	0.6031147428738154	0.7954038693283697	0.3879041452714329	0.8270261135933128	1.4535357136133698	0.5065735924972262	0.4026695912652292	0.5570132396566059	0.4187122861806234	0.33788244696960823	0.39745378048691066	0.31848386281874	0.23444556414403275	0.25075318341197617	0.7756105127673985	0.368400275234355	0.3321755845248583	0.3668134063467971	0.2681713932418097	0.417307035632926	0.671849477296041	0.16224140303646076	0.4930453154945816	0.6183071589648691	1.3026530994468586	0.5337590039994612	0.9125197572993297	0.18417631964423373	0.69435001655734	1.462614890106767	0.16773562663998795	0.5765424059400571	0.1678836037968374	0.12292685326257059	0.3438309489746262	0.4446765002429396	0.47791619439271005	0.30760654882041266	0.370808088451136	0.2793441822609473	0.18431224144291578	0.4395776004145413	0.45591941958317417	0.23900795601265554	0.17076181343030236	0.29520053490663506	0.7030525704796962	0.7459423779570197	0.42847838653984843	0.5014983601636455	0.6140993389157261	1.263387629590732	0.5795660736443822	0.8110112217441631	1.8053143503720048	0.24736504551733518	0.9001106866115061	1.157425587058751	0.8625806064995474	0.7110966526155861	1.573237140368877	0.4736633740821945	0.2774233068223202	0.24463714980315318	0.6061703078761003	0.8628875940291255	0.9858915611889638	0.5717395648325934	0.9895160599546597	0.32869760904841455	0.3170257911586669	1.0984716946707966	0.2974103737166013	0.5038269345875585	1.0482940860116994	1.4399813285142828	0.3378704324244614	1.0478603831258448	0.18818613980554966	0.8249887962375834	0.4660972963806859	1.1623418747555174	0.24375405488234467	0.1091890160713863	0.4815976692616795	0.2875767581557589	0.6410584936811652	0.3112158673198361	0.4238618573844016
0.3670087475817629	0.1565173979072236	0.8021168698858745	0.17157505443153415	0.47443474322853835	0.4994946147323697	0.16839527063562698	0.9639086731146855	0.3752486030935464	0.6575669917857683	0.7564698778673387	1.0712725876361768	0.9854113194192442	0.4022400245122935	0.7640492857353042	0.9991940007977983	0.42277710861053647	0.4696230694341691	0.24693994267605396	0.2853575805231645	0.2592221076630811	0.2053694302428847	0.6956204204601135	0.504948358086544	0.4149839450793018	1.2740003218880178	0.6242390149537138	0.6534180873711442	0.6273287633567812	0.14865134707144034	0.46278996896317937	0.27707478112232314	0.7874063189995087	0.22141450654758865	0.5916958926150316	0.8692460192116701	0.688568231925757	0.3806250920296954	0.34207665589805825	0.2570774838251926	0.45658857262747005	0.6086440449054581	0.3711519006192751	0.20502842257567558	0.37168391430953374	0.2547566265013274	0.3470797389488409	0.11539378217547255	0.3251925595505813	0.5285376751790827	0.1121891894101412	0.36619605073277633	0.18163123982482796	0.32069632420888755	0.49774115898471694	0.6878613739954481	0.17970126111588092	0.4846486479642189	0.6650165479935157	0.4294320150865641	0.17705180883151647	0.2502181368531124	0.44634859640424557	0.9502642753156566	0.62360938312347	0.9640274065832747	1.1431927459464124	1.0768157037429187	0.20015883385147584	0.41264320769193036	0.5964636695646429	0.24304169227561795	1.146532907961466	0.5393672328120662	0.6555522128780833	0.9997153147043663	0.3417444346115523	0.24503064135062785	0.31615081188259875	0.33061553866976995	0.7392702146121147	0.4808201480150309	0.6622274303557046	0.67086663139823	0.6826545746609893	0.5183450231091984	1.1077022859627266	0.4690281488092613	0.6053206322332916	0.4272289421164893	0.19403059601694522	1.903781418872935	0.775314201779987	0.7552822136011201	0.9114067254982694	0.22903991320571943	0.8368211643584246	1.6239333262592883	0.5122516456986907	0.2524771611426203
0.6316493542410428	0.5623652678962756	0.3831988880377097	0.337671003910517	0.4590143543696612	0.2069114609768333	0.26795952591068617	1.175270421468515	0.5172415333525106	0.20790311184761004	1.9319719610730242	0.3963611636343529	1.3582315628370878	1.0755856478505221	0.8957200048879315	2.3881291674476715	0.7156982967557953	0.18063477085826962	0.36290641387610906	1.059246690557222	0.4026152388396477	0.4716080424808213	1.3393091503613046	1.1002405432674736	0.19047754281655915	0.5526880073057563	0.5123636753869062	0.34401329057004293	0.43899330552740834	0.30702597926201425	1.1336758381180818	0.25716978006730123	0.721534949686435	0.8234597849771155	0.5504870885773847	0.4148559475521335	0.38305003155216294	0.40677276730519935	1.2546985260265162	0.810368930955212	0.32542833422510137	0.14062227887983092	0.346473596745283	0.626393554601151	0.6061343823506143	0.7246281545191473	0.20372517766728135	0.20507411042549895	0.2686733512360428	0.21766344942585023	0.09766307258213343	0.8430713913414992	0.8245035224007734	0.06558000958941114	0.3082913227943973	0.21071805696715049	0.04986006050867351	0.6853822951329401	0.6398246937320745	0.5809799334268858	0.5762870163766257	0.382512382271343	0.0855389002607577	0.38188311851065443	0.43914103418144673	0.40380255815331795	0.5835583755783709	1.2804569364037508	1.5354450068961405	0.6933379384659529	2.943238903542356	0.5779835457961282	0.7886936803066188	1.1431968057665916	0.8677393741545427	0.33457754860606814	0.343746172538786	0.9627857985400929	0.8575628494374123	0.19022258478482368	0.22738552742623752	0.33103153555667125	0.14422618856075448	0.6030061865104509	1.3121052791575605	0.5805134991631021	0.6092966305681892	1.4762998825867457	0.41837583721653093	0.39204697251030846	0.7303342345820628	0.06130222677487271	0.25063656404702966	1.0716885749175715	0.5154000978499761	0.7534097955989307	0.20660018164813543	1.2068329903866084	0.4101548971072342	0.5267327014226494
0.5150049784099201	0.36977273051436665	0.3641876161617046	0.749510329343348	0.45923256731995266	0.17610899770445654	0.18720921024282905	0.662254067318429	0.8195868260448829	0.4072615496189935	0.2900997587991586	0.16922212322538768	0.41192242946152485	0.45474482442255515	0.9178775312574892	1.221762272503986	1.2533281151288644	0.2700592587186721	0.7601522039044238	1.1452283864477708	0.21518142679770633	0.31443085622262984	0.5730286203628688	0.4257565832447986	0.06921527021147043	0.270805121763568	0.345806843676616	0.7559894450599828	0.4819422344053203	0.6923530973847687	0.20113858352885297	0.566686547304086	0.11744223512151128	0.11680321212673565	0.5896934233888099	0.4524608043903032	0.9112650416299028	0.27880549376031505	0.16116180631001623	0.29497146795768825	0.27925864983539295	0.6387638475997833	0.15686445295886536	0.29386634206658974	0.4467913370055035	0.14741877475694448	0.45561140917144505	0.4091000812040648	0.1618241419830426	0.2604687039123371	0.36388190521816033	0.18879024423127463	0.10052439764441909	0.5331239293153128	0.9757047749772679	0.2158239927325839	0.5271037175500137	0.6792985030240165	0.49995039133499536	0.6345256727363429	0.8496936762542848	0.535010552457279	0.43411538132237415	0.6664884107358291	1.25198434751122	0.5156370242148242	1.4137412742128224	0.6678891956786284	0.8725964450599127	1.536654194459642	0.22201807566770362	0.7148251713951815	0.5547076985733645	0.24554798693551233	0.3426853707737094	0.3578689471012317	0.700668756974304	0.26046569491889565	0.5510265907005599	0.5183058456715915	0.7889302777792879	0.5866300159532756	0.1928619870234504	0.33680532350408116	0.6000060399332154	0.8776556754395577	0.4919699559517983	0.06900390556606409	0.7184076020652421	1.6769055358108043	0.15361010241214074	0.213286631422245	0.5647117702619915	1.257533827869428	0.2134765721086185	0.42935491502361556	0.4315842878474495	0.46866301479208283	1.2083177940720629	0.5149172579233329
0.5962051671966331	0.5388562440291359	0.17523122303596	0.11631970764814573	0.39626700497787615	0.4038246539242068	1.0848076461337406	0.9116992467416916	0.5183102806251629	0.9634943731995813	0.29218336152222224	0.280471258495872	1.3982346341013723	0.8104682676125815	0.583574714691918	0.19546030877104373	1.3696875715893573	1.0076457043196814	0.14433078686129208	0.20671322674565112	0.14212402417364875	0.23618547077581492	0.3777719422840278	0.15637712025813177	0.668652588431375	0.17500043229335632	0.6176937576312946	0.6379382322192513	1.1235468439497183	0.20671845155636306	0.9624385452130707	0.0038396915477629983	0.7743582761064378	0.8100245689026099	0.47556998309204274	0.60934980008165	1.522610909787337	0.4470800521938968	0.4163529142993427	0.16692494048098153	0.1739423005904418	0.4679372505460478	0.4986041061022292	1.2208298142715228	0.5528554257115681	0.22203707976849646	0.29486471748720666	0.33674130041712186	0.2428430544256896	0.09529144090827368	0.2157942466743663	0.4597277798213348	0.8753003380181347	0.04978130876884098	0.17686899661628072	0.3784682403688802	0.14850424464417702	0.4191084520538136	0.465595356738703	0.46956376742148803	0.3866331848577855	0.41133523314633674	0.8692158934962875	0.663448465376246	0.990611501466417	0.2392717644632622	1.1672497064951879	0.3957361138221619	0.4461384239025604	0.6589648931442896	0.40799652133130987	0.7919086356346974	0.35915808405849703	1.0184902804265608	0.7189511732672527	0.6930549868197358	0.23720589245981583	0.3721947694197764	0.36898611903063466	0.1829922625290579	0.8234489878372278	0.21323139821642437	0.968592940208034	0.33266985065502186	0.4444800593343604	0.2725535882471911	0.7498174253670695	0.6438147929601737	0.4792877303104703	0.6575673904210357	1.7716208186148747	0.4012848339303508	0.7558915463741246	0.34878326627149125	0.4230023102004546	0.9916735683476023	0.3846628382415254	0.8815968064719252	0.2537122904082694	0.4693105214252175
0.5631635912484874	1.4718981398705695	0.8234836699934256	0.21853881746522158	0.28808517720965465	0.7576647532277229	1.0308133222349163	0.8173450137489204	0.29381674166579874	1.0561404765140603	0.4765090834579235	0.4089733734438949	1.009135276614419	2.3534226164371224	1.639383060348675	0.6352606624477375	0.3793730320448313	0.5215226528571428	0.747725715189601	1.2366277331128213	0.6260089458726873	0.9669918601084749	0.4084766434650308	0.16454206428715337	1.0450346922050562	0.3577358786274117	0.4405771805058249	0.3935988831889674	1.0884063439044986	0.23108365149050553	0.6955750838667861	0.8612179544847289	0.9543010845165385	0.16690091162038562	0.43201149140650513	0.47079590173486546	0.6799209672761543	0.19908713608495554	0.0291299971279566	0.8559757752028253	0.5019305647602488	0.3051759518951841	0.4590257788437279	0.3316114894186421	0.10171145915652348	0.12964346845160912	0.11615759272221632	0.3150387854258937	0.27649591250960376	0.17472771258195266	0.1731378385959386	0.13925688279239903	0.13098652194383834	0.29436666899154296	0.3935018507650279	0.21098340252184877	0.5520709618835259	0.5664837749418862	1.261377673035868	0.4591242441190604	0.3681995182391688	0.29632088567155135	0.4146362205174524	0.62887676607379	0.847351373428767	0.989466408880661	0.43348358919570845	0.8823270777652331	1.9870342007566584	0.15116760207473162	0.7912751744413956	0.18169849673942726	0.7025390904957282	0.713913691579999	0.8797190346223608	0.370838355272392	0.6499029795229032	0.852931142542671	0.35371810155201266	0.1553665447994561	0.3100505119250031	0.6736087082789267	0.5484351715685762	0.25234345445736434	1.0737487711826321	0.25362352292326523	0.4953414659844438	0.41242279767500567	0.5792925983729267	0.1705071889835192	1.9337766295312444	0.68697944261523	0.7245342482550218	0.9493271285052419	0.6258331084757525	0.3557893259236569	0.5346297202834351	0.957891926412409	0.14076550765265583	0.44880260771185754
0.553237872107212	2.0063354878344994	0.3735807684044189	0.2555022732580228	0.615528699609774	0.22100774382888516	0.8157168170843653	0.5669816017172432	0.45098115967426833	0.8536643236791313	0.8295382068493151	1.5215353527241966	1.362696644402477	1.553221314600563	0.7547473350340138	3.073327067107696	0.4698426623289345	0.4690103862847937	0.7020024072957638	0.8203079994703856	1.5295425938078469	0.5670598235901817	0.7157124770632309	0.6163473416371172	0.49823018000630714	0.4956190261226442	0.799806606324722	0.25577270183087825	0.6016535451807824	0.40807288618570314	1.2133450236321202	0.8592982000950063	0.28489605321586686	0.37915264669681054	0.18387652858106807	0.2107027947579751	0.4262141196524216	0.20940260191970855	0.2909667039612791	0.3091275310834382	0.2210461504955681	0.1360120295955826	0.4694312558204983	0.22767987323439534	0.9226179445947914	0.2981556357727281	0.618940709042253	1.1467778356918081	0.437033181179325	0.08147329741475481	0.07838915355612953	0.19227491025452412	0.19083701422802746	0.15051814128172505	0.12328145484668471	0.24343894795354445	0.36951321811293386	0.47532332647538705	0.40709018166921235	0.5378223097366343	0.4223981970333657	0.40060366258715235	0.31496528791309936	0.2227916583315147	0.24802112285956926	0.7227641226846708	1.0436238409402332	0.5198833816710581	0.43924559714541495	0.6024746352055588	0.7322462874709569	0.2977152421776526	0.4784318552814116	1.1795408666983056	0.6736179944993764	0.47444789336281296	0.16466791634167094	0.7426260630186197	0.5325203174451022	0.27235221875264026	0.7159396924410187	0.43787230715875963	0.6852634391270732	0.3767835171524102	0.514293652908475	1.209938479452171	0.25443710722308366	0.5704158084629294	0.3559680828840413	0.4446410845015224	0.4552870624826362	0.40470291425875404	0.26743196880761677	0.5422161599156975	0.6563336604843436	0.5376129879183151	1.1434556201271355	2.1189481676555024	0.7626180468839012	0.6449576236651647
1.0831317412934407	0.22869879072119137	0.08937408065502343	0.6430249146728149	0.2913442534107924	0.17023873857961894	0.6946240508007584	0.470928333362265	0.6355919265923107	1.5383519495327105	0.590672904328479	1.0424914152408629	1.5052281113418904	0.8984657562614666	0.7391479213858575	1.7356333945461635	0.9970361735670904	0.2236374676659427	0.35111790942478255	0.6820288576237973	1.066801028914606	0.13740884678996268	0.33852970934665844	0.19873907233178706	0.8812066126123421	0.9487553585335192	0.13119923708174996	0.40409007953995696	0.5483334968385513	0.8614485628750652	0.2998664190688665	0.2975944412917366	0.578332215627421	0.14655860960715575	0.3797503415770698	0.3282420256233924	0.4437073266857814	0.46293335921603046	0.636971114582282	0.12459785758357658	0.2514150225316412	0.2322127102712196	0.24975463565538925	0.2373649968975423	0.9658394701535788	0.927590308022902	0.1909282863280422	0.2534445606868152	0.24011521542548858	0.09702381731804263	0.3919924153255814	0.2211836644275422	0.24726693027690436	0.0798533214837448	0.2693041146857404	0.40985620254382765	0.07154857183651173	0.16199147547454143	0.5544762942287972	0.101331389201075	0.44313705675472503	0.42232049561209806	0.4137357636899395	0.6191965385389007	1.1391740052256887	0.17368884021465147	0.3139307871260727	0.6190063597150766	0.5517754188790147	0.6084407745226081	0.7904088027763408	0.6003956882623963	0.5237152120286287	1.0583400473664786	0.23811472865511646	0.6105626886157678	0.42288709523809526	0.44545613930505185	0.4200976361043118	0.29660988648742964	0.4378992053802941	0.0959705162509448	1.1274567883215476	0.2018871428100967	0.5371429985766004	1.2432543682636557	0.5249883675445699	0.2888560252955255	0.8024093861633659	0.840947069957955	0.6509892586817629	0.3265238904961832	0.5976107592826663	0.9153292788312213	0.25567221070594537	0.39037489727910746	1.2618256884687071	0.5722058863471902	0.2892703562431651	0.11933870412875286
0.4880270614446529	0.16723188298905683	0.5150806783712035	1.288613295105839	0.4745159105451924	0.3146790171625493	0.19105318041259767	0.5546740358637438	0.5016732497932175	1.2830100516334906	0.7312224541607898	0.6871191297781833	0.7325553276063179	0.9001577429735327	0.09846453410883395	0.6246733102532943	0.7831783861014806	0.5703354394555421	0.6888889687211952	0.5514579738242834	0.6407291224352408	0.8543468602732921	0.5265736927904826	0.765624914742486	0.36860323450812643	1.649998047980084	0.12508880500989797	0.4374092184652069	0.6673371666520436	0.5766960536905966	0.19604758407505862	1.4805950286742546	0.46551283174493097	0.4875648236970659	0.16222555340018877	0.5535276820050316	0.14824106435268003	0.26069787484394197	0.12807476475060828	0.7746599703099138	0.41076056715091175	0.44836495153596134	0.33745072265659287	0.2879235363290648	0.25789512149569854	0.4951466609513299	0.27993619437460493	0.5017960458453136	0.14404845749156145	0.13692699772657768	0.15776538235415175	0.1734757273863142	0.10567216040165835	0.10714697852151527	0.2133575510353008	0.30714953869081457	0.031811149927342824	0.05206969846115142	0.14474127936437042	0.13177912146996537	0.380441599194596	0.0455973588940874	0.5282587715600898	0.4703680570089914	0.1998527823944788	0.6127396764167059	0.15128810124568975	0.45239538943995045	0.36307682038285394	1.3736146045557887	0.13834859151092788	0.5371557178826819	0.09636530186706498	0.7611435588575203	0.18395060559127122	1.057139372538315	0.4144211779470865	0.20279572695013592	0.28752123724549156	0.4935073659511262	0.5169373066397228	0.6012428400493892	0.30042209682766174	0.5510213011122698	1.2051193640740792	0.328210853867175	0.30583958575283204	0.5715124959190949	0.3879237524525432	0.8000029806283773	0.4189452064692198	0.6870569374883742	1.385321696464959	0.5076632628171414	0.2389133470778362	0.26969484628086937	0.8472224412322504	0.14979154062285105	0.26331289187118007	0.20494646317780793
0.26821483833204973	0.8858483522124646	0.5159871063094186	0.6747976374092491	1.0317369900179534	1.1776997821506106	0.4730914063168659	1.1632899410377358	1.246197436720162	1.0611890223889808	1.5789127547254393	1.9344306942163936	0.7191766854751173	1.183036533189233	0.6444360774186598	0.7103006966718303	0.467272493096303	0.738819091385269	0.22802564871242664	0.41874302626960497	0.3382987570749855	0.9062893717868749	0.7743202322445635	0.33931893283201264	0.20597738141365657	0.4772861285733973	0.39249938123143685	0.6092738173144	0.27721728464417644	0.5567553692622917	0.4020965815027279	0.16742654176134045	0.3164098812498107	0.1723866604320584	0.32312306068370017	0.11228715196277965	0.22666191439860023	0.2653564151720055	0.38398881671457497	0.5371954972424259	0.18910734250223432	0.37050517646916853	0.05359556413948573	0.31387919832734223	0.34130385264430224	0.21132285503740808	0.009479317002257336	0.07089248349597875	0.04437691071904801	0.015377089133333334	0.04540671486065907	0.381768175861573	0.07381492242148396	0.23390639711159328	0.10365520447441118	0.377260316358253	0.06485762422973125	0.04910600908768079	0.3256492044400108	0.037094352682658455	0.3896948698400634	0.13643240790302055	0.8622383436174244	0.44781137440003416	0.7375166739527675	0.9666263522274965	1.014652216450876	0.45266370016372603	0.09646612438094104	0.18975379524510316	0.2955681084008759	0.2215449693570302	0.6183706481921587	0.22231202238192463	0.540808324749415	1.1269561451257288	0.14893754307072096	0.20086862793578342	0.4071134033015945	0.17319496623335695	1.019847759038014	0.4744013915394843	0.6668680064776377	0.25242829031494013	0.7559411758100477	0.17392812599118485	0.12540497069790454	0.29447958940717683	1.3294393825239013	0.4304468734650863	0.20086779414815276	0.871302955110301	0.38080842474742105	0.31379908836238907	0.8368183992713188	0.17335242567492998	0.8955057821253691	0.48615751373021443	0.7340967648198835	0.7361686101563987
0.6507431779929708	0.6077424440511624	0.6407486698028007	0.7153982225601874	0.40347927188511584	0.5617577438812369	0.750924943553965	1.666233766057875	0.4737697593189721	0.7249450559652928	0.3942707705334372	2.473753807134894	1.0957708637229941	0.9854389820433644	0.28058041366529374	0.4023642814460587	1.246719788987081	0.387639720952852	0.18918439612252813	0.6070482053747562	0.8202171988420865	0.2170044204260402	0.9413551295324075	1.1049353062835419	0.36516616715099004	0.6392409049501482	0.8135550487627295	0.19809417398266752	0.21147245610353355	0.538024063870711	0.38323190279297464	0.12653883544496924	0.11888366864157064	0.848784481198908	0.6066238431798145	0.21986918797428417	0.3412009715922209	0.5590607666397096	0.2295386790310049	1.0828242108144348	0.27739668650718363	0.17156752958147184	0.775723177789953	0.08371546092757134	0.1649731634378419	0.3568821768526405	0.20315111201506592	0.28732490107936226	0.141016981002331	0.016927321736909667	0.08446896506777894	0.23457723022284613	0.06556630732618317	0.2658489361633472	0.29491979916793093	0.24654141840384794	0.1803742353446611	0.25870323044404575	0.4290064754094635	0.14556800264423078	1.1801842560212146	0.5346899150548357	0.0489337201500661	0.5839326687132734	0.22809914553645075	1.0010220864673103	0.14345815592606984	0.6196998516246364	0.5590122725955237	0.3273850832022454	0.7114953552583978	0.39656847709134696	1.6015747293356615	1.0001027733139727	0.37901051621433085	0.427455002760285	0.11141002501307615	0.41146175769878707	0.933171184170522	0.6774352236851863	0.0880300499961835	0.16273424691942692	0.19840467600992	0.30844374133036273	0.29988782237158407	0.3627497532175451	0.49110192936273783	0.28542023592112753	0.46478308218602116	0.26693554586640367	1.2026896148602322	1.0371118988965484	0.5369571520264278	0.5161395762982377	0.37628435184419684	0.269021547315193	1.0672401893284449	0.4824200839113592	0.30656884360040243	0.39871250431264194
0.43125776275820166	0.37433850278167846	0.5664852015588454	0.22484249249855812	0.2223019980174639	0.6560522739458623	0.6414050680794176	1.0339609551932443	0.6832907297582126	1.452473615885115	0.512396645321696	2.432368644919154	0.25531834008452337	0.5362444656407664	0.47637626740027084	0.6784645375634009	0.6231713746496427	0.09606167740940062	0.8113372623624697	0.5122447079775666	0.6491790362870017	0.5084498761574193	0.47676730887202773	0.9650675481860422	0.1514739019650055	0.8388242421259289	0.6798939617047908	0.5802798822202598	0.7778551785252354	0.5732915943870861	0.2984793184248347	0.22761827132472895	1.0022413033657747	0.1959923516464362	0.5459887675289833	0.4091865794617028	0.2206812825335299	0.5200616857967315	0.8406761827472946	0.24847204521347296	0.2053236690514283	0.0780798135247611	0.4356352709960665	0.5673995249887914	0.1240971235448503	0.2229185609777962	0.16249789021117067	0.07603941331768849	0.5432255352369374	0.14842833260351732	0.1851038233351332	0.03882177760255085	0.06993516360010009	0.0804446623957002	0.044956361155650326	0.06682730843136006	0.2961633334827893	0.02210536949573795	0.06336844079226127	0.13871389522076247	0.06496338959190766	0.18422301373393923	1.024186277328054	0.7655877768480633	0.5394751356732063	0.19627491896621987	0.3062052024195536	0.5887360999063039	0.3245121297969416	0.619903667689243	0.48722677817260285	0.43643659967119647	0.6027879890345993	0.3495656034413835	0.43677586784490263	0.2430826350817724	0.8227682763367821	0.36291940240449444	0.24294195643056604	0.34107347587747944	0.14815423469402528	0.32587385682162895	0.5642145001338263	0.26620600793532406	0.2608580125278929	0.6392797506033192	0.40206669841561055	0.13335056205164428	0.7308739629426476	0.225327020561374	0.26566541624380724	0.6200817988772821	0.2998685159122635	0.36296593069392963	0.4309357974179749	0.2501651145811444	1.2944635804966687	0.5652418073150256	0.38647966870165035	0.18880929141156463
0.26289335256560536	1.3108964050455532	0.852202885459194	0.15467636714423114	0.8535445471115142	1.204487741828419	0.9058747853055614	0.07272087556207886	0.9862090884313306	0.9555362668319259	2.0074414495562842	0.6380162760931265	1.0120102943831364	1.0128228993313955	0.7948712546237666	1.14052905525698	0.4186188389481896	0.6350438869093128	0.5417908902929337	0.688289599140884	0.7796092949528565	0.16244650116373896	0.6805017212699767	0.13389177504986904	0.692776662133408	0.44687622980421676	0.40835769654449805	0.43047890931709043	0.24956791504474146	0.1705971914315189	0.1480865891135485	0.2510764069816337	0.718860160346076	0.3728984710836383	0.71487885150933	0.6162521636918332	0.6008144351837074	0.4285631835947746	0.16177324005969337	0.022025785041280492	0.5759923357779068	0.44730610343220994	0.19049148198879023	0.10045987130905513	0.2246505762121296	0.03297090000517028	0.11214500076970825	0.04083968176623555	0.08514693178623405	0.15554711290438925	0.05953314225206611	0.1221059467802383	0.03345342050050049	0.20612216956176366	0.036652407262708304	0.12019799270824096	0.42329247687190413	0.13715935142617033	0.4941958510327873	0.25583186247137013	0.30068959162620473	0.8460818664489684	0.3440915038981274	0.39020116372774794	0.19875367533115165	0.5807860108105543	0.27286663471609296	0.3665610601789884	0.5043313982059062	0.5142185335621207	0.367031403970716	0.7290164795536137	0.89328439083282	0.4316015241061552	0.28126512601301307	0.8028880317961562	0.19398040067158703	1.4500300701703792	0.9295310071393198	0.48901944305363715	0.2655469585265895	0.9831670326632335	0.3234479159791163	0.3548675344908962	1.0234010531169575	0.42686398545836224	0.6364453177539582	0.48027411217085036	0.5435178067959772	0.3679202116487787	0.9680774700884264	0.5161970371396769	1.116599194985637	0.3047602457047146	0.18388607588557104	0.3113934451958693	0.2650340975893997	0.07743873471071726	0.34933878914024735	0.28251687171938394
0.2557239451253874	0.3798074625815531	0.589200324151737	1.0023865708900792	0.8523397145883402	0.6131146007477889	0.6641885672470631	0.8751682611494433	0.7145317240615563	0.39268969608328114	0.7513111993652745	0.3321943099310087	1.5448503819289103	0.6822633292530348	0.7826034059417177	0.8305603701643908	0.5637101833044851	1.73435119965789	0.847936981025641	0.38691953736456175	0.11620741755569168	0.25540654806794905	0.39760409779236644	0.6804200828976974	1.0820422634240112	0.41074727243861825	0.36684707242253095	0.2889639771915932	0.6186552491937599	0.06973579708343125	0.3910916246563989	0.2697622844159448	0.3762124950435877	0.9796362078749603	0.8471088931340869	0.13159513652011517	0.09297634704331084	0.6384668156117834	0.017418933866497555	0.7123963047533135	0.2821160054574222	0.322712472325282	0.08041271449832141	0.5165376777270428	0.0651516346420901	0.3092569468839031	0.010552879698947963	0.04567229964028776	0.00018006721267302018	0.028770040143868636	0.03746093099827548	0.056897536450216446	0.07071806609432751	0.06531354924149724	0.07867563485928945	0.05495355112791197	0.03720593727338944	0.23233520946198163	0.11053846832046436	0.2879969655493394	0.21992385274441917	0.2719194003263375	0.6200713422592404	0.17561385406214608	0.5278470716212402	0.5832769401815248	0.6829649634959152	0.17097272641009006	0.4609419484575736	0.7222002795761397	0.5438655040972706	0.2705961169221309	0.5487564375566371	0.7635417931620756	0.14057377771670954	1.2444084876040606	0.29972995336670805	0.38786231381718456	0.09941309846934006	1.0041351303775932	0.6124304579551175	0.45404605515442914	0.44089455991307186	0.40701976984048843	0.23716468662105103	0.6786597176565131	1.1606739517010705	0.2910774774299028	0.21230207863646525	0.1818940182524744	0.6275461473961368	0.20243262103312254	0.3058138949596503	0.35522054802285596	0.7776737060463798	0.5087394438640851	1.4998574479001001	0.5399241850564819	0.5350686536418588	0.35869611442469224
0.5663714824582435	0.3622797570929604	1.00896458920388	1.563978786230487	0.4005498502814337	0.8330077547455105	0.2885554156808789	0.6205639270669389	0.347117085880815	0.5076906482769995	0.5849664440912157	0.4146046607353122	0.7524088474074074	1.1378476458625741	0.981771397849933	1.120682590707138	0.4728910945070955	0.6578031655175733	0.4205034163053271	0.7989537509659109	0.0903514705705687	1.2395431870152833	0.2291690931924849	0.11444265789314279	0.6037409687906471	0.4452453370697501	0.25412554684673566	0.6857569251106986	0.9939145167840998	0.16560257745907206	1.00561149254254	0.3883540957849906	0.5148680408915703	0.3234361430510566	0.3506842613607583	0.37528814507058517	0.34134236794109774	0.33684992808543246	0.8415266405410656	0.5462801458633202	0.10258633578488374	0.2713467055760414	0.5191321396257716	0.0629576677417558	0.09085661658058666	0.002164046786605657	0.07801540108158947	0.025607263117775416	0.23948559704797046	0.03452455658582977	0.00034349481216457964	0.1425368646465119	0.06339277425442807	0.000693800684325348	0.693247075576832	0.04820786318335817	0.0831590891487887	0.03277033497464871	0.1622941417814794	0.38667554180236535	0.17593858188171102	0.227045797194794	0.5597134521577285	0.3783703191475924	0.6136309894476691	0.5604216098999012	0.7636184985126342	0.43219009882800824	0.5191760915858125	0.9451195728070176	0.2020761775197182	0.2238800879675111	0.5606594698498374	0.2733910588000888	0.7527066138455525	0.0987070857952755	0.24240987625567925	0.8396750102447267	0.6591024005828903	0.4392187012069827	1.4822809495532383	0.5062119711398236	0.9792657252469551	0.676631052839964	1.2852430847361473	0.5619013497697961	0.49367468405923837	0.6469519179688278	1.0454932243611836	0.14953325149431737	0.13186220498408105	1.891614007542523	0.17799623454899696	0.21907779380467113	0.9961188691589158	0.42878399323671496	0.9472881813308409	0.6982673870219616	0.6476895395164699	0.6157307478178383
0.328444550837709	0.5642463948339289	1.1061583003288802	0.49048566865605675	0.9009372758567542	1.8961542358740673	0.20746834939731856	0.35636574301567175	0.6876539842385657	0.9073198966917733	1.570340086275224	0.0739966791779781	1.2040155391575704	0.8430190490694188	0.6004580455862943	0.7672209268222854	1.0641822118411681	1.3617152814969589	0.7380049908776832	0.702223538405214	0.5626160686610774	0.7232885670428547	0.2480077217942534	0.754430395582856	0.2845861867097531	0.5671607859898399	0.4626059628576209	0.5650585356362089	0.3770075879155413	0.6872933478991438	0.32162825653736865	0.35578426635962884	0.8315087439650105	0.33081537631932467	0.1015800257924277	0.40965880895403145	0.19157440312553276	0.4196443344677392	0.8411886627777106	0.2661889335697342	0.1885712222787711	0.07472758271924482	0.27206686908628497	0.04443433364971752	0.06859738834889642	0.4138854964781329	0.1064504553973946	0.03198323280465239	0.0011813907736003746	0.2685795069052419	0.05591409414435945	0.1545010092715232	0.15057528230865744	0.019952402827521205	0.15309966968363647	0.2980483441981467	0.09018205619384372	0.09404242782847838	0.1921819797689641	0.9228059022521847	0.22007309220505442	0.11672951719394736	0.24874387681461968	0.5802683494614177	0.6441770094986481	0.5632593535802132	0.4645050668414683	0.11803394970939957	0.16544658343206614	0.6310369544986186	0.35571927073109993	0.41473093580994425	0.46457923360542963	0.18595347813935975	0.4335727734789149	2.025170408126573	0.5488872315510253	1.9477291373083374	0.9019448710580175	0.6814202174003657	0.3992921664420684	0.4857702168512447	0.8781363165439431	2.2867592485308696	0.6490477335903839	0.5572055141658935	0.36545421224550156	0.30723188264782025	1.5888527968383672	1.1236604831831813	0.47845874685639617	0.4321781121263706	0.1437184089891869	0.9328056847739667	1.695881379752581	1.1670255569361385	0.4323280416926846	0.9220351631296252	0.29777357603371274	0.6812689396901923
0.6728961008463272	0.9304601862407176	0.2938905224482347	0.906708132049508	1.4820947252838568	0.2990277773628645	0.6543918244290421	0.39854369209622	1.0106281602193044	1.3906331647314825	0.9023740372864734	0.4270252899463716	0.26955199323932255	1.1279564735363925	1.3098095813355388	0.4124463678412166	0.49403154314655173	0.9117884100666418	0.5794295616548978	0.8758436922470583	0.4453670291183489	0.9085440455637354	1.1476346933786181	0.12348518132479878	0.16907829550295078	0.33076651563627957	0.494905681163568	1.0789730588381965	1.1340059152915263	0.24223873137843346	0.5074949147530828	0.67015159497307	0.12749163325751958	0.41812708729880077	0.22381120454209666	0.3813918308687876	0.2753894585421677	0.3483044491317137	0.14117311404253668	0.17975221937506583	0.5577868295518353	0.45814404012595383	0.18548536399723012	0.12320918184777799	0.31388262297575387	0.09663426936951898	0.03482037671641791	4.856459082733813e-5	0.0013186587992264417	0.0	0.0	6.950299227799229e-5	0.006982761835022165	0.010868406412644903	0.029518382064566362	0.08511256225604852	0.07838578767320917	0.06873792323454761	0.44044708397585663	0.21944847993297747	0.32263764527591765	0.15616066431737297	0.6201984029533768	0.5157657411405635	0.37778793261605237	0.347811690252388	0.17254562721725936	0.16617035936257687	0.8320164905982669	0.3698261941666666	1.8660235295114527	0.23620598182375083	0.3105189457747226	0.5697838239391997	0.6876072869651951	0.32501539892316395	0.3068944272342195	0.5361113866873568	0.9689333253910594	1.085334021102123	0.7785203427503051	2.1590546507589092	0.33252811582734454	0.7973091560645991	0.48315975486348217	0.6382626176080323	0.5513263170688953	0.952471040241554	0.4201661847215466	0.17933550696922332	0.3944190327021881	0.2728814826439481	0.3119014366535592	0.9628848540408271	0.14427871021279554	0.21090465790216212	0.1331381591763876	0.43541118423508973	0.8119574955616831	0.25665069124647033
0.7059409335189328	0.6979234822257327	0.28182816889641926	0.28061402909118593	1.0839082271292428	0.5239221478937008	0.7701260377796568	0.5780958572389217	0.7667397476063079	0.17542229066164913	0.6925428823288875	1.0158894719890512	1.4770068713989872	0.6485077193249361	0.5292609493038231	0.9707930279363037	0.3728575684812435	0.6212150089731429	0.684451354123875	0.3978731857789343	0.45324815953573333	0.650431735846677	0.2814746756679266	1.024855599101438	0.5292525897165619	0.1268790934958188	0.6913360327936892	0.5015370335976838	0.6248407719065727	0.9086390308536816	1.415901810403618	0.31960216929458907	0.37325893246615083	0.295075908674344	0.16621835582054034	0.9707400930369371	0.4366010940508687	0.9869187882014847	0.15312830480192122	0.5277536193800211	0.3828694056903524	0.14961837931906616	0.01943398238125802	0.10132317731472633	0.04034761536358512	0.07685594983124876	0.17312962189282807	0.018017557215795486	0.013375269228450877	0.0	0.0	0.0004941870492202729	0.08059135473087338	0.0019267452895275969	0.02533317740950932	0.10016097385605509	0.11573198121793556	0.07314083978932116	0.3097159349675965	0.2047765057682642	0.2033107290846794	0.16598984920194654	0.24483603597421041	0.23736375572369467	1.0471271323534603	0.3584019549278804	0.4368920586376674	0.5378898919071763	0.7566269004836232	1.2750624608933259	0.45090682000055043	0.8523294163926811	0.537332161091074	0.49580222685762093	1.0011066967711133	0.4420148401010479	0.9057017802686327	0.4949825702993228	1.3545280132909827	0.3035145050781497	0.6495184771927831	0.5286770975801552	0.7562738778914417	0.6340881967786827	0.6659689153556959	0.12186984444151061	0.823813118543006	0.6711518363653988	0.4888312667784171	0.30934537883836005	0.5150014747061155	0.4885463729487325	0.6008379849142857	0.2312270618154029	0.5209861984689486	0.6789694901510807	0.6531546590533596	0.6599596379286243	0.8239874008348811	0.7136865384531785
0.12064128145158144	0.551731731725423	1.36329989413841	0.3320469248154038	0.5186248613407949	1.0866913680478507	0.6512062122319583	1.2950955906769737	1.0488432524010733	0.7136808223217184	0.868497584208165	0.8413331124643851	0.4604831768389799	0.2815824403476902	0.3064001014641004	0.46540904930507154	0.6008237229621165	0.8228536904661298	0.16899282722975378	0.15808853417660654	0.7837926335880485	0.20992466326117523	0.5045372279204754	0.3902553560786952	0.8165369682398528	0.8527310350503715	0.9550923096086223	0.23792703500524168	1.6776120605086333	0.060563126447175264	1.3053587828954083	0.34545179924422414	0.5670833251104679	1.3474093774232354	0.3662255533423828	0.22069577856924022	0.5212336338328512	0.19766362076872318	0.7587804625583282	0.24167030667864628	0.7785910803727268	0.4937543851456967	0.466195782625125	0.15765662397646935	0.25911526332674395	0.021249394364641964	0.00027382891865079367	0.4282064088732004	0.21043125669287216	0.0	0.0	0.013981673805101536	0.18855157920519935	0.19165818449194544	0.06309823460436252	0.1209619135569686	0.15245680057599456	0.21319761076064103	0.09874051133315491	0.24836058367508332	0.23788785328005452	0.735426542467983	0.09337653510945342	0.35399654349230913	0.227185398089934	1.2144865463530703	0.06614319217483038	0.3898160023243525	0.5112745741897314	0.9831290054916951	0.36066822311862473	0.6145614877223875	0.3107404853268279	0.4611270502490563	0.8515497199219852	1.9940091605721681	1.0558643244019885	0.933677572118004	0.5122902843751475	0.30493579583105257	0.40655757448204033	0.32122352541586074	0.8141829166759902	0.560578798011884	0.6598494266068761	0.7634173873635676	0.16391395009836804	1.033946526501103	0.3832185421544305	0.33184895806269804	0.5540019234077487	0.093136701899144	0.31897173631448494	0.32655944681601873	0.3608001806015857	0.9219768347175592	0.5473818746581027	1.0756943521827287	0.24126333895219712	0.7307990532555647
0.7144147539958607	1.1612644434700095	0.48059124531697217	0.5978967780398576	0.3108852156769773	0.33719256273168324	0.4517643568184381	0.5867889955104006	0.20405205639803767	0.4283268250360367	0.9222627349391277	0.7327976791733708	0.14212418229608945	0.34949317019064524	0.17211149114530466	0.16583701703934678	0.2879303223799798	0.67055094689089	0.728886061789979	0.9438959089260475	0.8895323768105184	0.09660218263590307	0.3474069124192888	0.7862219744702587	0.22844555894538604	0.43587540453276746	1.260255179223067	0.7242215023761339	0.23364578224896015	1.0352834738510932	0.7332664709132752	0.31085560445016985	0.858852349603225	0.8398776554774069	0.5052648063481378	0.8820397535209691	0.4847281259148888	0.11593277538697244	0.1670461941504814	0.29861606669562385	0.173733362039465	0.6526097951716023	0.16842474612447988	0.3636825684657206	0.1971869167464592	0.020413592925214975	0.02211585214285714	0.13230188173274596	0.04359313737976783	0.04016989148316882	0.042141839890377585	0.008179824646226413	0.010236239034267913	0.023661554327507602	0.361850807321579	0.4378120401095345	0.0941469392833827	0.07979957272883395	0.27744214782620136	0.1037822467335454	0.2604128447237694	0.20647591892558342	0.3979860702786539	0.5975950400967853	0.8916037905436114	0.05906789185478346	0.45488022065114425	0.6178151889642324	0.9849178550209825	0.9013753705375316	0.62921158242736	0.4325476127192533	0.4130250543144522	1.0795878873038072	0.30117310933371566	0.06216051987187057	0.9863004540353263	0.4689785294596355	1.6156714696479808	1.3023756529425325	0.1778962651323695	0.7451908733371307	0.7409609067727386	0.6978338885983085	0.37664573022833464	0.9798991420917915	0.5122831313606409	0.49028768517444105	0.3018899843830844	1.0168231419212392	0.6056876777028125	0.5556505778186405	0.4110931616258281	0.9794273965073621	0.7075416412189733	0.6127096765716046	0.41919455782912063	0.3947644645171917	0.6353234226609604	0.6412838117160626
0.5147318415390443	0.5433644635239051	1.028355732580521	1.5707392741451915	0.40930747990608285	0.1949141753565557	0.5123717354502498	1.09129243238517	0.5871756782169153	0.35385653700945013	1.6207817379184366	0.16097932123434155	0.45963972337327863	0.16137421160569335	0.2853845135074375	0.4248995227476207	1.1168473542886335	0.2845412722410263	0.3398780619522495	0.4238617273286426	0.9218901590221265	0.2307945481234639	0.7324489340523253	0.292085968172025	0.6284936282755154	0.41586897664138045	0.47604453935844016	0.08553916279169681	1.042601267419626	0.30667442066881545	0.5665974613610786	0.28047938078516554	0.4767975988018882	0.43234239033139316	0.18484636445611968	0.5952720597172094	0.9002027648457778	0.3862098254262639	0.04554056549989095	0.5581461328426744	0.6906621944671284	0.13673833749044553	0.10618236634709134	0.1541730697225687	0.0965604464282732	0.09690555066906198	0.03162730214330024	0.1982680429916667	0.004353611600670223	0.005481260114546263	0.002227079253083909	0.35488697129171004	0.05833462767240316	0.1271233293834029	0.19738624330900245	0.13369859431476572	0.08675617364541258	0.03361120933722835	0.09699744722373649	0.241687021197411	0.32426614783970037	0.20011368142763372	0.4209385854032051	0.3751828173893465	0.5190553266891217	0.35098248252266084	1.1501124733774024	0.6480357498590358	0.39348766785427697	0.24138095981800223	0.09860088390131083	0.29732332289157376	0.5325375387609058	0.4699821996691745	0.12540789567017446	0.5775850597214135	0.37783009998952555	0.8733936089179548	0.5360492530046541	0.8498318328795674	0.7115718705408641	0.8895102718802969	0.15996293496372405	0.8147254694678736	0.4413360662184994	0.44552309157118775	0.06595608531907791	0.21933821792532598	0.25646772711749305	0.25615022025731143	0.5319567241473652	0.3133721514652635	0.3738779149794617	0.4047588562753665	0.7999193398419115	0.1910183794647368	1.1946764347411625	1.180834187931121	0.5753289396819725	0.7916547138619268
0.25110408752370694	0.5718413326579793	0.48326421282338233	0.3716090229395344	0.49396771417424246	0.7026753677618024	0.14591315377410982	1.019183251425847	0.43579532993944586	0.5402801437072313	0.7057322667472026	0.35269005901804973	0.41259849285531286	0.2685744290236522	1.0141174871757177	0.9974351472733123	0.3164661414218903	0.5115750540247349	0.8978572334330243	0.5145223304747759	0.41049219099024525	0.3616353507343931	0.45871544975140205	0.4321659432231174	0.872266063655055	0.2654124327623337	0.4187413356836991	0.3190682353718396	0.2584272561546287	0.8210786780083955	0.2239886568063733	0.3502800474828022	0.11973722006801102	1.0996897548404172	0.1819584039316743	1.0921555128038125	0.3204843851931673	0.31838894011351887	0.30416380147446237	0.03268555805149658	0.38188704522002026	0.2597220566733929	0.5625259496973953	0.08813428183324205	0.28031804924039816	0.07234854299629341	0.021010838476677954	0.12870267134907407	0.008500602083333333	0.04902895352756266	0.06706607379579031	0.04253614972999509	0.1011020836276674	0.1225688907722513	0.07858017946585323	0.10560323285113914	0.2295679389775621	0.057067601324152555	0.03452245676841647	0.2402590053229638	0.34341858921256946	0.13496100090984472	0.8820600787145049	1.319163546521879	0.2936113750349097	0.484318447984697	0.5351172837049055	0.8775679292801758	0.32349232724265764	0.3220443897802873	0.7180900979348568	0.6742947896442644	0.23906669050711876	1.206249826188211	0.7986111403778843	0.9763957782695737	1.7565128051212242	0.8759993739003329	1.0383443123869305	0.3083896192888667	0.6970371915459633	0.29267529299558387	0.3968925140795522	0.19945723269080373	0.6928935950809967	0.5182413512563065	0.5904954738868268	0.8820548373164446	1.6599573526728602	0.43809754470878487	0.32061547213149594	0.7325983155404311	0.7394770433233392	0.6439874647121813	0.8756056349663173	0.24043049710100856	0.9978923755169262	0.4150793280432715	0.550876972093859	0.5095007142288082
0.3363462439403752	0.2238929992918005	1.4064399496741191	2.3650699163225726	0.8485097213253314	0.7831383250063887	0.5493357248510204	0.1757373102180289	0.6976012493868449	0.6260933162534855	0.7081931049858773	0.4879227100095331	0.3808315321630474	0.43801164622675764	0.1895644879860335	0.3068434136375848	0.6475372735710733	0.425833718703274	0.5370175555656888	0.1254533362467232	0.43533378596833594	0.46026708344368483	1.2486402641469714	0.28150292228252266	0.2942362287028968	0.6026869056151712	0.7664525224318097	1.1936781463069404	0.1252236236723223	0.3180625402219469	0.3161758770185996	0.09479516553284478	0.5486409525472475	1.0811707855109096	1.183827790370894	0.5364391739512079	0.1659582572225785	0.8333444977491375	1.6347730028402958	0.3495778342143698	0.21356266056138423	0.3273158477757076	0.06786673718163538	0.8466366234305935	0.16056007027140062	0.14796499991771056	0.19248228684480986	0.026711569354838705	0.43840297461735406	0.770145317030417	0.2389338078516063	0.2478272611744988	0.027670350755126548	0.7167442622477999	0.2748985377699809	0.11423384875749382	0.10619034676823638	0.035879279479355604	0.2760677677008928	0.42491437954097905	0.7765612245250538	0.6091544324219633	0.4240317815997586	0.7411730004428575	0.14137466071895852	0.5913258017400209	0.4837132587852042	1.2321752638133379	0.614098953090778	0.676769794268177	1.0452214753934632	1.3966496209080372	0.1904062842876949	0.8982200568337445	0.23400305758302448	0.49554218163950975	0.7985486564867282	0.6651326771223505	0.6173769144113171	1.4852636344767223	0.37549953356764004	0.14913645766382477	0.2365200487467347	0.7536951585016584	0.46799355032331946	1.0407481755297772	0.3341051648879625	0.06663496066311551	0.40896723806584356	0.20720244223856737	0.6617966376786036	0.32777100899638945	0.4430248289457004	2.8362137459807077	0.24768022442551366	0.45651081143529765	0.6403286574428823	0.23857763267949164	0.6934180869056542	0.48313475228499564
0.8418508236950936	0.515079030314555	0.7620760189152328	0.19502342805489153	0.4045297827456661	0.6187680414131375	1.0868022534186457	1.264333367886238	0.5587445827627805	0.16956074459938417	0.9100094648446343	0.4247015228737506	1.4152358389990611	1.207456253013679	0.24895867176589281	0.7152978845801823	0.5016532452226885	0.47723120421033055	0.5161197693116409	0.561550491907919	1.174926699870728	0.18592670668627712	0.6308147868284946	0.8813191986470004	0.4456060941216102	0.5881041544270833	0.4654752538697488	0.4389574093107337	0.28952737100182857	1.0472256294207658	0.7516259773211249	0.3793018985314248	0.39411230632562005	0.3548378727227926	0.4351685500890776	1.0624128210050263	1.6493680618568403	1.1088800002534982	0.35319059027348415	0.416376917163133	0.25295843898909576	0.3111608413522557	0.6773607283161384	0.18069138040660962	0.014663131031267273	0.11045929641564244	0.014090773872083713	0.01982119746609998	0.35038422999876556	1.0842353727401408	0.22795978633064343	0.04406271548254505	0.27344066748040574	0.17601367076532884	0.04552000341072399	0.07880270305086848	0.1757772944578697	0.7763426008003613	0.06024568759087576	0.1196497744443624	0.20609357764432215	0.19693742467905814	0.20489135421491225	0.5514676569866266	0.5944179715428185	0.6264906663144899	0.16923396096666274	0.29311401824411965	0.1014751763182443	0.7793574136584431	0.24219949997955353	0.593109864230837	0.7157409543229052	0.7047952982441144	0.6844962991486803	0.7067966361448088	0.4819929276457807	0.7367257064824727	0.6228824784030134	0.24559079335891168	0.35845005979946076	0.4132541637530054	0.9266266013789454	0.14022470988940539	0.9697315936504886	0.47492221315535516	0.2882936099728168	0.5787428874087666	0.9306448023993558	1.0814527088004122	0.41360434808689883	0.6940376794030415	1.3686544409929968	0.6902039745968245	1.2088042635999807	0.2134442105431445	0.7881332901876223	0.26314828588925604	0.5593856399354428	0.8017355476429251
1.2005713133203453	0.27465676611014456	0.6695747782550966	0.1122236226814838	0.2023924064740446	0.9451700940533244	1.002992652039069	0.4218241147983118	0.22690665095337462	0.6731175412709964	0.1705629599898542	0.15695699657477374	0.1600568082523585	0.3970854103676412	0.2760756598902879	0.4681663043601809	0.3154349722545453	0.3508338366574043	0.36275005384813114	0.4569483285051679	0.4230928463492154	0.6183651071957276	0.8912550823276197	0.16938415280972188	0.3119368995395444	0.9064245038593977	0.6290724189694326	0.21382854853263245	0.3598196463618335	1.0682839169204887	0.30882210323467424	0.8138698026528538	0.3935723052575043	0.9659212284271282	0.35209079393826004	0.8228766462408516	0.08788483369742774	0.5047699681337195	0.05968167411709563	0.2717067589166187	0.46015477473469707	0.3926211196091529	0.08874305215230584	0.39151005674459594	0.18616969253370458	0.6416215770265101	0.11434314062469197	0.04184673730717091	0.22203612073419446	0.22228344456900426	0.10898816178029612	0.08268439780063401	0.08606252056348752	0.0807290715395413	0.11380307460033436	0.19319000018647067	0.2562323844743929	0.3872540003163305	0.681489306753609	0.07366648644558459	0.11704706885621181	0.22683413340062245	0.17195487378965477	0.8698726919506001	0.6426409953735522	0.5447658293709023	1.3031141866426708	0.3054579051069226	0.5750128740677032	0.13993664889592608	0.21784696099290246	0.31962467136223216	0.9765174465305131	1.0495751009119985	0.8027505327191753	0.7026188488278102	0.16052496501769142	0.3773937848555897	0.49317844459083066	0.46178483610848314	0.26055842134919693	0.7134805829101581	0.8858489675903518	0.8067973823718863	0.5749653960597934	0.7342682463521591	0.26186386383227844	0.7002447048142182	1.5691790738720424	0.7547701995346264	1.4496549515903105	1.5162727102406486	1.049933760012782	0.690349308727659	0.4411837043136162	0.4662295828125381	0.4882498666647148	0.33672843340226816	0.5668082957069752	0.5304287762197506
0.6118430476284822	0.868604480204986	0.7876504450857174	0.40751866898118	0.3680977618584185	0.6096871764575433	0.3153876239958685	1.0083513973134421	0.2825278176954376	0.7576011075394826	0.27024800795188875	0.4896398299754948	0.8386197725011146	0.3992071504940498	0.6547531000155024	0.4884307855842675	0.41129450218167396	0.6387590983835703	0.4010602153679252	0.5163335857970427	1.075725680452666	0.2465691353431974	0.18832873811984518	0.5244696628330824	0.40292021403275063	0.3066233100275532	0.13442972640922402	0.7092054785648416	1.10919575883584	0.7948416615777454	0.8950121536562604	0.663880650881314	0.8316615363214708	1.0272374025086233	0.19109774314666828	0.3581253179580911	0.29125356677110464	0.19277738915656872	0.14875595649386694	0.15377285378623487	0.4710094940411267	0.017152204960808583	0.1429457533495509	0.2985405294610274	0.13417508781114718	0.11945055465461817	0.12676310548086545	0.2538712642930817	0.027236279400160712	0.31120284315791996	0.056192435579333934	0.012102091738683127	0.03243720643929681	0.06015731205935229	0.08197063035514214	0.4706204225815119	0.0955218872443731	0.229110256014186	0.48539844506072544	0.7925568538965907	0.5621532510004512	1.1025983777196662	0.34520310778581037	0.581976710960589	0.09036888070123575	0.8885421517151019	0.6618177018852811	0.3645185772190383	0.08262168424515019	0.15167871010497938	0.2767040788045506	0.8454782325351106	0.345808312932886	0.42840287023512763	0.5538770157907026	0.5048878413456129	0.44326953911353906	0.2448834134134291	0.6307271566299301	0.6922287367427514	1.0055679117439622	0.25543094344277983	0.7011571466659533	0.4060502579708106	0.492302357954048	0.7928530353160349	0.2020381897832093	1.6964434927627539	1.6990610195974574	0.5794358046624452	1.465777396847842	0.5860885148172975	1.0169145122364167	0.8963534969083413	0.8300209239133144	0.5056187454577777	0.22458071082109257	0.6675597086007965	0.3756485397003129	0.7297080386401689
0.28197181364250606	1.4362409376643466	0.992148604740669	0.7037059382563822	0.18056115467096792	0.22784746993040395	0.738108527556355	0.22431845056106214	0.8507917872434316	0.24945279951712834	0.2840103585308602	0.945662664497342	0.8819239966916386	0.5335997655874791	0.23396180909348735	0.19605784823618172	0.5365859506849313	0.30840484311808175	0.5895721615927404	0.8883023739751131	0.1520524289704133	0.21603851683570932	1.0993391135417994	1.8117787419306246	1.0090835653679826	0.5461685302037769	0.7072680343377715	0.5341388821813059	1.138432753608644	0.42764759323358326	0.8463643502009267	0.394958670186014	0.48512097842915725	0.6005338221394915	1.3075017729018448	0.3338553375667435	0.665554716291961	0.268001261317368	0.5818594849555209	0.3407084182043889	0.45063236096451564	0.2650344420463917	0.23946642537261292	0.12478453394151626	0.11551344762354848	0.18988094627773824	0.21003847807036707	0.9403920113149958	0.17980055038919096	0.31554611353347467	0.23009565679354824	0.5138723116489454	0.12145814822115704	0.22858337218056757	0.13552593516726577	0.06942682407876943	0.6560499901752456	0.35112420131368444	0.3375705846469752	0.11308327442426984	0.11943481518533244	1.0298785462029536	0.3454395641235281	0.557489612389203	1.063645633259076	1.3188656378865338	0.8172307461428789	0.45059279680009595	0.6452617328584848	0.09830605431878564	1.0589038389029746	0.7446344572120678	0.4122402563187467	0.8843897910152038	0.8174195474121926	0.138633519063176	1.2810980879777847	0.32495299438350644	0.346098290232798	0.3116317589624881	0.579353970336462	0.5626252773104089	0.15579969665533167	0.9547101207761949	0.31147187082080624	0.4796087413841533	0.22985370982257422	0.1785391384777124	1.2033519504495744	1.419596104676464	0.30773114859712236	0.178066356965249	0.8056147299412078	0.6513157945224719	1.4646595058234	0.737792921140841	1.4401357709962674	0.4376614402982164	0.4831463445179462	0.39626657681220767
0.24173060262489773	0.2636832757749766	0.2556229272437871	0.6763962873038623	0.12006598884120248	0.620242394232821	1.5470267555276296	0.1815418474353144	0.15940058129565174	0.32904774130852904	0.8687484006734008	0.23894262003689548	0.15642310844309082	0.4960829971107259	0.6232383035036497	0.6215929063161147	0.5391685682127565	0.7887331663245676	0.3637632152989048	1.7194287616059771	0.69909547826469	1.3653549600043389	0.7534223282089205	1.2262683768079206	0.08392578400133602	0.23463257005644303	1.3382484957438172	0.5116968141838212	0.5191598678881532	0.27380316552228645	0.24784642504158552	0.29004124848028057	0.29103865163933207	0.8377882558317544	0.35189421934147913	0.3541958360991398	0.2604642369346047	0.22877806156941696	0.2573712986678093	0.1991010144008567	0.9884545579646093	0.513422676952682	0.4799119234758477	0.16143705124849259	0.23461327235931415	0.14869553607692926	1.1014456475189478	0.04225175634045953	0.14887596551517232	0.2651604903109425	0.2788288440837566	0.4948878717220509	0.6873534732615391	0.2443997239906649	0.07720867831296949	0.6367695955275763	0.1493903101837848	0.15618687405650633	0.5088306336745172	0.5091224800411521	0.1522120387840671	0.6206974875735369	0.36370629030751167	0.2088815599969701	0.2828849315256104	0.3497424937114515	0.9253168461656642	1.2110152085814412	0.3802037668386478	0.20225537913775868	1.3949213238645175	0.5916140290098425	0.39707960875563336	0.6248054547717922	0.8552408606139212	1.0080591895019577	0.1950551479690542	0.7992741694347391	0.4138514906034306	0.650613751727038	0.3351313446798473	0.32017880608425103	0.27779156579636854	0.856782635691057	1.13516962555394	0.9979550089933509	0.4502529944204913	0.1583832494974116	0.8882759095504524	0.35439092001590733	0.46001640901032587	0.3564419323417804	0.22779298704014503	1.4744437900900655	1.2285644539090785	0.7240850314230901	0.6988540058843481	1.0442429386917789	0.42338375038602244	1.7579761195092378
0.12243181559196002	0.4551295882331042	0.37391633473248415	0.2783870885807903	0.08118986854186319	0.17568783202508056	0.4581384289602049	0.5276993893152789	0.3902504887666488	0.39014679349735604	0.1279978264075346	0.44186395075772633	0.28741448872587894	0.6131103252471611	0.6421036078694664	0.6195869423907888	0.37514348707090056	0.44829218725015985	1.0220165059125783	0.4982284286284919	0.9560836595261001	0.4043911097399972	1.0386421778095747	0.7132204809659347	0.574819770827754	0.8079704667739012	1.2826356024785883	0.7320763637079624	0.1640392156176992	0.6188866115269619	0.10976623715903619	0.7039795638448347	0.21560758524087997	0.6032228938291193	0.45637360798308785	0.24203920538625567	0.4124506120408887	0.1858183970196258	0.14985581527347785	0.25300639614270315	1.0049850019840023	0.3891263054811811	0.3143676422037406	0.37402585750634115	0.382224981385062	0.45990758750499294	0.1357753649636517	0.07669615028011029	0.20456416797550936	0.1601122899123232	0.4089020763087844	0.18821095189082038	0.7252533607268031	0.13718749807416844	0.20607799718882633	0.48619219558692994	0.48039096427711375	0.3536512627444631	0.09970619468850488	0.6051025313799476	0.36770756658575277	0.5985804675126903	0.37286045163120574	0.05242214030445452	0.18387173503307427	0.5659759968265735	1.046173859307662	0.9200057693468007	0.44304236011114306	0.5310401872935493	0.3911181515272173	0.33653731644779805	0.2969898975132694	0.4163074284577091	0.43286107618023656	0.3271576746530787	0.5775729433973478	0.508166991429088	0.2462148388354848	1.4711633832435096	0.3196700625733009	0.4912526934338521	0.8864096711050878	0.5724743606788977	0.7326992257522362	0.49822340444427454	0.10040305256781941	0.5560929521962629	1.4577991920616138	0.7583102551070157	0.6044535429261247	0.27197606520884	0.3433680682176087	0.3757164540517576	0.6141493935457125	0.31178853174222887	0.8804787401604978	0.2851485255799911	0.408299669491252	0.43195382487121964
0.4273237338177801	0.4870852367544162	1.1854949705781739	0.5097777351341308	0.594192584776751	0.8397831087259068	0.1491151139380795	0.47526822496181537	0.3519920217723928	0.5156516959135056	0.5596008036963956	0.5820158518856018	0.30905106466653504	0.6405023703016371	0.870583921771286	0.2360327624845562	1.3021432904159709	0.6627140162201005	0.9111026864342028	1.2687381218887557	0.6053369926470589	0.5331115080593273	0.7820772375478896	1.7061951495393581	1.407983239041903	0.27732416106745256	1.1249246441731233	0.6819469120638215	1.7254486457748643	1.141209656489158	0.659377765196242	0.40371924402428294	0.863858807396162	0.14555707456419714	0.8119688388969836	0.6326049898032104	0.04795930908827225	0.7710721654094154	0.801579668035935	0.11913326491262777	0.364411798426676	0.4400393043704962	0.396540949475005	0.5331378994449562	0.13461750652645837	0.3717888058075573	0.12846087245514934	0.40520144923631174	0.07030320677789363	0.24164210297798044	0.6336106050461583	0.2065533064305685	0.6652336241534238	0.40529028698912734	0.33919759952123424	0.3992932160875614	0.7730800427033052	0.1088417351926495	0.3355540243658878	0.06437296558145388	0.5339649751196688	0.16134678333414867	0.8353002637761399	0.5361787307548477	0.6012406513427225	0.16493693862318431	0.19384279619288952	0.1338112166463678	0.9851193419975237	0.07561914787024039	0.3162914597009864	0.9724493780685108	0.5867136242268454	0.1714749949986758	0.18088743211962197	0.1751797192836816	1.9879795655436774	0.4108261650008148	1.0108881259387166	1.3579589053941448	0.2627949280322764	0.2816116553634359	0.3150273305949063	0.3045791116030357	1.2052393402694566	0.1471506380556225	0.7061755983194745	0.5234609867283231	0.5862768599779525	0.4880744413314347	0.40623697756205956	0.3496544740808749	0.5783512790258546	0.8091532605580558	0.8746417100520012	1.6433219348403916	0.4702607102481764	0.8876034823663118	0.7793594006801565	1.2315251111039835
0.6561285414141643	0.3916491127822834	0.17906567459671563	0.5506192112632394	0.6408786565619382	1.4869260137036742	0.34435516810270744	0.30601545887077863	0.3473292103300167	0.4921979384743589	0.3790737643235861	0.3843368304715302	0.48185595308452445	0.7628089031220986	0.6402089479473223	0.9878698938439225	0.2813269891956167	0.3824834753637109	0.5854073170731707	0.613253433009815	0.7287948058220054	0.5785332894181276	1.0406888632404943	0.4325305214528096	0.8402821972853746	1.083223410060228	0.6931003109987386	0.21225608835530443	1.4093769064909467	0.1805441813136165	0.3888576729992553	0.4727608677061418	1.319836103899896	0.10421459610947985	0.5945691883310791	0.35169093424983516	0.49209580483682225	0.322328869877271	0.5400127033350227	0.08884021116773035	0.2682987776397698	0.10179529856876499	0.5015976912667437	0.3996159037434149	0.3267945521409734	0.2015299553787187	0.3147406862911916	0.10057202048774552	0.13283661877190706	0.1727780350972836	0.17343623840936506	0.2963671551961302	0.0426172444088182	0.14745436157536532	0.11296338779086515	0.38587663262250665	0.4382141909872489	0.36818365804373143	0.22003299663789982	0.3948625501582543	0.36762949015062785	0.4248141343244318	0.5602728502649627	0.3198341987358068	0.552419213253717	0.48979399901358533	0.3807619676945393	0.39622198745959913	0.37042826441782656	0.3225320744054548	0.1445395076936889	0.20990836926143197	0.32227874390995864	0.5883114401218329	0.26130652415030464	0.6735810825425079	1.2661943532076534	0.202789378082124	0.6757378950881667	0.8029039367870375	0.7178361146442654	0.5454042932169891	0.46467971828102594	0.4741957981522045	0.2595900648288223	0.830216167920165	1.1933088179636273	0.9915683382343967	2.0654974660546936	0.30881151907941023	0.343070825578925	0.37268674654017625	0.4318347672349883	0.7151020197212982	0.22028777349893994	0.5916179033	0.17713882330265937	0.49281645902461335	0.27586620997382	0.2765307763745666
0.21635757453949042	0.12650688731870405	0.36248047899693864	0.3878164331176526	0.7627294874293024	0.11718853519608041	0.41311412800339964	0.5204313005021381	0.454180332262003	0.41954756232639684	0.1919979914223935	0.2398986878090893	0.748242073959639	0.3118710872844493	0.15455250973971288	0.40072267668418904	0.8003761654084256	0.6565278230933214	0.4509654888834645	0.8092930912451047	0.3423583431670472	0.41511475066959824	1.2402974640549478	0.46533682814573485	0.3373354009584864	0.45172961503168474	0.6345691889962328	0.7877367125810413	0.32218765078790174	0.21167032165796287	0.951318433746214	0.42465035548401336	0.4393269105438716	0.47415838807424704	0.9787624077388682	0.46515071546201675	0.08887960818747093	0.1783913938992354	0.4276576105708876	1.0299522213967085	0.797002739807218	0.3632567782021108	0.24439240896069972	0.17235396881511297	0.12728258225178204	0.2387437884332852	0.2475064400203441	0.07746112447566866	0.06271300800220418	0.24674180903362275	0.3299435505808319	0.1032823799006643	0.5264950474777564	0.26149663122810224	0.295405719044932	0.45226159996232934	0.17479776811333583	0.9508962383175643	0.27566689082691354	0.9045558738686698	0.1557118034828826	0.19022678317085812	0.5582105594753612	1.9704244106317592	0.7294429138684652	0.35203617008426974	0.23780196094513512	0.714414572297906	0.11139886652551775	0.19807708540637148	0.5564670554488784	0.41423371219380284	0.5471796389056663	0.3725330205925577	0.3795481362325061	0.22782131078968587	0.07320137246598335	0.09051758201035359	0.23977868242338754	0.4337786864115983	0.3724133402207472	0.21679752318305806	0.3286923795249129	0.29267506641687924	0.9829504879609968	0.470234681598651	0.5086117527028464	0.27452123006334345	0.46583079531934984	0.2233073214663801	0.8783289391844794	0.7590425068440467	0.33143000297447517	0.07875758549852892	0.47291928560177515	0.8413043603803795	0.10886953380932382	0.5024374922356505	0.23444556414403275	0.40208085435125285
0.7692307773943486	0.2503126262216144	0.27704140389716353	0.8473842377109179	0.4955465853843001	0.7266177539243469	0.4996175812084443	0.5057092912194334	0.6277150183297792	0.19886947774714053	0.3958070757784999	0.17918235440378327	0.3195994284982935	0.31033648085006305	0.4514877233755805	0.16562669007599043	0.37060904963615765	0.9813762970448068	0.7387326555329816	0.2604416287427491	0.4207847382546463	0.6802442539544036	0.41893535479055805	0.4705616636753124	0.31143397686049457	0.31224672173573254	0.186296784964997	0.9630103305868168	0.8872511981340151	0.8938656201216637	0.5955056256556542	0.40768499660376684	0.22784416685278244	0.5230935793545022	0.5299511828044269	0.2650616733546407	0.8091384372360312	0.5198995424335422	0.8209571283713386	0.22923331421365523	0.4727624815103806	0.5216238931105264	0.6019254332211309	0.31360205483747816	0.420088016589923	0.016636282926529813	0.49340896100298093	0.5174767437410295	0.10492131800671049	0.33338287040918463	0.3221858910512193	0.7023245676043834	0.15207158428296366	0.40718372199212355	0.6679523187294305	0.16558743163811482	0.7054283220464161	0.165900343637593	0.2694322620723233	0.68646249617412	0.5135104930799446	0.4941936091465157	0.065244812797006	0.6570046436236362	0.4232870837898984	1.0962736744845476	0.6997644086510927	0.9524154660670467	0.43538129444202583	0.04795114836602906	0.16801901110230294	0.350409943375431	0.7378964391959575	0.36791304012265497	0.18263344651044497	0.2651761886097294	0.12308359503431873	0.4608583895481145	0.552107824597155	0.2480187397978056	0.5218339407989356	0.44413680672603406	0.5549945698226061	0.18922129593428424	0.22535095697836968	0.9226660752211604	0.36799441412894673	0.11842528844858675	1.3138857271405924	0.6890603890536492	0.39568109612145275	0.312195563878162	1.1311240322694653	0.26989416881563755	1.166546942705097	0.3068279175699488	0.20705467306484343	0.6880263992452439	0.8103743601669672	0.12126888672938722
0.27845459820103224	0.13268919220862316	0.41100063605063997	0.9930716025859312	1.657475218271108	0.7543715082982487	0.49299367330955657	1.912180996406049	0.6991352748769257	0.10400269141560613	0.4375971876895685	0.3140808993749789	0.33528139178177735	0.13394442571314633	0.7877969602094962	0.8734794761720547	0.7376504344860583	0.07395734607234339	1.302504914725789	1.1738610526942543	1.699357120740268	2.067825449163612	0.24733294228041267	0.09179618360609369	0.5315186525197795	0.23952722155622297	0.6092274701941199	0.39009436815572296	1.1849819794961054	0.4944193427827083	0.514956315717974	0.6626431999465189	0.6648116773323197	0.14281986169765412	0.40888638172465974	0.20471383995434836	0.4152817571297548	0.4862628334950575	0.45866146148409903	0.657787411099807	0.7118828494392037	0.7797488687701682	1.2375901241927292	0.3514919557206094	0.38149417972689875	0.2521332234616286	0.2238245242692467	0.5556616160500023	0.26295193504921804	0.0691927014970227	0.4856290331110993	0.35935233014856716	0.39571376325222873	0.46375080236469174	0.31826406732568135	0.31727201303829006	0.14457219102439023	0.4128756304027676	0.46984751146437853	0.3236600533221076	0.38749818594736085	0.2758322964412097	0.4245089605666536	0.3614748238074665	0.6098571833916954	0.3302671074450322	0.28524101618041825	0.29982951360923965	0.6119913297490795	0.25396262074215253	0.7633458986498556	0.6917587688781638	0.43771949405005	0.539074803393803	0.09122514971908267	0.4019979078311996	0.23810974734694929	0.906984256326163	0.2896046496084202	0.30874623548601865	0.8126786414116324	0.2547448087549044	0.37126613159872485	0.4262658979588971	0.9547746198384219	0.8272280663241031	0.25746177924000385	0.3719657532989827	0.39707652263079984	0.8208937306886798	0.23087359943457153	0.5368830747526899	0.9899263448482428	0.6361253561191216	0.2801514119958941	0.3640551612366438	0.516702958849745	0.48504684448696267	0.1330070384123695	0.9894038391625449
0.20138743392288255	0.5538241926289275	0.18466720872130282	0.6289615927704939	0.15723683466311705	0.372907944834411	0.22319130455467548	0.10775886715028536	0.8031092686109413	0.36927213910033563	0.9316014789439088	0.3313875549640168	0.5128185622367979	1.2227297563833674	0.3010565186267563	0.3217272194314896	0.1653203247108402	0.3791290710101254	0.2737227683131865	0.9844765084745764	0.4872039695541005	0.6218688889131192	0.7622360565453641	0.3366851055632933	0.9340029316395929	0.2607689094992086	0.13675663522928364	0.7986786289228566	0.5046219369649461	0.7695270122624807	1.6604252226663425	0.24154523362187663	1.6561172999999998	0.22185928933891993	0.7883029123187045	0.32538392740148786	0.8859690593144509	0.6639250933578266	0.3184288068438942	0.38635657777167165	0.49956498393608895	1.026056183169684	0.2249152647631109	0.4039846467716984	0.4074065955020771	0.5314615170818581	0.703256963711141	0.19430793764089785	0.15942958127052886	0.287059412189742	0.10341128597894977	0.25924230731345843	0.2666615598662175	0.22800687039435533	0.6097029610014469	0.24757713549605714	0.9756568068616698	0.46893728458734385	0.5203083297926916	0.14886605359854152	0.30563705428750504	0.2836274941446385	0.21236768831641709	0.3391913937009589	0.18284724589859846	0.342955654362104	0.446017336898507	1.7407300375342982	0.5416970742848836	0.3867330000803824	0.43804652079536877	0.31861069523518787	0.5112792114744124	0.3231474925539449	0.7025227047055272	0.23804258771745332	1.0370018995642816	0.7482557973053782	0.27229756842391706	0.332382055185633	0.7947390566639724	0.5674646559322897	0.35502278838440776	0.7460847251612314	0.42918170438261927	0.44666562743918253	1.1234282709502204	0.6224273981430792	0.8915271497734785	0.8114350634637818	0.35639864821986306	0.5989254457507953	0.3847329596411565	0.5511552303970956	0.5884302900448096	0.6270716351972941	0.41280572117490744	0.11717554762757021	0.5521530627847989	0.9386928122408922
0.38566986795610936	0.407248366628486	0.20738346513198538	1.6839133330568947	0.23892778603076442	0.8490569274143116	0.6853750785774988	0.24900178106658163	0.2801500718898571	0.5834968689730036	0.8251785409587652	0.3326359110191146	0.4936014653424213	1.1317582783014055	0.5591498832415203	0.238348944634716	0.22095911468375945	0.6863462671538173	1.038586912732816	0.956703318252523	1.0841357969968386	0.9092175125865937	0.09516221000551117	0.6455166898184513	0.9603002826962493	0.6197613040115002	0.3818096404863736	0.947943735666562	0.40857207508776217	1.2550383742859272	0.9953616031574081	0.5755884449387866	0.32729502849418485	0.36082501763039004	0.39246380910330164	1.2890786123046467	0.37396205375219677	1.3292692337127356	0.3039890611318861	0.0984764909190642	0.13886350571619355	0.3022845652458771	0.08744852589776088	0.6629257378471995	0.357664574485782	0.22256075214514737	0.3202391551839839	0.427383030505085	0.26646716147211563	0.15539448800283923	0.5067554154303918	0.1554943598914759	0.44083603880768135	1.3825935380397472	0.5748129830556474	0.4583148499530605	0.5268511295893311	0.3664595443050788	0.22242524080686943	0.6870373585942576	0.2587063367782244	0.31104158774754	0.2686431198081304	0.3884512278729981	0.10283066793846155	0.3153607109592301	0.6700630999302422	1.0860407811504795	0.8985821880006591	0.7708399686159572	0.5503120202382203	0.368335611089387	0.4213723452272566	0.6173446918192799	0.18666027319866804	0.5153639789552268	0.5415432814874171	0.7320922854762895	1.4055031786537517	0.6141073808416215	0.281000204419158	0.41793257453172833	0.5152856333437034	0.3081333280728603	0.685894613133307	0.18613417005315788	0.8945658264585388	0.34955893050602077	0.7068684894213368	0.8892801005285579	0.033834829626316495	0.9037097925105982	0.5505341584047021	0.3406342298144014	1.127724946213535	0.3982811696436088	0.20292016548766198	0.4191916794982305	0.7014422928647387	0.5208969582842784
0.10911474450738236	0.34965295482123404	0.35169717234852255	0.3208460451076758	0.382122954421381	0.08599767183337441	0.2748036131411903	0.22854742251725502	0.46369216502372324	0.5499178696591579	0.17353295574568295	0.1970209705663393	0.659144866222837	0.38907007924937753	0.5134304185583983	0.7621796298778951	0.8058294862650195	0.7309741707000177	0.4737553757731195	0.25986934211612045	0.5286334553535078	0.761434590334007	1.5531081456443971	0.6762827037165684	0.5239551615347314	0.24331157811435383	0.597778248203728	0.3250143873137052	0.6574439705170657	0.7259666958924781	1.051139195996717	1.6826772136494657	0.5378634277650336	0.5192417838583849	1.260574029754683	0.24800487516747888	0.8454519645714541	0.682771532186366	0.5288522579123498	0.28751008481351537	0.38293658873094505	0.675352822308843	0.37454421518467695	0.4271686571962313	0.23256126642573144	0.5693920572061437	0.6704797503271468	0.6750638869188559	0.2725689056402025	0.3039720461568031	0.16609534817189184	0.30714890475535267	0.22937450317412153	0.6450765195085788	0.3485149902318691	0.19685468685580743	0.15223162011815253	1.0946362970622732	0.3531624020433851	0.6694947422750291	0.6097617523315453	0.6253368573685177	0.5161467157283746	0.7225408876937658	0.6313231383252637	0.5245225349703423	0.19051765660372624	0.484293188095509	0.6611661956297129	0.5384991045914596	0.3240189199389936	0.556743034866702	0.41362721984225237	0.5013836628417013	0.17966988686322724	0.31587774936992113	0.9202192877695522	0.3533175150032938	0.7832301652917576	0.865986694128719	0.8912716410188102	0.371189292944801	0.6245147369244604	0.6758979875709864	0.808177813104709	0.41793257453172833	1.1663026830528214	0.609104588170105	0.46481074701363667	0.24834579176359925	0.2954280389226541	0.32210194112476465	0.23812391346825462	0.6544074871125128	0.30763978357334426	0.4841811499788858	0.524370724511451	0.40632472345959736	1.0313056167503254	0.5226476529941668
0.5530356582404344	0.3590510707465961	0.37604956606733086	0.6739209347883082	0.450633171662507	0.6407567392635501	0.5862387122880632	0.8532374898994772	0.49135884444355993	0.6351732333704384	0.7996617374705873	0.4283962921122948	1.400979663813406	1.4620008080463827	0.3203074697849295	0.9217089024224243	0.3158180655512101	0.7218889853063979	0.980157639383183	0.7464645006450397	0.28505152546761237	0.3909772970067523	0.35166162332494194	0.38450746460297275	0.3006076068111299	0.18615721158118906	0.6525363677298409	0.2524249961435077	0.34199128034603615	0.5159027350570841	1.3620053794389437	0.988334124562725	0.13368827013418558	0.6232541364178346	0.20918986173521806	0.32359016334821644	0.6705604881344226	0.5170689422059935	0.8096371685372576	0.49212316124150907	0.9859145007148902	0.3145513296843017	0.3929617217060185	0.41748767086981664	0.5418651846211919	0.540405431185284	0.09292430088479678	0.16215683413275192	0.14909278277177102	0.7792061022650549	0.17863086202046818	0.17812886805061284	0.6517009739216909	0.5027173869606767	0.2938919701314036	0.6272605880323435	0.2432839639201037	0.5143661301647272	0.38479025982658965	0.1548245134942161	0.21315025781411184	0.3603108948406288	0.7269982690260652	0.35863018433189137	0.8684839547015272	0.4559419529722725	0.4782565466202649	0.7288817382843755	0.4853121579794743	0.9763069725286532	0.37861309356368794	0.28459701873351134	1.4398765185036069	0.422014376484858	0.6907826103900974	0.537651175754541	0.3301526833921262	0.8023692085643935	0.48337575257075377	0.8887517575462347	0.8229692022683162	0.7986213890699346	0.6974556634684496	0.29697810235530286	0.4458177188798935	0.49029135606319363	0.09885020537573648	0.9646926692168136	0.6670450389833885	0.20540605345620658	0.46901586975674997	0.25930511701827463	0.5271464682999258	0.9662472636726787	0.9842093882270629	0.38335626407087153	0.29477097964358223	0.23669701823930803	0.7439138818775907	0.47555001285822934
0.5793916798203868	0.5136196469114781	0.26872892522946984	0.4131118487747995	0.4470556045777053	0.5833558641366323	0.6311338222545804	0.3074230313615951	0.5705732530230118	0.37169962144386665	0.3293764809663304	0.2627795926181711	0.7304035680233105	0.850514159521246	0.11722335092410266	0.413744035391539	0.5536506560942298	0.620727431716336	0.9831993482577525	0.7410137605120426	0.21316338494155962	0.4969577028655044	0.22035140437346007	0.13958363486169734	0.6817443002830563	0.26029444292855153	0.38353734403968	0.6438221540536648	0.4835226740385494	0.5553067966366713	0.717923703791348	0.7960074766194931	0.5995178951432844	1.3602586871631486	0.6593723262019181	0.16735748177887627	0.5355894306600907	0.8751345007842692	0.5758332095391413	0.624930974115811	0.17940001359322102	1.3939477519831849	0.3345562555126935	1.150587914750535	0.4798825268758705	0.47043137554642556	0.3809031697995163	0.5484895291006032	0.6268901841880957	0.7083025600563954	0.19954192970226964	0.5157732537172146	0.19496708545250288	0.16170005909251556	0.5469106086294628	0.4736635571048074	0.18606005332031253	0.4351185380116959	0.6141362714811867	0.19852025290206815	0.1251053861003861	0.29052455614500444	0.27831789934484374	0.5346313456226115	0.610210799739735	0.28943622463072055	1.2754309233626802	1.069480029400424	0.15077023218120567	0.7907257654993446	1.2068230616316309	1.3055552221245308	0.5451566602014756	0.5992584319674087	0.8491615240382437	1.1298791921272293	0.42981260413807887	0.8853376042003712	0.4548082753198966	1.2885234875672635	0.3165844254171407	0.22938421323702662	0.5051465465762116	0.7616175639702877	0.23328255998438388	0.37933352271599613	0.28846135783248034	1.0521873602084493	0.8548955322697773	0.8002006298841835	0.5045504709478131	0.4365732260803957	0.5075170465503234	0.5230554641015827	0.4925279519653988	0.6264056272798427	0.5467141526662539	0.20446459209588538	0.2564135101744186	0.9785113400056658
0.23566917955687752	0.3880683342906018	0.5857088089317848	0.4421528713186097	0.40068298441913885	0.8565064999777126	0.17000556871628908	0.5269307822764048	0.2710640276822315	0.4685140195458297	0.34716169153573906	0.3743213511214142	0.633340288213069	0.34097336124140476	0.6861733402854626	0.673362788413939	0.7430874055990229	0.4408904261721689	0.262639051875299	0.2699714252325718	0.09254475716484888	0.610816388704966	0.3388362147232645	0.24448554302050685	0.18942115785163902	0.14616818901066114	0.5174201982101646	0.2932923667786186	0.37553413639241834	0.6199088900228202	0.4758729175056339	0.8465886029287514	0.13442285989119757	0.7276209872434367	0.925587465018256	1.1769657154411766	0.41579945469389434	0.7234469288556102	0.33768597194608674	0.8706676729295246	0.48561953797941904	0.560057594025786	0.5527992001764898	0.6532692186108867	0.5195656644300976	0.39137318398441245	0.18349195132933668	0.34820544494574973	0.3094996776273372	0.41563295450209997	0.15924249934414209	0.2743574638887758	0.7468217810936287	0.2366908147551488	0.8268103088817282	0.8318963042597308	0.569840052645095	1.6908164520866733	0.8328337696528246	0.16474952822880123	0.27326635561430634	0.6697774316850876	1.087035034082064	0.1418677080820265	0.2624827510851082	0.5757838147143496	1.0553575615347506	0.33800402620730186	0.37636994123134326	0.2433475914152233	0.8062674483192175	0.4857169763099677	1.5091108367665784	0.546864014396488	0.1588614480253744	0.9928279071396874	1.6713272388726284	0.5000202383282059	0.7868399914562675	1.0351136302411341	0.5290253606244776	0.6732798041482354	0.4609619330807096	0.20715616077702642	0.37077827072314834	0.7416679773795208	0.4693811370419176	0.9210798781168781	0.11767118785129935	0.18461511780569598	0.7150955957700373	0.28703827481499394	0.47257145492996955	0.10519698233536938	0.6737426087207867	0.683342563249924	0.35762537975476777	0.7934521260062208	1.4574072567281702	1.1141541915015376
0.6250613975612398	0.6266104495616083	0.5339826318216913	0.3740443292053632	1.215755482744846	0.419506976218537	0.8843698932804057	0.5813826481429455	0.36384042018604806	0.4374418351799168	0.5617097014591869	0.6374039033074389	0.9005707991383753	0.4364383044831807	0.4184606169851647	0.8475428465625562	1.274950528642389	0.309085914877591	0.8849294403981308	0.32736106564268486	0.636948739802565	0.8039105851893737	1.4769541517796703	0.6492288972617742	0.23137216639758484	0.935949777813883	0.24954144327889635	0.5362171800476293	0.3370429557650441	0.6028705014478707	0.38792547444880904	0.3292401488868135	0.32880672302618563	0.6523750380994324	0.8377030796778073	1.0981265671277656	1.1888047140229288	0.48039863066005284	0.856541083519482	0.24226074280350035	0.10696637891203561	0.9023999821380555	0.5352720080195792	0.41736204105066665	0.26505652566882804	0.13950297281655152	0.7868742868690316	0.34778938206178683	0.45572123936015957	0.3026173179574408	0.3270452711470927	0.7114178288116213	0.7944636685904443	0.6688444410268776	0.11720042791615863	0.6283328925473696	0.49887328462426334	1.288608606499663	1.088873811736569	0.31523428664426617	0.7563801366389963	1.0634643419440717	0.49654181801452185	0.3056552320059732	0.2883997261277188	1.2620006029226534	0.2675595022078554	0.6654890881158513	0.13282101150713022	0.9443715569838226	0.27324930381192486	1.7289507580404433	0.18945786986573943	0.5710755360380116	0.63840164417478	0.9919636182638293	0.4975559155535276	0.40836421484860586	0.6145987959133365	0.19704990370352476	0.37464030825242495	0.49763275800103235	0.34694698800613016	0.7331400974168036	0.31803234226571114	0.5261907664738161	1.0643502274594643	0.5309041573685204	0.5381298041004932	0.5541381551842183	0.41314211567259684	0.38666204608888155	0.28431811711387733	0.28143737711438305	0.38003499478325253	0.4667546022460019	0.30338450708176096	0.22019212482873313	0.46389019783151436	1.0940924006294308
0.5026155801557263	0.2661641958380738	1.5336267663501006	0.6010449123571671	0.9150832690362268	2.589686372125207	0.7453198963876346	0.7955869216373135	0.349095693957656	0.7696376184037239	0.37178897601411515	0.4059732957742973	1.2508116377689729	1.3464280593839884	1.0769116131777445	0.6047266335200969	1.1793610743939298	0.5491542851524299	0.761490757514036	1.1647851561046856	0.2920845681716536	0.35133862197560484	0.44791290871100436	0.2706151795024294	1.054693057128083	0.218914558298357	0.1387648675880819	0.24791012441619012	0.63801611839541	0.14400501185763692	0.7568160901972837	0.2747821952795031	0.1549335466084112	0.9464328925399439	0.9254899104861447	0.12448047223628922	0.8517438931793608	0.8358670235845834	0.6851047096454379	0.5939382884048191	0.3997261971299093	1.3632572409757833	0.2054470367906067	0.3034709266491994	0.29068913383448525	0.22883875041445326	0.5251429763839958	0.33143455635659635	0.5940791926088898	0.3882591217298955	0.4582002028802063	0.3119367972950123	0.4664186785480331	0.9093108487686702	0.5015630205531072	0.5646703355036806	1.6165690089699973	0.19512098414335166	0.35022917772768675	0.5097996382715134	1.244539450466088	0.23673460214435793	0.4661536482196541	0.5856203663789982	0.314728637432531	0.5232860527792127	0.37444940876978555	0.09061583897961228	0.7379885620222298	0.3331968654617478	0.6880963664532314	0.2912134105734469	0.3544212646536746	0.9132403711153789	0.8597313543374122	0.22459914005670312	0.368736200458146	0.4076894244331678	0.7752238786988719	0.533003121144012	0.23058871769032702	0.5806629694439294	0.5223211176880224	0.4932171800597357	1.2482150239556418	0.0523943825735562	0.6289227559364512	0.14992558595429456	0.21809370139155934	0.33895387818731476	0.3293987586788386	0.2149036202565227	0.12667671351167822	0.19986048693814826	0.3249873481752828	0.13962662460476896	0.7932896896750842	1.0463401561525005	0.7226684436332782	0.46154824418393403
0.3357242556190027	1.2336309291512877	0.3155257000023942	0.7170966392877508	0.23474073596993114	0.5286825438374072	0.3354054598530636	0.18736209017158004	0.29554629404628285	0.4034370890554762	0.8952677335955609	0.4033289515147355	0.8885182994200587	0.2579258791179191	0.3269036232196053	1.0515749799318517	1.8795337936945131	0.7076693651292737	0.5184273485741004	0.45468887533563623	0.3640224829675687	1.00838721475158	0.43816902661280166	0.48948256213601055	0.21352420473048644	0.35591379217935426	0.379383380970234	0.354908340112565	0.8109298371003069	0.5800043055448227	0.7158930314086858	0.7385618702041878	0.6578604030612661	0.49788703045330546	0.5014600852539256	0.7875956796221409	1.0728312250724301	2.080002381364472	1.0847780428540135	1.1431855748823012	0.4806933998077241	0.30710945186778416	0.586300159276385	0.5494254370196482	0.7181962573365309	0.8769322682073382	0.3306347631950289	0.4140903221032829	0.3166235734069476	0.5553588875719071	0.7323440085742181	0.39876351250359293	0.6702435839008515	1.0947256892182982	0.15959906888199557	0.846291608813578	0.8357844511218223	0.5529262118687173	0.7179668587229268	0.5090603965240582	0.29827454469766024	0.5443895803348868	0.43460431389033455	0.6927959831532922	0.5460533551953727	0.9806376101089929	0.3171168651484961	0.4134057662958281	0.8552338810791963	0.9164253342708232	0.16455269327327435	0.6235425666740128	0.282749792470967	0.3762545499515422	0.46488754340290056	0.831588551877751	1.3509436630180627	0.46887411865530304	0.6935676669875289	1.520349113136981	0.3603069287743235	0.4443228378942918	0.3734763732114468	0.5087932038223232	0.3530771780566247	0.6218015810762862	0.32470959928783966	0.06003793152420638	0.41844163994157063	0.22428182717498765	0.5850355391770051	0.5757123258906405	0.4657016885867383	0.861101466779101	0.3472173523395956	0.3516324105552051	0.39628797620131484	0.5923811140101464	0.41916726410344496	0.5126822473336451
1.2195643478288747	0.34498492946379744	0.6494356712623314	0.7182651765581403	0.15827912287240747	0.5456653035498049	0.9261739313022234	0.10275978187887459	0.882557159843142	0.2601443610157865	0.2622599547413793	0.6878290226348899	0.9317026389876388	1.51852951320185	0.9908689499297607	0.30507252927531286	0.481087963280609	0.9534468413793105	0.8974827398852199	0.8766055615499001	0.3052266079007412	0.14211722192544293	1.133518202703629	0.1670158744206153	1.1613443371928276	0.5048442650821492	0.5952173009370127	0.5425747003770156	0.5853683424794024	0.3006422192213221	0.5170430356558692	0.25746694443726936	1.2766264083540992	0.9647528909027536	0.918515063559072	0.1976911900824964	0.2082230941861281	1.3406142395749376	0.714649892296905	1.6715734370320805	0.5197105137881575	0.3705982974645544	0.3525147769962433	0.4232201575556404	0.44838243209091977	1.5856757360192328	0.49923544006972237	0.5331269816912404	0.6899876480273716	0.6521461448138014	0.1258874569631141	0.5163656705528883	0.2573035597322218	0.2458771439825343	0.7013834762062551	0.42589281003231894	0.9581960521264598	0.6393046773391474	0.3313271008320169	0.12690588293995858	0.3082548496338589	0.30580745328277353	0.5567689675278898	0.18141911145182044	0.21862560561548924	0.21265223455361554	0.24207685715844213	0.3765098027449689	0.0606938337764605	0.6220765220107494	0.21033428686237685	1.2272269631352906	0.510922517804951	1.4173725625430709	0.25938889839473683	0.40366713312418545	1.1045752893054812	1.362590053378352	0.2112188622210258	0.41594365259814153	0.9106775871139156	0.35515466721441413	0.8376107216531787	0.7676157466004361	0.20797613521828537	0.5172340467789467	0.510832176726426	0.827807849645099	1.044842758613899	0.4440894952237001	0.16315463975623867	0.29922172953867265	1.187427213671481	0.26219992666916797	0.8124434783867761	0.4833052385093363	0.6232328842577262	0.3243976707927792	0.713958569090633	0.5683269364487489
0.08954560508379623	0.3169695504833227	1.334594458893586	0.6127634114432405	1.0628922402261396	0.954022676010936	1.211246906690669	0.39686561125694053	0.20788193842017613	0.26853261440973125	0.4957616096866097	0.4713472628905399	0.6787151249068036	0.32215483321567245	0.4511629919044035	0.08588815943829298	0.9621357997357296	0.5530993012977736	0.5736034904882251	0.19252530860631606	0.4696959956845711	0.4020589685060692	0.5078175238993924	0.5144078617480029	0.5806328183795504	0.16189221329153547	0.3919353855297739	0.19130046315247204	0.41877207962793805	0.44618032802566754	0.5455224998410031	0.36823085762611457	1.228606627982026	0.8748710744447566	0.6925080151041303	0.7935546232769517	0.36060045069682883	0.8747577934186447	1.896782299816956	1.0139774326349333	1.904234200428991	0.3629769894484485	0.5477142286221177	0.7827512283895988	0.2459437319995619	0.2883487790580354	0.33742795506360873	0.3038608602521075	1.832968708486257	0.9178580573755964	0.6981503183768117	1.077746727203853	0.4076208101565263	1.0750585436009419	1.3432152253921785	1.135184460913736	1.2712627123252793	0.43471140389019564	1.2987887877011346	0.31954781187052905	0.5569782674314466	0.3922715785289586	0.7870258101266998	0.4593058884270813	0.23802792514447313	0.42749341851647304	0.41234925043172416	0.2217425994920503	0.45648420615971985	1.3408034597553882	0.6192500102205138	1.0181439748953824	0.18967814110042622	0.794376382162003	0.34504846673620576	0.5691659425206549	0.9780210728281575	0.5172120634413034	0.5356447509637592	0.23585936824748036	0.3497873779134767	0.14826423611991127	0.26107501222194507	1.3223995827243429	1.0766578701925429	0.6948160947140284	0.40311375998204907	0.5040105586949234	0.3297581237484368	0.5317704583094197	0.5321322499857589	0.23514438255018916	0.5696309772725857	0.575682758250508	0.4827920780489298	0.5566014296852053	0.7499436999887303	0.8000813046647054	0.9182277365777378	0.5868195005867779
1.1228125434162703	0.5645201876343326	0.6133173034028063	0.49360184281784586	0.9926401606158491	0.38854405208870396	0.5738923801314468	0.3650707740231485	0.2053514492315541	0.5315802361281666	0.3155678602857403	0.2989007823967353	0.8745042133005253	0.7735598729767842	0.6475188194364677	0.9877623358355535	0.6599293716446296	0.6304304930383481	1.2320202920265027	0.8564985374836752	0.552643545256385	0.8868572137167996	0.833184600331944	0.6654775548740103	0.2518381182322784	0.16702017692634355	0.43826967025628527	0.32598871025734777	0.5439692768582809	0.20884947298992607	0.42850391860319254	0.24638259412739758	0.619953602881107	0.7079129471193185	0.11144305257604377	1.3705029027339002	0.6945862491525642	0.38144227599211217	0.47326614409372797	0.6405678232979108	0.39624247834406434	0.9576540383887654	0.8119793455007486	0.3690344065291269	0.31974105133349345	0.07090503887431443	0.3091547669372742	1.1985632783861673	0.35107204696954547	0.792015105775733	0.9195181643606611	1.0304992436543599	1.4164334631805477	0.4079000253366641	0.21257173939446075	0.9070411894452448	0.342477087264151	0.23324214667066023	0.7325613698652702	0.3430012882709844	1.0624255167298087	0.3580876918899216	0.0652366985397051	0.38629178435141653	0.5203121235116213	0.19214114200238558	0.18868138910259077	0.3031083685124653	0.07000714325712651	0.4787895898906618	0.4421760015172263	0.49676864224017664	0.36558355132507503	0.6983632984446255	0.4812608410113638	0.6245485373407977	0.4157030066178783	0.3372555619026489	0.5239522300176835	0.42801752400550674	0.4582795945081036	0.6056200468683963	0.6100939403496043	0.29013612282076395	0.40837463698536053	0.2763095636979962	0.6992247036094131	0.4322818273017897	0.7789335618862445	0.6117300339895568	0.8186978502931618	1.9950485208149236	0.545093725358306	0.18332937788965178	0.446394140502952	0.6648579041403843	0.21881977608162465	0.3826858679440353	0.8119912921535923	1.4007740193986493
0.8733257675136422	0.18623103149979844	1.1880279403916316	0.7753922824386387	0.7574619366448591	0.4720211003743669	0.7724935881281929	0.133285819401997	0.30011703011865914	1.4917254948253291	0.5987673349916418	0.5582445896379	0.534188954705769	0.43581740024252846	0.21904236169232344	0.4846629132358925	1.0912947513042388	1.0344617579853037	0.26072441587306094	0.5863899669844007	0.7690155566960938	0.11518999365179025	0.31210543143354247	0.5528653855473439	0.5214736611362589	0.4339156129349293	0.36154304934593023	0.1392064761120381	0.9747316323742569	0.6451103962368159	0.7702206098580301	1.1918455693432164	0.6875351445310381	0.6210151147345	0.8322910820855485	0.9942216630618343	1.0422365368402515	1.0942430004653996	0.7125726771238144	0.8349341557014753	0.7552893512588521	0.33996550741625065	0.3317997579792595	0.5197448156419845	0.403327805666641	0.3884527723153955	0.4338853178569509	0.4616139447701646	0.44268174631890017	0.706558616333046	0.3135575044466315	0.2992446602321407	0.6935291150328052	0.3768228171180348	0.8720756599647211	1.0107664496838038	0.6568234338792492	0.42025851201216374	0.2819087985963978	0.47756765857817296	0.5473595232704404	1.1738373077966329	0.5130697363026471	0.2069382388075198	0.5373048772393242	0.1532270478508199	0.28620467872165756	0.07563664661461317	0.13579486714873432	0.24456847051193042	0.5295591795390153	1.014759807756438	0.38628602799996264	0.43543675362701884	0.7937347668387478	0.6207895942522844	0.4489119452640892	1.0516587479497879	0.42072292713342174	1.3685176086696744	0.7782865476380636	0.46278613677234454	0.8617980271687559	0.4836369182321105	0.10082229331495246	0.44935720339369206	0.3268783357212791	0.29896603247578135	0.27920240329400425	0.47628952605563696	0.8587644272332181	0.2901313863226268	0.6902834224491571	0.563013784334307	0.5474454187317009	0.8463263131367202	0.33250126171494215	1.026026186129002	0.33156915072013793	0.9983227941481175
1.1687588030165759	1.3694777564334777	0.37494386190000223	1.903896999008955	1.5303932858835774	0.6704323213871135	0.35144748098314393	0.19722343959240196	0.15358236122318808	0.2232304900341523	0.44708215094230586	1.1794659271931303	1.1878711735176577	0.3658684693964014	0.8464906337849363	0.5463980037852257	1.2099937793577142	0.47368475582945907	0.4388721741845192	0.40315632088135883	0.3054441793660206	0.246673651478421	0.26679486725034973	0.2660459703039888	1.3743228316189426	0.19946283718896335	0.266269774380488	0.4859825038116558	0.6825174582548975	0.5904636224921013	0.5414494604310442	0.8169254913120516	0.6689296478329644	0.36871992381604063	0.9521607732777777	1.1350666374743734	2.067154896578331	0.5640521928258522	0.8121310258652974	1.3463224497158932	0.3981887154107694	0.3772199279617754	0.2728979034381502	0.30265395897276154	0.8370897862273138	0.16071984101538483	0.5946826504290562	1.042369077848147	0.10492684687574506	0.47055674738049247	0.3926959903963052	0.7862765207126077	0.6664414891133569	0.3137491855102149	0.7873896596805628	0.7083020808932079	1.408141576989173	0.5949159176042048	0.3301291271843426	0.20275932026046725	0.27332217585093893	0.7404281965615029	0.6691961752122961	0.0852109727154201	0.533793149601239	0.33694751612841284	1.0008812470959145	0.8200828234300666	0.5346922254652146	1.1161434730075706	0.27536224950549076	0.5012411754305842	0.5312630549276732	0.6454781183665873	0.8865100893285541	0.4694913201988536	1.3912897411025236	0.6571129264649702	0.6684677009366794	1.6354262942682456	0.9036797558582581	1.4499802690704136	0.19139598968376131	0.41548677088578084	0.645599237533459	0.17673942464433542	0.9146074856254797	1.463293357484176	0.6159344607744848	0.5116380162370371	0.667365853935198	0.8595544658203192	0.42324779760189774	1.0511973614762502	0.8320557592925035	0.13878378993928261	0.3890477825357672	0.1487325174901826	0.4200893906869086	1.0641229345877141
0.426202096562028	0.5614243089595926	0.457534739657105	1.253527523643769	1.0750826200408388	1.4315603023413888	0.3546328080112272	0.19749290237547623	0.19097053645816767	0.26896862760215323	0.5151154931041474	0.37352150488552416	0.36887540563111126	0.7527985751834547	0.48245017309690347	0.9293161251941564	0.6135033574890844	0.4295343930271603	0.35530454954566	0.48990126202281253	0.19073970447135927	1.632363044627287	0.17392447673060338	0.3310134494091818	1.1586581089326704	0.6630758636103178	0.4605756084173965	1.0717443303560987	0.6875559209251022	0.483198300115141	0.34451158210098176	0.6028261993686433	0.5605725192177691	2.9406101898239774	1.1250126036697845	0.6376936000743763	0.5386019780585107	0.6282411256365309	0.7036700938956733	0.44440443189743145	0.5773866606708107	1.3843648142125693	0.37372293429253917	0.2033168624902306	0.7064817105456563	0.2500044863987902	0.7704988743716629	0.5713984927369495	0.905067906459196	0.254170966845125	0.5534648067723724	0.26519172068532365	0.5941257864373279	0.187038120955373	0.2649040097474484	0.5958911922869355	1.1928344341861803	0.3272308108897702	0.47690391310280994	0.24512345851389714	0.17457372680237015	0.4181888676958905	1.6019324611444323	0.6032198196657732	0.4008065013776438	0.11197502432793062	1.2161044012050868	0.3076228622348994	0.5563392484964698	0.2457502263056625	0.5147146806978373	0.5421759690555872	0.5402385127999397	0.1382901264784281	0.2202787730734654	1.8436026681996498	0.589214492209147	0.5446710846238962	0.9604187214258927	0.24095353621641197	0.559442428952585	0.39404048748589887	0.6635252259734898	2.020012055184906	0.1525184468391296	0.5045319293458136	0.34236157984604915	0.563165138711826	0.8794829220092653	0.8064906888111889	1.1378410156121104	0.7181795423519387	0.6370316587674956	0.443377016995129	0.37816166250172395	0.14324781391603353	0.583636447002799	0.801564134706493	1.5961606364995182	1.4424582036133566
0.5923487082318392	0.47212651935573713	1.062100285554851	0.7957643562250328	0.5246881330228546	0.4784187600594509	0.6887607858632512	0.5350125511795814	0.21875153217577864	1.0410451049646094	0.9206177993082609	0.39319240540886935	0.4292377122602039	0.44267603057037397	0.3062861811045071	0.48858554395635034	0.718481510845295	0.450509559852877	0.3030538736297295	0.326888302841051	1.1458253075228806	0.5162324358203455	0.498595114185359	0.24747281749498107	0.33231850064581425	1.057509407427445	0.4064506391501766	0.6220291282257998	0.3873116203164271	0.28105361740686086	0.09743481739531405	0.2055111037003842	0.8589905944212068	0.7078115340233598	1.5401364990422752	0.3156491717814201	0.530170803289238	0.9986853224738971	0.6113905049703732	1.0039545734233917	0.21959527797326117	0.35131851904220074	0.28859069045716246	0.2679528654704129	0.8132126474992984	0.38537331113603734	0.13205481329058794	0.5127356357628885	0.7677344054235669	0.8349971907086788	0.7578739861372421	0.5082992590957695	0.4514787859929078	0.5367525603946804	0.5591178245457925	0.267290887407306	0.23831858871731973	0.6234621296473101	0.6567404764070777	0.7465577828492038	1.5482961917098446	0.6086484649179063	0.5396501535931164	0.3633563474333949	0.9339923662687423	0.3382735487551635	0.3513855693088712	0.23855969569463317	0.34951108960979854	0.5959976189132884	0.2999641989793065	0.421880609659861	0.30596927698448695	1.1171836878544794	0.7807944406612057	0.23649255489868887	0.2587111828711193	0.6341224332041342	0.18043405010130664	0.764682441468141	0.5718099005063748	0.8146852178471725	0.25440131239595	0.5951319843329292	0.3310583582678963	0.46595422761369604	0.16645683236434597	0.33013743205461443	0.2916308379695088	0.9766915396929456	0.40994589258630604	1.1375484035303258	0.34488559466800806	0.4534269836481954	0.21364312292901666	0.5646535411918817	1.5028376583091956	0.5693416082801189	0.9029607176293163	0.5692986668867259
0.23413000997604946	0.14915035300617804	0.7637101961166648	0.9912226960706413	0.7494165737691768	0.6598224906002341	1.0930756161006534	0.2733016442591742	0.4995381191799828	1.146794756604349	0.9481294088047226	0.4080732106038055	0.3993870138257786	0.22924504644781968	0.3421264650808064	0.2786495850973493	0.42834544936111685	0.5576846200196175	0.14608855921179223	0.6926983657416829	0.1609866362013154	0.6967562672466278	0.3633456929250265	0.3947052407989913	1.484618777586266	0.9349997224354513	0.593307441069782	0.15359862590503198	0.21157851898341173	0.341421817074609	0.46183247572698927	0.4147095064752627	0.1664703933476754	1.5128218734263452	0.44964990743151184	1.9334237954450184	1.1008657601055296	0.23496275536414787	0.785821110924853	1.4110190082498175	0.15481526537780957	0.6860736509716184	0.4415490025195971	0.5386372061976966	0.11514019132209868	1.1203220164127377	0.6096965344339794	0.44373014219585477	0.4587366917745554	0.23871732365555373	0.293023383108235	0.5248627360080407	0.32179047535689115	0.18636195244454723	0.7119061691178725	0.4728940481353846	0.3468435789195543	0.42060525057529186	0.525560444375645	1.270905838905591	0.47243543615259265	0.580264163262336	0.739696485846042	0.3968116258230642	0.3440857417856368	0.5172803667342565	0.2683300526505682	0.2717364203621637	0.8084101051590485	1.038802273518799	0.23296746493917014	0.8555919650213477	0.38023273126656215	0.49131931429882314	0.3295963281474802	1.5303693236024485	0.9153626671064897	0.616394244922639	0.48070057145908995	0.9615193623813436	0.4857940474849369	0.1493102010427955	0.37389254523069526	0.31589124100930555	0.36733603678416477	1.2940425952826293	0.20120917124056692	0.9175352164821884	0.43581514091394297	0.659220436237916	0.35325945495802763	0.12775028870226	0.5138356984832754	0.36316447556018383	0.4850117193315138	1.2084919597521946	0.21310478495844187	0.8413452410893686	0.0924301771287914	0.4699772539329613
0.5940217647851691	0.39295450714273555	0.6635202107735628	0.12256176184329103	0.40582971484450264	0.22591030186921573	0.9328202952413348	0.3620420743465617	0.22731222591428035	0.3975757723616925	0.5138696306772538	0.32838833685770397	1.1867092463541944	0.7815224281050293	0.4621671846006905	0.8826720459040712	0.3871961535397526	2.100292364997051	0.38321278942360115	0.4630862286844928	1.3133081281100758	0.40744042822536136	0.9585128863758322	0.8937209774058501	0.31706717316752997	0.25437439739900297	0.174303466183491	1.1001563203115203	0.46793422858271605	0.5327811698784682	0.5326771403043205	0.4893224837545348	0.7061273032752272	0.3783207543432522	0.41278328954763005	1.2618838294541252	0.5947519195583733	0.34102020464440636	0.1657312405394191	0.5665209439579205	0.3054358491932189	0.44495414341768125	0.2996374821808996	0.9047491051013301	0.2825526719817998	1.1019873441566361	0.4732035595585579	0.36967368245177684	0.6799273206758466	0.4071612386204202	0.33993603182655313	0.21992993331165914	0.534173695019902	0.629834531624623	0.32801310147370594	1.001532008860862	0.22322569423801278	0.1979723779182441	1.8736790460141692	0.40797838631392	0.3661362920050321	0.5319645904510412	0.550355297239884	0.2443302389463438	0.4215783033749756	0.7581431027908125	0.7413861940102011	0.6491043584549655	0.5337843394725451	0.12190801764961355	0.7579890954295164	0.5725778570405015	0.3671565739458855	0.3752302582619116	1.4152497747414037	0.33370564575803374	0.8301628830532864	0.2608826153785266	0.683496380368704	0.19499147182423404	0.6078282117628631	0.5154157122393587	0.49054995489253356	1.1326923441459247	0.23563651127974292	0.42879754601926307	0.39970591175202674	0.5453478161412599	0.37852596718662174	0.6417541105873867	1.1819035872564636	0.07486690650842852	1.5660701068462	0.5506521287105907	0.2789571962614289	1.6132285429344098	0.1663022984618818	0.32300820449804174	0.6138012903577802	0.6019600075312237
0.40638152002696726	0.1184933038810945	0.40195949033214406	0.78491204812014	0.27671153719106795	0.8127235897085808	0.05339163185918825	0.5466806627281275	0.2659846191071118	0.4868660076734681	0.3518583883534003	0.5565246795951586	0.27336011157437307	0.28557645347164373	0.28020690283656474	0.9188778636923888	0.147467713171677	0.8244077164469062	0.5849373982744318	1.3384206091493422	0.3268244236627701	0.47861641259381255	0.49746036476899075	0.4682076892600467	0.3573428916178665	0.3911262994509874	0.5800402267049266	0.9326189890761968	0.23789392884832256	0.11986914792555864	0.6863400769348421	1.1635757851770339	0.6423849246301132	0.4966772529480872	0.6782880988222064	0.07861394234451159	1.2272867972152763	0.5833699281874086	0.2639322755605761	0.5096078011979703	0.1408286867308863	1.035424270781086	0.4701474196727917	0.9288593990587651	0.36956094437264947	0.5200016383567552	0.3737128637662567	0.36746406454617625	0.28394284767892347	0.1546484103217889	0.1743602661441254	0.21936196732151414	0.5640458713432586	0.9188239358325564	1.034633576678288	0.23865431333435627	0.21990926449222908	0.752457525306235	0.5073958431744553	0.961734427516546	0.30219418146110133	0.8876206408629752	0.2865321685913211	0.8048750188581464	0.7595730151663657	0.8479470047513467	1.5834881103450116	0.8669891479719907	0.29231234513397747	0.4491064593606424	0.38992799116727866	0.8690965806606538	0.5619665930373845	1.0832561703704786	0.6192049531347031	1.629299440749817	0.724283955417115	0.41995887261783854	0.235151590409094	0.6586064749222945	0.4308077086664482	0.6907143153346978	1.4704845971686307	0.21981212375746384	0.378434999343315	0.9338635786085017	0.42361992734174636	0.4089832166748854	0.24792973529915383	0.3484534857067325	0.24266491285922434	0.1676520861552028	0.39162273356319305	0.29001748628760016	0.5339816820668011	1.50851387356482	0.780858345597774	0.41572338661127456	0.48717728294530166	0.2722088971275175
0.22968181967443616	0.5039679617160855	0.1644118693762494	0.6900060286428342	0.20598849034272976	0.5348108380891535	0.42009142743722444	0.5864885280145584	0.15761113057276882	0.7305724812333846	0.7257270050857914	0.9636246259634405	0.3334659706936151	0.3681217632776517	0.4907902079715962	0.7420221598068988	0.16858202652049073	0.8174581778385538	0.9512215663424433	0.1451511936615953	1.1630039163649242	0.47870749021932363	0.7312146287628869	0.18368276859072993	0.6527779895151261	0.549255581827713	0.36999355875325296	0.35995370908375013	0.07046037656639385	0.49408924284023764	1.31018162899245	0.9357594171843542	0.3764383161345519	0.6506231905746758	0.9093094303734923	0.8431286254109939	1.1698671581353615	0.17655766946491278	0.7447102287569279	0.45375879878204406	0.41114866428531455	0.7455058350886518	0.3516927145317383	0.32954979145455665	1.1127560447831393	0.3592284344172008	0.6194185203668878	0.1452756874335028	0.30684169765051017	0.6011571009814412	0.3851888253501233	0.2244079643854209	0.2948492905240438	0.4615370888576975	0.42667600512129117	1.2124272564467076	0.7553836988140328	0.5958878623245397	0.6206998816939432	0.6514241169107517	0.36332423856138557	0.7326299256262042	0.6057850329357295	0.7755820317326275	0.25851890569692465	1.6587905400378	0.783752675817863	0.23910397859735127	0.8260818779623835	0.7570370985957587	1.4939479735574432	1.05422713319858	0.40261154123238085	0.6791681255462427	0.7959813927711406	0.9436784937482386	0.574978509911171	0.2211489417039021	0.20769769154866383	0.2038447946895745	0.7921312423901471	0.690816361085488	0.07145080395229331	0.3595987598238574	0.21864696476012804	0.1563801489720483	0.2894417403848339	0.5984442569290044	0.45754621650382143	0.660102205524628	0.9856925874669719	0.29724554447961177	0.6765307619912204	0.33424389710198305	0.505020259283298	1.1656051560075011	0.5542367612690198	0.3537809013953071	0.3206459346403469	0.3923413235706895
0.21760811666365076	0.07556486975773036	0.11828587597106353	0.37620387458160853	0.636028965734508	0.24714404877226057	0.13479974304508055	0.1008221665853626	0.3128492427382559	0.8163065034219571	1.1797528162874582	1.0072464676025912	0.5934968043776195	0.6583748667498284	0.4267456102884616	1.397433507412807	1.1777024372766682	0.43942671310303233	0.49393329325889856	0.6498362334295689	0.5590813377427969	0.16080166286727454	1.4969317132262998	1.1773396570907417	0.38032063808007827	1.1272791871249401	0.35035155783648586	0.368368767884256	1.3296014224170793	0.4242826723453416	0.5061322353454676	0.7539493928237937	0.23157630647584995	0.47740197888961344	0.42904571347313036	0.5492968683672647	1.1018001423789212	0.45606203211411955	0.5043468289142377	0.19556779868435117	0.1789518654226832	0.6809350913441783	0.29921128490934107	0.24611924027816415	0.33385190839542145	0.6002454922448021	0.2751445060414264	1.0236611125222341	0.5593004357089127	0.49133878242486667	0.3876018200039662	0.3148790468181526	0.2937901250154531	0.5330566803103891	0.6340756228773411	1.2237273648746152	0.7033472603080302	0.9244919709481519	1.1542195746593276	1.7781698939332402	0.49542277750458286	0.19063349294172402	0.42283773413379044	0.47627581606421837	0.43448335993175285	0.3168476345865467	0.7270068327012797	0.382346768738579	0.17841455757102842	0.5283120250944234	0.8698086817919293	0.48018099888743926	1.0433223553921038	0.3921911115694445	0.2644722286612488	0.5296872384995501	0.8139735516651612	0.7097115608758154	0.2664096713924683	0.7003498410066982	0.25264806566474207	0.5848092857505285	0.13284431029080102	1.009348880309089	0.29830911554068257	0.7196207761879878	0.5831660656401277	0.3000905761398803	0.7249711672867118	0.3181967666656729	0.7756417046624104	0.4282865885903583	0.8211530750458913	1.3090873314526037	0.11471028699632595	1.1312705208753282	0.3987060122757456	0.668970790533058	0.17413506096590906	0.4515202359771374
0.191803950830466	0.5281863249707752	0.6805585183479975	0.3402473500396773	1.5116480696580794	0.17863441111189404	0.46099055120282934	0.3695298670693857	1.5994178269770052	0.7947734522287968	0.2680061253702472	0.9871016454588185	0.20409251802942707	1.251533775888691	0.461207182564047	0.6202492621348167	0.7077563312719323	0.7253860775521032	0.8948309248964846	0.49051041770270276	0.8181143972782255	0.3409269393754015	0.6975292413584889	0.25242054821269055	0.3358505566384919	0.21397924956314088	0.34096616294527143	0.502107695832807	0.22264689882961067	0.6815384720141717	0.5347350734765329	0.8383220624769876	0.4028181545135757	0.32820296459426435	0.459703721415108	0.9683553217721665	0.9841601651514956	1.0006110448828576	0.12694548457693017	0.5478833531205696	0.7104936570313973	0.4390131809198996	0.5475290655359457	0.8910300548202083	0.36725455577658694	0.11061965664247034	0.8023225528851167	0.5867067414795305	0.31451116882872915	0.5020282445325593	0.35403246705610714	1.3984171420212572	0.28295681639165715	0.2998594335428418	0.3455416402284888	0.9449633445053118	0.4608224278686344	0.39237846745869176	0.47015685337733065	0.41085205984900874	0.20047475232776132	0.1538096684919706	0.4909156029752926	0.2180977492168922	0.7551158520764769	0.43702183815116324	1.3654189947156832	0.30636234256651457	0.39269044306695344	0.44378964053145487	0.3812814878138118	0.5191328096931491	1.1647212075036717	1.0152188277301193	0.3689889298350749	2.2336796755545123	0.3527585621595637	0.3923424668866596	1.1535596978496767	0.9665723937774668	0.6060360494189206	0.6989406960077982	0.8603331734209277	0.8946737026318097	1.187673336139093	0.418118226421739	0.2587240183293168	0.20386618050551558	0.249192796409305	0.2554822060692322	0.5175660848621741	0.2247552680080182	0.7069000029688599	0.0723966014859806	0.7538258389040873	0.748402975424862	0.26092672867001354	0.25310945918283534	0.2217833067402775	0.6492295082978148
0.2680186935207322	0.47260899929854605	0.2715196435394635	0.8052081789092955	0.1638205611616378	1.2900080802827119	1.3426317325407726	0.5182974737823065	0.6662486853987444	0.9388938408591658	0.7391364546382823	1.5778397661203072	0.14834675934033859	0.38637013428151795	0.7378265977888765	0.36831864391314045	0.3405252975492534	0.5085636349763697	0.34085201775093166	0.4134424473460398	0.1188607050454689	0.663331984534694	0.32972303380664325	0.5607404006785092	0.09459860011941584	0.4037805076714559	0.5214740882640337	0.3475782423111338	0.1828460857462863	0.4696679633176468	0.3191241732157119	0.30728874587657234	0.4271201074033557	0.17613835532430366	1.1964768965981862	0.6130241415319746	0.4112353779960045	0.6922426300168331	0.3262314312044183	0.32279408696442785	0.2106518334951594	1.040798456521861	0.6123029833342861	0.8917722199795269	0.5365470967785602	0.45576425668047343	0.4857481503575097	0.3197423175382385	0.6220190861348404	0.48947908661926237	0.304417556883577	0.24151354346009668	0.11108081996268375	1.1185064285899948	0.6112203763915851	0.3658119658300968	0.7492470918733461	0.9503400995404699	0.3737603218630218	0.36248828526710997	0.24237553049181398	0.11510020766209672	0.5617604953525565	0.3560799368736571	0.13800412262145917	0.7562137329011349	0.2614194837725754	0.6103929028350339	0.10573465564359272	0.5348801204682452	0.6843961328716056	0.9661749573994728	0.7674258621007566	1.333440793959562	0.5749172109993376	0.3543591257772855	0.25227282855136085	0.14523515044711013	0.644119875315335	0.5385833745047348	0.6350717369147157	0.6265044244147856	0.7814561699480636	0.26348556000248186	0.3154633061875424	0.42533628353555214	0.8167437234580467	0.49868295116740924	0.18415388763137136	0.39215865805152433	1.3629296742226729	0.6043990382399257	0.5479769375982804	0.5631811986162354	0.4393497729742938	0.40553132500903444	0.26521667093364654	0.08329315382157906	0.6076187022242789	0.2677994698515176
0.30803008687327715	0.151003660306439	0.12854272749592613	0.28855515909259594	0.8100828591966267	0.7814422242623623	0.24542705239609836	0.5231410261054809	0.4823295817102044	0.8573296655782503	0.3706722023393517	0.1602807163527507	0.5373735875822369	0.3379077521285183	1.44645614856947	0.7372197037151068	0.5382209249281432	0.5596899634825486	0.3265876639205019	0.22492362102554442	0.8114099368504636	0.30132220639513596	0.39922655357317366	0.22113556300218	1.446629718482942	0.21614505518556218	0.34511072336312093	0.28444011348253745	0.6010708631759004	0.4144557805915119	0.18323998421083948	0.05763667317483082	0.589680104234638	0.15887906298037327	1.1294044971302428	1.4137863816088838	0.3111524962707366	0.921986564984453	1.099810806664621	0.4362990306245771	0.27814316577155007	0.6436094708506979	0.7994482833891685	0.4925074164634611	0.4248496099893207	0.1246453321531592	0.3672230118442823	0.44741574828864006	0.6466194343468519	0.749844413727709	0.4410715106474295	0.09289174266562839	0.7511801672838455	0.15958890655697444	0.302880341593265	0.442229038627444	0.14662037761081423	0.6041691325349038	0.33435844530381426	0.9778072996467598	0.7807361641497905	0.7467580382949477	0.6317502634441378	0.35945477616678745	0.4198714819094036	0.581961786096406	0.30452541842414604	0.41330741756603323	0.25624796397736455	0.23209584940432829	0.5326810703590158	0.46175458306761147	0.3583221346486781	0.7743484752418293	0.8687910219529349	1.6244380259073232	0.28836652154291986	0.2624799184633623	0.13580584779450172	0.6304116546857778	0.3956817913553009	0.32765579206823653	0.7812573188662592	0.7661744006150825	0.4695109188874495	0.7219771661553477	0.5237640956739038	0.1349556441266779	0.6683063088049622	0.8563993092078621	0.35332001495169624	0.592559817071661	0.85896714056621	0.5307176424246046	0.6477959480546496	0.13753826689989235	0.6710455626077749	1.3085920964468	0.3502794977815909	0.3124333831367398
0.7254529890394913	0.3497115089953242	0.5818792557882784	0.5176630810306764	0.17006459769037655	0.3218993536850072	1.0364334807298319	0.7508282289234911	0.6149698347579468	0.2684209911709482	0.2580097615706355	0.6624626662773834	1.3906329880309813	0.7630576325612451	0.2867770033500259	0.5750117057522324	0.7722815304031366	0.4585304859019828	0.202282163321717	0.29630305455771994	0.21819616044340823	0.6891468975779588	0.5831273265188667	0.6438800258985099	0.390214033923032	0.8427359035343674	0.6249321460028534	0.5618376550763303	0.2089908475392148	0.40716966851907915	1.183642712050318	0.32526263677554684	0.36214846108532034	0.1966025095679705	0.24918204705061078	0.6442420180238202	0.2432884358987784	1.7373661570152663	1.2138136819596128	0.36628698558848055	1.005808210386129	1.0135706387278682	0.5079723548420357	0.21412191721957038	0.41380338834996094	0.6431911141552619	0.23439036161895105	0.4375808987642594	0.47112346241092434	0.48834158615500384	0.26910051064557666	0.45773606832147723	0.4139351788332763	0.15558091009357297	0.5166353524199783	0.8512018190314375	0.6992837214926353	0.45083602015101054	0.14313894290165022	0.44896661846210384	0.7946791020623362	0.3724769715121387	0.5614585323738804	0.4460376216242147	0.432059391962813	0.32276024956939986	0.48007482896957065	0.8254929427055987	0.4469048143181157	0.9482078134807672	0.8871819168400473	1.054135717447887	0.537850249723757	0.6023140137831579	0.17552107010281542	0.7173687308413921	0.15140966420213878	0.6366544992161624	0.5021770703326747	0.12351462036612901	0.7001303496802761	0.5762775107929808	0.9136324434054839	0.44673677251450084	0.510596772408674	0.34020552701056467	0.4442567589168741	0.535905445724191	0.6858287442326771	0.5108417442048644	0.5335314228248449	0.6848253685849408	0.868472185141459	1.1384937495025147	0.34791982628951507	1.5819422718063387	0.3124990965008335	1.0963466847711099	0.9884533786419065	0.3660581373062222
0.23555096865350617	0.6285312902998238	0.2615807953863525	0.9748132663301651	0.2503024622701468	0.23859058847258047	0.17640927623021646	0.852859274615199	0.23503894368353995	1.5689489860074324	1.2197010163984132	0.38788797019933974	0.7680204651054953	0.4346270651599345	1.0596041860196725	0.6180042326000417	1.0281246682163458	0.8480733376982963	0.534699017483989	0.1865579020531592	0.7224250620597094	0.8373632688493131	0.4676394863155398	0.6300345898230153	0.3430851961496617	0.3298870549684286	0.44424558583440316	0.43712717750460545	0.1728238619561487	0.7140051718715854	1.0711944194796967	0.946874155925046	1.38470313194485	0.06504628490314318	0.1237146418002871	0.110467952710648	0.2747715682841004	0.46317831399958337	0.4256745238193344	0.1807596908713693	0.8615870269753757	0.12819638713803455	1.2468627039782094	0.20330476134794684	1.1549945880596624	1.1165424610758923	1.2503589848406638	0.3037407612608296	0.4382570961838674	0.16129429567344067	0.704067148996736	0.2762514226594856	0.4208267415018649	0.2975638296856713	0.7031236037304807	1.1046198249383083	0.10907150386355993	0.5931363537360879	0.6560155499212824	1.2692121839170407	0.9173300901127921	0.45292518938817006	0.1989333089930458	0.719555100525572	0.2016775454228643	0.4683252962048258	1.061217180862413	1.0542546580216756	0.45061205875576943	0.6107090946230553	0.9601284345174884	0.5501965200899498	0.2150321220575915	0.809897745047133	0.7156771600210915	0.13369676686031629	0.3725529062121123	0.6262882173010673	0.33082416681981275	0.6870653486434323	0.7381677354253673	0.2680062155468481	0.9141678094490759	0.3226414001958316	0.4055931539309492	1.0708204404787571	0.3111448133734694	0.3615843827355784	0.3804510827381251	1.0045833399985296	0.7052425220104269	0.6252204412883663	0.3072980295634153	0.27937151486124445	1.6189590456021477	0.9602132460808538	0.274618443878215	0.7296670408516792	0.37612027004988485	0.5354289491720086
0.1668515834166934	0.18972489546623533	0.16847570851601046	0.37241711866817384	0.8079287323567113	0.46160244169027903	1.4476067220861548	0.5763869783653846	0.9863900439551416	0.4701945934139786	0.3789178784645662	0.4972343862995859	0.4655980791474207	0.16395618596473158	0.6281507272808157	0.5043014150670818	0.2195888068832825	0.2434919777177547	0.8471484693657733	0.5176486445589121	0.4123408099218775	0.245701253408349	0.732153271604913	0.693598146814124	0.2872791317082167	0.28682397855556296	0.3397912723018453	0.5210775623862258	0.30420357706184653	0.21901616108941788	0.39957982780256684	0.8840300179294187	0.36557884368178817	0.2702674117855418	0.4865069510303732	0.16943350392002382	0.5714240713048953	0.4793721449675005	0.6389818558529753	0.49084197169795	0.6334892029696819	0.6149287798755831	0.4868664258728015	0.46635340999049363	0.9342341044842019	0.34714264655869603	0.6714340004089197	1.7065597496161233	0.4996802564088033	0.6538666230128349	0.30734961729558463	0.6122089110643248	0.48214422951295055	0.3763143294213796	0.4585221323314092	0.33290597557740764	0.6550835097960549	0.920903893609841	0.4950322464273608	0.3697823204421491	0.14883643960375612	0.36174884620598696	0.8601648247042941	0.7601789645680853	0.45153805794803753	0.25721153475701475	0.23465855640167801	0.2898234301052831	0.48702104942062296	0.49504950003298664	0.1846150388949473	0.6131306270945637	0.4411578690931173	0.500361981194216	1.1604620551216698	0.7399024310809964	0.607363350008308	1.0906628917081924	0.454121779980172	0.18778922980218152	1.1930152798232696	0.8570973782167286	0.3610054658285534	0.3323812792864918	0.40894727056653835	0.4939225780951096	0.789977532280517	0.07576860794595007	0.560578541517981	0.8835222173556709	0.3369796178980397	1.145518032645196	0.8121017080296321	0.42700667244972706	0.48792670033886093	0.5026947756010804	0.3553235825103964	0.3268050841790842	0.622887334369196	0.6298082430021297
0.3859423096853462	0.39032735449247363	0.7308301025878854	0.1617383511662266	0.3417351713870858	0.37635802770535465	0.5863880032923404	0.5254346367534661	1.2161185715011307	0.21079983856062917	0.517856735785424	0.7108946876628497	0.27392460495135096	0.4929831435402563	0.41539448728902384	0.255897106664065	0.6342765157117015	0.2859451196303834	0.2528390584064976	1.2390897993041412	0.3533483466328702	0.42448243506311933	0.2480449519337845	0.5763370555567441	0.16871700024972053	0.7831597640582673	0.7652634487285278	0.31102422749619546	0.3879176187700084	0.3897461606784836	0.47350623178825463	0.4398189190132018	0.34526486732067785	0.5414169656164335	0.5226401628022488	0.3501268469594728	0.5932734137390844	0.37355254413962513	0.5551689876069155	0.2001898020282102	0.637745581434314	0.16172547023014325	0.38520198337925937	0.7708376590228013	0.5070512517810746	0.5656972771439139	0.4227792072763028	0.7869939309035272	0.4860297751929735	0.460392082613416	1.006002886442881	0.28277805409762324	0.15087858615242483	0.5753172455791501	0.48374847430247714	1.0594441100581502	0.3609064714352477	0.4118060421236575	0.6078046929782913	0.2842994638397337	0.4750568801721957	0.35888012189527174	0.5511650803200222	0.324774743387471	0.40860277098050557	0.380489221823961	0.2577739176307957	0.6834194191766825	0.34341355012129915	0.36668256356066947	0.4697426156791458	1.4859063280465996	0.7512130704909189	0.5901160829835649	0.6474503913869516	0.5071897383028118	1.0521391431693492	0.9591515970474631	0.2366855346844522	0.2337135513033746	0.07244008308460337	0.15898810250055134	0.12474735742173533	0.2041220264646201	0.7040106579342432	0.8079429506030852	0.6118893263047939	0.6317712159879306	1.400464083672068	1.0848411598392695	0.48468094925618843	1.0148201930856853	0.2930116962238139	0.6587426749865398	1.4047574474086448	1.0823679582784886	0.7770222167331798	0.3263425317238832	0.5361216869985739	0.4650793856172757
0.7401324873071229	0.12003589019591732	0.2739183101016848	0.5016927012122501	0.32248877785099933	0.6593512387370148	0.8017487112900996	0.8723039736462362	0.49820141758001835	1.1019301108421726	0.16516222641675551	1.101025488346394	0.5321848156324812	0.43434856406693384	0.27716730485126334	0.29828973759168964	0.20470182568701947	0.4752285762749145	0.5431502325587543	0.7614078738006396	0.2612280044363813	0.4223415099727953	0.5872550627695363	0.5618191636123652	0.2901966616030421	0.39580673984778614	0.6635273442877198	0.20625665667600726	0.2775951239945111	0.44920293636619774	0.34528134539998984	0.673049352776307	0.6966183058189656	0.6863872492753227	0.9096497975560514	0.45138686482331586	0.1522622700489884	1.3081430680140795	0.4086049484780871	0.44198728985172503	0.5417964909734727	1.1136421042735831	0.4947043628107054	0.2412576269152668	0.5080756691639949	0.8385900092809876	0.4026449777705319	0.6337412279188085	1.0337165789183356	0.7577346072161403	1.0271062171632324	0.650580210262452	0.2200952951979612	0.20013836666914261	0.46716210966280297	1.0455039928525682	1.0082830862040044	0.6978954293744715	0.5641850849962207	0.5638847984893689	0.22565197134235518	0.25750345664668184	0.7459503776812302	0.7668580114044983	0.2514750056346183	0.5353221181210555	0.2686236652927481	0.2115335868049374	0.7999037304876351	0.2327532363300923	0.2730236992105285	0.786195965387453	0.7190521200816214	0.3586691643720672	0.7404827267854506	0.7840688407990322	0.7828432263115155	0.4675481550094486	0.7230970041043081	1.1215776013218048	0.08943853080358759	0.2268752772725662	0.07443156915443457	0.411141941537555	0.15795743554464836	0.5472579975719	0.19974480385984583	1.3339437588052214	0.871112329204742	0.20303809328591893	1.2019138941856813	0.5928160597436594	0.13660179307905232	0.9693648484850735	0.3261695681772011	1.2043721988777174	0.3477307407860939	0.5312961812847603	0.16029168378344485	0.16096043269993487
0.8952766524335816	0.31800541684624223	0.637793279201251	0.3043721448091531	0.9046812759566986	0.2600009569552971	1.0375707757168438	0.49714849269480765	0.43630394426224106	0.2786745027434352	1.2040090874603175	0.2300187923540944	0.507455130279372	0.5527176409794999	0.5110019385330616	0.5749115930144592	0.2259051075530919	0.3749003399676376	1.1894190791806938	0.2006960290574808	0.1983137155983869	0.449830392688862	0.5834036903643821	0.9158272626210795	1.0651778370972886	0.30637710990243927	0.3088233189402043	0.5483405528720471	0.48279071970102766	0.7860044952977167	2.222196920158103	2.295600991274816	0.3009108564555719	0.8723714998906387	0.2486599117469565	0.20965170207452555	1.1669944209558822	0.42397950578054566	0.22854800158770675	0.44246947527391184	0.4124293939488296	0.8209034633524622	0.6366832136297044	0.69716398990821	0.9432889256052355	0.8718902089554176	1.1262274857434593	0.9509085180913618	0.24392870964236302	0.4496666335304518	1.1324202181011842	0.7783796502445203	0.3176988852208829	0.9332776990400672	1.9111317597230562	0.4581963268916562	2.1287139625225997	0.706615515767439	0.3289123513319876	0.8539918439680811	0.7360001378688221	2.172169181482379	0.4843859964385528	0.6504775850666757	0.6121948657854789	0.2145183086832109	0.22962620779471316	0.3924645022511786	0.23402759752631316	0.475055409430224	0.4433863718588783	0.5132282470290856	0.37740549865258777	0.2740063255359933	0.6635307160739161	0.6372191304568675	0.3572720582251082	0.6112433587401896	0.8284352424036746	0.7840362956802087	0.48741428573249745	0.4419361997859388	0.6542819048928104	0.226225590141256	0.5397445639487621	1.3737335930550223	1.1051102571068632	0.5283723049495446	0.3728089788239122	0.8743613913819126	0.5946233187687343	0.16284290939110607	0.11841920994408371	0.6216886751374485	0.27062810864718995	2.1308027999394463	0.1322791068127746	0.09031932203722791	0.6385851846206728	0.359499444184483
0.33729042470976445	0.6782959961786609	1.2286582853160033	0.29593791984892787	0.9239260950893845	0.8416320986244028	0.33536462014018026	1.5398836659676478	0.3319371496203097	1.0546649748830943	0.4152899247593163	0.21029979533114324	0.13987773262925365	0.5485783897674418	1.38106567848359	1.1032073082863227	0.7163370239908978	0.4489363302094634	0.3937483803381147	0.6793754688194775	0.4120286977120396	0.7846937184333074	0.216938190301731	1.5629175069008683	1.1899601668058604	0.903185012551216	0.8152008801105723	1.331956729605332	0.5037540922911004	0.7142438915842212	1.0510016257494887	0.6768550456119102	0.3697298608604529	0.2213589320169115	0.3995075734252328	0.239994318502169	1.0457556230356333	0.7751179215621835	1.0007662431246505	0.6399338932862672	0.469427288656751	0.8965224861795906	0.3250447063369858	0.5251555575003561	0.28670781101826454	0.6918792036199243	0.3623297172578828	0.32323262785410123	0.9618269522003243	0.4715951114629568	0.7326459568399468	0.5212236410209223	1.0783533571736676	1.64703079587373	0.8613317648014439	1.6513648855210283	0.73754998346135	0.45596163725106004	0.49336000589330026	0.32270820788189475	1.0705326730903415	0.7524651650885962	0.4864026945307321	0.20385644277806184	0.9734529891280435	1.0455477171247427	0.5918553533291858	0.7834518297596813	0.25490241644890255	0.4593933850781475	0.4929581015202217	0.5292247632508834	0.8445076891061162	0.22520851054357127	0.5466729259148092	1.4420054542681642	1.4117699028155595	0.35072422911351364	0.8000084446136031	0.9124498908697815	0.4821417423546139	0.12087611145653533	0.5305597779076017	0.49420271555807377	0.15295854786562263	0.16495385244029143	0.8357077091788063	0.25076264231896905	0.8533664037489818	0.3347218066413181	1.0736064821892144	0.5304990498482213	1.1479393132046232	0.3000756523315898	0.2537320489551135	0.5573458946054789	0.5124934888234028	0.14084277884671384	0.3096269321764532	0.19626292204672444
0.4459042048091969	0.8123103089839271	1.0632030217485733	0.06666029433395305	0.3782474817958953	1.031829084050391	0.33186980928177684	0.5119024571777834	0.3722676667613685	0.428535792626937	0.2601994249622926	0.41921716658758273	0.345926988168666	0.4345406674133975	0.26269501985535987	1.0197005294159027	0.8384431464411238	0.33312181822428966	0.2923375900457329	0.4331623542425611	0.2688206969323036	0.19855679680320337	0.255516907828408	0.3788721863012787	0.6156841163329333	1.5535655808899431	0.5878784036008295	0.20079159939151825	1.0409774412414239	1.9261589961648091	0.7123545570758705	0.20302264469934542	0.7631576760794052	1.771665553576209	0.5553834312672196	0.37850252801206946	1.0881946267192482	1.4580189867015436	0.2725801216838529	0.1602370457714426	1.113338399593404	0.27758228751808534	1.0556665302528252	0.5106478528332591	0.6008400699270434	0.3794530355966615	0.4942386714607181	0.6268423478073132	0.7203434397088073	0.7191241766030839	0.4795916828886091	0.33601849950532214	0.7679300783313048	0.23578160759980207	1.914558556300934	0.8280446597342037	0.4502243845568244	0.4948184740540211	0.6507696447522858	1.049971796070003	0.1122879062012034	0.4845902851768139	0.3152527573523632	0.7783564583312441	0.4395873609716831	0.2299942337380714	0.5657049093817926	0.9310045358476419	0.3674798486407953	0.7853800664541425	0.44641274605990505	0.3973446455874849	0.3936720988947278	0.2802802070858272	1.5066583617622358	0.5446610190045639	0.29772879991856843	0.465467262128388	0.814040349847344	0.14450315262318453	0.4166641979704797	1.3406206482408407	0.2970643681253611	0.20627516873892593	0.9348415098307747	0.9300828140307665	0.18295194138780757	0.7029068153538521	0.3550825785784858	0.4904201161539055	0.4666186512181738	0.952874025377251	0.47062422937736587	0.5149366836457097	0.31357064983397887	0.46119074811104893	0.242550604238555	0.2389820668531031	0.7361838042483009	0.4966716727357637
0.683924829653124	0.3164627085800384	0.4361514486975984	1.0644853730309902	0.5838463277443653	0.1733423931425746	0.512474155340343	0.1731886094256092	0.6179304480165759	0.1899082907122957	0.5808962310765963	0.7261789275260191	0.7625448146766712	0.22630832519725716	1.74555391617897	0.15740330438293926	0.6658556485408542	0.4462732750481801	0.49245160810335065	0.45327920820982665	0.9878743265674087	0.42293143335385885	0.34354260904039885	0.47815438269636573	0.369633022180691	0.8492781881070537	0.8108120284769348	0.16539728406917853	0.5911071042516473	0.45824950665806413	0.8164545483582529	0.7034891873482985	0.8519698547111498	0.11328825064494806	0.37871821470198674	0.8821938586552391	0.36644975821856174	0.34418428947017593	1.0306450286971494	0.2563780447789383	0.4219393268391808	0.18893914643377005	0.5911374121789553	0.3030906592255766	0.33551726245812136	0.3661489319330145	0.5484651682739368	0.4758971397211248	0.5477903382725707	0.8394385656282919	0.6217766010527138	0.9741164312578626	1.4931166442301878	0.3720400390762856	1.0308206151224708	1.093383238845312	0.39866142367260815	0.4166415201818911	0.7764331535653676	0.6163521996788451	0.8215328509234998	0.39494075431516523	0.3961496127157664	0.7852550899794364	0.38925539504529305	1.2246957897987654	0.2250201061773106	0.6685846945426426	0.18261098738133857	0.5244711114155912	0.9262986633255325	0.4475130203012197	0.04312213031491092	2.0782601242757432	0.31666628072142233	1.7245891781078913	0.23980733851603478	0.4068253214339038	0.3393049198892323	0.3225401345816252	0.37017736218045894	0.3265989772067548	0.6952228958716034	0.28644035636781945	1.1608619963716253	0.20327333517698135	0.5753040596962161	0.4274119580239555	0.9397884020047511	0.8138236493863324	0.3380747476941462	0.23187295114777615	0.3820766505113117	0.2910297899528037	0.2983261956081926	0.3231644085022588	1.1368401023519166	0.5599615640317533	0.8466686796264697	0.6048529996726085
