0.46811125286302	0.41669616759065525	0.6346853829967121	0.5083490597581001	0.6329326829607734	0.6582990314361677	0.536660494409423	0.38902414064781554	0.7233942218388356	0.4768768190800207	0.49935682707016465	0.38559247701332566	0.5612152191470202	0.47176665612838753	0.5404510150752146	0.5160808743634984	0.44409673392146237	0.6279873014946548	0.48918021955173496	0.6428785817460642	0.527136245932559	0.48852024190087945	0.5454089447616647	0.5180395332540384	0.5013005652212841	0.6413302003863881	0.5757986754170656	0.43512499898910517	0.5984634861124836	0.4514527478636506	0.5794567584522589	0.39026365765476784	0.5088249216666073	0.5381896158843222	0.43789639693430266	0.5361097185392221	0.5079150557623722	0.5388942638844454	0.4896988477591714	0.5638665552738649	0.4878214235193643	0.47521577200823567	0.3835783803258268	0.427516932338477	0.4386304279076661	0.4957172317647694	0.5514970234443782	0.5181575732871039	0.6529336680353695	0.4228001126874041	0.38429251387680585	0.5667510618892354	0.4542230320052285	0.575173061020097	0.5480748513833088	0.6107369564054392	0.545342461538629	0.5247205759717509	0.5675125968726922	0.6221690103803041	0.5711144211740679	0.5898304306215766	0.5314966864140735	0.3625674255465135	0.5346991155879843	0.5102486017952873	0.6254667265742623	0.5249048847679371	0.4659557257772518	0.6214377850366042	0.6059577377963544	0.5780216246228819	0.7232958375001848	0.38243878182406466	0.5307533820663342	0.4325883663455791	0.720591793967696	0.520144211367379	0.44492163145239494	0.5024592443261898	0.5546664453947429	0.5601235043463906	0.5313644678484424	0.4253211793522134	0.4026910849027405	0.4493745003222409	0.5733135435705012	0.47683360217388704	0.5906182387607574	0.7702946658891701	0.6041309615454474	0.6260516295426657	0.42658616536774835	0.4955957497858643	0.5067310768896229	0.39767149461979606	0.5658107676814101	0.5924507811461892	0.5442473906035187	0.4130693102982428
0.638346572353208	0.6251855594310313	0.7063644259434048	0.5396834501177146	0.5087834754576825	0.4902903581283688	0.6560467246750333	0.5425925987525765	0.5555582536126118	0.5045498865911601	0.6475271560536286	0.559193099405515	0.4898729341051176	0.5531323324006816	0.5466599774443516	0.6710439766982087	0.4752360146673418	0.5242939428701826	0.49564669619239465	0.5244626806533405	0.4486047439462253	0.6698531848473721	0.49116504472316846	0.42877522707168264	0.4968000168138198	0.3691035575926699	0.5147197729592258	0.3278204843176542	0.4394202331465109	0.4135838470822987	0.6153218955625215	0.5937026841592096	0.6427703811264479	0.44949438764924693	0.44557027265147675	0.3822513326220075	0.5332593995478087	0.3899876039900416	0.6878682853212191	0.37318644807906937	0.6324552693701966	0.6641430544371977	0.42791811743596153	0.417108351122601	0.5051711048939288	0.5896512809596747	0.535437607724767	0.4389596683702356	0.511009387353215	0.4449434660058088	0.5478122054293068	0.430057479738347	0.5464871906133641	0.3596281300697982	0.5798630990547595	0.4625590826706136	0.4784141291092189	0.6694753908451121	0.7010852733948935	0.50555860612845	0.6421474723884851	0.5658118378529943	0.49901095723092864	0.5829065053399197	0.6676090971761316	0.4923318155552837	0.7327852194525314	0.5456687962095701	0.6357260603934956	0.6179943090787744	0.5768354941568876	0.6987098421805091	0.6395992619312378	0.4640073185735215	0.5774059953664503	0.5238709839313295	0.6086724979040441	0.4440542598155591	0.49935006923281705	0.6114234955746358	0.520758096482284	0.4887223427868044	0.5253284502697648	0.48560024167770244	0.4604724921040554	0.5410271874308661	0.4662200467107873	0.41203352643355956	0.4822561383104894	0.5710506220215843	0.5185246309839988	0.6787734315369461	0.689424451746108	0.35034920946028514	0.7993385532897054	0.5571646423677193	0.6812429164412319	0.3911958259732449	0.5460326120986627	0.43964003852039374
0.3674717880504679	0.5727567827060027	0.5223014596389228	0.5964625599751846	0.511046722794387	0.549002391428365	0.5733264799089841	0.5034376372339715	0.35689043958724176	0.5110773709613254	0.5887777416738496	0.4309405237160432	0.5289584542950883	0.509329569276488	0.4282772925818548	0.39067536690144344	0.5310623595030137	0.6200870624076951	0.5042758072456884	0.4359609089535344	0.48185778882610725	0.6278077667145286	0.49501295503845444	0.5210010956910381	0.38975042317571196	0.5040130293276113	0.4650556324698902	0.48447108774044784	0.5404315553324475	0.4842143988285727	0.5045125129639819	0.5255981416091442	0.3728722119725189	0.4755614195546473	0.7082942409535049	0.6043379464028004	0.46570655748361195	0.3974734626941178	0.5315228616700096	0.4984362316603445	0.47109984761727197	0.6013657170660942	0.5550310759051474	0.3147786096038579	0.3189693257830302	0.4901470443208124	0.5076166500173956	0.49137328461362795	0.5038500693038198	0.677071204867487	0.39995789258916437	0.5234132284652323	0.41847016904911677	0.5691515946143477	0.42798971185548096	0.5999937078754515	0.44142541566180143	0.6348416595845603	0.35531799603030506	0.5135941101207367	0.509069354809013	0.47766534632034097	0.6339698861857314	0.4721672164805199	0.522083829573408	0.5450905711130715	0.5439261132203179	0.48020541452254756	0.523321661505004	0.5069228301921817	0.5737286204359925	0.41711760529604536	0.4851614385719803	0.4712048754728575	0.6190716413004465	0.47214050878522995	0.4504233170722042	0.4672871246297134	0.5343788770380025	0.5094052917233087	0.4482536310929536	0.44276144916743243	0.4511985159083309	0.6523671506508149	0.5197514426221098	0.5823724154802262	0.47896948577249615	0.5252476990611814	0.5532407185656131	0.7196012341775264	0.5917017697393184	0.5933828945833596	0.617208468417719	0.7708702544243504	0.6381088371142792	0.5439343404803425	0.6994519741889261	0.6988639590654432	0.4059625727853407	0.5721143953563979
0.4874650158977399	0.4600989404482768	0.6054769654651084	0.5028810059373916	0.575060973135651	0.5888397405180497	0.6895261841967173	0.4640103452264231	0.4735977083086672	0.49595573604496085	0.6391401912324689	0.41400695472194793	0.3915897611285296	0.5790647318458799	0.6155863616517993	0.4388054436407061	0.6341574381351412	0.7424456570648276	0.44178254335609346	0.42277414300592836	0.5566055971401714	0.48955217546599383	0.5718433817609637	0.5750475689622983	0.48339250422200736	0.33180752640297634	0.48292863215704696	0.40757986048053835	0.4215376601015463	0.40932327496230436	0.5096293115036622	0.6265813251430901	0.3184876069725276	0.4589231589863964	0.5160949771679373	0.5764479211787558	0.4625867033454956	0.4739614168993683	0.5882940928353941	0.47542722935576787	0.5868831053351521	0.47123706750470506	0.6145605534391484	0.7565367710778215	0.4193248185632881	0.45895611968517563	0.5353564250310872	0.5762484418414964	0.47679134103890514	0.5785270048361838	0.46980294861547783	0.5138642335528506	0.6577121986881389	0.7275395762327707	0.4925127153449614	0.5918187130287429	0.6020628112325289	0.4413565896681886	0.6154779093922653	0.6331106578221185	0.6608981003520294	0.5345502935451892	0.6026225046731607	0.531716447006577	0.6919505220575544	0.6531135113877846	0.581546338754169	0.6314653597193318	0.5656017906776861	0.4530084217792115	0.4515346509242383	0.6054089083634538	0.606338813579765	0.4994648370302937	0.5089942991607571	0.3685592016108855	0.6557987201536118	0.4082897177075353	0.4924606840779239	0.5403530409421631	0.5225167757505251	0.5988317423460556	0.6551221439524079	0.5349748095737943	0.5787646685187526	0.6651366863635533	0.5761096056374482	0.7210620699302744	0.4738999426656727	0.7113030285125825	0.451464199134189	0.4970058455902518	0.4865539990560946	0.5060002553933977	0.6299297871602882	0.5511981806563387	0.380705764111899	0.5726885326706909	0.5051335622507664	0.3858805826489254
0.43343103215954004	0.6259499710986368	0.6127091413443004	0.4439330388167998	0.6395055596013504	0.41183259762888563	0.6477888766814698	0.45421325478118346	0.5594467952414011	0.7538104971907152	0.5628507292233034	0.5398282249917631	0.5277963851669958	0.4613477939033622	0.44878337996509043	0.6353810732426919	0.515644201707276	0.3892788104897283	0.49338559238782614	0.6149574551581534	0.4123526596451388	0.3775065929559823	0.5846363163219795	0.4599804771740005	0.5441853411353114	0.3742389809636429	0.638344775730789	0.6699424782372515	0.40483120633317177	0.5410104620255093	0.3890304530704639	0.6176992103673489	0.5447780400591504	0.7269624106226892	0.5837693177939625	0.5614211865117607	0.5484530085856784	0.565193306906032	0.5284070698021007	0.5814384649690338	0.5370694580243338	0.6062209427516317	0.4088782678576226	0.4247247516082043	0.5578670182410546	0.48883104761772883	0.667633787800631	0.4561312376571985	0.5880637533590135	0.587414540500721	0.45430377091907465	0.4840066304551856	0.6510881511646612	0.7187031685327537	0.5772837474544051	0.5712586537139706	0.551276214522055	0.515479653865164	0.5857412025287103	0.6625360951438978	0.46582484680393044	0.5785692126255503	0.6892148276567638	0.6397579698251904	0.6221060404289505	0.5120515720226142	0.43665288888725484	0.564414648774069	0.4306516789270344	0.47225927298146086	0.5324890566711796	0.4522739692043574	0.5994272609936508	0.4314333374132622	0.6564588851851916	0.6187032601118994	0.6919222558099588	0.6380862235722864	0.5247409686304986	0.35325211767605846	0.5112148778865585	0.5370789609653382	0.6099852255493449	0.41608332495168193	0.5802617835986935	0.599535060411443	0.4844278534753825	0.5002603089378099	0.5219500719596866	0.4089089273964065	0.39380276333247605	0.3687679220169919	0.5838878328271162	0.6486589853814066	0.4650257881198836	0.5616273345690758	0.5288145115440375	0.7310756202207501	0.46967626742340174	0.4764000565852939
0.4773708919450597	0.5411288045065644	0.7380913422616561	0.5009065181888553	0.5869862562490964	0.364923136097193	0.3838854381947779	0.44799890497711525	0.6048084549200301	0.5090113477064817	0.42255608122533445	0.455902995733249	0.462135676428066	0.4327931119621149	0.5639726343504534	0.3885594201995814	0.6035344639302496	0.4934014999157629	0.5322048034420322	0.6286347545685785	0.5162216011781287	0.5825895192597847	0.5585168431600513	0.44800256918824294	0.5120944876347396	0.5417624591782046	0.6838575716334901	0.502185200420877	0.4215932658370656	0.41401369833522667	0.6652198998165627	0.4334963326731951	0.5450829392803005	0.5545505836546442	0.5799384771191588	0.5317181123535332	0.6960602089869719	0.4583960247815299	0.6257004924499728	0.6909314619474686	0.4351457042871925	0.5854222666806945	0.6184490860180911	0.3624947765115746	0.5452490877558503	0.3707777474841972	0.4643648696793299	0.3563350879935216	0.470004757753546	0.6609030184724944	0.41035582115732294	0.5952101894819806	0.5136448304468078	0.48889695181523174	0.5640573444036793	0.5141519423307204	0.4994869151414912	0.6831444213319112	0.6028288460528765	0.6139557096250245	0.668593165284654	0.6930686440045055	0.45008453013659955	0.537576415541888	0.6012977980207235	0.4753856557570363	0.564526067740542	0.3244768940783218	0.5203626293027336	0.5279477642475819	0.5812603075321984	0.5139927197976675	0.5444710315866961	0.4721639327426476	0.4110837704349562	0.5645909609569317	0.6027564641228391	0.4777197199942498	0.5443472050979608	0.4708923193147887	0.4050277533949536	0.4922632499726482	0.4115892753898912	0.4081625413613123	0.40312176421055507	0.6576671437570539	0.47023020264843407	0.49341229452235164	0.45499254433055947	0.4188819017686349	0.5567018789070544	0.385682395716018	0.5361913268040412	0.6648762366081434	0.6044575901569368	0.6898790701357341	0.4699308998594306	0.43770220053535414	0.5072316066950521	0.47187258344801963
0.3940126730483637	0.4454612917786642	0.574376246941387	0.6262053225534803	0.3272000123545249	0.5333868979449967	0.7498120131976239	0.40259536488207104	0.4176881551144641	0.6289928561551803	0.5649282398404692	0.49954478525752977	0.4942871287546462	0.5788769741702753	0.4722177810778157	0.5044387624012987	0.621275375979045	0.5121816316263706	0.5399129688422588	0.4743778679325678	0.5516239084400584	0.5226891759477121	0.48994469417289604	0.5298935165302158	0.6936976592690403	0.4248096420823468	0.5005639519526456	0.6703313104358967	0.44973378331443575	0.4136726376540278	0.6165063054535216	0.606628164675311	0.5717513167791214	0.5044910654109033	0.47898031122663076	0.5161386123906151	0.5090790724630904	0.6098083409154924	0.6123329443190331	0.47636360016834006	0.5367858045669888	0.6699038054942765	0.5649081910382451	0.5546643375779384	0.573799079137077	0.5093411764717339	0.4314556199275837	0.4449885896101109	0.5561112478956868	0.4468958170019079	0.6867551409721306	0.49460556217902707	0.6654636516348921	0.7315235678252584	0.6445786070672019	0.7012033749624693	0.4562099865071169	0.5375617063094668	0.5084415415744219	0.5535311632773243	0.5733012741790381	0.529745357701933	0.6489656837265244	0.46014727701495955	0.7281877691532901	0.7428100852541581	0.5895798340559558	0.6450804040690552	0.4388669664001087	0.47266416223030194	0.41481280637313445	0.4997789467130589	0.5762113405883447	0.3529024491792422	0.5565260916938405	0.5775877475043776	0.5190864753064991	0.44857558914453266	0.3753759115733389	0.4364518296554312	0.3584026583363767	0.4399687403429139	0.6610449815850785	0.47923282115266325	0.5924961143251879	0.45792645928277537	0.38587006807918955	0.4923380348193983	0.6459248908966486	0.47145298024957455	0.41053794488262446	0.610970228550129	0.4849983892024614	0.4247641622113434	0.5881463745527258	0.4953274696839072	0.49722967546988744	0.5558464003552192	0.6973596684578187	0.4238886699171031
0.4536912030057027	0.32568289613086077	0.5550391434539621	0.5364745732459317	0.5904514874784619	0.4541150237261002	0.6929327541793433	0.3626761432839355	0.47520312387920327	0.4287151732710702	0.6328012488297522	0.5132344953217366	0.5467875548607258	0.41504988700534895	0.3583441754794199	0.4942856808763533	0.6796745086752545	0.6914958785874759	0.5311886661605034	0.4630431120913635	0.47447688221599343	0.49277998716755395	0.6248803053213174	0.6088464453582619	0.5488867768595506	0.7199129119310047	0.5343657301678546	0.6503900307586182	0.4956671852048126	0.4955042391929836	0.42899937201115224	0.5904846694980669	0.7326073001576983	0.49454998343913964	0.8434912803425108	0.5950264266915583	0.431155124303751	0.3313510413631581	0.5530436778919539	0.5350709203829882	0.41671347681446824	0.43931465548679577	0.5632242778560603	0.5482079564852601	0.4356018557896228	0.45301526361993866	0.6333481807198541	0.6231581775758347	0.637606419841439	0.4705199029837957	0.44865748127436683	0.7300399091590637	0.5499004020351215	0.654805038182221	0.5856321552943309	0.46111058805339833	0.4090956529152448	0.5121746336803931	0.5735683807123225	0.4488172068669077	0.6883698645199713	0.45823757890442907	0.610166895475634	0.5435565945781993	0.6506570529167394	0.5470257836391201	0.5634880912859433	0.5699491567186227	0.6594257069343534	0.551423556153766	0.5227874715293094	0.5894774619515737	0.7665720709796227	0.46794183046048354	0.42520688843386656	0.5568184378812415	0.5585068751500155	0.4158040437873412	0.4599321709750175	0.51937874087904	0.4528433526428905	0.4419557310331783	0.6654080167263814	0.42678896643042974	0.4376586881737719	0.48425910470931266	0.5888209619541046	0.6503581506687114	0.5312651617089217	0.457821449629133	0.5974452935414422	0.5352101674575207	0.5431255186422532	0.3534769134383991	0.526620618825156	0.5016548701792013	0.5847229583821842	0.3742658734104032	0.6345005182353154	0.45191158291522165
0.5493865545071936	0.45913837511260647	0.3786305093664754	0.48630216287742956	0.5154079118569794	0.4942035787195809	0.633795868638076	0.4678224099171286	0.5268375834599164	0.444013229022926	0.45172505779236344	0.44322089589450064	0.47711508091955546	0.569426756498372	0.5425435815311332	0.4659115189632653	0.6761836746410258	0.5494759462610062	0.5546687218639467	0.5192630545882292	0.6322940010323641	0.6674148777169617	0.6764655861700697	0.5943973141673647	0.5206613369108154	0.6382710174417922	0.5852677393246555	0.6173525304342249	0.46731955760872984	0.5727407888148793	0.5801978913508159	0.5993049222996006	0.41079582713905244	0.6233399603986803	0.636291209376541	0.6421490338789387	0.46173317183137863	0.5868227468960069	0.4576007400949545	0.5049041365736384	0.5307579167206071	0.7517345063271977	0.6133769762002431	0.35017543196875917	0.3780768320745326	0.37935093460396424	0.4005722514993799	0.32642758614142825	0.5915595374794622	0.3849407245021565	0.38482751946822724	0.5357091884023618	0.6524815510486576	0.6195823985251333	0.4658917009450951	0.6214186033702395	0.48692165439290913	0.5095312809726324	0.5143551666767809	0.48019716658467576	0.551365441235102	0.5111969650025617	0.561154599404472	0.5699284918698829	0.6067475771165378	0.5594411286689485	0.5052373030667445	0.47439891355547364	0.7096936566013973	0.582577371948183	0.4982913441014641	0.4686976446283295	0.5050012280048229	0.5614790358428902	0.4795971347241368	0.44983271717592654	0.4669984372425913	0.6176535704731009	0.6409875585210987	0.5779211223219821	0.46789072856176395	0.4973879220746329	0.5259600809657958	0.570884381655933	0.544303297922574	0.45419814924592367	0.5853909341872653	0.6571815862837108	0.7100553300050912	0.46874508478697735	0.57618184832493	0.3961974634366146	0.4232232618859909	0.5483546759583094	0.7555079396962213	0.40225242284931767	0.47838236586494703	0.4673355685151716	0.5043551254383638	0.3597217158235521
0.43300434341862154	0.5407482849351545	0.4998929106327186	0.49664600484141197	0.6328406584472963	0.5159654969816597	0.5705911645461981	0.4469320015216659	0.5683063299588754	0.5015946500051568	0.6006194648648299	0.5563398628726075	0.6010220952212065	0.5403777057144223	0.5449966696894876	0.5463688785276021	0.5534152208392326	0.5685358522044035	0.556247817693428	0.529842222050817	0.4721366633200469	0.4698965134377442	0.3947568931217156	0.663359416460251	0.527758251818422	0.5060767121923974	0.5650186930986094	0.6642640491164277	0.47538421766335454	0.6220132377310735	0.6230690809328622	0.5978994936491127	0.747635591650259	0.3833052883814255	0.6574930901720598	0.49980119833808395	0.6466079997171891	0.5822304182497621	0.5451264026770547	0.49470506602776454	0.5308120894741077	0.5004261688334942	0.6018559056416953	0.5882003718484466	0.6187158977676028	0.37854780764776447	0.5343547503675399	0.5673436327561041	0.7224257561575197	0.6191231969503106	0.5645534620327777	0.4750832223434369	0.5816212682306525	0.56365159695643	0.6945443328806586	0.5222467771010588	0.35463715618271757	0.49649599230941566	0.539695110037793	0.456127155684035	0.612651985233082	0.5916529280286057	0.5464216513087936	0.4272197985566508	0.45043734670308705	0.4975630661829325	0.39028330594937166	0.5315076305549982	0.49623714103127087	0.5258785237244373	0.5711007127788154	0.4779399816795625	0.5144484678463397	0.4860292770144046	0.3824335549497196	0.3710285605850288	0.628130299555788	0.4850820679538902	0.4776457965554268	0.40263449589285505	0.6032187432785014	0.4781906736201481	0.4948457331177424	0.55801699442497	0.509564631500449	0.49272031889978635	0.567027315312644	0.8295022586431512	0.5793162902495803	0.4520419349752154	0.7973774898913252	0.34619469861320923	0.5477555432018716	0.42653028801857484	0.5388373761028266	0.5788457338347526	0.39524792014553917	0.532307242465631	0.47555591450147877	0.5708719678211726
0.6921694474578827	0.6716381710532945	0.4459711290294543	0.560676217370293	0.7040616197271092	0.3367960599208631	0.49668050284196613	0.6332939115960174	0.5143202918332974	0.525715358660242	0.5486042056246541	0.45396607189051735	0.45797131496182647	0.610101549375575	0.4913170300306986	0.4343000433210322	0.49329620417055836	0.41171922685535783	0.4695793481205001	0.46703743365580075	0.5577797287045207	0.4968742341562938	0.37386124173129764	0.4309325861276184	0.5201329576196982	0.6165208844306151	0.574497016959403	0.8133966896321483	0.5704701326569729	0.7470143973730792	0.5925048826513103	0.5143789055993553	0.46496921761271476	0.5061143730025922	0.7214183768765127	0.5914950171633471	0.5386534472827881	0.5274060667032962	0.36662225298476864	0.6367177759726301	0.44669042581219903	0.619616545077363	0.5671983419343614	0.5405267894626965	0.4452662456398569	0.45387136098310027	0.5959091269290937	0.47586152595209125	0.5178567163283948	0.5673487289016171	0.45043644413593087	0.4565774778321647	0.5340632977722741	0.624383229577999	0.5296957266870884	0.3590360006972021	0.4790639570087123	0.6034942614864033	0.40216706510855255	0.6551692719419449	0.5621255563891531	0.6106466695804073	0.7693896660382117	0.6061933123409529	0.3402577321008227	0.42461291753629904	0.5657697096854561	0.3981933237384157	0.49279039583578044	0.6940196021588284	0.5038656642907718	0.5067864952003437	0.4229520243438135	0.5573325468235405	0.4182170550141324	0.41289410068451454	0.4575646393240942	0.48055135663202586	0.6772728931081956	0.49509721809382834	0.8059972892418181	0.39686045712817136	0.4865449728533003	0.4907980192569347	0.6269550066646534	0.5552619241825433	0.4814495724935533	0.4895110804794854	0.6657337418377814	0.4312169497360305	0.3757639330367853	0.432387375939365	0.43976137904503343	0.5882794748822422	0.5932221059689733	0.4004606385903441	0.4739487195031005	0.4193491777379538	0.3629314229934436	0.47373603405183584
0.4716826098363952	0.6542130559892865	0.5086974603556985	0.5302397727766013	0.51334993838367	0.7305466939882991	0.6776225206267689	0.43899536212877943	0.37256333053503404	0.4808327814117853	0.6758861576871457	0.48467102180183685	0.3173354743477476	0.34752302354193976	0.6495166011454274	0.6271327387711066	0.5498057022821989	0.5074342613076235	0.594944253439593	0.7551293044535197	0.6417905812826578	0.5137381115051939	0.5715381915636	0.703797955757384	0.5124193522846643	0.6952397170334624	0.8318953763190129	0.6712860279201237	0.5484790216859691	0.6465829143844545	0.4766862246191103	0.5823113196659349	0.46595180113531415	0.45640018917746694	0.5860545772812072	0.4455211677280412	0.4722417148558083	0.6855371072320242	0.4057650469272205	0.5109337287418552	0.718922797246401	0.5699436787111573	0.5326446079019596	0.38376519440626167	0.6195957091106103	0.28892312978828943	0.43762472058261215	0.5704852049266538	0.6208292842762181	0.44013105100978334	0.5133244183857152	0.487771097173299	0.6375733128427975	0.3924713149863191	0.5575893111576514	0.5878520964282465	0.6060630918911041	0.5579370394149767	0.569780750435722	0.6439732379348877	0.682588343515612	0.6829144927358677	0.5711098404996422	0.48687537005333104	0.7022241797292414	0.5442393530566475	0.3819917843547367	0.5818565501934803	0.5005999128912557	0.5339326395365208	0.43861269731461766	0.44267691619897936	0.702594059973478	0.6255153384804779	0.4098047881683883	0.4881004308857584	0.4251186791345374	0.41347797132011327	0.5482325612356038	0.5151301002210877	0.35406388169731884	0.5718316360625392	0.7069060852555976	0.4875500735785533	0.5400275239317874	0.5457264565039172	0.46233518286083397	0.4777035053524619	0.5244967814509518	0.4859571539384066	0.39258710352324466	0.4515337298462954	0.5522920707347961	0.4349061895433603	0.4819135845918854	0.3990536323883384	0.5229052073118925	0.6516727645484742	0.5294894980599444	0.5836726695476303
0.7081887221945503	0.6196410282528014	0.44886736726400195	0.5203333807463013	0.543394444985825	0.6375584349763305	0.6905636949011084	0.5343575298748791	0.4606471678723938	0.5285612314811515	0.6358130021420867	0.4373915121259593	0.5929866908906942	0.587440228189747	0.69051603652493	0.4000679376463925	0.4432170336246767	0.5417298218207467	0.5786185519047417	0.597136594118943	0.6149134918681622	0.45267625039147485	0.5405587151131214	0.5314399346522792	0.6138393636204077	0.6977557366668671	0.7497716481531133	0.5137078224741649	0.5307966491541337	0.6057114899833259	0.5806017158082362	0.5030359807672662	0.613446947536734	0.5454468980725385	0.5235050740031779	0.450705318504836	0.5521688390513606	0.4944051502804255	0.6501296540395199	0.5228660101434554	0.5518029695654986	0.4391020171168365	0.5575496679023436	0.6340167822619973	0.5098990060696778	0.5869977472485811	0.5258504331147554	0.4661379680660559	0.47635861806392865	0.5267276852344954	0.5052402940199447	0.4802611715720212	0.5290880018094498	0.49765627622032527	0.7364612040475179	0.4851237635872029	0.7001612258955278	0.48907992432878167	0.5173968227921394	0.672695587944142	0.8261304588600956	0.4704707928971245	0.6997674380250192	0.445837278875024	0.4289400297921243	0.4292268083757794	0.5639654029829799	0.3955491500589324	0.6213322977328813	0.4195920831762352	0.5745434069553543	0.4597769335314426	0.3987432504887051	0.5069896707456556	0.5238975195635461	0.6338770574782516	0.4967165379185123	0.45994239735926606	0.43880839399646904	0.43881601662976166	0.8376260110966213	0.5731404349696072	0.727760724693427	0.4625507752122262	0.5604139187651226	0.663609702820714	0.42858061961395466	0.7070796405687187	0.754685248640799	0.5691057061266693	0.5336627211194597	0.5710437562601223	0.4189073977220824	0.4612605522658562	0.5714972415255152	0.4761604517872476	0.5262514529825557	0.5819184334290938	0.5271358575398952	0.41145078485814085
0.4605210825671045	0.5919844867862565	0.4016590866051507	0.5093192410858749	0.4863092501924122	0.5011111959626405	0.4540392898877567	0.43288631723568743	0.5381345983357682	0.44049252949146633	0.5087081235851298	0.5256203546274958	0.7329964046325845	0.40943727732833307	0.3869399989195729	0.3880149349033674	0.48198641035189327	0.5119557507567608	0.5385354289689517	0.8673190561454961	0.5264268665995256	0.6121609627118701	0.5994928492729616	0.4938628391159192	0.4278092582072616	0.48439667441746764	0.5867377230403737	0.5432081927657203	0.5330471730725779	0.5536010972887807	0.6331155126837615	0.5163170639297281	0.5119822357006809	0.5163046786237798	0.5558278935773553	0.4885040047026866	0.5889960708165976	0.6021177608567575	0.6860089532615475	0.5527542603866934	0.5484262288494599	0.5371712200503901	0.45550864570916094	0.36558545586990837	0.5259024540073476	0.5299952714318157	0.4531725413732238	0.7146160155489433	0.4376100371472368	0.6260034265878918	0.6067645614174814	0.4148763341616976	0.489195234365564	0.5656507583124563	0.5171952732453865	0.45761239177720964	0.4321574204357352	0.4669476506390273	0.5579443908396379	0.4341090578849611	0.5290277732887818	0.6913761135582972	0.6985032941502092	0.6228604311531645	0.5203751719051471	0.5227184043450065	0.5302559738327444	0.5893284911898703	0.39051047069996575	0.7185298948088685	0.6898347581778255	0.5376612336171864	0.4763774142721594	0.4857270596599311	0.5696031949226622	0.5090157921726648	0.5742070130736333	0.7431224129972279	0.5235281892757637	0.6847984615908096	0.6013383696112333	0.5802257209662629	0.6731017614605757	0.39894622873657204	0.5731902708147227	0.5926972123825506	0.559536676981786	0.4139286577274736	0.7404641073613888	0.4415270907861508	0.44499714866609424	0.6107992083249325	0.3637867242834468	0.6056306135088276	0.451303285985922	0.4971815692998943	0.620596824862575	0.5495639883086657	0.7620562196076094	0.4216187612584753
0.4578688599772958	0.6421535788734093	0.6608698918250326	0.6613632218457197	0.48227640500980035	0.4755405846520371	0.5445975616111475	0.4239734502099621	0.31182290988682493	0.42843030715599045	0.4754971595037955	0.7041696021943522	0.5336209449801467	0.480276815161429	0.506781242505561	0.611965581979429	0.619496794967995	0.48574314532772045	0.7949993651040379	0.6479957108194869	0.7186832344971827	0.45948969470722834	0.5812458580650206	0.573852038341776	0.3993765303290527	0.4006870668346971	0.4079533300436175	0.5767828072492072	0.4569741682570816	0.44913832586112523	0.5005292844867909	0.7814119350468167	0.53436678081269	0.513499782917521	0.38522348953248914	0.6183925882004646	0.5955327806520142	0.5522956568213666	0.6171196966016781	0.4498207257405479	0.4980003278844351	0.5926635485874527	0.4300027932454495	0.5285804268527409	0.5986792380432476	0.5661847010037506	0.6297924822810167	0.5678385594997926	0.5700741580795882	0.5989567258069602	0.6755797231218267	0.6819437571730704	0.49796663678808933	0.5130137956774795	0.5289356988467276	0.46944035859869904	0.4130123340416068	0.4761171326097958	0.5408627339725122	0.44155278615303295	0.607830711166082	0.6630946456835531	0.5677391913025721	0.473066388663727	0.6395614777124808	0.4609029344680601	0.6137821041168073	0.5890894676127901	0.5304891853756233	0.5209786795192399	0.5781032115618273	0.5498818468434438	0.42977050871023975	0.5848098860623899	0.5877082071234948	0.3386431719413025	0.6062371940728363	0.5622210143631357	0.467241975209935	0.6917301985086578	0.4685954566204917	0.5028931482208422	0.5743718980128925	0.5645351475868551	0.685461392217108	0.5640709929958049	0.46026373631500456	0.5142162057934142	0.716189009632179	0.4906476567864791	0.7587635119265976	0.4670016995794015	0.4516775801656154	0.4866036981139081	0.39833869343804423	0.6993219487769021	0.4122154874390914	0.4517058793280061	0.49913130669124245	0.504934814935703
0.6788112977494372	0.5011471383650558	0.33116930143373297	0.5185788583213374	0.37092015044860643	0.6279173977334861	0.4289645954846703	0.5381868691553292	0.4268458984274604	0.44902587115584347	0.5893262501956268	0.5177790194191919	0.5517954774654551	0.6402223931313512	0.7437786150340588	0.6640465304600668	0.7624068290098324	0.6676114363699488	0.6070828483856747	0.5011258687956214	0.5268824017334633	0.572654581607069	0.6476272246729416	0.48773455638774105	0.5598741745686471	0.4936062235578276	0.43261022293226076	0.4349751489200818	0.3498309410437666	0.4919965427838432	1.0422047277115118	0.6137663915313978	0.7891470700921164	0.5111106365702087	0.6351144149517977	0.41800535681273593	0.5299356389672831	0.3935028835411508	0.5763557443372971	0.5355167887785726	0.5680136890689271	0.5224515316144479	0.6746408875625791	0.4309621363967722	0.5158407296910108	0.5208590348036773	0.4373740664258661	0.5488261329021268	0.611293463486745	0.6699938634076593	0.413239017470506	0.6640267065829939	0.48795866382584774	0.6484059362546853	0.5859098480213728	0.4532072930503895	0.5725161133874507	0.37732309715155876	0.5360380129436703	0.5688327450036454	0.4689567537716096	0.619217121862604	0.4069474314896743	0.7408838600170425	0.5564551440297938	0.428844774139593	0.5177569245385629	0.6035470005798125	0.5256607837922403	0.6111075480664866	0.5637225726727871	0.47338488808993956	0.5555451419560965	0.7354512733787778	0.47629063394349425	0.5325195405035666	0.49144747385941334	0.4755486709723582	0.5599567232239028	0.5798540337886253	0.7322937025301108	0.5369594299699352	0.5208161586637005	0.5042142379835277	0.6804248395810909	0.42153596901945933	0.6267146855572497	0.4336392275525816	0.7271713859099512	0.5696939527627608	0.45256087926931576	0.4228037544585355	0.6829035995325263	0.5094463101167637	0.5158107396124125	0.52099956589969	0.7095391355141193	0.6470940264226968	0.5522360532098249	0.3910399005726904
0.4825379180162755	0.5726869343238508	0.5976013613666935	0.5486233117855266	0.4555756815145483	0.7033926845956087	0.48887792571441047	0.47020697397824757	0.4510506826560526	0.6708753673053443	0.7492999066651311	0.6156380406707318	0.578287791758187	0.8454722874888604	0.4744447306088758	0.5964054476737797	0.39591842123402204	0.6603718812508645	0.5143033381718228	0.51876489554343	0.4298145114788157	0.43764568858599023	0.524417039064902	0.5298669684964845	0.46611712294086116	0.4349903086660731	0.4088848916612871	0.48851387824772463	0.4618081489320762	0.4214357027299308	0.6084222465192272	0.4949450145449148	0.6695556931826818	0.4968273115376274	0.4992883765636533	0.5685606636781928	0.6599166961856634	0.4639481404455604	0.5618601905083	0.5877502087829471	0.534043498975696	0.4925927764376168	0.5595488628683175	0.5339879928592367	0.5995627290630585	0.39365438881816855	0.618355566236788	0.5304752515234871	0.6273047659885481	0.7454829712534644	0.5051813916140611	0.5332526115068159	0.592965471300144	0.4883602019419099	0.5794905807991745	0.5450762770241523	0.629595780314979	0.5230725539879485	0.6294363156102388	0.5159059190434298	0.43797223932053675	0.5372115741591598	0.5786007985553311	0.33996092112808424	0.48265352738694034	0.4999191280148194	0.4479142292523716	0.48027892391162685	0.6711895718018326	0.4955008611858522	0.6900783521782131	0.4431512494573101	0.6907320257302821	0.5031446994005453	0.3946433273519929	0.6407304822820143	0.6588430753355642	0.613960874602422	0.6449520494739508	0.5528678738879124	0.5676172925231441	0.6997987016034997	0.6057959643422725	0.6025911595471125	0.8049016619457745	0.5504703855469485	0.6493959118191062	0.5589009627683921	0.5084163995459045	0.6124266015561246	0.5325560064098459	0.5749733813069767	0.4511311962246027	0.5689521910231234	0.5057415715288396	0.54472533505985	0.46536304794569144	0.4777129640729438	0.5085579583063078	0.7448517209421177
0.5381289986296971	0.5287265038463614	0.5745990134081171	0.5237799813043629	0.48263411656258276	0.5278337887414049	0.6827278628275704	0.6190447461959597	0.5034711764572029	0.3517957023339152	0.5390803861108736	0.48312078484195153	0.5670477567740337	0.4873140856626818	0.47667678835813776	0.5353652157927045	0.5452377375306393	0.47794319285714254	0.7435129710019618	0.4817374883124449	0.6494486391367323	0.6515364351338496	0.4980165855864469	0.44980369736032283	0.4439245036616181	0.44427784156606515	0.4467485769892077	0.40443615702199087	0.5809606120718893	0.5175062204007594	0.6628917525982947	0.518148947682491	0.5877302720354228	0.5567975654850144	0.42928375588004597	0.5078978411194731	0.47451389791032084	0.40444289892800767	0.6472490030033204	0.38365842013044105	0.46919127849732334	0.5231769782479841	0.6301642739570673	0.597693759185343	0.4963291440851766	0.6388375326922514	0.46813694951679335	0.641222634929795	0.5114026319126624	0.5912364318661344	0.5166787845194996	0.5716113744931499	0.653655705114599	0.4166191703759848	0.5869204361988206	0.6591421774720099	0.6635469301641377	0.48921779295562745	0.6856141308285678	0.7979879457288329	0.34505136934614494	0.5370643203854178	0.5176244987263116	0.525723715133808	0.42913633331163575	0.5044295626575355	0.6538346972989313	0.7021398525160972	0.5100418931385018	0.5857902454111366	0.4433127278676792	0.4533496640878826	0.5771169484690815	0.5612132049613957	0.4499709204107669	0.5971649747942985	0.48192285227219533	0.7472865682576465	0.5199056408373062	0.5842025283764615	0.5213906653762098	0.6576448662149081	0.7905131408904031	0.6395747162101976	0.660328676037337	0.5449201854218015	0.6703386463628861	0.5496468735448091	0.571009211648162	0.5739418030236959	0.5634143642735744	0.36355885998218923	0.3919550109746708	0.40513241823243873	0.4529700885999588	0.6419034073998711	0.48640493874582397	0.5369915221118892	0.5868565861169397	0.5876493876928396
0.5416474195225225	0.5146879977505334	0.5140801357510607	0.4698917449056623	0.4610722673304439	0.5186740176191501	0.5521714684535081	0.6397913112155819	0.5332595576347713	0.3754644148183868	0.3938119397899022	0.5356683495639348	0.683509269332455	0.736306027634026	0.5083308027259049	0.5813421844917038	0.5740963800803207	0.4719610156132214	0.7409680551589671	0.45299522067734416	0.4288244497978414	0.37688303944835644	0.4565999933488369	0.6897374575367705	0.5882626570226761	0.3003401728354638	0.3721812199623054	0.5609385719397335	0.5481922049476926	0.4829812583729189	0.5907310277452197	0.43005187607128514	0.6221163874892288	0.5877448913110128	0.6859563584360314	0.55516651235925	0.5644170990015027	0.3462405389741652	0.5014829586183415	0.4419519695068994	0.6610346400341455	0.2950407533607001	0.4106588717290973	0.519160263487821	0.5021239654591697	0.44689437232123325	0.528178377881467	0.4462429722453859	0.4080213347571684	0.4645470994698835	0.6195249937883659	0.6258803462285388	0.5290049480852462	0.5583863516239698	0.7270294628591368	0.421113299051466	0.5807464148077662	0.3847667278208012	0.47923354648459016	0.42185712320663205	0.5515860679905056	0.7315841790141878	0.4011456956780533	0.5432057938899945	0.4672406957040765	0.590555852628519	0.49915362033846933	0.6100503280849333	0.4801906989085373	0.498389828462233	0.5853715241748346	0.5586898617135547	0.5266532079618409	0.6557795671739373	0.8366868629730027	0.7081488077395559	0.6472309080471889	0.6200048713590995	0.5900118232795841	0.7572697015066496	0.6291476000121721	0.5697987437682415	0.5914248038436263	0.48143153088168383	0.49521732844946675	0.3260631956414207	0.5682878296752687	0.48932473123435993	0.4008819550596161	0.4106758856502931	0.5548028871631883	0.5767761062625512	0.7093890123642109	0.7673113335361554	0.7646141746867753	0.4254877695290859	0.5899864073456127	0.5660433784507286	0.6601888339751316	0.4487779021842133
0.6136906414148584	0.7204766796997516	0.4790882785362736	0.6391662067933632	0.6235161883283286	0.6183327198531824	0.459207419769798	0.5857773551693732	0.5613393163241693	0.491744033792776	0.6337311095923251	0.5543868559527549	0.6677046326431122	0.6297105973378989	0.585668821370148	0.5844371769694812	0.6484404105500903	0.7237373507667701	0.6314954386339109	0.36722125918857	0.508525855589434	0.46901485851612734	0.5625994968814017	0.45746855722508073	0.3456497040064228	0.6417629557423143	0.5559034095043487	0.4183772488906547	0.38896092871614485	0.3983770159191768	0.43879392695816977	0.37765955548905755	0.5258836898639853	0.5931960809735108	0.5944712831326968	0.3887906978252361	0.6067056825767757	0.49302631400631763	0.4114235624491409	0.47932819536507115	0.47732381463367013	0.5627291267635536	0.5210617856413634	0.4183054882347798	0.4617687365038403	0.4836253867053195	0.5564523174368705	0.6915547918477299	0.5430778488293238	0.41778801299187784	0.6827924149859238	0.3967748434897304	0.40066173781025044	0.6554662352205357	0.3760516450571395	0.4909777988551738	0.4397865758164587	0.4866082537512072	0.5612210084899242	0.439809609397631	0.4931266227667432	0.5298791760647212	0.6497824324083507	0.7247628249706758	0.7252656530770598	0.468998224382568	0.4953823461730552	0.6386336729964255	0.546637765963774	0.6534469980878371	0.670519187594517	0.49761926029182474	0.559773151524972	0.7144017880942399	0.4824183765914396	0.45389820968377526	0.5618885796498025	0.5972152579041016	0.5561492764982926	0.739700352171951	0.614058057862811	0.5595361091431849	0.4846607246088384	0.4295425285300191	0.5383079959934101	0.571823492779037	0.4915154495333512	0.41568976854525114	0.43279122978750234	0.5179692716847196	0.4864216704270206	0.41281794463208593	0.6192131751938356	0.6598471488648598	0.4367622343844248	0.5897299814765928	0.5908321347690613	0.6908767066472369	0.5402661895424614	0.4787609377461596
0.4790515974030686	0.4566140524512453	0.5532927855819771	0.4186193516139849	0.5612975333241401	0.6682885281217507	0.6500020475418647	0.47816054746633	0.7394653093643131	0.5286073859171045	0.615315323241932	0.6681354167977259	0.5532210371632632	0.6287518345285258	0.5178662795158272	0.6705325210080273	0.7561347279014641	0.5234435542090259	0.46928923841462483	0.6457747463845446	0.5196351026353425	0.5801750378263155	0.40954784228722074	0.37542645725903906	0.5380891388260234	0.54909536679632	0.5738523099439251	0.47474843295670166	0.5130292374145923	0.5325941690442867	0.5573846274573852	0.6350405681695851	0.5505250624509557	0.5151883356202618	0.4769076377545117	0.6072284764976357	0.5234238135129308	0.6652816775648704	0.5696003135840225	0.5763681396803249	0.6810948088965945	0.3578933089958479	0.41462902472703334	0.4621069687658363	0.4610704614060083	0.41868826908610796	0.44516370556091533	0.3864727356393572	0.530382499469713	0.6356656081647225	0.5028868031441502	0.536583298439661	0.6713954909428677	0.5678322532795316	0.6914737186378865	0.6254997907066515	0.49381032673552533	0.6965446188841912	0.45436797772269377	0.35818054779150604	0.47568493101643444	0.30517945711649586	0.5698151208811038	0.41981574379156217	0.6076928451991783	0.43562006238523654	0.584918828020636	0.527003428610452	0.5010107867530083	0.5243327822187923	0.4271727987529167	0.7157505948385748	0.5348234022725196	0.48431225188986693	0.7138870826112904	0.5576921312990276	0.630513947769155	0.5786981353854903	0.60063671658436	0.6073449827795695	0.5857038790570624	0.4079682565760635	0.5291983992273344	0.6083235009077543	0.48055406368457454	0.42878475242467123	0.4613884896970795	0.54941809645991	0.650954132137457	0.5912114754246428	0.7008721265238728	0.562561348660028	0.5990728986794165	0.6648776800484968	0.7937061478613078	0.4811714961669752	0.672384503140085	0.4849839036206968	0.35321886598089963	0.6784640277717973
0.43728582285398254	0.5994127569960382	0.5584581211960251	0.6709426300208982	0.4927778345955589	0.6227284879684357	0.47855428207239614	0.42625895795573715	0.7587679195677784	0.4614432340239432	0.46902813636956925	0.505470463891608	0.4189231784184134	0.5311074215951767	0.5294072545566842	0.5570416128256959	0.5398305462617748	0.6116162648419958	0.4606777058231881	0.4938275578659396	0.46003568758531715	0.740466305385236	0.3546175118532988	0.49282919446739964	0.3801827617236134	0.4494196871581295	0.39840404149362835	0.43897832090817035	0.5499342022854641	0.5095733290958915	0.7024014293390406	0.5453332585909235	0.5141887745272422	0.45789941788433736	0.6610069340498793	0.5299720897657867	0.5382355069334865	0.6670291578180516	0.672277933040675	0.44708300217453056	0.4241695455270504	0.5420922547791135	0.40269708310553626	0.5302153647688264	0.7088520050305424	0.3546129149809443	0.509985035303806	0.5450694350179944	0.4925777664791318	0.5367288966477303	0.4349522024292118	0.5632006551607852	0.5188597601978849	0.6014798729216015	0.5904774798081842	0.4840036972014105	0.4003068944986166	0.5474405918930632	0.5485006628296111	0.46223410464415543	0.8467957204788961	0.5650558662629056	0.6361204277389706	0.47412035902097427	0.47096976505779525	0.4267750752679818	0.558837728990833	0.4926500839009781	0.3860168936096467	0.6167541471951589	0.398420035514465	0.7088094746331304	0.54618610491413	0.5849988761215157	0.5633042014611053	0.6516914146290574	0.7340498077858696	0.49399398983379217	0.5340704133324146	0.7405979083674121	0.62108307891725	0.6632874423414696	0.42562958951334334	0.7105076339295289	0.5631971249830762	0.48434022104525115	0.6800076279537642	0.4485688060868524	0.4620615240144202	0.41483851794406895	0.5667981619391872	0.5123602594072891	0.5588349838624663	0.49384386534169705	0.7678349929561974	0.5312244530735086	0.645893044100497	0.6299346376075011	0.8670557198114839	0.4857318513868891
0.4752339115098971	0.7581467020992326	0.645413604911995	0.5478667791774698	0.4447007351003031	0.47239336668504656	0.4665358276632514	0.5428693983733874	0.5603837314722558	0.4265417502440996	0.46386072507657844	0.4773413732809381	0.5438083872253897	0.5426384142012788	0.5460851425591406	0.5035587453272158	0.5289516273511684	0.6040905264744709	0.5188784313840072	0.5139289409030835	0.49102459705384777	0.6175465960594956	0.4303900151616425	0.5080494884228249	0.44524635506981236	0.5017277108522168	0.5461443885645442	0.6760069390557335	0.49260480271864826	0.5148008667121775	0.39206692352686345	0.5015022874085812	0.8191408355252039	0.5365627226199416	0.578801060378418	0.47842507376847465	0.5740369742487351	0.5824569193096896	0.7964840253968786	0.5658870603186982	0.6219523779669724	0.43050945157072945	0.5724110357960399	0.4090306161534704	0.46310675336060214	0.47421408155277506	0.5648056151113721	0.5582328357506908	0.5618446611073268	0.4582594992661915	0.4423776670862886	0.5509004385874152	0.48290968777995735	0.4990389543287294	0.5515324581246923	0.5062567014044511	0.5112108013175226	0.5239176674272932	0.4749929370364137	0.47182249076012245	0.4979367247669039	0.5311517710995921	0.5190665638816889	0.6515977785272755	0.5437085229687896	0.6495833500485341	0.4635544830716933	0.611375729106822	0.6964299422410194	0.5104292781968929	0.6681606145074974	0.6385470251764513	0.4282822878585004	0.5646868569604233	0.7219494940193186	0.7893154802925332	0.5259003462602138	0.47502393102911	0.4668404589761143	0.6990586783773335	0.5359771084946142	0.5550819210929687	0.5715364098942588	0.5809399613701098	0.451864814866681	0.5793873517744793	0.519100377159041	0.5661567726025609	0.6042621195749098	0.6133081434559976	0.5356930268908813	0.4878822739163305	0.508946040022761	0.367044422770709	0.6568103068569483	0.5992367987268912	0.7023337649854354	0.6064487133658869	0.6239749402142851	0.39931457417097815
0.5779056583738785	0.378391181003972	0.5956597153074457	0.5299517088802127	0.5660937384421416	0.7720263672512319	0.5015101953604423	0.5337130949044209	0.4078521274808326	0.5177494895284381	0.43697999907430374	0.43071315291039136	0.42027388690759265	0.549614447160756	0.5065931167377598	0.5433825193090027	0.5046094787158013	0.6310334818761235	0.6147060886762294	0.4453137588446984	0.464573583937266	0.46057273090223094	0.5178586066506831	0.5755648068230628	0.41861809962847607	0.5961874978674107	0.37771038482086194	0.540695541905736	0.5473193501637107	0.5149700012431163	0.5103928419641558	0.647250673321662	0.5003618839015505	0.43683031884679	0.43222289264271085	0.5228712101967107	0.5827147034939855	0.5931330344154414	0.45786269643054595	0.5485870347920958	0.4618664531045516	0.7387859665940402	0.600647428654962	0.4043785531772134	0.5565856538299807	0.6462760600037232	0.2799930277381519	0.4975694946128379	0.5001398287623522	0.6667352035277249	0.5642033264093329	0.5341065237701725	0.49584602742008144	0.45184655269186125	0.46704457459174	0.48241339991082877	0.5005977483695639	0.5933746140235872	0.47037953308004543	0.4544678358964771	0.5078868885205673	0.4505747579325943	0.4608613307431096	0.551809101088781	0.5002251711741939	0.471003932272601	0.36691322969380935	0.4636287383763368	0.4923057955097355	0.6518937937682375	0.5548770956894872	0.5449506743130564	0.49631809108204433	0.5470027784844456	0.5487781221228966	0.39903302141657643	0.4351511473886081	0.5094833366660885	0.457225139007387	0.5616377716891182	0.5287236090488302	0.8917609746311558	0.5649854349835228	0.5855941409483462	0.46106566000596744	0.579731819351993	0.4863870263849163	0.46044667645008475	0.549309109658719	0.46084286593511437	0.4944639396677083	0.47540251205808365	0.47216597167290425	0.5465146265739875	0.39573070457534687	0.4689999233498512	0.6009407238695879	0.5330346906139546	0.5502153765609742	0.5055789143591827
0.5843486694183203	0.49728392863817633	0.460692766863268	0.5922901311609655	0.5691085583684413	0.6118282442824758	0.6241110764458565	0.41421809283569355	0.5686773921945512	0.38764026930825685	0.5476996720269385	0.6423141905534178	0.46649768931639035	0.5277228630245143	0.5593522747005093	0.5816166860848507	0.44886099198359775	0.4130999214332254	0.5942519238665424	0.5062201409060683	0.5116225079133766	0.6561409553482371	0.43885713158839496	0.4584644049932962	0.44652033497178584	0.5332110541881937	0.3989351922029216	0.6080853369089103	0.6248759419298604	0.5361186314760613	0.5664652049684387	0.45627672636338223	0.37791935797589105	0.5342389181768702	0.4752411805417338	0.49309851306185326	0.5398813740862	0.4021402392318051	0.5353272292589257	0.5162940496082771	0.5229141550284616	0.4036725639938408	0.39181720566963185	0.47642776469812714	0.5748637176336476	0.476839754845576	0.6530229899200757	0.44363265127514984	0.5335262749866534	0.42976832844461893	0.6661520484041661	0.5664206431644337	0.5577721727046381	0.5288883813159978	0.5970072756525258	0.6371099690206011	0.5945994674051627	0.4613332568592542	0.3864064902470279	0.5734575102657992	0.40250156251553243	0.32396630892763456	0.46166465306698645	0.6190226439559303	0.3794676053941636	0.4920493108810632	0.6721715743191805	0.4146879284041874	0.5443882086140391	0.6121754200286754	0.584385823423428	0.4957298824223257	0.43926016926224165	0.515359889779315	0.6484938398145064	0.5404365554655223	0.7106880885338558	0.5236958277107756	0.6975162327579651	0.49855915637873505	0.3747101142561222	0.8704074168001856	0.36860872529365346	0.4423883944805908	0.5474287839203728	0.5145343604278213	0.5596595651033761	0.6400615628467662	0.7554654592242537	0.5132177435856365	0.495668053926351	0.7076131183054608	0.34817060813529205	0.6641809689711248	0.672807495871309	0.5403001657133075	0.6842867183749832	0.46238405822866413	0.6021958348835156	0.5293274408204809
0.40433482035056123	0.4954223985537869	0.6292919940614644	0.6416731562586498	0.5106674017338867	0.5676888872907068	0.5959363856854523	0.48421895422896066	0.6968836540146076	0.5722866061912802	0.5629602543927158	0.46621346290914084	0.33295750359067905	0.5337995529128088	0.5950724781105491	0.34361992438441535	0.5628996263897678	0.6008309004294657	0.5474935072187936	0.4849041195150683	0.42468217915236944	0.4570634873518777	0.4373043013518262	0.5918053009854929	0.49908040872179743	0.5166146387106554	0.6385206981557907	0.5158116282130732	0.6009168375708539	0.563698060106574	0.525487710858316	0.4537319489851087	0.571554706587356	0.47156790830111583	0.7221453660779072	0.7616485460574349	0.46006222538849456	0.48181045206024115	0.49829919692094676	0.5018024545010471	0.5303398124787644	0.46143154605015607	0.3403191388933814	0.35994771839140677	0.511266327665268	0.408411612067688	0.4346550068426495	0.436712321640758	0.38705009403237184	0.5503340231417179	0.5406533572929002	0.5096965873984781	0.5200043734774288	0.5369823483400694	0.6936501334373705	0.44058934836204106	0.5896353663404659	0.6564208529249361	0.4487447480154903	0.5382408559707778	0.5412591808126301	0.582755529465642	0.5392605598382344	0.48837692593520576	0.5376284133793932	0.5554538931788044	0.4501723318595911	0.6120675755252256	0.48688025626219467	0.3531415178809053	0.6683485388720793	0.7882158075708823	0.3725617464747295	0.4740126588023187	0.5996896864876575	0.47965262110958035	0.49159989890758393	0.4536970022083693	0.6789913242656853	0.5334792273000323	0.6909811791457117	0.6102425958844038	0.5923982357755748	0.5392165850185422	0.6068343293377757	0.610070956584495	0.5455969381735428	0.5131669260302837	0.6004214421833215	0.5518760137164167	0.46344252998487045	0.43905660286573917	0.4099765702067837	0.6233146847821495	0.5093438234581071	0.3970170041305597	0.34853366897696747	0.4786294492096875	0.5182325676999687	0.6365088997954396
0.6372711875575372	0.3799136028771211	0.5543275500521669	0.5984686252268193	0.4766913714433578	0.44582156710389953	0.5826616674316426	0.5419305952132056	0.4558955811213551	0.5682113523067419	0.5561829035189044	0.42829460202125474	0.515066701065556	0.4702569067022005	0.48353306203173047	0.5145236063109571	0.5168780111579778	0.36096455345967493	0.5055792422151675	0.5419722247939005	0.3807673977584581	0.4965576928834107	0.6502134088926478	0.61770910704231	0.5033189105373145	0.4503534997400767	0.6844075960254489	0.5309476349513463	0.5386276229808681	0.4677377294165696	0.5381502068888385	0.5267253547863456	0.5377121341276837	0.39446473024509376	0.5810267494629374	0.4958887253706467	0.39487726268064505	0.4162590526431322	0.5980376930287092	0.4918235466100193	0.4649706152795096	0.6359742063252309	0.35924465182718895	0.6713914262408557	0.4926076662973146	0.43335576562548966	0.4693958975084103	0.571248389215472	0.45384716195468106	0.49774798741768406	0.5169886641765377	0.5245801150324598	0.4364242169821855	0.3539554534792025	0.38035051726245744	0.554378642655046	0.49980564812356876	0.5110875488592804	0.7650726829745084	0.5133415580912852	0.44960717843374737	0.48170967008747434	0.47044575552773327	0.456377925300025	0.4537645755147641	0.48852409852317463	0.6587873027443252	0.5189245038670346	0.47812373508202816	0.6692781514301989	0.569219458284316	0.5000190516887005	0.6778908737324336	0.5709768931113142	0.6244255846654713	0.5953208014000314	0.5112019489249188	0.760304877706179	0.548863842656515	0.47125274368082937	0.666130376248532	0.4818967437231617	0.5209072946347819	0.5761286203824681	0.537462026323109	0.3497102756014187	0.4284083343015936	0.6092781319502282	0.5453415888442488	0.5129448161635806	0.5034152745227092	0.6146326631014964	0.5767389421318121	0.5311573292191881	0.5887592443183196	0.5338580029121336	0.43032423147562665	0.5086041146590049	0.4484176668699008	0.4660370831121809
0.6635690032122665	0.5621301571632411	0.43741194179323495	0.5197578261006158	0.5358243962364977	0.6053835641062845	0.6790732647609528	0.564923348214402	0.3801073639261446	0.47238325852360163	0.4243839329939351	0.5679257963732387	0.4459492812353614	0.5253581307313143	0.42374010449140803	0.5461630866095243	0.4404865463519653	0.502600509112556	0.5904101910878753	0.4083084709180085	0.40092147351156043	0.6049987677712693	0.4781958029110579	0.6298716717909649	0.5450225630874245	0.7180259194631413	0.4265292806676623	0.5415567064337358	0.42922199063783817	0.5292693186729588	0.7154750950296743	0.5395783325589439	0.46078988774878393	0.4928274982579812	0.4771753410188023	0.43393350386613644	0.48123620936246847	0.4943020927596439	0.4897782507507589	0.6055390614289834	0.5160213229553477	0.4911509503595874	0.3296174217145951	0.422907053699066	0.6030924444175393	0.6496399186737334	0.4449727063638683	0.47382915682196414	0.4189148879374736	0.6452386947683717	0.5290480425906214	0.5267117542863378	0.460517627903206	0.42907048244398166	0.5503559802229682	0.39124049419070556	0.5903364037807403	0.5462823826405405	0.3475684311775789	0.4521106246252634	0.5223363331965053	0.5056525650002998	0.37090985781450486	0.5087985423343392	0.45245147212967035	0.4813369479428219	0.5750772623374836	0.4166841604392088	0.57494853265377	0.46883119962204195	0.5931095559281628	0.616574245528597	0.37288102834508724	0.538450371283277	0.56519667943919	0.41786762106528136	0.4667795967929197	0.4527072263464984	0.43228951399916105	0.34245811140365284	0.4616445486076057	0.40657516632192775	0.6033466012937615	0.5309648699601033	0.36335124635996197	0.4725424775618789	0.603456582377345	0.5171661854251527	0.545707616265043	0.4760789985883649	0.47432102413091176	0.4335243297055214	0.48108179492813746	0.7582951419011368	0.5136675057181315	0.5594617193748797	0.6751069937418948	0.6151908670853838	0.4861668172516034	0.44193754986510925
0.5444263302206407	0.5752455685332416	0.5552928039320542	0.6736554565587227	0.49639479586622653	0.5248560290666255	0.5344623375370794	0.6247775890322028	0.49364326722113444	0.6883792924276597	0.7037137436709425	0.5149874519791691	0.6244168244106727	0.5302074791191492	0.42183087047907025	0.7346805182737711	0.4820015655115785	0.7179210350681688	0.6007276694263386	0.4406292462998988	0.470482243894877	0.46916353779725994	0.514732045752489	0.541921265954885	0.4930348889969252	0.7585520495139261	0.6714662322335402	0.6963526688704076	0.5597236376866401	0.5357072231642136	0.4118877439987529	0.40891051397197475	0.6319696556704685	0.5191913352540903	0.5958057497535256	0.5268235795245848	0.5113645086835549	0.6132692038321875	0.43090388991191175	0.40916971108605693	0.5337004777418863	0.5895574379167269	0.42390953688111976	0.4281335644245535	0.5666750929645517	0.6067969254558738	0.6334948200868856	0.3503111131711333	0.41655493668260024	0.4674683297830443	0.48355657860237067	0.37018322154796984	0.5567935329432753	0.5900684695764477	0.4834378701936919	0.436745841909824	0.4537095375166069	0.5007079921482268	0.3648693483903242	0.3224348164043238	0.5668001692246228	0.5866865629070012	0.445787311002387	0.409451405500036	0.5737652023956448	0.5603975742033899	0.4144043144375193	0.4926312854494928	0.48551225196553316	0.6349500275538658	0.5274248315897062	0.5746291894280812	0.527329152875118	0.6742326581036459	0.4490636863950356	0.41300542350558905	0.5183828721117987	0.511209513945191	0.5085354333103931	0.5562241237448698	0.5064902690774716	0.4995679638183775	0.7243651550449977	0.3963609276687382	0.5313388503227476	0.620278726937332	0.4311579505306179	0.45504159278860123	0.6129138070054971	0.5196898654397601	0.4655608373969633	0.5388093961019312	0.48299131061719697	0.6310001452045583	0.6879582981890315	0.7313114499907625	0.48754948747664234	0.3890091675193258	0.6259029340224211	0.6074860251272497
0.39390293365209855	0.5806198115790603	0.6448518190893422	0.6123399538300165	0.48872496422583295	0.42668637060970527	0.5805193710792437	0.5767489497709283	0.5147823657360089	0.5117390587456973	0.5930311306163335	0.5490735771409483	0.5485443314016561	0.6683707913209311	0.39071762023740897	0.5011755804707242	0.5559377415436146	0.5258924553068841	0.4944902155254139	0.37181079199821804	0.46987134824817844	0.5525463866756005	0.48425275878831714	0.49933213658796166	0.3948788070413259	0.6231744835459713	0.5646079329392314	0.4589314335220261	0.6850574547771339	0.4635468867312218	0.5115188879303139	0.517586716105454	0.4810778694069732	0.2926068436539814	0.3620427176907049	0.3765629317539548	0.42004806210315077	0.4527614611894419	0.5033329394286826	0.39593666511628545	0.582870969506529	0.7012534298787932	0.4549361844825086	0.4493102145723148	0.3590522502904776	0.3383236104273224	0.48095617082332665	0.4444702002452866	0.43291828798489	0.3952619350879674	0.5594708281110066	0.5638150398515563	0.6528799046357504	0.5822500190358031	0.46137355651147766	0.7689827941537104	0.5188688269030968	0.5692758735533596	0.40538312966480006	0.6576515380005518	0.5608760788178486	0.5326967466241934	0.41735600995032063	0.7245263988161377	0.404418790288118	0.42008600663162216	0.3936344652484929	0.5205221962137945	0.40684160727230445	0.49473120609933857	0.4571255903543759	0.5773510732092888	0.4545063150415275	0.39926735311897865	0.5643235783029429	0.46182849014258803	0.801054962341716	0.6427024484961732	0.5378030036833243	0.4618406597996038	0.393570008573639	0.326997694710238	0.6103757826937506	0.6545124641588986	0.5612251569223825	0.5396322979656897	0.43207086725232374	0.47547631395087375	0.614958534304299	0.5843744831801962	0.5669152205256872	0.5292810730257048	0.7904189551973271	0.5830102950524868	0.7834937014145484	0.7194825894932375	0.49281361987803946	0.5337441634196889	0.6456886401043762	0.4955772121210749
0.6032894019336431	0.6016192064204972	0.525560574790097	0.5378004048349346	0.7177489226108874	0.5610086742025872	0.4969591909427489	0.5018385484837989	0.4257530296305992	0.5725595225662227	0.42588286921493496	0.5857638264512339	0.3789877512089552	0.4249581134336329	0.4679408360162277	0.5477325447907097	0.486880643450264	0.43028652727251504	0.5883545938658041	0.48856797663649215	0.6377343758855761	0.6586518485910565	0.5122278749180749	0.4860351721562713	0.4498695872332324	0.42919622386578465	0.39254733747637516	0.8572930460647057	0.5673680255930299	0.5446093553664205	0.6631378954500068	0.5229698190199525	0.7160593702317487	0.48016839714405396	0.4701361839125095	0.49627106217270817	0.6027808175863509	0.4837322022110309	0.547689056620355	0.3209407803749764	0.5497007714679178	0.45341919477331266	0.5839345821596674	0.47559531545649253	0.39975778166723874	0.41199777231369933	0.577737405950764	0.587618672363184	0.47006805888703795	0.3200111468303826	0.4384857703508575	0.4407010279386733	0.46571194562283014	0.5080837173148792	0.5416198274971764	0.5387361186460026	0.3730680851348522	0.3614245901799742	0.385963194172659	0.5335168042709892	0.3106383616790047	0.5551083215812118	0.42333138317717955	0.46824479318465456	0.5323983815141669	0.556660921234528	0.497017775445291	0.5330750023793288	0.6220763297532605	0.4235296642894978	0.49395962909292673	0.45920438654632734	0.4114554333051665	0.39248732438153455	0.43702849716282155	0.5492673243915747	0.5581407764173778	0.532182497946456	0.5558065611684085	0.5590302444940507	0.40136850841433147	0.5720604920227348	0.5972575869694526	0.4133581489266031	0.42459890350372687	0.5517786119722204	0.41160037785547426	0.4903795640217333	0.5404739367404292	0.5081162627270218	0.5280501968732809	0.4534662722687739	0.6132654356555145	0.7294410634942449	0.5455235998360163	0.7164512332303431	0.6127323228929147	0.41912189540773237	0.5065862308268729	0.5683326558555835
0.4861253291215971	0.4438955649438982	0.5221312301678123	0.37813428450049447	0.37145399432835363	0.4573962792045318	0.5776122953893063	0.5659545162766902	0.6669567357465044	0.4619935394634997	0.4133785886762801	0.7148137727460652	0.7927180983047968	0.6674890937302841	0.43641075191122247	0.39667672727450215	0.5686642464614045	0.5693825439909442	0.507514232939164	0.5495007125723641	0.5576194614873458	0.7769063671578285	0.5874246715999877	0.6668009548817185	0.7932374393206485	0.5501821998561262	0.504252878799071	0.6071409694292318	0.5245418869661992	0.4044954529419871	0.5442512954172233	0.5036068921832607	0.5518745343899479	0.49312029904160815	0.5228916959130431	0.46099276958586566	0.5839295367386912	0.6048761732920445	0.49160860278157276	0.578982760257358	0.34626551093231833	0.4903964742250897	0.2940671964746657	0.5117171773845322	0.3781585737148501	0.3832497248867115	0.5638370914971209	0.5695502048698134	0.600900599860928	0.47312784292367	0.486281294670498	0.40798110229124085	0.3918336097603541	0.2818174903456908	0.3967261103976505	0.35736524578071116	0.5162088715536339	0.5137980789613091	0.4327214866263995	0.5159390628920942	0.562099073267919	0.48626654934697866	0.3503818000860853	0.5886107500487868	0.5279704482892382	0.5237456894634576	0.33144295966325893	0.5420957043474764	0.40193375419784627	0.5461235442804934	0.5628024754531858	0.5889228993644288	0.4293544623096337	0.4921873425056041	0.42092384614603606	0.5811170918208814	0.4321821131525855	0.44047980231808304	0.47595230447170306	0.46897965273326003	0.37264099651904187	0.5263591058223884	0.49706667166973695	0.5379462735309126	0.3615354538349711	0.4861578718544042	0.5472586596966476	0.37187635151612325	0.4886272200281897	0.5502398237528877	0.45683998289473815	0.5536132200094585	0.5627778728957415	0.47557990685363744	0.5596237667877229	0.5153931582093648	0.5039357253870653	0.5572187503965221	0.6943447804273615	0.6296605013022707
0.3757295362149764	0.5221452389841451	0.711823334205458	0.5363935407976446	0.39270934940805186	0.41884903044029437	0.5728897658585831	0.5196171214607271	0.5620986558544246	0.6106002730339319	0.5840898434428446	0.536194085923742	0.3275809643194679	0.5969462457236174	0.6046088366876661	0.4926278960290324	0.44985524610568767	0.5811447512217462	0.6365406241946904	0.37779480940614696	0.6042296106496117	0.3875609658680952	0.4257868124139501	0.47207169114407005	0.6413147497491616	0.6063607582795496	0.5290696076162331	0.47173375374691867	0.3914955604350791	0.3765189578354347	0.5881420084136405	0.5596807585457233	0.41212935312402743	0.5358664253424585	0.7962516660427674	0.5509520362738142	0.348264183998912	0.4548252120294419	0.45607543228908387	0.43379036375572205	0.3987376958773308	0.31361247021504357	0.4447599301503265	0.283577530880895	0.4141031711384664	0.3946798432672465	0.37728251615035935	0.47994245006873787	0.43680462728208996	0.5522819228750081	0.5862568234010287	0.4270604040271777	0.43721910247082213	0.43196977549765997	0.5169761542813855	0.3345308106637797	0.5607639860581118	0.46598853045890837	0.4673903475302502	0.5655434170706043	0.5763977723207555	0.43177067498997673	0.4594573650035327	0.5223521495285757	0.5205302314663643	0.3960453838875656	0.45787703940469116	0.4704168235547985	0.3879477788222496	0.4525354773797666	0.4384380119160723	0.5032614256923622	0.4550136751814487	0.4231231698358658	0.34061727904995165	0.5757286847808244	0.6872429494230299	0.6921348894683552	0.3611757133610566	0.5868474831905064	0.6478820907922862	0.3344807249835458	0.4986092097752411	0.45471720618090117	0.5016130360924407	0.4491200272934766	0.6323131373290717	0.4732678899561236	0.4748528130014989	0.5059675769950918	0.5171184740834641	0.4801668636808093	0.6134049724037348	0.6150321539949601	0.5510455286375501	0.5580118490381114	0.5574821683444533	0.5723080421301325	0.6136245819790884	0.4996344628703081
0.6067555102517522	0.47165364082618777	0.6064405695299683	0.5858934427946515	0.5029638890006082	0.4716349230562258	0.4855104366741327	0.39297202152138294	0.49498590861007447	0.37460275811152416	0.45054955175688305	0.5553528245074855	0.5593328860993663	0.45686244232213924	0.47777686383924595	0.7815443819317778	0.4506887002710489	0.5334926562983526	0.5661238722918951	0.47099088803354056	0.4408561188510131	0.5125372525658756	0.44674912895875707	0.689494926060836	0.5041938778503269	0.6334459361817915	0.48489424243680157	0.5972573293922214	0.743941785840281	0.7878426012057563	0.680154410173254	0.4004958615726017	0.4765330642738105	0.540272868376809	0.5016183229288624	0.5211016781931971	0.3366378580112343	0.5550616398700877	0.6021797129955424	0.5135764108827282	0.4029785734626248	0.3483593292050412	0.36414781690900283	0.39897679201911	0.38705114388946094	0.2852572940893427	0.42201187147181346	0.3597342127531084	0.5358401396376058	0.5676597663090622	0.39743034688272233	0.4125684818619055	0.4179209306638967	0.4358119457733834	0.41159444337681006	0.3470526490020944	0.4283755890412786	0.36726032628884314	0.452296048150295	0.454127395672962	0.4696835904258315	0.3954992496651598	0.3859474405509028	0.45577857926277987	0.5920400529994032	0.45890470761313057	0.38933482808917647	0.6539357903198327	0.3671064229843584	0.48418635930982923	0.38259861639597026	0.42314852886649484	0.47147217419315846	0.5147259469041803	0.3695859437168216	0.5749864378513163	0.57732162397184	0.42833593272001	0.47505378084645317	0.480786257686827	0.44947325137265615	0.5172527323783487	0.4848285317416601	0.4501451093788017	0.5818343383418889	0.6018171401331889	0.4933232083832745	0.49848506988233343	0.5984361333883774	0.6555661503954402	0.5139765867827725	0.5063057363987729	0.5421514518120009	0.4865078939354172	0.5309186032900122	0.4818035602690502	0.6767583499481559	0.5903411960145603	0.5271744576826732	0.6340109803215416
0.49947912092839875	0.5406617951444183	0.6195337459837582	0.5353936873209763	0.5249961811321242	0.8580708818034448	0.5803455786158833	0.514150445108875	0.508845314831531	0.43125022423134174	0.5948124110905976	0.5711090796044836	0.5171081074806902	0.5482744617663267	0.5308465391353202	0.587099727542753	0.56273612429024	0.6143967389302685	0.5295204978325712	0.42377788601121	0.45891377972422265	0.4931053796521573	0.3758735201570153	0.5936637045659207	0.7884146297769112	0.8718706179096455	0.4739993683586318	0.561512005376607	0.47335545618844055	0.6703798919329916	0.3946877185559347	0.491918246830278	0.5268790925597722	0.5201991710197648	0.5022150674830512	0.38838516542075574	0.5457276612028578	0.40755868121011535	0.3566836923851355	0.42850125833889596	0.5237842663120859	0.3850695742441977	0.45590517069266484	0.33905648972952446	0.42375849314448866	0.38771003649844243	0.4082495819299951	0.5789619564461541	0.43182625594215346	0.4894964006272893	0.40049008799652297	0.4366974464822532	0.44158535174144004	0.5998646054778455	0.5943574229538983	0.5332870104424919	0.39111026389097037	0.5092978783388632	0.3818658472334517	0.44254338647664787	0.460582845067548	0.4249158936147882	0.3859832475631668	0.5465552108816115	0.502000186214518	0.45004601779632863	0.41976615346847684	0.5125588697503363	0.42869787152080613	0.6454086503245071	0.473296564196126	0.5575999336734636	0.5195421988034254	0.7497539769748506	0.5794526721897756	0.52438035334744	0.6917946494060525	0.6634116298952276	0.5199755501297626	0.6384587678477851	0.613098917553878	0.5572167680896225	0.4219384256948645	0.6446173226328258	0.5205670324126865	0.4207191752401095	0.5212478569798661	0.5207423963446708	0.5762656831769545	0.5250539385676634	0.5276432108700421	0.5703938914169566	0.6342850472383215	0.6536735464439233	0.5435902658216913	0.5038175908412108	0.5145956977256614	0.4833388981410458	0.5982824717547178	0.45671596723996305
0.5208876084080966	0.4471022297027546	0.5685139439230577	0.5395758675093317	0.5945208557231546	0.5203520375416202	0.5055964862212919	0.421330515216637	0.551692840507854	0.4914022282071579	0.47300019132323085	0.4717827375321664	0.519715705545984	0.5145766626771836	0.5449481670397439	0.6876693745467121	0.4806780080163955	0.6110781404529052	0.48517371626373773	0.4649946950082116	0.6403739717554855	0.5381802167008247	0.6151729753643937	0.5743550866202414	0.4866910782188301	0.4625665300269792	0.4688325117512423	0.6087624094938762	0.460493623884808	0.4365388834060335	0.5775479324188589	0.4493247290196628	0.3796833008741881	0.43228997112936784	0.4385653784041024	0.4445713888560275	0.46974416898713217	0.5716349941509888	0.4402935458729814	0.26045042221772596	0.441393289741033	0.39119772855430235	0.41889530241003786	0.331589344264138	0.4119534015087926	0.39806395287109336	0.4738214284663514	0.4290864285226525	0.41738767287470885	0.39418481631119295	0.4753236545204519	0.6155643800480367	0.43399701670063595	0.36909971609283276	0.48300699135603015	0.4454499957299326	0.38330078969646714	0.544910792391833	0.45646014461732304	0.44925272197268473	0.41735464277573797	0.6518487950734936	0.5752232738840944	0.42169110679800986	0.48328710049549545	0.5463243544090657	0.534230348331378	0.35349416179603177	0.6656591373648124	0.4739555076385878	0.41375227818851623	0.6189361379326912	0.4876280730139687	0.4284951181747666	0.5615669305686671	0.586068238974196	0.4506909952889307	0.6372074139127245	0.49832754700561	0.5101305578991053	0.43893469598711166	0.5971515677665654	0.4288651453001413	0.5558205730337233	0.4644133665581917	0.6174320845275274	0.5160686840084248	0.4636805022323298	0.47753952735143573	0.6414528352162593	0.614331620025571	0.62078868421969	0.5520433042724462	0.4604040313723105	0.3851773466566781	0.4350553542789098	0.6793305073225988	0.4971328384097569	0.5569100668281579	0.46602423983992197
0.6848350838749674	0.34637342918498376	0.46554120732256554	0.532734124079787	0.31464248889139435	0.6016119327772474	0.6005757726823191	0.681712840012261	0.4657536866241292	0.43610501226074083	0.4435196626796027	0.4686541515545099	0.5487340967951567	0.49669948351308435	0.4989297026873293	0.49373805573225	0.46632917210598257	0.4889946950913015	0.5103051729928894	0.34853249442170997	0.4551099492659434	0.5082983455950936	0.44203671932968835	0.41808978046038076	0.5027460785699679	0.4034174174516587	0.4494277021856205	0.44761074268271234	0.5614755396122394	0.5723559190498877	0.6207151468995921	0.46409710404910304	0.5100872767145721	0.4227423707812063	0.42978244230272405	0.33938586541901333	0.44240167339403674	0.3825790762624162	0.45376516750622664	0.41689760208457294	0.4370296584650966	0.5465474855360465	0.3323292174582865	0.4400562504264599	0.319825390466639	0.4913258852287132	0.39669782959717775	0.4777698878682721	0.40034255150627485	0.4665608534834538	0.23583154757757283	0.45842823835981306	0.46674010498022295	0.39038325433466525	0.45551892191256593	0.493094164457349	0.4191878513526725	0.2658651946520627	0.3245957610272969	0.37602951892960323	0.39702267026045895	0.5760849392363742	0.5677781168150422	0.5815854968578744	0.5706861520505091	0.4934627316860413	0.569018592886805	0.38263379217188476	0.6462684195199001	0.47821595653791077	0.470672384078935	0.43788933142994957	0.6391528990482053	0.29209540118487426	0.5953053820661584	0.47153294988335653	0.6199229427634819	0.5315131220234135	0.4540525219882207	0.5588481671042484	0.5443676968718067	0.4892597778649684	0.5954310976449314	0.3817113322148607	0.476952419004376	0.43588977712397053	0.7517722729973128	0.5829921509890454	0.7473373402161259	0.5231968807534085	0.4713731132982394	0.5556818416783434	0.6866599319635229	0.3774589188948389	0.6013152784061145	0.4789081310904349	0.6322559471408039	0.5307067180653815	0.4704184931581191	0.5652168598482158
0.4920667962225165	0.37191923615281974	0.45665153585661333	0.6993590619315098	0.579722849391366	0.37954880891783893	0.5758334784588806	0.38927412710725184	0.5516564810152661	0.4977254807245439	0.5759153771130612	0.49151126647591425	0.5673184233119474	0.5922099063638048	0.44431668097018556	0.49414583073194346	0.5874458856954883	0.45750212949753727	0.41005533280233347	0.3989091964173624	0.4887518786332886	0.3512245493716545	0.5780247623670131	0.4533428288057589	0.5653610718376111	0.556136160255656	0.6156186404479417	0.5266388076702871	0.34524458777241984	0.5766791386407027	0.5829389151126664	0.39479936331605087	0.5127074231044533	0.40248186672550645	0.4690721556826814	0.3887794031027569	0.33682278154754747	0.4296752341919186	0.36516324502394776	0.40187717350873076	0.26901093675423204	0.26358027390396527	0.42175728453264755	0.405812744700867	0.4273569348781794	0.29353316782779515	0.2582646649587421	0.3792277586340497	0.29701493436978	0.397021354274407	0.5073377901251639	0.4777279981083835	0.5453742625852638	0.5041608418687245	0.4819884489268376	0.41413015745709353	0.5620276036934571	0.5618506596934992	0.4531022291093681	0.4226514051778899	0.32419360565983585	0.43480599211391124	0.352293035083102	0.5594064886559449	0.4932632800336813	0.2887655144977505	0.5113619376850875	0.49871953123211965	0.49909544127128497	0.5344362954869866	0.5618938485736776	0.5530005580915645	0.3668436676770491	0.4889215742978148	0.6045214870633114	0.37622335318047706	0.6232910361670508	0.5891551523287591	0.5832646027312456	0.36507062584614547	0.6240557822885634	0.6335008979462002	0.4995257465507327	0.5895077617233464	0.4979452522784734	0.4924420669555836	0.48307512879419584	0.5409954181602722	0.6397709113265149	0.6104982670143868	0.5611656261219938	0.7035101201585138	0.7102609439314698	0.5300648779004993	0.5267732126226355	0.499555412341003	0.5590923070449328	0.44544006824801924	0.5468662514773692	0.47098160309740367
0.4716071082179802	0.4166903137942143	0.4822279565896555	0.5552825910444688	0.4038266189555991	0.45971098875795446	0.5490124797164844	0.3750631965531674	0.5084704464324908	0.6379711320645172	0.7352127124089459	0.6137937312493628	0.4469314368186374	0.5514879509486653	0.3963825754352728	0.5612291469267433	0.44355016197084424	0.5644065146684967	0.4111620105701785	0.5707828939569928	0.510151168015013	0.48683365067161727	0.42953628375294506	0.5700319775237758	0.4914363396171326	0.6147286559142813	0.4900015070481168	0.66234105397286	0.6541744055043901	0.3394788043266223	0.6317063573719898	0.491136543242703	0.5592593377175513	0.4215460693071979	0.4960975758507181	0.418429264691597	0.43990456137282796	0.2516000069795978	0.310343027475821	0.3520290184405114	0.5186325273923007	0.2494912105196729	0.4054806155405624	0.2834327436542693	0.4500226290552632	0.4072982014486198	0.4101276034371829	0.32423905047233853	0.3198264162662784	0.32190757228165895	0.43320570124919405	0.3750746377430511	0.40617824951561254	0.43229716783416045	0.6161537676428427	0.3760347531807876	0.33314648054176293	0.412370321773771	0.48750281096768744	0.36013903900675215	0.3999298988095142	0.49239087424340783	0.48556187705154014	0.4851631564505258	0.4913770752789756	0.5639474874002873	0.4459395503846464	0.45354095701677916	0.5062257817660959	0.8296357984132026	0.5333024898893682	0.39235433137326536	0.5342089206810452	0.40353865540142864	0.39845920720349887	0.4906369530385611	0.39790944323365635	0.5551028250033152	0.5631732741596098	0.5265748692723216	0.6355381407272102	0.5572881205189166	0.5802824797062524	0.6023728136119396	0.8398964002453031	0.6196138062524326	0.6774451631568378	0.4099434018786101	0.7261700975411179	0.5981847139098487	0.540968528998754	0.61566535476327	0.6587379827295731	0.587243941192565	0.5909571601164122	0.6760766448221422	0.6202788078020154	0.40725566737917207	0.5149616948029543	0.576785533451514
0.5883507796271684	0.68360701374143	0.5912744992629556	0.6403355573488614	0.6630968595078846	0.5867113336485498	0.8912702816046802	0.6074743247423443	0.48486788366598815	0.5028929434414797	0.5459866728085234	0.5677893742941637	0.5020953725922871	0.4673597969952315	0.5564245230066437	0.6102927504922572	0.49391631866895236	0.6006407375933894	0.5563395276374986	0.5557246443882488	0.5123750785851399	0.5439657084635198	0.4469946581925473	0.7724779662501403	0.40581396975367656	0.5312687180257784	0.41238976917621767	0.47333986310407006	0.4458578305031948	0.3798710397506193	0.43017000673886296	0.44940737930535424	0.570614873944979	0.6035113996193686	0.5583512094883432	0.2996284357059654	0.28810811890310906	0.41375657808323885	0.43833582169020835	0.354108693072941	0.41054844936586576	0.3388442684613343	0.26168903419242284	0.31406550824599677	0.4540572608108108	0.38403278740037594	0.27048349045456155	0.22942614193684938	0.2789135386949214	0.26363603016307796	0.5155739484263651	0.5534706344508568	0.4406910099595275	0.37910201011379374	0.3709644276771758	0.3457201067700095	0.23612896299802189	0.25937849216770287	0.3247296090431729	0.4292995004030409	0.4225977066743421	0.32669070842034204	0.49747171431631054	0.46932943007790817	0.5111536521018157	0.37474357498289096	0.5184513909400639	0.40097673998506217	0.49138889579249256	0.5436602104840589	0.5886408594663693	0.41282734910465585	0.5217225196237528	0.3753544919454789	0.5836179200906829	0.8252984220360275	0.6617203403276625	0.6277569521294015	0.8114307233419682	0.728994594939393	0.4783516173167734	0.4127079215205174	0.5393655794589629	0.4559750137553368	0.5702409157744114	0.6122227207278076	0.6041029004098548	0.5129166450877105	0.560719064526396	0.42848024163864384	0.6387079282881871	0.44509632286713696	0.4831141179597247	0.7122163146954823	0.5110031245054724	0.42737961374094935	0.46799265301766657	0.5130968162186967	0.6294476926131302	0.4995478671752338
0.569495589666481	0.5902717309940433	0.5943503518517765	0.47721695112767787	0.557457292329268	0.5584364770659842	0.5527557284188521	0.6438199710985317	0.5814966374880576	0.5148535561368512	0.57017858099461	0.5240749897190017	0.5382972819725496	0.42205094396540377	0.5913567999428361	0.5671786729818149	0.40257660265884526	0.4217074997701101	0.5883572672242503	0.4918285279831491	0.6491144841678694	0.4628127407241667	0.6415552761758742	0.3868546689604913	0.48583203223530014	0.5555444867170574	0.4012262166270153	0.38268740196060497	0.4835435068077389	0.412765518554316	0.45686912667724217	0.5241770294708424	0.3574948942479198	0.519215364236276	0.4484567110273143	0.4095963739979859	0.3452909233277056	0.418492098910834	0.3124148154232073	0.45900169099043187	0.46032848235149654	0.35881820198856057	0.3318216149852422	0.2574499410708729	0.207603925713967	0.32597453249615044	0.325414693175428	0.3521974001502152	0.3145062437074909	0.3043892634973707	0.3339350141516592	0.30267449335766855	0.32742230670082983	0.42229645696729634	0.3913848015449399	0.23110824487601223	0.28434911532886575	0.44906113664079106	0.3058457695302354	0.35100731325974205	0.2840234213208392	0.4093051257787244	0.404653251851099	0.45733913216299343	0.5207196653706551	0.3760061553131523	0.404958119627262	0.7418306285156577	0.6980877718735337	0.4331990130877784	0.6062541126840292	0.5089787595009102	0.4634478408429885	0.6495046370062941	0.42066650597951893	0.5281189530160609	0.4935097222930391	0.5953577155386245	0.43490189500235304	0.5143783686391877	0.4754437653220805	0.4243779819364162	0.3896782275471196	0.5507747134875653	0.5504047749956121	0.5520578260267788	0.49607455496344594	0.7025314315511599	0.6770561064675992	0.3973666934959731	0.3919963510831205	0.518387059891134	0.5090494655648821	0.5451323628712359	0.476663755721611	0.4971166644956659	0.5208604683544914	0.656228342534006	0.6566185201768143	0.5629820409919365
0.42092343181689584	0.5093855315781675	0.5907608442601042	0.4482537699361399	0.425242814090459	0.42093080995297716	0.4448515285378168	0.5692892277305079	0.668580253071137	0.7090369316583337	0.5058055430252237	0.6306974715874049	0.4713725784286942	0.5325165940313267	0.32534783975907194	0.36664104653982216	0.36840448507889273	0.45465113256735423	0.5062092397886725	0.3810346649858187	0.6268045716292391	0.39161420617826564	0.5111243802336407	0.5613017901776569	0.4516334913474755	0.5275546163446884	0.555137818027619	0.4172361640144207	0.5918627881950205	0.41621896558606997	0.4292733896964497	0.39861994688925695	0.35251105119921927	0.5360530187419899	0.48515826887582036	0.3873073110415681	0.31558698660593465	0.43478377594069734	0.424620674293392	0.3495451992619617	0.3187428510404695	0.26056835825663666	0.37659072246653524	0.28287857059554355	0.34636948818243346	0.27460776406931287	0.29300334875947087	0.22299090209729625	0.26457563889376123	0.24230886632768492	0.19168728648191416	0.29684252827375524	0.26051443635645605	0.29491897853002536	0.284281671004046	0.3263063181013561	0.39782557887837705	0.25564758961555883	0.5239653761082196	0.45322189958862896	0.30061504313747966	0.359662277625265	0.37496512614870414	0.5566065729275561	0.3826877275516954	0.4154806609323636	0.469658746583308	0.5049866428553785	0.3914176156744347	0.5076939220407775	0.508976267966835	0.4579777849618664	0.5754891773976154	0.497948879551405	0.6159242919671095	0.5367853420502174	0.34093118073605	0.6511813447588841	0.5684117784902093	0.5751532012553491	0.5682335163303823	0.5798827597485351	0.544456962385289	0.5394578669701293	0.6015485319565784	0.6661461421332574	0.6302669262671748	0.6479657253578309	0.4343408637684823	0.4596825868935497	0.5301755300087313	0.5960611576020819	0.6850423045592166	0.5305395609867437	0.5022582020851728	0.518670296470007	0.43538167624811425	0.365309635417207	0.4106537014941009	0.6151253190552505
0.48006367919549553	0.4788792671435379	0.6039155773760041	0.442828578379318	0.5205807889142501	0.550278805257351	0.6619452434878207	0.5701174214524928	0.5963779766352477	0.6692478567612047	0.6572229678853766	0.7839222124334891	0.5730513844143788	0.5043083297440182	0.49486647573787745	0.5470706160688832	0.41144056253344	0.4935890426066935	0.3909425297719796	0.5072997421773164	0.34248453462593886	0.42542894703924194	0.593486810138752	0.4543194138980356	0.571587619319242	0.5487273116361441	0.36143978440261704	0.4567446585136016	0.43917807673156883	0.6485622191426367	0.5029598035867601	0.373659937099429	0.5032266301366437	0.45344200542400304	0.37462436834463936	0.4511253738514146	0.29609752197570166	0.35460607498583135	0.4021007155516471	0.306153887760681	0.27887255617579043	0.2780244957023137	0.3057863587801913	0.21730272073474646	0.22725014145678024	0.4567289412340159	0.1988425720992188	0.1687585725235579	0.13774332039079806	0.24791506701020408	0.22782538669928698	0.1989908345845098	0.14314646431805347	0.1810803004357807	0.2485177354024326	0.24480206076831768	0.25066798761297027	0.3035848329449664	0.4604185352650299	0.4441556767864076	0.38657717076943665	0.46795293872973037	0.594502490674387	0.3720423699900428	0.4795010928865758	0.3877118605067387	0.6216014019980148	0.5640104703746709	0.5782244324694258	0.5814011872600711	0.556924618364328	0.5849620587119121	0.4030182633328252	0.4542514026270135	0.4263761939107366	0.33761244186372186	0.5849191457654594	0.5938978136125053	0.5408724355774197	0.45587431723516103	0.528197200731878	0.49812239123144175	0.5644500158026737	0.7021489279478674	0.4840978077317085	0.4999976078647371	0.5400111071853686	0.4074681901618858	0.6493581702957506	0.6355948821625922	0.5538658581915197	0.5948198944934825	0.5420470338447684	0.5494776343040492	0.5620826060667936	0.42591852585264667	0.5075954357587722	0.5910217996947512	0.4256064607791757	0.5795468162252558
0.4813989635050079	0.5250402442747159	0.3589740171981988	0.4386146810133197	0.4674160251766008	0.8318441621422634	0.6769286594339509	0.7300900427488564	0.5346031487135225	0.46051369297848915	0.5922724265715845	0.6461403044085171	0.4963633142531261	0.3335620392357397	0.44740826728522937	0.6249829486459455	0.7049197897330572	0.5726248767046047	0.5626272678962781	0.439202466587693	0.5630620680205534	0.3422843742108409	0.48096294110604587	0.41370135430435534	0.6866289752368587	0.6915742346527097	0.6520611194673572	0.5214682037537136	0.4172749271582326	0.4064296792211407	0.5192580589216513	0.4193103406826635	0.3636003150496539	0.38451770970497695	0.4483262391559425	0.4219764064161346	0.37013441581152473	0.4703189994582473	0.41611719813325837	0.41365267272641587	0.24767238137965628	0.38122119042300884	0.2864306070753079	0.14161826312583492	0.1873734577694811	0.16498931590632093	0.2150992979633872	0.17077592452537335	0.1732451144447286	0.14465902720742058	0.1645711626431801	0.14035734512379092	0.14596784873592544	0.15724190733528973	0.1817696431820325	0.18457784231998756	0.31660722363626764	0.16693787648164965	0.3279962566082444	0.3399999204731585	0.2641310867576159	0.31568813955218944	0.3340642873453321	0.500733311702615	0.46056650607464134	0.34282865726233647	0.42976237848023424	0.5053426647041414	0.5292167449095911	0.4054036512936303	0.5804353192602373	0.45157804727225376	0.4276269983324044	0.38651325152994204	0.4150539144235658	0.39040288072172935	0.5097709864124436	0.41707120719478424	0.5992019704397143	0.4855578801172908	0.5621988763708473	0.5782284271714588	0.5995297383007118	0.5814763454866794	0.4228996856563549	0.6096561563413345	0.44165782655401403	0.6316525654252967	0.531381121393912	0.6417479238675723	0.5182028905300738	0.5195546716657581	0.55277273979223	0.5654352436181915	0.5212354522439056	0.5178470397255499	0.44514060300440206	0.4873870906788877	0.5717364167497015	0.3945002850546752
0.6242112651783708	0.6345972351474053	0.4302984840747941	0.6185434733252807	0.5390728099344545	0.6274924282622426	0.517459394901431	0.47327926805837084	0.5042135678387173	0.5494795751940852	0.5245514711566484	0.5623454296172417	0.47539539492103	0.5515467216361509	0.6095423433935092	0.4595977803641603	0.5047972870741267	0.6079652450764197	0.4920472992715322	0.490487150239533	0.5271004122431597	0.4764902216566267	0.31041564657328524	0.5688018385377661	0.5373835297382711	0.48587742647888277	0.6262125091098489	0.5792306698438026	0.4826743662372573	0.4186732862350517	0.41684910988905943	0.39764756116994265	0.4111300131713616	0.4100683289800148	0.4534961096293217	0.4048563961274035	0.340525883328249	0.3650398314437028	0.3810787983033096	0.2733184161018793	0.362639352044071	0.3213088088494783	0.2843995768504522	0.23452476897918123	0.16389784974150767	0.24931641666040352	0.12354918480096766	0.1344126202760065	0.10796664408625083	0.1471403536788457	0.10335169163944027	0.12553341894603964	0.12238197581553349	0.1450713744984645	0.17110107524378762	0.1429404166097213	0.22557254735115045	0.3039962452691119	0.27791972638027	0.3104770028436812	0.30459344051231524	0.2953843717968819	0.20886439242009439	0.3133676382082613	0.5438268352353841	0.37928612498204317	0.25400956999444224	0.5222271682315329	0.47173190214864197	0.5052868867230725	0.49033623003623594	0.489871248372082	0.4878454081737516	0.4372820168298008	0.39602371734430136	0.44823031580180345	0.4735412919779963	0.4914568782171648	0.7275957986878991	0.5816889000586055	0.47354572030418407	0.5362668875304875	0.5955296685882283	0.536794276708854	0.6010135868892124	0.5083879562897011	0.6696903250392326	0.4682911037497755	0.5580687788681592	0.632890818707011	0.5498408059953089	0.3819512517438066	0.4979011096252615	0.3259161396417155	0.6233585620905666	0.31215918496804995	0.5008580346533585	0.6862183800161054	0.5419429902053071	0.6721170462569093
0.7726073375591326	0.4281863416572154	0.5267600243992039	0.550359462278157	0.4970676861359645	0.4436454650155193	0.5191095760816609	0.5930611941787257	0.668946920729676	0.4182482877370045	0.46117898339547636	0.44297021045824336	0.545337042199358	0.6513008543697614	0.36408655276315866	0.41994364122042815	0.5872390171301192	0.5751636627652978	0.5420778755906059	0.4770344749284908	0.3738355909280417	0.5114191695630499	0.50860441520519	0.4579713480453275	0.5540231871153544	0.3964322145669906	0.6200685595079655	0.47336591594741545	0.46340458734047807	0.5557065473359247	0.4571218925560412	0.3708716596283863	0.3782888750829984	0.3226303460955373	0.3938437000620934	0.4377525850992914	0.44526195659347156	0.383731180444557	0.3498402652351771	0.3546911440302343	0.2764660975611559	0.2323493307113568	0.24716806270542582	0.16249588607938412	0.2508543722040382	0.11861470200698651	0.09007971713845452	0.06866482993304497	0.1139560231672357	0.07665892649301242	0.07279547358950744	0.06216929846934983	0.046484569004250145	0.1394906440565659	0.11925734704079106	0.15961782702839164	0.2523814250784258	0.2278803543329074	0.23580833374785468	0.35194288118194245	0.35687032682064773	0.29953872045703406	0.48153685658669804	0.3509899226580422	0.3547452887408873	0.46458663646160653	0.3861225978452734	0.4816973727037826	0.44144395323825	0.6795763847181808	0.3547597826483392	0.6017693019603858	0.48723225031932726	0.3690620894865513	0.48917604420862254	0.4186811932795514	0.44391824465569496	0.46544943607213407	0.47307951396457887	0.47198577161759847	0.436286778267407	0.4573159752826008	0.6129492968503573	0.6472889835221021	0.5515300884944284	0.4395092197057025	0.567761939706325	0.6905770441370409	0.509512152160253	0.3836106848140735	0.42761788323119865	0.4626171059384593	0.42799780547003374	0.4727758773568782	0.49108322363525037	0.5364867804491131	0.5901471865413673	0.6490115855850723	0.4218031841310263	0.5235880140206219
0.6740896871692922	0.3896474550383145	0.47643013324380357	0.4186544443659697	0.6400488071329669	0.3918913035029823	0.477228083923181	0.5204706759392521	0.5820732069967429	0.4601173708873405	0.48793002306276556	0.6199926547409451	0.4391624416459131	0.5355505021922556	0.40858398601738277	0.37650250437388993	0.4522491014868565	0.4892701104585906	0.5149263836815025	0.3997145431970757	0.45805135300507727	0.5870366858976201	0.39768903086306034	0.6167082447386569	0.48549472073918437	0.5414555373612825	0.3631357465864415	0.7622330960730642	0.42266346491406454	0.41957296949728196	0.48017334878977785	0.3674842555259796	0.406534659945331	0.4436170247010658	0.49780400384094287	0.4612500717149171	0.27450013273792784	0.3179594509599685	0.43916376069101193	0.3632961975297089	0.31680783198466367	0.2272460735880165	0.26215676961299067	0.14820135287560127	0.20470709339006699	0.15674066018998173	0.10095979824776667	0.11684918992839306	0.0684851544848234	0.04584791374912523	0.09831560614107941	0.030092641295169906	0.0749656313096275	0.1203325754250288	0.14297304675268518	0.12221411137159471	0.20199596162386513	0.14067466449011393	0.2175682637151598	0.22062393847196396	0.35748990996924884	0.2616496351258314	0.21349987445899646	0.21870946459327908	0.55171263278412	0.3212145163255244	0.32257728892501586	0.4299723406002597	0.4744072030362116	0.535319578733367	0.4554828921348938	0.3911750114059902	0.4183819026887896	0.5394445221571289	0.5431290856281744	0.46907795779338035	0.6060143246273875	0.6449898604848111	0.5886547987699899	0.6807527369928744	0.5294780359457805	0.5339722831609698	0.5041811343178045	0.8127244992478961	0.37414577482414874	0.5387170886880067	0.49191049101388695	0.6368318266134093	0.5318010748008156	0.5668501610934426	0.5853312758976339	0.5579509108544873	0.5392465588550974	0.45877051045217154	0.5289120751834895	0.41768287878519866	0.4739012031536857	0.5509768951338329	0.5696096925150325	0.5335839304686937
0.6869995878403606	0.6641815781156364	0.4966544533526558	0.43785766051507946	0.5778930495760057	0.6461147631756364	0.5370125430297544	0.4322125083556547	0.6114725844910164	0.6773099209371468	0.6114162439457178	0.5324398961260114	0.40023855783512546	0.4900432517437138	0.3699371190218645	0.7840709135112544	0.4044039673077769	0.52507390420928	0.45306460178963875	0.4515388216955387	0.524019894982945	0.5194861467010714	0.4105864808614913	0.5141702712822886	0.5120556208164326	0.41238296361409443	0.5279274994676526	0.44155819353790526	0.5616486649826803	0.4923392574736734	0.4507663511469514	0.4658598559605053	0.3845360366770698	0.39432996793376157	0.43500420813633683	0.44847732661984213	0.2675396172096141	0.2605545388814784	0.3353373770401094	0.23516460537026732	0.21811372983923202	0.20886121811262046	0.22377836497096762	0.13842396358329584	0.16752403562233706	0.07690909208603482	0.057942169421913124	0.05059546316789897	0.014502355943292257	0.016927715071564972	0.026486017402652332	0.01833449342673008	0.034917766532734124	0.04509819477337258	0.1133279095041114	0.1446851892134973	0.17088226652248056	0.1959642604627536	0.17298391845128064	0.2742993921298156	0.19845282732723868	0.3864927389031844	0.31183582371973756	0.4067387783665272	0.4505670177568814	0.3850515558674053	0.3706465658929491	0.5075161896091923	0.34812346705089153	0.3114351752857762	0.44631463167744573	0.3996866229186495	0.48849725541411343	0.6280357939332724	0.4678943249803354	0.32370979157954993	0.4309354361950916	0.41137043606630885	0.47931374688323286	0.48962188094406295	0.6119889769540298	0.6607287177532446	0.4541021948217703	0.5209165611768425	0.5026146219168085	0.7460868725488005	0.6456431928200307	0.3831987434613419	0.7405375530905163	0.34540600516832276	0.4285723366104766	0.7317613827490921	0.6878044762313531	0.5052345589306594	0.5486690328976301	0.5703372346895008	0.4439208781931176	0.4411403218430575	0.6563751636370947	0.3982632954378637
0.3343804302877625	0.5532026876200246	0.5857089435614241	0.4973369712949109	0.563765257285876	0.3971469127598532	0.5469087197734713	0.4302968251824811	0.48783441543098033	0.5032800721141605	0.4514084008144501	0.6477570449815748	0.5326880573543475	0.47549082981141116	0.49924292871522075	0.4983300975064966	0.5201175472074088	0.6261996734307071	0.5578593425839717	0.4114996214967116	0.4818454824141858	0.570255395883385	0.4879989835092624	0.29631767876290815	0.6148836147307556	0.6416808436505377	0.6094937522892945	0.5244520388027911	0.44836730895860394	0.5641395072616628	0.41261218544741446	0.45386048760067144	0.47965311998830845	0.4086516801368017	0.48356276836337614	0.31349288203081915	0.28618695607001726	0.2869052330090557	0.3290437727385731	0.36963723097994056	0.3503098722464602	0.21847870946928663	0.2046312414435471	0.1724119719462961	0.12901015909985925	0.08629374275226807	0.09824904067185745	0.03665897011933175	0.015782118895371754	0.006289146374918976	0.022183016656483555	0.02392398817922756	0.02876823647783319	0.0450098435470594	0.08215709360765376	0.09610402555207213	0.16981775357578496	0.19704497072879779	0.2898971735281582	0.2650585647155295	0.301887255734662	0.3045357254517564	0.28660202473286145	0.49606811592326183	0.45898648733908204	0.40218264185083724	0.24725596074305825	0.4567795563726292	0.5125807524788181	0.43590337688090297	0.44802641976771396	0.4831228739865762	0.5423829192357551	0.44582665209868	0.49122384405899777	0.4916587717682918	0.5893794893404392	0.6824957627499284	0.5672865758658547	0.3844246891550688	0.41932851362057966	0.39114267603788233	0.433936542910434	0.442962285084566	0.41255952007692154	0.4340683132425901	0.37982501523277074	0.5983823009448235	0.5633324774016603	0.5355156301106437	0.49037081989057174	0.3754393670910065	0.5509311633077633	0.6575535338648919	0.3313939625762772	0.5084447111617142	0.4240745462916289	0.403840843130351	0.5076426089949942	0.496902905289929
0.5159145057222411	0.4217221224250336	0.8620247957758215	0.5582337199055188	0.532836278027685	0.5094034266355972	0.6539719408991276	0.5055847637783385	0.612250686973902	0.5780392676151708	0.481766718717747	0.5374732617308574	0.552987429148272	0.3787148987709464	0.4557778841500203	0.399581116532432	0.5134759985631807	0.40412924738275036	0.5555586962742308	0.7500916913634141	0.6656159114127742	0.4278233138364343	0.5396058614257644	0.29953097575885224	0.3951549883703854	0.4327490028781399	0.4744704196174769	0.48261538140630256	0.658330503603134	0.5234811959739365	0.4374935039139312	0.3952620566062928	0.32618431577230184	0.3476080578717393	0.442856222520079	0.36981956273888783	0.4977072266314855	0.3733175163412585	0.34847353846432194	0.25818852858253805	0.20422147630801646	0.2500138326335274	0.20367940875475177	0.23827825815466872	0.13836211300370924	0.07365436584456506	0.04935506894092763	0.04392587044443885	0.0038665466443093916	0.006123229085707967	0.0031770480787692307	0.0036442305889487878	0.04607826801353437	0.07220679483207049	0.05149469599956801	0.21613235883724463	0.11851672220511118	0.11236007569625683	0.1639787987390632	0.17384124654088867	0.20445955233413352	0.36172464467612264	0.42742856707622906	0.34361251233686024	0.22513967176816013	0.45710780381032845	0.42025342389571524	0.4334006486514096	0.4714187169769536	0.3940442097810911	0.3394018297170129	0.4825649489224939	0.451022717370487	0.5646031064240089	0.3811560496913414	0.46839584952934876	0.5970131212541043	0.54843106038872	0.36064211660685125	0.5215421204910008	0.7159859782864046	0.7342734026979478	0.3941138906068767	0.5122061878874079	0.4246426990496578	0.43684338012524776	0.4888160824104444	0.7052911629018409	0.48625107591501504	0.43762637055571635	0.4991624096633623	0.5111632146559466	0.5345252557161158	0.506368377463198	0.7440750547349556	0.48457750548026574	0.5219948560549423	0.44617935490164884	0.5199781363480304	0.6992780839429479
0.47918631019939706	0.48279650386888623	0.7968969119427665	0.5205998903085246	0.7141201912140737	0.6826619515998043	0.7053319786216431	0.4954913507754183	0.4668233630278391	0.3657018643019419	0.6240266945208174	0.519639984632944	0.4491009830565302	0.5267919583768351	0.455761731894772	0.58802801119668	0.4227827265530336	0.6397510072210506	0.5153904764142094	0.4915152534358502	0.4384009572574426	0.5308544815089139	0.5433039563240237	0.3824715816300542	0.6025046707867833	0.6107072324110568	0.4691962468891406	0.3607136233084968	0.4961246652363926	0.5983443170208087	0.40253048898104266	0.47061777181044856	0.4183445233942097	0.39583655903987086	0.5982990916795693	0.57704813124197	0.3089378913754456	0.31170163521210614	0.3227225971116945	0.27327124066900615	0.27001217204628	0.186851940805502	0.20497746909022665	0.16378087327146598	0.10911393096560694	0.09066096261041076	0.06683737009688087	0.04247964628208887	0.00426393975764987	0.004348117493372781	0.010869648460949724	0.0030014005075862074	0.011308926022572118	0.05291775130056165	0.06520199535750196	0.07637209314799859	0.14918882623037222	0.1782265148354579	0.2555295709652641	0.2570172970528239	0.3112702475176899	0.2617307223872706	0.41638714426619783	0.47891965465621916	0.3463335674534839	0.39171740779348263	0.5300094399253668	0.4216166114666605	0.3892920764125489	0.4773603343987595	0.728697160877914	0.4981993161427298	0.6841419964733393	0.5746635189949665	0.43207514699597716	0.6104966255433222	0.4994939530362439	0.3892850001760607	0.508443933460768	0.48148458944414996	0.7314510280394346	0.434675330439565	0.6660968047766382	0.4830869975714026	0.5252897948179414	0.48686742982621195	0.3126319809217526	0.6439162701767933	0.5014281711340383	0.4720945619043288	0.7546397843570141	0.5750511422431543	0.49424799108622136	0.6656000854869746	0.45756320082053376	0.586967224648292	0.4497885716996846	0.6567593394541444	0.5695092213758848	0.49506942947061405
0.5426643275538496	0.5732376926516081	0.4197192805824956	0.5933712289354334	0.6239979813004061	0.4990268721622961	0.4946298834626292	0.687357369208147	0.49094015031183635	0.524629188797814	0.6944641375749994	0.567972030688368	0.8172808627934802	0.6558716994688534	0.5862323748180265	0.5692117733729003	0.37128157853629473	0.5238142296108519	0.4869157698884965	0.5812986531167361	0.5669734044308873	0.43557607700605816	0.44915315897655916	0.41485576228394627	0.7262556033384024	0.40182185874914617	0.4938019978561026	0.3713803793516065	0.469581326397542	0.4292009043494594	0.6350019445381021	0.48236422321095734	0.5502136029338647	0.35237817225173573	0.4257718913854848	0.44973761440630067	0.2819354311852247	0.31659230758211776	0.3014648653637918	0.2513538380265525	0.3391330499623738	0.2688657916745765	0.20033030330339222	0.2211704436372668	0.14977763149491466	0.056414867600890255	0.057472719132948664	0.04807487205782396	0.03283895570279218	0.005901188320466726	0.05009642249407084	0.02110601170672111	0.03787669974930104	0.07196414929530365	0.10552468254795842	0.08200537260655043	0.14781187067544768	0.13866009045743863	0.17340865577827658	0.2611768581442225	0.35073283336103345	0.41013958810008766	0.30586908364279974	0.345777819124383	0.3467983048918307	0.3103827513988233	0.49324828769577334	0.4448302308346347	0.5911305341295051	0.4920837774025227	0.35334375741810903	0.6347290720934509	0.3586083564892536	0.4200658947512097	0.5223056648790358	0.4736186534984054	0.36292476856458583	0.48975348737964186	0.38671061938302054	0.5023468683054735	0.44911662469481184	0.5336562081369893	0.5566681139115178	0.47417838414021174	0.5092668821885259	0.5837144130163626	0.4278860058133395	0.583019562511955	0.6549089363700449	0.31447621554214433	0.5494129541108713	0.47012932859826717	0.5007340460407393	0.6683013670470176	0.6411248796996697	0.621818522422597	0.6744782408613439	0.5869361176348046	0.48808994183245885	0.5935574507326049
0.4955096248446466	0.503373401817414	0.6302472610257158	0.39337965458414664	0.7534366358885416	0.518234341913704	0.5187029568064564	0.6169394300687036	0.553697820432068	0.5043307251932696	0.48983326050796117	0.5902857292271135	0.4905995441711107	0.39897369429529	0.6627909499624454	0.5751821347250643	0.2922142312567638	0.6189836206749733	0.4900812310062802	0.4949082774245915	0.49628243052913434	0.5084880528894501	0.5480661537027786	0.4271478622826623	0.4427843455327032	0.5262633131368308	0.5423512206089821	0.43966691015644893	0.4483015335004987	0.44200545397401175	0.5446951310176371	0.5631210365726336	0.41443263171637124	0.4546771577515521	0.4081638781620723	0.44493025187848817	0.335128917501792	0.514608198965292	0.43615572568252725	0.3746624079830581	0.26131845409715126	0.2832246224271637	0.24817031214566335	0.15359659682504148	0.20149636793993803	0.13149944728224647	0.06864936064693214	0.039779550378855215	0.061713533179865776	0.028220627441330276	0.03132736811420487	0.020287494943675835	0.04594233797463734	0.07453573694024168	0.0902162362895629	0.11634803453028743	0.15352024726099986	0.15203005158200156	0.10411860829636646	0.22736328852767296	0.2175839775558154	0.2859054824576176	0.2371624101801558	0.3562980120169383	0.34354236304381164	0.3666940107089026	0.40717712273705586	0.41507045812261195	0.46373817825785957	0.3504341645648911	0.47146112175987087	0.6130289304177146	0.350576994143309	0.6677542740034255	0.4375340446776839	0.47605586940866823	0.44140967358533945	0.42359747133604925	0.3218671827065081	0.6176366446641215	0.5838561032075084	0.7036569637548931	0.506884049024007	0.47863118539532296	0.47301824265827636	0.5064448481162789	0.43173587047829914	0.7946438161974392	0.41825944295578377	0.4111833864033653	0.5035119676270142	0.5682030067224548	0.6690458131502409	0.4851467522896065	0.4737480645998717	0.4632203116594717	0.6262308662400173	0.49890721710169394	0.45796501469238343	0.5165811738453286
0.6431400941370051	0.6703575477869527	0.6118667349208043	0.6213905262116876	0.5842581661306545	0.6252513083306909	0.6385963655954876	0.5527509882684305	0.5289868686209354	0.7139666293130201	0.6274628691242466	0.6947023500825976	0.5129381106184981	0.4801922938490091	0.5058506364756925	0.5709608716992451	0.44184045208829437	0.4968995929071971	0.3487830396991797	0.53997321609136	0.5001078219459058	0.39634945534864197	0.5999435378541961	0.5043420639740044	0.4106766159271969	0.5146110454310101	0.6624536651249872	0.43730673652691765	0.5762016760559261	0.4919617628426735	0.6017771844795684	0.5078534897579707	0.6451822654684668	0.46117046694150676	0.3016473427626669	0.37152049688714595	0.4227463264149405	0.416975956417657	0.36178308387470776	0.4725803776704581	0.25685547357747585	0.2609330854023343	0.25888839069137726	0.16064544505945905	0.1262758703421869	0.1506929274852896	0.08528464718237316	0.11035931872363751	0.0689641030094442	0.04712913158265214	0.046691158211013245	0.023206271900586595	0.047918978733350465	0.1142996644603677	0.06011920583579514	0.20478779317409557	0.19866334968166915	0.18034238222251106	0.39193497554919127	0.2170034713366087	0.19555581614066816	0.27370660001044356	0.31226943336001345	0.503645963408277	0.40153225251373065	0.49393239249910775	0.34958058140238174	0.5417604816016899	0.46324437759342174	0.6362219689964874	0.8362116705436434	0.3575287707018503	0.42624396841059886	0.491052459227603	0.3894015993052452	0.6496838452676321	0.4449512726420269	0.4355400707851016	0.5915724905467111	0.6326235885101872	0.6821586928970785	0.41589771811146525	0.5301741763695353	0.5044430994418663	0.4892260386601637	0.6565270660432984	0.6486416393006611	0.5850334327923803	0.535621158144063	0.5562834655847017	0.47173123163896097	0.5797315340313407	0.3729403781497592	0.45918526038746604	0.48974689646749386	0.5247227414432107	0.41714242668300283	0.5237151868186497	0.4770218334715744	0.6636989163788471
0.4509565741589824	0.4350327379822041	0.3404394912268796	0.5934655676339502	0.6077225044303904	0.7224618837272633	0.5531733534353517	0.5086632162001022	0.5399882960842859	0.423501983651442	0.5834796328730075	0.5478849636479075	0.5649697514905662	0.5479626838023612	0.4383727169543929	0.47858905204460594	0.5858331017954522	0.32009699071415315	0.43648452116805025	0.5510509479285037	0.568571802081876	0.49488900359007715	0.5003892539366104	0.40396308985580587	0.5301225466700028	0.43185499679201567	0.4225492051734457	0.5181866640936139	0.24440558984725327	0.5876831470748365	0.5295621666865548	0.632471220765642	0.4709990405883217	0.48592359104468924	0.3652379975493286	0.5380752924709941	0.34794785866407146	0.3158313137960097	0.33123961419771963	0.35245168605311233	0.35847229013491805	0.22549876322638227	0.2734670352269596	0.25639072712475264	0.24216099066486113	0.1613123965888465	0.09454539598931065	0.10593490517814129	0.04051362444424429	0.10689418017341597	0.02958679016792225	0.05836683661986864	0.07862035783192249	0.08070279110591312	0.1290779493167106	0.12725652588703876	0.21903514011146413	0.16762664668995733	0.2667545685792606	0.27964965244266043	0.34194164457143433	0.3853886385552724	0.2508845512698894	0.29494171400745395	0.364994694238117	0.47650657011059394	0.4300005501957994	0.4055354376672071	0.41387269860960185	0.522196307465109	0.7269270093751455	0.4243408683788291	0.5043187416441239	0.46939714869575744	0.38054714449714827	0.5617633248026002	0.4508496406656563	0.4789091117594007	0.36402579920394257	0.6101461251001727	0.48633882156259917	0.4266763116237384	0.420615304520986	0.6476622107266762	0.36161102617999913	0.4627202332331599	0.7225164085079167	0.5479509745143774	0.4888898305214985	0.758973388797715	0.5880680831628404	0.52246335108917	0.5328406341729539	0.30358703519825014	0.45101448224812557	0.5461539633214364	0.614907084048551	0.5025123514337803	0.4496704926330462	0.6166328923423533
0.5156218554984336	0.5885322384084373	0.5818967288056232	0.47672507702037237	0.41170082832084054	0.492022383488923	0.41450340048684536	0.5421722344106448	0.42963571957960145	0.45368395644592246	0.332040852777165	0.47970257615129835	0.42404137138641157	0.4419624858012019	0.47540615785415347	0.5868492196872103	0.576678995543138	0.37870748298562185	0.4096069433210467	0.48186180774419846	0.3799412472962577	0.5099750745905219	0.4285822479385718	0.3555170012494089	0.44828705066720825	0.4261679081375297	0.48389745996782074	0.6647013773138936	0.5050200466200427	0.6159916885688274	0.4424391295025095	0.5386528802143378	0.7000378360205814	0.8092877030031319	0.5001143593829809	0.45902665902547707	0.3514231731503645	0.351586053702114	0.3482689635416329	0.2991185974088093	0.40796151777680634	0.23344195305017562	0.3205626991694482	0.13811381681806872	0.1388960270018159	0.16010095598697707	0.3157161131578731	0.16716913019634527	0.20766626664942903	0.09448898207049443	0.08603932336180418	0.05919112989610255	0.07994605186063279	0.08812123877064182	0.21534819274666736	0.10535864034912171	0.26062285911634914	0.23015893661176628	0.3740138590857019	0.2854380693795373	0.29569930270310185	0.28023049523584315	0.5216371061515178	0.3263818123095433	0.4470895455623549	0.31454341471349123	0.2938804154894898	0.625647662047757	0.5513628758008905	0.5179099949908441	0.4008125614440983	0.5074011467691567	0.49106893889245845	0.3395533358833442	0.500919744214146	0.5855430736023399	0.5288815246903894	0.5570306656281321	0.5284317887835259	0.41673942596814295	0.5100362282858408	0.46285279606536195	0.4787572792117247	0.4186367331898163	0.454667717261406	0.5626766330751544	0.5449890484151575	0.4162978513531386	0.35072664651725144	0.5243256951208534	0.43301796482202276	0.41233018910482555	0.42204088825694797	0.5427086586907947	0.7245186614726984	0.5120547372609278	0.4048349662460689	0.3915387433860053	0.6698599223568839	0.6239949472767485
0.48310839035604614	0.5375993375795487	0.480152620198886	0.5443464204755185	0.6874136346449913	0.3920009084723323	0.6413535778920305	0.5078318287447734	0.647341969808306	0.4876400267325624	0.48295829483309416	0.45760005938251325	0.5723700539464754	0.47160032329909307	0.4696306800917871	0.43452290378652875	0.5153192164134045	0.5088741555779299	0.5124619559586968	0.5683162999096076	0.5572234926313039	0.4788273686328394	0.6308993583644021	0.3337911777308913	0.3915037404547718	0.5094164886021267	0.4844361987149053	0.3857201217207702	0.3596626338250043	0.3609663802187338	0.4184974537530452	0.6362630438241903	0.4190588061973303	0.41421994325238726	0.481121644869931	0.46828134570601615	0.3315993267133757	0.5464014037355277	0.30602906240060396	0.3816503233702669	0.4566903759557073	0.38219508860723156	0.3058968493494799	0.2160443405400435	0.22479005925667778	0.32701824970476234	0.19834335861644395	0.11035052730942227	0.12923045290783644	0.1289417516539007	0.104132968199258	0.12329905386379111	0.15319193054305563	0.17828547386344495	0.18933715918348507	0.16323953054729426	0.13425960526013186	0.19251276884114157	0.24249627261783008	0.31746576471235727	0.3625561219149544	0.28587652494094884	0.499672532852382	0.4150227805044649	0.47696554672160807	0.28030912735262825	0.46806596721862426	0.36499294279322375	0.5414432642384167	0.5946164920730754	0.47566017928987686	0.3934528117273738	0.539808372642464	0.5073976279799487	0.5744096586810608	0.5761534626634305	0.511108671414969	0.6260194354095419	0.3631804389574463	0.49205322704110666	0.4745207769898508	0.48610696163920486	0.29583644864652275	0.4461857441337472	0.5166498059112358	0.440863016191828	0.31637914419908364	0.46506877313429223	0.3845858046538037	0.3840423339425711	0.5772174360121887	0.49350666299279816	0.41892257460192217	0.500450518318763	0.47612982660100894	0.501056856407489	0.5471886578984305	0.49529852567686516	0.47977790723628916	0.5406726772435642
0.46019421257445736	0.33541053546844174	0.7627757718663313	0.573178014737542	0.6449956046845047	0.5044874945698744	0.5138357992808218	0.487118946615497	0.46160870400045767	0.45332142531790487	0.6488696718318097	0.5227697223281333	0.5205184498237015	0.739079452397708	0.6149480949680757	0.40734403432911814	0.5733714158523415	0.4322308040096841	0.5277170436835288	0.4906907376863106	0.6828385860997205	0.4147706682212481	0.5815431802284463	0.5379965623350035	0.47831911013312545	0.41365572441777376	0.5401793658257911	0.47359740781719334	0.4750921622151584	0.49954933787722017	0.45627688559848173	0.6459183777119833	0.6979751104134675	0.5019062543839939	0.45308095815516536	0.4204095360276276	0.34546942528802405	0.4046695563606775	0.4577416219357236	0.42724313415641646	0.3654419799448475	0.37387224245125206	0.2994444971721555	0.34690327247701863	0.23704423593880128	0.26182073856139726	0.2335396583186203	0.15238415719344747	0.1831548525832853	0.21167385907064326	0.18482746549638485	0.2616633984532211	0.14410612204260803	0.31031032550464105	0.26914350760793654	0.2949487954323453	0.24247458826670185	0.305779621726266	0.21641200281015321	0.3634681148769796	0.2192824752923998	0.4956732597046894	0.6035102536654439	0.44254947571365694	0.4279703131340983	0.46792234025481866	0.375913428120475	0.6101362797079013	0.5371803224088387	0.56258323583467	0.5805697529935088	0.6307978169621447	0.42810509304229105	0.5378099741586386	0.3020333648368697	0.46890238817127045	0.4709625909772615	0.5396129409729388	0.36408940481170476	0.4169070297776313	0.5257953743547222	0.5843207719091873	0.44650063728285216	0.5083191274472048	0.659016307312303	0.5593601002611241	0.4807933524179245	0.5460319952566022	0.4776527906208202	0.4629349300377698	0.7389536534827096	0.48248680381290365	0.48452870812477283	0.41906368776131	0.41383078929649153	0.6130838736005133	0.8220077405214049	0.5624220384436092	0.45777319315581405	0.5675054518813866
0.4619563812511726	0.6640862615823522	0.5877700022418795	0.5893581626925813	0.39881242901601466	0.6171130835927711	0.4327805395686419	0.5816443812771671	0.5293104318261797	0.5075522759206574	0.47136333523835616	0.45664324801197165	0.4859411413354803	0.5100727564259068	0.45417878634067	0.6525967070377311	0.6782753642908275	0.42483137361868556	0.5257051545286783	0.5588409418634912	0.4958352661404706	0.4109019842724547	0.4083260851679987	0.3366517071084735	0.5408353687168865	0.5272068208992114	0.47285324603942785	0.6101349834903529	0.5462488627364354	0.439248828065418	0.6387434211062263	0.4017089197381078	0.4673834577542094	0.3581731827215365	0.4890188768334852	0.5058857849734195	0.4745614021192264	0.5728783456112821	0.3450766312730253	0.38304705315741727	0.40457219967010727	0.21780943255774807	0.3032251281857364	0.25893571758014194	0.19318682798497813	0.24086191612903232	0.23313021764315783	0.20154857391939143	0.2284904020069441	0.14869651707075515	0.17487981237734448	0.1470393484858602	0.19322346583458508	0.2698401748545042	0.2228154351144804	0.39004485184396165	0.21794765493837298	0.30246943723098696	0.22545629240783396	0.4269350566758875	0.5547111870692929	0.4368733210817821	0.3978936862182546	0.4620530396336392	0.34989759692261174	0.5966440724283353	0.5744110127052824	0.369180629647639	0.5186075271674225	0.637031093689338	0.5706305929368523	0.41452584790710795	0.5063765492015128	0.40496689344345216	0.4955259786366228	0.3771660102785107	0.5373473260790192	0.5169993158379977	0.4196643452307182	0.43870528585223	0.42035747410355023	0.422920772582532	0.6327159706414749	0.38113606714243026	0.4000885523847359	0.472554019836619	0.630328480361457	0.5565010840092393	0.4515967310946237	0.43889849786787855	0.5289388933677508	0.35679766876549923	0.48108664965823195	0.49311230395541655	0.40203088714170343	0.7280728664643301	0.5780512007798942	0.5335289563499152	0.4519037342005981	0.43113326005094327
0.3771108207076448	0.551352241544562	0.5725426014593394	0.698763610006062	0.5599399963583882	0.5250200003811606	0.45089181812846446	0.5527380309436353	0.6314650945250315	0.45620607540910246	0.5146740720982531	0.40134248653578813	0.35672975058081524	0.36770670909569747	0.6289412679586293	0.5562871940674652	0.4251985962663633	0.4698145389965432	0.42998336911402296	0.4667765631114332	0.6319436138682026	0.45009499828659943	0.49685442564852417	0.5559310097635501	0.4936526944135044	0.7124466988242705	0.5821219697957127	0.5640298897144694	0.6034436726926251	0.43989788523382173	0.546635946481312	0.4966180514304993	0.5664629570799965	0.37394076239097007	0.4239111758276276	0.47223889603014985	0.47561143160561564	0.3182596218664377	0.7012623956704411	0.39516230814166764	0.4335753570612088	0.39954335217815323	0.28752622004768746	0.28132011911024635	0.20706375088999165	0.35286415443170277	0.2925574951172303	0.20987971343586176	0.21056763372974527	0.2121524567670924	0.30798261219601997	0.2977383087641049	0.18960952157021077	0.1827705377707857	0.2155389550538816	0.44424436519699506	0.2895855741014177	0.35712897025888946	0.3157367143043764	0.3432303611236581	0.35110872328654197	0.34775574966466855	0.4114382228468727	0.46865468848376046	0.3959504245190276	0.37188138928631365	0.49401495724394373	0.5361515608316678	0.5697487053587077	0.5130235685560248	0.6826846491798013	0.6546737572146943	0.4963100954922055	0.5503912321678209	0.4465193859868735	0.508168533852384	0.5012689756692121	0.6860509420450103	0.49239397358600445	0.3930333271137258	0.5686386197711478	0.392663441614312	0.46920173016047695	0.7553361625173393	0.4126130993849083	0.5043242412114144	0.39792756518270844	0.513240621265405	0.35947727263335005	0.6023456859704793	0.6164372222931875	0.507573118048067	0.4487560825215123	0.748722280072644	0.7362212091895088	0.8199317102401431	0.6521589436519111	0.3680311760654551	0.4240274976677077	0.5401778398345221
0.8212540336866844	0.5258075019391041	0.6599460322295536	0.6249731233269598	0.635597042819946	0.5764827114030708	0.4709876791867417	0.49564208082325684	0.48178710335872416	0.48298757833989986	0.52403971799064	0.3533545978915918	0.4030275561809477	0.40060721453580156	0.5468033692359229	0.48317580204005817	0.4625554328797086	0.6732815500275604	0.5500547298861594	0.4020875174934478	0.5779983765752701	0.5746166369514226	0.6592266239543134	0.5240679457447792	0.4368933199293944	0.42449162492541165	0.5617954460590581	0.4158583515746593	0.4402178994819967	0.5978308228076401	0.4847295777802212	0.6196810602159835	0.6414032036440166	0.5079856163825225	0.5029228953579643	0.38251873360052346	0.3566347491752216	0.46089918186786044	0.48234759489650175	0.41530655939765043	0.43798290306483784	0.32809187580381716	0.2955057410325587	0.38283185577486634	0.4212559343548635	0.32599318655135096	0.4063467288742784	0.2267148287333857	0.5245589228377611	0.20531454382227782	0.25561051963718906	0.25047245456692113	0.32035059262391385	0.22879457695005367	0.28464230009242536	0.31792382497247645	0.39521368686268327	0.29896547888567926	0.3296768208778371	0.41107350752946137	0.42715671466854427	0.36660281042818593	0.4837925352402863	0.5216637042707638	0.5066151702340346	0.5136517031000076	0.6491872732066728	0.576706316179963	0.5133165154916614	0.6878217983634733	0.54035590192664	0.5497291510026224	0.48024591802863165	0.4958263728236483	0.5875243433339801	0.5486673806043781	0.6967782035560681	0.41665835958717357	0.4399862503618217	0.5448486622203528	0.5438673467043781	0.6194412563507226	0.7238441551907815	0.4838139139250782	0.5648119248228851	0.5254011128618593	0.541722733078613	0.4649581129014012	0.5383488944580445	0.5144597715283867	0.6089855147043257	0.5093530996486891	0.5918163268835059	0.5915956804331639	0.4771639215511203	0.49554692781167653	0.555778435018486	0.7262155769559564	0.5617954749504511	0.4716363993093164
0.6137674805241726	0.5167645563851893	0.39590436166087667	0.6547492104500158	0.540709454491192	0.5049015491367358	0.5065705100836556	0.7911507481628937	0.585410711624719	0.6064584508383837	0.39653479898468486	0.507642367418528	0.4345830704181895	0.46153591759461926	0.5243892114681704	0.4112857382593194	0.6150875762503727	0.40244811559686267	0.5629408550298017	0.45402883914116343	0.4958090863822045	0.5065519492957641	0.39407695891844535	0.5314982248415899	0.4519125084732997	0.5669745408099697	0.46159293439928156	0.5499264539018177	0.6959111774642426	0.5567853480775561	0.4842890927020314	0.464333056202683	0.5728221787622599	0.36913885274052766	0.4848331415295161	0.5459642913827026	0.2859827940530342	0.5374199808758859	0.3379910030126976	0.35429790121859417	0.4161857580910747	0.48592583500808584	0.4955399606616187	0.3491416254744161	0.32157125494969263	0.3054730970348652	0.29487154126808407	0.3114599339094644	0.373246470310138	0.26257585116146515	0.37659470604303563	0.26585426397863887	0.469741748685625	0.2848546376583644	0.3892255991141911	0.24427178681115908	0.3305690135842415	0.3107269398341973	0.4658930163874503	0.4624242659954559	0.49656324284064246	0.4711976458869925	0.40714117941773215	0.5008968527158113	0.36671393285802756	0.3930931830650261	0.3709942903150371	0.5619593836926203	0.4798449352165413	0.5462882983466506	0.624398496516574	0.4564107318320577	0.4309025481288999	0.41647536820464703	0.4942694767079608	0.5262546379739327	0.4982715467522099	0.4721850168478612	0.4703545836854397	0.6033017824689081	0.6744803895893493	0.4882032772992244	0.5025399997654176	0.37600525509381977	0.4735011978297793	0.4881350716622558	0.49881774660810885	0.5053545698156627	0.6253120643174344	0.4584647919383384	0.6848589664719925	0.6523037523107206	0.4318843081110897	0.5091911174554128	0.3561566206546966	0.6141921333945214	0.5940328642204326	0.5208519142237054	0.4491982954590682	0.44753835987487367
0.5420327364672124	0.370715274087295	0.848005896498	0.5378609502132217	0.7726962680255243	0.4195364737327806	0.5677632498745553	0.5070442249927911	0.47592493280672593	0.44886999121957194	0.39573186568177376	0.5268783727303338	0.5348483590252856	0.5104428179337752	0.416465798603579	0.45309829660146494	0.5640689863325725	0.7033187379087285	0.732386281758626	0.7396660765868374	0.5935000529232234	0.5053837193860409	0.4065609636537479	0.54397278534092	0.5826576514633621	0.33904355528267976	0.4192014359454301	0.5841227883993638	0.4571239923524761	0.5195402059000132	0.48165666583527894	0.5444177804945608	0.5296855424341722	0.6674613423162675	0.4753622594866977	0.46708076578700586	0.377528735509561	0.4109418729559715	0.2915227144156669	0.47700199242372604	0.29392598535677245	0.40071621230379556	0.4500730229982667	0.37758860734526545	0.3716891816910277	0.410287507210648	0.22741109853495892	0.35284013659617897	0.25808102209303774	0.24464604446756305	0.39766385828600437	0.4479316010088797	0.42856932326542946	0.3266183653967802	0.33290846383103284	0.37184090169367073	0.44339622584057875	0.2925911172806752	0.545338810250882	0.45698954916016155	0.38775271361279584	0.3021280369613606	0.26675563527301116	0.42325038899423284	0.34429226095713766	0.7298156471753598	0.5245385245581146	0.3776201132800975	0.519430791864495	0.695691093569429	0.6982085890187938	0.5428072430045582	0.4445081468561163	0.48789297349077104	0.4729326027613469	0.49707243009993646	0.4650920958256269	0.49654757931925253	0.5328777467222814	0.47101451971362357	0.40249449092762435	0.5165420387090208	0.6364293907353467	0.40147429958543407	0.44388894000650275	0.4744500948692255	0.5313125729861303	0.421463839926593	0.4483655495380532	0.4376178589779693	0.583826268713711	0.6478097744106626	0.5066503438290625	0.5131009680464497	0.5752582082427354	0.5354805117069021	0.4343284994526725	0.8568534990322265	0.4527570479253402	0.5367598276224531
0.7027405572344295	0.5407296908084173	0.32615072811692364	0.6375255980643175	0.5252853429652676	0.5725999409378547	0.6625845611404301	0.5691974583291994	0.6460753721460171	0.47298786653791874	0.4282437077718737	0.41481928655354966	0.4218126549782312	0.6693789583415684	0.4860900748744109	0.6190295942990008	0.6966737804217786	0.6256321564973586	0.44682545895987125	0.4889744856981939	0.4648727833060615	0.44951801701255656	0.5282705493527321	0.47334274613666494	0.4768960414570361	0.6158215562619349	0.44975723378097265	0.600893496347918	0.6238591119365341	0.5584758505232619	0.5929294483518772	0.4269045989328183	0.47160564071104716	0.5432934401313957	0.7163626294085818	0.5557514223972592	0.5223967094432185	0.4925044686179657	0.36273832957043206	0.45968501707521137	0.4519623462050901	0.48375873258353486	0.4047466986252141	0.45297737611967337	0.2649346040487715	0.38873904366895895	0.4961434411351216	0.438806252311813	0.3769226770079457	0.3542846946428186	0.27258838108414685	0.46195554208073536	0.3111020663040168	0.2882587283322805	0.4714774668087669	0.3092570318337819	0.3786289748754185	0.454599185181717	0.524436534968303	0.3436905719314489	0.35625342511295466	0.3136689570977453	0.37059394129763273	0.37779285887818576	0.4695080604554081	0.44836187778518355	0.5287162499999741	0.4782146563079746	0.4966151932730655	0.6363140291744406	0.5247802358124055	0.5631481750472469	0.4439764471304606	0.5304835798656893	0.5746987313255684	0.6172984531115313	0.5074644003130341	0.531900416994352	0.6464381298178516	0.5424351300830181	0.5843027942835426	0.5114156995851125	0.5529009968454145	0.5141131576960318	0.43800900267193943	0.6505855404098362	0.5643468002988836	0.6651540889263775	0.4547892386874014	0.5586877147583243	0.7013989067911174	0.5643019303995251	0.4322610886284088	0.49040616934922515	0.5776295058487203	0.518210853444732	0.5117325433187108	0.43340901846394503	0.504665345624704	0.48037462996479197
0.3693564049590142	0.5052337430686772	0.49051186263911456	0.4277041005160495	0.5079086884304536	0.642525979099183	0.5229304227565832	0.5406124124535548	0.5641415108893008	0.5326745735425842	0.4384838141251801	0.5876495650684697	0.5844555711902891	0.43469993650458694	0.5527076054783396	0.613776941604996	0.4975139634250286	0.49574170923941197	0.5153661829032765	0.7365307368513956	0.6371718383752245	0.464475359365563	0.46058467277043885	0.535220401589012	0.5191139588974318	0.6182777889333679	0.5035390878579373	0.5069682215327537	0.5573044315436332	0.470988369391919	0.5459967633113129	0.46976015083079975	0.4221603522532908	0.49254650820959284	0.3248604392897353	0.47300225250918554	0.42325469530640625	0.33805160381518834	0.45793156267952195	0.4845358164828734	0.37122002368266876	0.437900875261202	0.37502913095684615	0.35214456419407775	0.45471153106220236	0.38878889704315395	0.42246883938555124	0.3257001288354416	0.3960600231626317	0.30733123600373613	0.4030830218372777	0.5263250866093117	0.4683520824099285	0.4355853175679386	0.4088148795301482	0.367997040365945	0.3764819485108594	0.2923916642743666	0.369657826798622	0.364048871140567	0.3756796286530309	0.5439368812480573	0.4828787889021454	0.47751057273769937	0.48255906251602293	0.4102582093376748	0.5660299223827703	0.4847625178517389	0.633253108920531	0.5260197457772644	0.5197792573551917	0.6804819659898508	0.5921344400583466	0.5489600783788154	0.6662260940176048	0.523182411402427	0.5927653363254747	0.4235082235978147	0.7280954518247522	0.5588193274499391	0.6912629976350924	0.5184135544798083	0.7367405216224451	0.5298210008458517	0.511922221180081	0.46437865580792237	0.4403142566322877	0.5072621487723158	0.6368632718706869	0.4822821226311712	0.6976802236943328	0.718646336873244	0.4725866383544086	0.5752246875289391	0.4456748674284994	0.5475421034065935	0.7144756320143242	0.43743793760575644	0.4929793308971593	0.43952935674532984
0.6920115713423903	0.543590286240941	0.44276197502084647	0.4483741053534682	0.6883560547603819	0.6562002017290066	0.4488467046517967	0.6622062657224975	0.5352442182634978	0.4841598994314947	0.4460648258095122	0.5060808141293127	0.45593901917743607	0.6407401442358661	0.6283011741190544	0.47159461333627395	0.5770431112572272	0.44306473315835254	0.510095550665371	0.5039590864750811	0.5253583250481885	0.3685425206262838	0.7243405415237472	0.3823999817071976	0.604963656116712	0.36568965147082705	0.462048667766433	0.5969388701056035	0.4814376916822609	0.4459374030319156	0.6420401521184859	0.405941890262245	0.42149452110423924	0.32503679530999	0.4569969312364447	0.4665620378077255	0.3633678724313029	0.3196956491366736	0.2770462598011995	0.6663283074755143	0.47422760549799026	0.5160697220076107	0.4812475987998056	0.5490802725273753	0.3980570162639732	0.44227613480058575	0.3225290605416771	0.46710469460145615	0.3916092169913691	0.5028362457145843	0.4196260003922794	0.39591693134534456	0.319598220034019	0.4015899156228943	0.4108411750888805	0.4420297547536262	0.42830033938135653	0.45655183455444104	0.40816038459860476	0.48359410549258236	0.4931452427202072	0.44701919545221913	0.4099339695611714	0.340071198989421	0.42250833374468494	0.4405667782282929	0.5417730119507909	0.5383138688977857	0.6389967208123686	0.44783712170200174	0.47637895646670714	0.5958389760974746	0.43839584988194874	0.542958251214417	0.48471823841523487	0.3909851183981578	0.47392993173959447	0.520683669161633	0.5802792802706657	0.5548789237879804	0.5683955300473961	0.5713842221623228	0.41432894716251384	0.5472249671703586	0.5778438267703757	0.6139714102067888	0.6126586093240627	0.5866291515332881	0.5513096507990474	0.6764875597360472	0.5712069477955718	0.4987115005198462	0.6014109146601632	0.5305195106815145	0.46776213046273296	0.526046939978167	0.4157824508224637	0.5737974212142487	0.5192045142575075	0.3569232061978102
0.49930147309423933	0.502112850754983	0.5431545216372815	0.6053263889558914	0.7077589546539156	0.4961207349955155	0.5471242722696622	0.49855842021080615	0.4143341286586162	0.49662633633448516	0.634836234562297	0.4627877833708897	0.47886441471251784	0.46242501662551483	0.4453401787252449	0.4819522595230293	0.47056429463408384	0.44472327580167836	0.5223430001760883	0.5198817702937804	0.6338617500355804	0.4998050625121529	0.5508439440713205	0.4263845448518313	0.4875890931379284	0.6667581718423131	0.4257577100608471	0.48789827024498894	0.5046017168858618	0.37453358006374804	0.3266995295543427	0.5755904561625012	0.5487518239186263	0.32198125767367214	0.43230420516222623	0.37381616586383987	0.5855430736023399	0.39166038392845937	0.49838321235345384	0.2835917190017868	0.528831457005215	0.4774285268322701	0.3557982610781467	0.41305118604397273	0.42310536275640465	0.3124416485219304	0.3236082542355378	0.24906869122824468	0.460744323863453	0.5444645780593252	0.4974466890460159	0.3817840256331647	0.34889656440606	0.34041010860176446	0.5172609369985807	0.2675217562814446	0.3948276307249111	0.3599742770220446	0.488140183237369	0.5140119491206296	0.5001740585778081	0.38023378656007795	0.3687382305548282	0.38426139564919504	0.7187713389546722	0.4598988646768025	0.6818111805163114	0.5751760328134822	0.47494376707931046	0.40554288639631564	0.49678025605859527	0.4684124265545272	0.45155314364943944	0.44323887704419634	0.6226431031272576	0.6195588258643685	0.7275344897682815	0.447834000374476	0.48217348785237435	0.5905810355390618	0.5268304599159558	0.6029587675331134	0.4003558959013053	0.6140845861123199	0.5389821392470244	0.5071924487102378	0.6583188850454904	0.5372517445268831	0.441975144943639	0.5818440630412098	0.54799533821642	0.6119387446476737	0.41196474567169944	0.3593002639371099	0.5953985734475596	0.4882129824642972	0.5016394027346686	0.5066454112148836	0.5917630112084684	0.5702531808037479
0.46552676923484637	0.6263374790554976	0.6140470900318424	0.5339042638085217	0.6259219752669204	0.6293180288012152	0.5884987367707754	0.6101852047094326	0.5492026828256579	0.6188648326380999	0.49988824578466967	0.4082368402412825	0.6315863262686524	0.5115096875556484	0.3666516466423459	0.49805950070412214	0.5204607361513074	0.3980598530930795	0.8603004815726923	0.6114922890053895	0.52866662289666	0.5359146632187786	0.6978948949240258	0.7033072305169656	0.5405390595952935	0.43408714566368034	0.6038957963571261	0.478430607979758	0.4191030971748569	0.523960540805204	0.6913238371076611	0.5036233661157165	0.4833055270545321	0.6076489400660244	0.4768968146806272	0.5124096249030153	0.37623876528505545	0.4221056635025477	0.4624674597941183	0.5329644753320947	0.46257792326512115	0.4324852447439879	0.4001452484068115	0.37789886543628864	0.38883742975801044	0.39303645691054	0.45290683166547285	0.41426449904958124	0.5862243976447461	0.46698338791706423	0.49485769050807454	0.3196834453327329	0.3778166964090416	0.4357077664932192	0.3097921146734757	0.4191809983097429	0.46899314116837343	0.419244212315217	0.3693024953293784	0.404895123448517	0.5100251074032259	0.63456279715043	0.3906665329319397	0.5884971225640776	0.42678844426760154	0.37753478283379105	0.43192092867155724	0.4380169037369207	0.5535139752657864	0.6534408919693176	0.49607467999064747	0.40106106452869567	0.4307118429114696	0.4703332512060165	0.3095359445741212	0.5677270199248582	0.4868823632281476	0.4961679410407681	0.6104678417003907	0.6741860975590864	0.4982635214194779	0.6169778249565696	0.42469600636212235	0.5160031270264044	0.40670790075388485	0.614289050257257	0.6954967835599946	0.5621185939988215	0.5631604609721914	0.6199573670768799	0.4806073069390814	0.5948335735788902	0.577868633172783	0.37482306063763776	0.40077729024738695	0.4456320684128068	0.5587531693324944	0.5171396204675415	0.5092531302692379	0.46769494079394675
0.6167560568951967	0.5169469249865313	0.4433512183191258	0.6156559555707861	0.5648245547566421	0.6256210737115641	0.5008519865468851	0.5494131974080346	0.5563168739545835	0.49414828452496684	0.4210870825652612	0.7646384369259007	0.5402533272761896	0.43869972794097317	0.4417627910101362	0.5396619394005961	0.6443237693231151	0.6488125156941988	0.4685549480863125	0.5912727003475731	0.4413071075456324	0.40520794057481296	0.5616728060274006	0.495418083074609	0.6057860321627377	0.31768495962495474	0.4850580121843391	0.5989142150241736	0.4661365981526798	0.5898303680841851	0.4919158246534449	0.4053272473034548	0.5566642610922278	0.4814825175401438	0.47209948618040226	0.3788420025386708	0.5270451985370237	0.5230454351720016	0.48652548147889124	0.36600390147355244	0.4013229933163824	0.5465931199545045	0.4431196148040781	0.3340940303128745	0.5622799567372312	0.4615640428740942	0.41607868763219436	0.4969834045837677	0.35226051087803467	0.39050173914570097	0.4971601147616546	0.5745715672201029	0.3507525383765958	0.4430656053665125	0.32892184851641615	0.384230678098522	0.3959038757333868	0.5091705180985808	0.39320740536618953	0.4425821086271695	0.6052645292704524	0.37564207999571086	0.4185318516836586	0.5841185072938072	0.44244749962010876	0.38797864883158795	0.40363944307605487	0.35903578093869726	0.39885924534305783	0.5500677681727523	0.4137049831141941	0.626039072745402	0.6400746821090189	0.43942642825953276	0.6667194213163362	0.4953376480095792	0.6204379986790133	0.845992097994644	0.4007094450089294	0.4975393726970827	0.6729542296136802	0.571444817882164	0.7699385765778555	0.6074924143390125	0.5353272928392461	0.6057600979434791	0.5386091592575518	0.699750609048989	0.4486068941117671	0.5793170382162636	0.37417572672659194	0.5583333224724951	0.6123849617099452	0.47783109678419333	0.558579199160399	0.5497221390819095	0.5945510976028275	0.6388091280989578	0.4748988979728084	0.5870937629844444
0.6756864481481905	0.6095997052036147	0.6783030810030615	0.5630617998655357	0.5716520378039788	0.39145548932247926	0.5842648680438204	0.438660494506677	0.5023188795768326	0.5595565855693726	0.5160407182419997	0.5017234682560803	0.5107351065985194	0.4403205072973356	0.6450033531642626	0.47474635058730535	0.5077020491314016	0.5460638363755438	0.4655496453301146	0.46162433928119223	0.5737812162420536	0.49319925845790585	0.615557382917675	0.4727520504719749	0.5055041445205207	0.42386845683029656	0.49731602989641177	0.5072376092699011	0.40572499599429424	0.46473701270442835	0.5679508191617215	0.437122657664785	0.5116322152519965	0.32831140298229794	0.41929859848354345	0.5335480240695462	0.5011514131843632	0.6051007713291365	0.5766085091539171	0.5274266787620514	0.4274256231532087	0.556697589085659	0.530445560925457	0.49343290102001164	0.5185322911332406	0.45994966690652134	0.4938054203110658	0.4216752625563746	0.5710646743572583	0.561181176997152	0.537711851379397	0.29380219411526026	0.3372120258589742	0.4534110436182944	0.47779929008175454	0.4307945552465784	0.46107589008040595	0.3404753218970797	0.562032674966966	0.35240153803777857	0.45595441497925465	0.5623020342148068	0.45056027790429387	0.4452102095555639	0.5065349933018367	0.4183410293707928	0.5491137948366842	0.4700727463418729	0.7035697612508367	0.5041980001759219	0.578904053771039	0.7091093445783617	0.6791750941613643	0.5375976215841923	0.5581177483967507	0.5314257503866977	0.4660381591537488	0.4923043148374221	0.4244808208252393	0.47705596271367257	0.6312131770940457	0.5507489090205552	0.4616597525894977	0.5274243346427622	0.6064630076913113	0.5255374044510036	0.46508377936852446	0.6117358774700964	0.526519191808695	0.3814337323631272	0.3600359117222647	0.4728110658184474	0.4388996159744075	0.5858254131470616	0.4476399340634279	0.4131010429470787	0.5589320559950244	0.48534433324310705	0.5419127983667786	0.507730263170303
0.4519145701881971	0.5819636579625921	0.4741954066354128	0.5812657451880345	0.6722869438378639	0.5471498224682424	0.5758822248949154	0.56152190215676	0.3754424086138411	0.6397044471485893	0.5573575300964714	0.7650448291284621	0.5018504143167952	0.3495596271218284	0.4607497457513126	0.39636801632462	0.6691431077039679	0.33302344983490917	0.46272209590196617	0.4839525758334591	0.33899028133000425	0.5330808594561353	0.4652609876983282	0.3687381262250964	0.5146425042845121	0.49987690108949323	0.4521071053172669	0.5840481822747654	0.475323117211419	0.5102330531673525	0.5758936276072605	0.49811064118256304	0.42780603697669844	0.544106816021303	0.5671258552315516	0.43092444329178736	0.4430913837185848	0.47431624040331233	0.4897650901703943	0.6720048751581613	0.568784101740457	0.5763010831017265	0.5099393769039048	0.47565912168485197	0.575724534628135	0.4434627752033315	0.4850180302259054	0.43639671367331734	0.5663916583870634	0.5307967610826293	0.6588093845966014	0.35502976529083446	0.48181388628473704	0.591124631184496	0.6033421845533482	0.3508126448021677	0.3702870215962791	0.36930677813293444	0.3935308004370238	0.5029076277241216	0.4753808514972688	0.33825649563651505	0.5518406320408163	0.37750246450651803	0.4427602631166346	0.5060388844294424	0.628565120955778	0.450441795416555	0.466515871817155	0.5919830692347168	0.521400116106769	0.5791483075205226	0.46728027204523237	0.4985978335776175	0.7074855765872606	0.6862462076029254	0.6147523816539989	0.6089647075170085	0.627596503361064	0.5534530061369465	0.6233256747073361	0.4855644220839946	0.5547305326179724	0.6554188632364	0.5895422708251512	0.5239099967160924	0.54231774709504	0.48646525092339754	0.4400027690267725	0.41975717902025156	0.598941008911006	0.517077324839229	0.500926952290414	0.7737135499068412	0.4398314777672519	0.4445803479889557	0.6076537713076733	0.5132118989698367	0.5429279034479227	0.5905504651016555
0.4316647443153291	0.6374120364044112	0.4938982028598161	0.5475881756756578	0.7057740233398192	0.5939419525279822	0.5341429111501258	0.6363724382910714	0.44010862487839275	0.4236408680211752	0.5594093765369976	0.5639761817734038	0.5264883703236697	0.6263089004557176	0.5076572061930059	0.4868069832984107	0.47668739526369824	0.6216943022548828	0.5338171245132814	0.7083898684863963	0.524986433766562	0.3781943733116528	0.6514641699853444	0.36068183399787657	0.535907815680463	0.4953721964676231	0.5318532596531597	0.5427221275149331	0.3453242012443168	0.4947898588713651	0.6420903127443262	0.5333264135546016	0.48381051349803855	0.41219161838366325	0.4764678108753463	0.5412410730545864	0.7025298444157725	0.3406399550221081	0.41700082128636173	0.4033048782924472	0.47091116218085	0.5785121508315082	0.5676186820483835	0.4665933613148519	0.47071172524707144	0.5607830531922644	0.5324719641335185	0.39630676567661444	0.4429839318858481	0.38697838480807434	0.6953198395553654	0.5445313015610698	0.43710138494942713	0.5058713829027037	0.5599472071662546	0.5824109402510859	0.5798938593139165	0.5013997333072984	0.5536036822327234	0.5452981286023927	0.44494268729437814	0.4315414585544016	0.4663444870307493	0.4707458606539622	0.5597785176623272	0.4843445401542307	0.6595614453026897	0.6333418832935979	0.48280575043087465	0.4465077150616259	0.4372049071973786	0.5272313910069394	0.526190819933099	0.4572495271061563	0.46306579380099616	0.5648450746754149	0.6524394409045352	0.5821960368504807	0.49493101582983867	0.5608274518535377	0.621432045736914	0.5175461892196169	0.3557432395279655	0.5207339254642183	0.5971011144424252	0.4881485917252852	0.39071383834592455	0.4356411567787987	0.6229924631649709	0.5775713037498925	0.6770154688327633	0.56560584931587	0.41026367532043434	0.5137332237931356	0.5110176370182155	0.4514831636862229	0.4996711882922279	0.5755617738617335	0.47695566175386045	0.43081011171857386
0.5192748699141886	0.503013413022451	0.476331360398432	0.3894879805390669	0.9477472156718987	0.5823283600376731	0.5780290201486542	0.4465565430680836	0.5117922471627644	0.42019486980148407	0.37973122864407177	0.4802754392962173	0.6686989792401091	0.5998982187404148	0.5416975824521058	0.3168086389394169	0.7226962387016997	0.43729749787869826	0.5007331883864242	0.5264499858244415	0.41894343559668423	0.43725992791659174	0.5160565617676014	0.6550357278019313	0.6659247954387851	0.5442448131101982	0.3900966883516424	0.5788809727987435	0.5081680891604157	0.583879133323157	0.48898278775676257	0.5091356023322289	0.5203684441000538	0.5298541439597164	0.6547342126802023	0.6064126323122732	0.5549609963738341	0.7012026365159244	0.5080637282529825	0.5602767830444882	0.4661815871232954	0.41371197702167456	0.458683424794525	0.49579638908545004	0.4559240962528143	0.5675159528512115	0.3532206046678476	0.554205738861794	0.541049079280217	0.48491704251489	0.7481154623515128	0.5150800811391901	0.356609958244584	0.628443659563733	0.5267378781843909	0.3832554377870655	0.41681682940405845	0.542665596812807	0.48972842872276695	0.5741043891036637	0.6750619905607175	0.6829758351311891	0.6119885849966998	0.5761835731929982	0.534473728651792	0.5190738412567246	0.6249287380347917	0.42069432809057594	0.6114567394255875	0.3556368318802792	0.5376335191637	0.3934073803526807	0.6174772125691749	0.5563866567119261	0.5928386915604652	0.48483577447760323	0.732496526811345	0.6416526707893238	0.5830099079957924	0.5064233589433443	0.5368723023267632	0.4870448935888681	0.656141175317707	0.5065783552902394	0.4559091894938745	0.6859258623713845	0.3271870999316938	0.5532358825921966	0.5901001820286287	0.5210684798288724	0.4994711264915818	0.5230767369426248	0.33986620981196436	0.5419725826605161	0.43382202026368644	0.32169458781672694	0.4103475610619007	0.4603726257931643	0.5630170696552349	0.5206617801760004
0.5415599084062618	0.38462619162417644	0.553971336024903	0.5152660904052742	0.6128156592319498	0.6529624676956954	0.7566551750070448	0.571155097066235	0.4410307547020216	0.4462443079240306	0.529343926151501	0.41984339483794514	0.5559371750075933	0.607686182641126	0.6468741979195144	0.46681963615582583	0.5413573763550097	0.48155386158168434	0.4083287793318923	0.4124492796685888	0.5422820049636714	0.5130161939489628	0.4005493958575624	0.43393860163097075	0.43721606759391846	0.5771669043629575	0.4109194562828742	0.4503076798849494	0.4388031076529561	0.7493197351446743	0.5497875445165696	0.559440334526662	0.4567242897943646	0.5730195033809915	0.41429226319580625	0.5388371012202541	0.7048100316069493	0.5183594602569448	0.4660422790310769	0.5016900650683037	0.5169657194358995	0.46988584971643016	0.29399542629902314	0.5322296020369037	0.4971009268433256	0.4343328383321514	0.5186387954090979	0.7639496024726133	0.3922167066017873	0.6223408334525491	0.4549060278159469	0.3402212735245567	0.40377638722878695	0.5159659912717591	0.5197556695398498	0.5855976627666879	0.39828163787408355	0.531311508360498	0.5034598542935815	0.5727615932400868	0.38104043564625034	0.45211443727770606	0.27847660491180204	0.7818086859787745	0.5166687376105965	0.5571086911806495	0.49017435086924954	0.4283685813844367	0.3321039250013866	0.37030808436308604	0.5564258816748119	0.8123791267722441	0.5849854170612624	0.5160683922858267	0.569594294165212	0.5805257264703418	0.7283310142918402	0.49871948559578894	0.5833085916510428	0.6790198350395574	0.5038249645289345	0.5053124319255459	0.46779994343374076	0.6574961715236608	0.5817999954279526	0.6497814630975376	0.5493499243196841	0.5946236706336013	0.5684704057186285	0.6241758876987293	0.5481411663802999	0.6887307394941216	0.4870032295599741	0.5059840532022181	0.5843337603920696	0.42099604029214577	0.5645679920237032	0.5512184874947937	0.6825837051672078	0.5240001945544097
0.5248974684049642	0.5634991054187556	0.5887028765514408	0.6557691680826085	0.47737760018376135	0.6266357527435997	0.40827776421373885	0.5843503379383037	0.7103807126133785	0.6895266923718644	0.6841997847634176	0.5352146823126154	0.47832771905955246	0.5134003912590577	0.395126792463759	0.41596327440901926	0.574145860562226	0.5469428281989955	0.6273591981309893	0.5566239483433602	0.4896846316335129	0.48864888728363626	0.5406977284486434	0.4804025279631047	0.5894926295937244	0.3637665856107041	0.5057860162807181	0.6128703722294182	0.6429529819507186	0.5195910174663445	0.5834769132746889	0.5095471347024363	0.43277013453409374	0.5484441339636443	0.4958967110274993	0.5379154553280892	0.47293208297065653	0.482055870053861	0.4691939678493275	0.47809961995307987	0.6056696944454373	0.4442774192140674	0.6654930134449104	0.5374657209181396	0.4431918257674033	0.6010035536253656	0.4197235761990761	0.7935056391153604	0.4729679075646417	0.5503103071191567	0.652839840389217	0.592497328413103	0.48655024041824946	0.5537959743128569	0.4694435340306436	0.47353195015391075	0.43682471656598504	0.4314061197489371	0.749806225437719	0.5706460401839405	0.5454939322181923	0.6442511837060284	0.3844426578556839	0.44964999027318164	0.5000023038434723	0.6808844373451695	0.4255057217594499	0.4030097272211348	0.48670929675828917	0.4633118628917799	0.5489217765074421	0.5556038516757478	0.5746560554683254	0.5964387148746528	0.47057743772630145	0.6133894472721416	0.6731926213019638	0.4400140721017353	0.5333019139746695	0.6745866893435639	0.4061253588264657	0.5528238385681356	0.574056023626827	0.6297127868745251	0.6544318499799755	0.5868370564631052	0.584477650014682	0.5678098147526264	0.5570945646849784	0.5532234955872385	0.6036623993157888	0.7180654423603523	0.5318175010719086	0.7778163096316115	0.7834050858727486	0.42418279394050024	0.4364434248989902	0.5430388119373472	0.6378061577950711	0.34727459895528423
0.5922556229065465	0.4979410593697968	0.5173281768278164	0.48093202618354697	0.5330039055877921	0.5150533779081355	0.5523356060526888	0.5123597865622348	0.5004356819817724	0.4273100495218495	0.5063666549491436	0.4655954533468563	0.47518832490776725	0.669706999175439	0.5435440352456724	0.3579069502405222	0.4655312454972121	0.48439841257939104	0.47071400647165035	0.5656652867480961	0.5300154254504964	0.4932041961104884	0.47141848644312895	0.5601993417553365	0.5072980059036587	0.6021977925670969	0.45643756027995125	0.5765133413812801	0.3461056289173477	0.6699747280231722	0.4317441431656715	0.6027762173375054	0.4218487822056913	0.4914141798201322	0.6234460555945619	0.42572520467718306	0.45270313094415204	0.6846581407597515	0.5701121456488766	0.43309045650270883	0.4858111223854675	0.4908162960470185	0.49446298312511344	0.5029876281798632	0.3263773423499117	0.564089198851982	0.5299044815016118	0.3763464180312652	0.5568651272561601	0.48515611100091105	0.5994579789729139	0.5913736280566949	0.49733959600181316	0.43131972891122927	0.4804426051014481	0.33037171442396884	0.6079664324747698	0.41180111286051413	0.5724611486183175	0.3729997387803413	0.4894621717751237	0.46227738344648633	0.5596138064855419	0.6312508212446012	0.6580142336949835	0.5534441562613867	0.4233051891458245	0.5242668449715554	0.47162223684182175	0.509499041094703	0.5583941742364515	0.6388371427237379	0.5353424061418887	0.5633812240849356	0.5183141068546403	0.5774398270889517	0.5134293437049963	0.7021034568930934	0.6205323630120405	0.6322138432558877	0.5944702653034364	0.5060694335281508	0.8021777888541043	0.48378826122324475	0.5256298812648502	0.4261699863460654	0.8428944966892842	0.5091983414624969	0.5508511783193651	0.5478291411508477	0.5583037748668432	0.46851305803873516	0.479255436131495	0.5642132064857167	0.4532363761504963	0.39351670683799994	0.550310778086675	0.5668754485947579	0.5363696744695328	0.3415199010611941
0.5323686811271306	0.39071515116887434	0.43602752342910045	0.5774218812575258	0.5104765923433824	0.47727505687485594	0.5015471250493732	0.4783719645074483	0.6055630184631647	0.4714368397306965	0.46084831066705434	0.5148857109551882	0.5593346909493582	0.6316641926607209	0.39573764690689184	0.4865549785936769	0.5447595580258876	0.637866015422873	0.7258921222220088	0.43188912565577897	0.5350477936796945	0.5013478089509743	0.5127792244673248	0.49411229712672383	0.4428781994287692	0.3840142267648734	0.4638400487973023	0.47545447579421257	0.4730350739867542	0.5682920844961451	0.43211211899250956	0.6163718314019156	0.46190147274010057	0.7664042426548552	0.6558117162949703	0.4769628860732663	0.5932492517551102	0.6997487737761839	0.4646786752756673	0.47516882081928324	0.45469219097416036	0.7166630980767498	0.606364360268117	0.5221313388330819	0.6849979544362894	0.3855225981678496	0.612412448454613	0.4229532144710126	0.5458989224134442	0.4127727680415186	0.5158671179907792	0.5389267507879342	0.7348151457895737	0.547094674321039	0.5004140224512101	0.483995749624246	0.43590633469870105	0.35083664611210535	0.6529754250890868	0.417166904460638	0.4716814524053211	0.5035222851167573	0.5361861357683392	0.4919795711862507	0.5218264954651582	0.43254656502692984	0.4301728613908241	0.42766641072655104	0.5719802859308281	0.4585821154079584	0.72840731817643	0.46723544129911576	0.4276347022427588	0.5983372127023646	0.40304781239171744	0.47342516988645056	0.6565627735177777	0.4577129413622021	0.5330083639580016	0.6013977718845968	0.5065825289618624	0.6998973392488542	0.48223033937237975	0.5578073458977834	0.3974722969282165	0.48608574169947494	0.44015537160749635	0.6153623653393693	0.5265588642358074	0.6003503212703872	0.45522747561302657	0.5017889503859096	0.4393834967159944	0.648324035132044	0.5552369841407012	0.6188807416677857	0.5593043701828799	0.5474659392777147	0.7808063264907678	0.44399639917113576
0.4683979300945444	0.6846643425692007	0.664260059210205	0.5726205543346762	0.4895021294514591	0.685960356628645	0.5974108358885449	0.5911748198131351	0.5872496275507295	0.6042559188736291	0.4654690926418258	0.3316632244410105	0.6094081797917016	0.431528732778089	0.6667341355805945	0.44707316452110696	0.4565275538768453	0.4905543321462772	0.5364051282891947	0.43301352508194146	0.4925843322718731	0.5182636028699011	0.4450823983018244	0.43502611412115916	0.46023162918871	0.5061319770494418	0.5912315713501974	0.4395318470936043	0.4924068811583662	0.4103509428761677	0.6714779256703612	0.4884577572937945	0.5907293878052472	0.5382003993231685	0.7532342628498244	0.580138538556213	0.5256515722567747	0.5479018927074615	0.5226291980214689	0.48045167120435534	0.49327999388139876	0.5758438525228744	0.47331160631625446	0.4545931298695121	0.5471865981736664	0.5654689329139079	0.6021982182511328	0.5512068163301662	0.629880903035383	0.5082363603958273	0.5861167767989329	0.5840731250263953	0.39845928758343024	0.5577618514852974	0.46894910539419066	0.45889543324890136	0.4234975620069409	0.4760643295815138	0.3813568256725407	0.45145714302208917	0.4782797269423562	0.48014015203308735	0.5912182607955893	0.5650994991396422	0.5420696115045769	0.4966211333699047	0.46224133750572655	0.6041760170358366	0.5725412526056308	0.3277168670741886	0.5947607712058866	0.41831766647972546	0.5836979664702506	0.39862785003067025	0.5204987708658563	0.38508018555755436	0.46494727106703393	0.4654759517678703	0.43899324916393523	0.54402194004321	0.7453840093783524	0.6544016196711951	0.7366486943376979	0.45439445722037225	0.5915673006489235	0.6654143651268578	0.6118099639495381	0.43939854615101026	0.6333627132416141	0.4230523286613584	0.5394601726158832	0.4832734539532104	0.5268079094271865	0.47589843585318387	0.5774035943412963	0.46133989086760785	0.5041479729270774	0.6510135226245126	0.7140051452232331	0.5745362391575985
0.43513837098869074	0.5092119235952124	0.5082846307400354	0.5226183003489827	0.5676787021885678	0.7011861404492028	0.5679022934519938	0.579285834506725	0.5821008123769995	0.5756355200153119	0.521712079582203	0.6310639171775593	0.5983544054593959	0.5755366223304382	0.404806914216896	0.5578689143561054	0.5650325890979112	0.7188762269732163	0.47487571562189124	0.5158673128880599	0.4289300817925521	0.5655496296891653	0.5307639932393695	0.5226024628156485	0.5014027397720497	0.5445437082675209	0.38370335102637504	0.5828260709241605	0.5456518018913354	0.45176415919145024	0.4370353803773808	0.4390397835044782	0.6021297581634487	0.5383192941562296	0.5933428624073811	0.654704438742509	0.49758700304915515	0.5041121177850808	0.5534667823409342	0.5535363631488127	0.4335507038936479	0.366899833222358	0.6893449640746624	0.5884912607686212	0.6440088347907332	0.5159615994824248	0.5010391324016759	0.5636237361497528	0.42727671992814414	0.6427389320022419	0.5019510902057102	0.6564948528809662	0.5507429517502931	0.5572140162739506	0.5549986148342867	0.5115783627272155	0.5535173344451672	0.44833063548446306	0.4683038494896528	0.5959160827256111	0.5979870338825944	0.8150299870792675	0.5524272232437725	0.6320365345311435	0.6912574111179707	0.694247144617585	0.5353509739324435	0.7824378457959653	0.440073296215693	0.4479329314708746	0.5009759686144821	0.5062392891555062	0.46478914843372005	0.5452568562258003	0.5696033838612842	0.6027585845486679	0.3696484253107231	0.5987246400723383	0.5520532383042961	0.7216215467417425	0.5361038655281141	0.4585863817310507	0.5712985163224077	0.35749350725708556	0.43857847251608195	0.43337678517106065	0.6525142494054065	0.5609005735696767	0.561026270171578	0.30378496865045174	0.5497265947286987	0.5247482544262059	0.48788386000435974	0.6299608654448556	0.6696499921366917	0.5675890815512787	0.5927806932496684	0.5459568771393105	0.5913138378779157	0.5377717314151972
0.49147276357187525	0.8319053212309899	0.5365265117791431	0.5984357532662398	0.7114952573384465	0.5383224831045411	0.5373543431361676	0.6122424643702677	0.525531469233843	0.5657409551439194	0.5118251716115454	0.4217351545692352	0.4995289013023514	0.5953057693440266	0.4646699050142602	0.5261010591254858	0.4419634392495496	0.7476338286109739	0.3265381895624914	0.49281563387359795	0.6686198101137827	0.39966432921072187	0.447442281808202	0.33459553290346544	0.4680249754957607	0.5274311232514586	0.43180295439890437	0.4914344917850833	0.6290466484672137	0.31481245078943865	0.6244494333294731	0.5086760857704583	0.6633901005057545	0.47857851208225805	0.4133777809626032	0.6789157282104068	0.5734966622527851	0.6767694165318073	0.5056610314017607	0.7410779619922484	0.33245153766020163	0.38870451978661874	0.5007874343229354	0.44898803850554597	0.7454261450965946	0.41247260046934076	0.46076615759367906	0.556174530196772	0.5314919880130903	0.49983447523340385	0.4760139786174137	0.6457558739632135	0.6684310061865448	0.5687997462229485	0.5279631235965583	0.3583849520797614	0.5123039422941511	0.5106004313274459	0.5143490544384082	0.6631985625711478	0.5996290798956366	0.4467462105858144	0.6259393860465041	0.642286731829812	0.49467661057114753	0.4878968930647451	0.7306763862083877	0.5288477262927236	0.6943326305443069	0.5329756161544852	0.5009333912667855	0.5508518144156177	0.5026368078362277	0.5651900431176945	0.3492175831732369	0.5961066276225206	0.6898651321198711	0.4963508342544771	0.6433308352186055	0.49040649370289174	0.5195251677474966	0.6093665721999008	0.5088719288579854	0.4033720429263935	0.6740719716507845	0.4822818147655467	0.5931775567038121	0.46822678837179144	0.617106997078764	0.39038372459473725	0.4184767630563328	0.4106759680693712	0.48166454588826557	0.4751141953579094	0.6702937039379971	0.5973595639528607	0.5829545531692027	0.5297486230238212	0.376557034798709	0.4713686200504042
0.5684350735651158	0.6813659263448618	0.5931901737557844	0.38554967978125654	0.5386231386829822	0.5551949373722097	0.5153132866162362	0.5831739797734119	0.6748231967136619	0.4626832127687608	0.617489685369257	0.4358170415386067	0.6508210730566315	0.5304770914314424	0.4503508107181594	0.5162964478358669	0.5350615433943966	0.4778690102851658	0.6472734514825027	0.5616760093808407	0.49019014638790337	0.5519341906418642	0.4590141661154204	0.5020320788620001	0.47591382687580475	0.4195639094083768	0.5941862778313302	0.5950654820492195	0.7220756901355123	0.6294233312501997	0.45101265630423026	0.49306072726733463	0.31673805801258137	0.47688076446251515	0.4985429617518108	0.49555673443557124	0.43386297048076977	0.529489855059754	0.5641708684836102	0.5605726884936516	0.5792412860192974	0.5153900092496266	0.5711143060620907	0.5131439635726992	0.4253501879836048	0.42805761554458466	0.4807027183451139	0.44803329714607854	0.656230624529068	0.6491865243179903	0.640128288730186	0.5585259751461326	0.6489733022108314	0.4131081773155347	0.5088749619258518	0.6366760562229399	0.4075078748393497	0.6628834956310629	0.295275590515143	0.5239752054372445	0.4807757108158836	0.4153743681939429	0.49354886577597895	0.5660363278009286	0.46412761717221707	0.5640349723959308	0.7421910763821995	0.6419045014532733	0.5813712176336219	0.7298648844433135	0.4712954400332299	0.6196621704704085	0.4898067056576442	0.6288894263107013	0.38743331713176304	0.5718333750981957	0.4479189184274039	0.5167332709924255	0.4082965685111868	0.5164301515932501	0.542890113334685	0.45882672892612913	0.5288855469921784	0.5920236610967008	0.6676146470889	0.45383657937741	0.5505009511003843	0.6370930693739809	0.47881921528861265	0.4605425176191	0.46979192082458804	0.46727362617618995	0.5201730937833327	0.3536231206340571	0.5420499918282685	0.5005322896508804	0.5919686902478585	0.7043197008418789	0.4498167550190679	0.5386275430191287
0.5109520139153088	0.5141981208335873	0.5790280800582128	0.49711752883814564	0.7140729905853838	0.7623066190752009	0.5829181092412478	0.5198205391195933	0.4705959091936699	0.6753208994051745	0.7132887336958996	0.5329449480009245	0.48053464578448796	0.46457703638782777	0.455375544658839	0.6655536249379691	0.6994571055859413	0.5645238528298536	0.46241755537791635	0.3968441738910526	0.39306809895781214	0.38943893053812123	0.5327221805163495	0.44948584123936025	0.46265412839885767	0.6813719030418918	0.36877192548572746	0.4407280969704203	0.7282997239056159	0.8539621180440427	0.49255657209921994	0.411760875165495	0.5250598440163222	0.5027083793883392	0.4362860241335813	0.38336991120825986	0.5326683456762417	0.5006224301208124	0.489878014603201	0.70607295137088	0.5358448042056685	0.5102129919582757	0.7362935618528517	0.5128935861676638	0.48841057942638344	0.40591634422541945	0.5390551006236197	0.3014514672951438	0.42988154953451674	0.500996350911476	0.5167548391839683	0.5272412697702565	0.3690160617203287	0.49121868937537233	0.5752842026475551	0.6540803713953289	0.4980925625103356	0.4865092234472172	0.4753156229514774	0.745761392592403	0.5771546949139	0.5291658063067824	0.5783381271843567	0.45216400949457836	0.9104604416850492	0.7416520657430592	0.45031288839226963	0.6917191763645635	0.6493402037107872	0.7166431203944114	0.7217739585085489	0.4853012578303648	0.552010236546552	0.42359002254879785	0.3966798273976783	0.440628402410621	0.5623318029374264	0.4930017123853165	0.6740060424008051	0.4627882810722157	0.44337093727671706	0.6723680463547196	0.6012275038933406	0.529837946972868	0.5460986389759449	0.6327092804443784	0.4737378321737973	0.4053293916992871	0.4633289320754907	0.4392219428036979	0.5118726178674192	0.4460457525855181	0.41613555118147205	0.38307873020986416	0.7150251006990392	0.40163092946770695	0.457143760002368	0.594702221594232	0.4522160115234904	0.6692467843918654
0.4913131945686187	0.4448818843127183	0.4683675118371302	0.5302735152036101	0.5320760770647623	0.5721104249439796	0.7424722520590403	0.47089944966740027	0.5698678267153463	0.7651556285144291	0.6122518100769144	0.5510659387652236	0.3506055619179425	0.5056912799864843	0.40643616646540875	0.5775558989921618	0.540348778230703	0.6566484978196137	0.5363665698908272	0.5243814708846286	0.5602165345792446	0.6369303458535711	0.48549647617401037	0.666583035984357	0.5522103212165991	0.43682041747187256	0.46601086664227276	0.5441761923417504	0.5018046162145344	0.6888183150698507	0.6148440162303787	0.5275546549004629	0.5251312695518854	0.5534407130918759	0.5510789578625719	0.4144071391243662	0.4872770434329996	0.5651389503715002	0.3340479265404589	0.39822918920501443	0.4931773132204941	0.3934372354717206	0.39011121422458184	0.48393043782677136	0.5014749308522444	0.30672003772909706	0.4406989752400971	0.5742272052430373	0.5333827575673531	0.5697345356769772	0.3770840051849085	0.3823008641851926	0.5612881246358642	0.5096322891769944	0.478595291203738	0.567940847196095	0.3048151034747813	0.3587087824019771	0.5746974631371796	0.4653275018568417	0.5338467964011727	0.6751831614251184	0.552524564446662	0.5430208978691953	0.719230568424424	0.691608188518085	0.6583825906350202	0.8227041630772567	0.6947460644189074	0.5983429720312425	0.6824145974932454	0.6822224543918614	0.47380261582661143	0.6100072747938344	0.5532374441055287	0.4916271168665297	0.5130069619301275	0.6938856187873303	0.544922522828182	0.4320640114512986	0.8676963064844297	0.4776370865136498	0.6072787432705274	0.44623525424091376	0.7029525793600958	0.5505334439822162	0.4390574783040603	0.7203969706645148	0.559471341382322	0.5135791920561974	0.4270658932728958	0.4121872948270598	0.661228418024187	0.5178953726540585	0.47901641911625986	0.621287458387419	0.6797232530901217	0.6029903776964836	0.6788149437388421	0.5901710326341126
0.5017674396936628	0.40580610341111784	0.551570990597644	0.5948607480917142	0.610920770406686	0.5208538809290331	0.4408789927929403	0.5143734541537254	0.45296442629864136	0.6155216440325169	0.5757262917897952	0.5669542233769378	0.5851341876190611	0.4076245084451462	0.5914832712543442	0.5941483905817356	0.62381917011051	0.6290517593081089	0.44120281703625686	0.4497697820728118	0.3209230019226306	0.5337550061915661	0.42989312351960035	0.6451844943968345	0.6418739449674267	0.5258449701803825	0.566620482000401	0.41518851209573626	0.5466166328551318	0.7100293504227555	0.5910491944235222	0.521172775936306	0.4529878339307329	0.41845403298458733	0.6520220295115003	0.6528503644575879	0.41350288436093086	0.4991880983934889	0.49639210156988495	0.5930999301989917	0.4327359877562366	0.4584169698963685	0.3723023611692161	0.633335478221669	0.44837017119194034	0.3381247644085976	0.4740373633036068	0.47325286156702684	0.6215295526503545	0.6412688414042966	0.4563907676308476	0.47266584315823623	0.5045732352813308	0.43419432481077247	0.4494079747416207	0.6811951201863863	0.6299341680375296	0.5098500992737738	0.6263179582941437	0.48223034666002174	0.5874869622296992	0.6160017725342484	0.783110370790146	0.5484645653082996	0.41456353475374075	0.6790823296599062	0.4723312923224802	0.5562338406913436	0.5030081425166367	0.7214495198465356	0.661582103849429	0.49746967229318784	0.5429600759837705	0.605288050274547	0.6390533087399877	0.723996180342758	0.4393277172545357	0.47723372872630415	0.539723520463992	0.4989565600456763	0.541000418971508	0.6001202418738619	0.5352334525664578	0.4815663315659586	0.4251196148713525	0.565943208339943	0.509910042214009	0.5922477904382557	0.5700166938952195	0.4976985841178256	0.4429321820754438	0.5348662275902428	0.5247841979551434	0.5633586699597133	0.4173793021954296	0.3203035674787436	0.568022291884809	0.46658927967510494	0.6117731908171997	0.6175136971005198
0.598761241534233	0.5488291997044507	0.6012762934505638	0.6298410737373887	0.7464175977534473	0.37079892266697245	0.48647246411347855	0.6425668288524811	0.48118746975560694	0.5804260261171252	0.5452336873143109	0.5649737348808853	0.5411667799987108	0.45476485145112044	0.43888333998521867	0.4264682905868357	0.7435680288137553	0.5486446624879366	0.4626318409046111	0.5558267441858213	0.3178654537066313	0.38905279867457854	0.5269518949296239	0.4034336042911535	0.40346179521445324	0.7318168546978285	0.6349610346132857	0.5544955295517738	0.6014710600961779	0.8004981221389389	0.758690530535033	0.5852731338643077	0.6141484082108224	0.5525380109803437	0.3788618185568324	0.41943458471397876	0.5406027980264467	0.515432432574485	0.42052048792194713	0.44970054082739624	0.5239266427414082	0.3891839194965104	0.5705620994218881	0.6215372216274273	0.4475006974415993	0.3805258388272961	0.4546400034601284	0.37679846347617485	0.5363210370495839	0.5701432851544933	0.5331005764710218	0.5971921356359116	0.4611009794515797	0.43973826219519985	0.5382148833668507	0.48263194675232807	0.4813901633563083	0.4841073539433902	0.602993013342929	0.5876979577082259	0.4839786750223402	0.6385270150602934	0.7466912910092584	0.5717856172947857	0.4335444677588115	0.5893633970464329	0.6853151241403386	0.5678239191760419	0.6567545011200587	0.5219052154372119	0.580070923363437	0.7005448368209969	0.5961686343096938	0.6362741689024666	0.6454891362470381	0.47032302692427835	0.5773402917741358	0.5400085303936405	0.4671366928426833	0.6961655838569346	0.5018566064592964	0.590030606949402	0.6010478264194132	0.6344943228428919	0.4510686655269407	0.4370231452970123	0.5261952312345632	0.6925537671289045	0.5412297988663495	0.37894201851218057	0.49739400794643157	0.6925949113206182	0.49442959762564836	0.6909128113107152	0.6086511166069904	0.5239168729617041	0.5095777413534256	0.650221017913093	0.5057193843725631	0.7617898606290775
0.655836327314949	0.5233019683851635	0.5001645414803761	0.7119801423170431	0.48602061794238166	0.516486535855565	0.43855066676302673	0.6990503496860296	0.5307512577640158	0.5120603515382223	0.4626072958683934	0.46515623456684163	0.4796878067675043	0.583157087184862	0.6524314428955773	0.40425381340818606	0.5068823135431461	0.5130696927540639	0.606013243874101	0.44491607378909515	0.5269167880935198	0.5461741773428317	0.4980024101989435	0.6316510185769129	0.5002669037818797	0.5150059180652435	0.5999579836657131	0.7199975445538433	0.53760441583575	0.5108968111486385	0.3759670580486332	0.48870755682482014	0.7348969167641369	0.6794020512006835	0.40436248179030754	0.5621215555284043	0.42640049767879706	0.4633146494040685	0.5066687966908419	0.42160288788720107	0.5315503906275469	0.4213246046758172	0.45878749630722515	0.5106060274222596	0.6293987906858979	0.47724074495057994	0.4267693501285614	0.5113660304977444	0.545346869562761	0.5038298415304618	0.7860924183197786	0.5670925536502359	0.45706467981127197	0.5943455407795445	0.5366105927452273	0.43897564439891196	0.4385285529056152	0.7659925797651913	0.7118498608733025	0.4327780478063092	0.5492113835832221	0.5074665329158683	0.43836100393037036	0.5557919869699394	0.6950178780965779	0.581000023738635	0.5554219986615954	0.7804294439474111	0.6603062439104019	0.45344917815400054	0.6563481337877515	0.7426497319080629	0.6044067762755625	0.4889462333278059	0.5167456005976891	0.6293299479586739	0.8633499917890547	0.6279957833271219	0.5312843850488937	0.5061543672783327	0.5551428799952104	0.6225723473768415	0.5777780407202351	0.7309347459744476	0.6771207756377974	0.5591285891780049	0.5123593833729084	0.7629145858538827	0.8403580656061254	0.4661445684101161	0.5196881896720931	0.5919679348063376	0.47422445611510017	0.5174926453275059	0.4834076265522169	0.5596721070803573	0.5460198276942596	0.4894766050282536	0.59806612981592	0.5973384679649203
0.630429007047326	0.5159502122147052	0.6761082987991514	0.5950860732365185	0.6005501508266845	0.6492003037810352	0.624469476289233	0.4619944245085784	0.4513086717055722	0.5442912021151679	0.6800070331787377	0.6384219685057859	0.4597052417048867	0.5226788379680087	0.6328172985723898	0.4603437968929067	0.43916655393966453	0.529027983904851	0.6312167390380614	0.5871334588035784	0.43386344554570117	0.44078722473340515	0.5560030550197055	0.6485993711143035	0.509501836632305	0.6059867660427347	0.5552667681343374	0.7767743645938605	0.6672551600535274	0.5523584606370409	0.5049956808051183	0.5409914094011347	0.5189065320688484	0.4231964427770182	0.5858101165638646	0.4568511917422718	0.5700855947431227	0.42706545790935974	0.5537328686318348	0.6203823228876526	0.3688767660593347	0.4007587948310715	0.4120588337554237	0.5198583619813117	0.361534725490108	0.47212759947984995	0.5606428693883175	0.640911955842642	0.7814054448133664	0.644025200077179	0.5867874988873918	0.37590732067694754	0.5576881735239025	0.47409186655771585	0.6936303908864043	0.49438461161026304	0.6634884777667549	0.6075133153417017	0.34097696616949597	0.45168151403404677	0.5699608094028761	0.515864302260153	0.4120806977374601	0.4738809974589423	0.7443444853724125	0.4387111165503639	0.49791725597922704	0.4100735558157409	0.7461745454609756	0.728871540096802	0.6768813171684329	0.4853013495045371	0.5009075120713709	0.5432058915942316	0.7311156053209569	0.5312553326037885	0.7186473107473469	0.7056541242145709	0.6430662856675912	0.4270725517646685	0.5721953438299713	0.4165019439699174	0.5409692581193877	0.5315284695454894	0.42586533945380484	0.42603844451237494	0.5875679560271635	0.47898651596744124	0.6160456360993714	0.4574985338981937	0.45379153342764095	0.5495628642350501	0.6596048338648356	0.4552595904897031	0.5068232154015673	0.4990034774968869	0.5504769324057538	0.5672152799154936	0.45143572743262717	0.4709283346604173
0.5290136588291261	0.7496277342010211	0.7109232765964599	0.5307011601068806	0.6099550697278132	0.4154383717272092	0.7168987978629361	0.6187726244636343	0.6847455037038852	0.594135034944099	0.3954645708458539	0.4913826550408668	0.484999507473433	0.44985134957959916	0.6362541844140903	0.7785722166022084	0.53849357610384	0.41672818847021337	0.45887925471683083	0.4127103222986085	0.3833800877494466	0.5990561511086421	0.42555083309375724	0.2753220675072225	0.48009097925518984	0.5638212225195626	0.5007735765739648	0.5765019155838206	0.5849560297813617	0.5125157193794011	0.6346253821386971	0.42880773958301116	0.4900684704501001	0.44142724312730663	0.45865756227475624	0.5288846056421157	0.42865927026601536	0.5885568083667129	0.3204529044367538	0.3898145808822745	0.6165954304977403	0.47245556387393506	0.4558167152197663	0.5151293799177415	0.40027563929080173	0.6086843516896079	0.5229745708624102	0.44333514538626095	0.6237522391538555	0.4535490564080221	0.625953935638281	0.4243539788504272	0.45641360831014977	0.81370799748911	0.5569584004068531	0.4032566217978176	0.7465194860709516	0.4260651838145908	0.7841130935313522	0.45383085902609815	0.4573170040401341	0.4746174456608131	0.6758502974690652	0.6527483719643828	0.4685806418086334	0.5754195420570266	0.4844328979713879	0.6245126854354849	0.6376542626552376	0.38844020678205654	0.44238150494925876	0.6523972829919492	0.50995194220737	0.5628785151158794	0.6417058941432482	0.6164881689000877	0.43214429917255903	0.3958573502028109	0.5405732502820372	0.49967961872344513	0.39899694564399757	0.44982743618285553	0.5002080020059437	0.5848810057249271	0.4952880990446049	0.4595926087439693	0.4368187098942877	0.4737927608999209	0.38374193287493774	0.47407705696868513	0.48451843231242664	0.45617977191862025	0.31551737271489705	0.47271477262931444	0.5714151306935942	0.5597334092012924	0.5304324263143867	0.5205547272853113	0.5245796354644672	0.4544544984840048
0.4296298156169932	0.5315374000258754	0.45489451089186694	0.5969770922878185	0.684997981866086	0.5371751478786438	0.5008762184791715	0.5817918219851497	0.6344780692290375	0.3701323361709463	0.6863583007798527	0.5217225568690008	0.49234801924548527	0.7572633387265046	0.6220153206405046	0.5293447504529672	0.5063114166616094	0.383365544679299	0.5887338237628295	0.7150752108426093	0.5482148163213532	0.5585911410222015	0.5327186396029909	0.4907797169681368	0.4874736439704175	0.5801916036142727	0.6276407039082631	0.5868193175368265	0.6642302830320677	0.5582736729683286	0.4001068479550901	0.38769330266579066	0.33858931876283344	0.4571148725237452	0.7364514935817557	0.5600704459726932	0.527309936468853	0.4518543720950239	0.3884995303349461	0.4721699964917927	0.42805743566021387	0.4481240655946023	0.6531948980029868	0.496609538786035	0.3568327795257918	0.47117534862262217	0.6717531584100472	0.5293143725062415	0.7360161319636468	0.6180919077719096	0.5678259480248105	0.5018885748237831	0.5359215267681949	0.6874260211412269	0.5041593646391541	0.6094723612401897	0.6661527083232438	0.48925419455392716	0.49106247315515583	0.46780719772381785	0.5362336111104011	0.5613765647511363	0.5886445961520501	0.5109031766715698	0.3819714275835993	0.495680012323615	0.5775978128982374	0.38860883155182835	0.5725138707264665	0.6011509711035048	0.4208582787758553	0.6464436460668258	0.46365405708717167	0.5610776290439653	0.5037112566738514	0.5280943597590824	0.40386595309207335	0.5530815195179724	0.5415325631725768	0.46992024114669984	0.2749860452585302	0.41500199952909006	0.5684271623876623	0.577965520329084	0.4797176932442146	0.48459413667895573	0.5229081749045651	0.5123942104923643	0.33391532742475005	0.46303360051798814	0.5362710551449975	0.5954414409376667	0.6254587128421328	0.4480482671542423	0.5646964854230627	0.3916077562840888	0.43457853210983916	0.41188865472312397	0.6352451437266939	0.5516339125792896
0.6681135686411561	0.3917212959638526	0.7967598208624284	0.5915803899010496	0.3849819577654419	0.5888813152147524	0.5036780330388788	0.5610376671027111	0.5527084772474462	0.6521919676680534	0.5180313925103635	0.5378416355391032	0.5074207284262257	0.3326514448568696	0.5117715125812454	0.4996705637560777	0.48066336150442646	0.46064175400863383	0.5581028170938039	0.6885842221585576	0.5159815135970853	0.37719239153302936	0.2848385039304629	0.3680000039506998	0.43301161600428617	0.5313705218157256	0.5410952179445344	0.621733928029395	0.5184569926167675	0.5760338384214346	0.3835532187338338	0.5618199969289335	0.4499494798270631	0.5957971706191288	0.3742842338437374	0.5376271834496015	0.43596102021233224	0.6513899076148506	0.38357707534562224	0.40683143467769944	0.46649637810917166	0.34232850881514243	0.4915918398971811	0.4684567104863038	0.464042633593431	0.4137924525864985	0.5787212956326222	0.6097765083779558	0.5631875768369625	0.5126245357156857	0.41935657558335565	0.7244184795467863	0.4968521552667225	0.5022317485794126	0.6366112987682636	0.5280882193954669	0.4572116553025052	0.783604370717389	0.5131396754735316	0.6347171701441089	0.5064573058317497	0.4249679870679216	0.573317005399865	0.5323068685693813	0.4888522627056941	0.44317274603766554	0.5065816429292861	0.6518159058951898	0.4807658345764969	0.6273026204734401	0.6381683430840592	0.6091476311428395	0.6803175829563902	0.47571812504482447	0.39255086818473967	0.5367312684535333	0.5561475183283096	0.443275704521661	0.5327309195882942	0.63676853698758	0.5940662674891519	0.5152574858529136	0.42574776921933294	0.6428326470769509	0.550642527226143	0.46409296727610916	0.6229336726305978	0.5312662844007734	0.581324449231378	0.5079796939159461	0.5072044259467597	0.5841429237547501	0.655610959890033	0.5839375063075579	0.583968768296334	0.4433103212272986	0.6141897278335859	0.5624648054352817	0.5124658085891244	0.48149976624942487
0.5536956625264119	0.3910308403053171	0.49359349545012077	0.4595558009735408	0.46952651602940987	0.48578187858530814	0.5636612497108355	0.5535275703991882	0.5557254474599934	0.6966732071906251	0.484144505525823	0.40541042710908926	0.5661353198512802	0.5657447751146752	0.549405579922676	0.5955000082431754	0.5982395063480931	0.6233653887701099	0.5033896230147419	0.5597077044465018	0.571865784285393	0.5107269687740453	0.6426072090869028	0.6845278774846643	0.5044129016502178	0.5847451560643199	0.6843029000891148	0.4833371980420933	0.7152362123419531	0.5749047006587643	0.5514913178524191	0.4688392874978313	0.5721822904490581	0.4179471586455028	0.7315947628862185	0.5165470861656657	0.60995354554119	0.6778697072441278	0.5807314237461644	0.6110851471202278	0.564600939329802	0.609382834604729	0.5055406480534615	0.39523820017943817	0.4255454589726875	0.5608341026074833	0.572603238765208	0.7343504491535882	0.44384640339809195	0.4989570214518268	0.5540661495518993	0.6006353751044329	0.6072725234405966	0.3715138367469365	0.7278720962420228	0.49490680018289723	0.5413013093071309	0.4598874138331642	0.42912094407478646	0.6612621216394072	0.6855864404479662	0.5841250267796729	0.4972989033165142	0.3818540247403505	0.6882359473730221	0.49322287847544855	0.470738894919557	0.5646769500387524	0.5668243168953795	0.49078661363222253	0.48406499224855465	0.5120328113747622	0.6389261826382782	0.564839882118455	0.5660289976742479	0.549945480858587	0.6042596646661287	0.5123179875924307	0.5304718778504827	0.49113716530663404	0.46895013688756215	0.5192558057762794	0.3451327039348427	0.49728674669608336	0.461626699669065	0.5157026370693981	0.4778105325741014	0.7360088077110631	0.5291577951307201	0.48021319316627314	0.6291708761988133	0.5944445896824126	0.4937680583984327	0.45552911731841744	0.5291438004290393	0.6181723678216486	0.4665427554503019	0.5027838686391306	0.45055328321275884	0.5402173620837193
0.6038732985417516	0.675398123121049	0.5647113624765407	0.5405480858524386	0.5605455379853094	0.567442649700391	0.6478569848768523	0.4880206367448622	0.5055019566929686	0.6261800040725696	0.5181562960208479	0.3819775479580396	0.5792836225049925	0.657183772212314	0.5094425349004428	0.6296777816464596	0.5455137290947148	0.5234158008855756	0.5742680104828118	0.5121658612108216	0.68755478435214	0.5088107730021578	0.5112862190036904	0.44078656227904806	0.39835092650760595	0.4394349399955977	0.5717893302753397	0.5225071089527396	0.5547008843071911	0.5073727455221763	0.6122550931903545	0.40890082523819793	0.3860139761411199	0.51299914161446	0.6094739017674973	0.5388662199019941	0.6106317760448412	0.4124647203738543	0.5901745527276878	0.49096842752518227	0.43371751413972576	0.596643520379029	0.5414999298870631	0.5457695714309762	0.5707393562983963	0.5431069274379029	0.46078736595476416	0.6325865514476584	0.5784902477092957	0.5813493537510271	0.5058121735724339	0.6006787168173432	0.36639745640782	0.691673365953354	0.6985148886198284	0.7673951723666828	0.4840438709765504	0.569275466704143	0.4108966568604977	0.5999338100988996	0.5314300241082919	0.5804079831237954	0.6224337094114895	0.41633961527926533	0.7040913813978216	0.5393816493010204	0.5760774432360422	0.5777314311495194	0.4245980795992263	0.7896716843434591	0.44058506505909656	0.5899927999260031	0.7479606969260879	0.5075457960648733	0.47678527881260396	0.5077259374200335	0.4667636778109844	0.6536283412401054	0.4612498345501926	0.6240986452971174	0.3231668595809795	0.5286324431277293	0.5210559461173828	0.4816805023387562	0.49491375989621816	0.48394915947082073	0.4958562237040409	0.6165050840078944	0.5320261088163528	0.5403366273152987	0.5992854552395924	0.3563892305441865	0.48003294003378705	0.6293716603809342	0.7439709281596415	0.6343574140142194	0.5423947140571859	0.426372707452962	0.6909503962886342	0.5293019907104901
0.5654126946942777	0.5036258059675711	0.6749121720449499	0.6979144463863469	0.6730167024205704	0.5522246228497469	0.5363517746467273	0.6042276144897311	0.592978905422664	0.5169030319478076	0.4787392642073591	0.6424484618211335	0.41152991434555125	0.45452178977859287	0.4867646769023085	0.5160360324133262	0.49326221851374763	0.5998573738552838	0.5975433566915263	0.4115062208748571	0.5069753141606529	0.4730765495528897	0.5657416190124819	0.433981341611957	0.7500726554006985	0.5589539555339518	0.7174017627990738	0.4151890895083888	0.4925079217833882	0.5779360079836379	0.805335933665123	0.6922655976130944	0.6182752523482048	0.7416358550501855	0.4315267918860227	0.4864840710241566	0.5855051609245077	0.47579208270075884	0.4521752038623382	0.6256967023622851	0.5476731517153804	0.625892686052073	0.48312342885327264	0.4246421944124581	0.5555416264848275	0.4469758313629775	0.5938466112760353	0.5028908566638608	0.4050365474021813	0.5413745601410656	0.7125458024370414	0.5073042314586986	0.5894274518217394	0.4585707659585762	0.5270203888549378	0.6071977937021746	0.5044246559425806	0.5349247558554557	0.6931295509778913	0.810911499618292	0.5509088637551294	0.36987560056968743	0.4056014158106485	0.5310673488445139	0.4550350418946683	0.5516526496436241	0.5620998008836433	0.42180524487981913	0.49358520634696806	0.4665584323895849	0.46125042333638866	0.5927678467908827	0.5244190714532416	0.4782709257035279	0.3899251289615432	0.5277299904755555	0.3865750981254894	0.5806547749806462	0.5035044916332034	0.359515720207818	0.4597320011455061	0.4132110676700744	0.47950504963155893	0.46969326368424624	0.5067512466263471	0.4818489270391266	0.5934927380306246	0.5714847578806406	0.619404745312113	0.4837495999941376	0.5819596798943428	0.5356077504529666	0.5883540527701241	0.46300450706541285	0.49603474044092116	0.5469468383362242	0.5963323394686577	0.2871106072060773	0.5564125449445486	0.4742053134467082
0.4144686276553578	0.5634676141736069	0.5720245197120686	0.533767455781425	0.45806465806972935	0.47760418620730666	0.5219352500036196	0.6833614944427486	0.53856732167454	0.33510632546832486	0.4653277388356694	0.5676751344797649	0.6320461466372459	0.5254984711528415	0.5513998391417626	0.4309472578474612	0.582325326645988	0.6120012201082252	0.4927246425052181	0.6277998760278314	0.645075538791399	0.7124586654754914	0.4913917262173306	0.538022500551252	0.5503678377771379	0.4318425252103494	0.3346392401668873	0.4394899018366465	0.5627755755269256	0.4332389006351489	0.600988811856523	0.49129655792339477	0.6157864915749733	0.4865072353621233	0.7024131082416808	0.5953084571188106	0.5028741496773361	0.559801838622479	0.8313608760174832	0.4803570700638793	0.6616456865272912	0.7255532992257799	0.48082075658375806	0.6124514566203341	0.6040184359392154	0.5281869917012577	0.5275940079622784	0.4523417187343215	0.5063023249536989	0.6930235798042809	0.6762145801117606	0.5449208466125596	0.5706577265121928	0.5914390730846643	0.583128036711284	0.48518817759794586	0.3798380633363085	0.536093653911509	0.5426070987147975	0.5914118261043334	0.5675396507021565	0.6074140806881342	0.4114763181436302	0.5418780553722355	0.6197342393322663	0.5830456932234683	0.42650602168257157	0.46220399719744204	0.5804811667311054	0.5302178095688775	0.5769053586055811	0.6827764154542146	0.7329671664366627	0.594981676520292	0.6115425798585327	0.5663386897375604	0.4426486641682381	0.4556341351425376	0.4327384943517896	0.6617043713673256	0.42636390613672587	0.5201885309680598	0.5034794222032453	0.4684375787639903	0.6346899233723016	0.631883652426427	0.4672845665863939	0.33682576145054727	0.779259730987469	0.4946364407054535	0.618645960980129	0.45582288841777774	0.4878491733599479	0.5601930831240652	0.43546075865676404	0.4455471656647573	0.4633518607369515	0.5108490130847406	0.374706130039644	0.5071435404627824
0.6783722596842161	0.4957389185072793	0.4920058758767145	0.5354619272027169	0.5065485232577649	0.45705221987661904	0.43317132617828685	0.6596129403118812	0.6028731320273271	0.5129064843064352	0.41671228224646234	0.6207608700948228	0.5117930566512879	0.5009841760537163	0.5372153118468046	0.6489057729608659	0.6162755863556134	0.6727276971716956	0.6275834718076763	0.7290371471295405	0.59729317722554	0.511280263622864	0.5190501846540794	0.4395885531218019	0.5765192431632848	0.5946037488222954	0.4492230654458848	0.5055432945742573	0.3797139902640134	0.6306654672686353	0.44142688119514484	0.5646837909617901	0.5824920826429215	0.5754234883551723	0.623323802363558	0.5843183082283235	0.41511796775538123	0.4807371046629606	0.5751767212160952	0.5318757592235459	0.7076104984663043	0.5394391948947482	0.5865419415043334	0.604022418338768	0.46305288671477	0.6298234547355985	0.4936963128467015	0.4094880633747157	0.5993937184271823	0.5523447693119486	0.5115341029077192	0.49164824773818555	0.5240107879862194	0.5877169681557133	0.41394961066444924	0.6743745560210086	0.579889322480551	0.42547756975016876	0.4792652932194774	0.4841286052079564	0.3619870318276016	0.42005535710401115	0.3067853113842622	0.3788152134886548	0.5128107249323819	0.4690645888697933	0.4347601986895837	0.522684177655893	0.531642207035648	0.43727753874423725	0.5087481859435694	0.5556625947891832	0.7754089362712178	0.5350674854751446	0.5407030544411451	0.4770507071107063	0.3966713883704553	0.5461471666246335	0.7598260539974002	0.4126705044400008	0.543117658232754	0.4570397484744661	0.6926848865369414	0.688291640190251	0.6238638356136306	0.5328802489165408	0.5148019063599139	0.4895138325794848	0.5951467389772727	0.5812310022907798	0.4501637308863137	0.5424493689354888	0.5660744229194392	0.6189031863372798	0.6383992641691044	0.46262735223440965	0.5603764115460852	0.5638375257891102	0.6490561736536822	0.6369737651262178
0.6248725147269083	0.44345372727648413	0.5704218433663213	0.4949146218161749	0.3538457372666365	0.6013701908048374	0.7050639683693851	0.6085662553917245	0.4066252254827859	0.8189265055158647	0.42356410761912566	0.46205743663185395	0.7338483575531817	0.4234965657220433	0.512553134310854	0.4159917469395507	0.6133007220443834	0.6072295885015409	0.6119658001467754	0.5636096238686258	0.595228613099875	0.6183569099361155	0.6254726265326851	0.7613294278964542	0.35486422826016206	0.41705117198393704	0.5113287212699418	0.3715860696524875	0.47128244866350155	0.5617935566055465	0.4467093116651686	0.4146512238323139	0.4614792153231243	0.4741215764522412	0.5703550901902157	0.549045349365988	0.44518768310573825	0.5977327982948281	0.5390408478093162	0.6169916784181968	0.41870384915469894	0.5477143534586502	0.578685722949565	0.5404778352742858	0.47175480531205655	0.47006844645503093	0.5865648785770262	0.6644283187584749	0.5145169393701746	0.4622392557928507	0.6595883851948509	0.5173652444714311	0.49883347396587785	0.5004152368774751	0.4296311348872302	0.5619676698236838	0.5989492242928317	0.4351537991409031	0.4414365844794489	0.44496036325336635	0.4577812838447535	0.4295632796521352	0.47229040339400497	0.5057745572072023	0.525169467050059	0.40352833601806054	0.47089735181997683	0.6958889950861878	0.4213222051918581	0.36125133013369576	0.44825587387758165	0.6095993953114843	0.48137654808565306	0.43855442310874354	0.4955281231535096	0.5459477565497634	0.6059612415050145	0.44575445690191423	0.5537393477941335	0.4541912634779401	0.4553862990157426	0.5241159188887308	0.5273993337885254	0.6248702171366896	0.440452670559277	0.607892534559715	0.4145534603488867	0.5698836121386346	0.7199810023010197	0.4719046009193692	0.6358924572241497	0.5683560024585412	0.6353014276060861	0.41872263902737866	0.5087639385037519	0.5132718112098036	0.4322801180331239	0.400194826889871	0.5615209373668786	0.5721550135253946
0.5196682999311419	0.4683470941489022	0.4861109127860725	0.5328757497999901	0.603733766631179	0.6115151666773778	0.6282079141174687	0.4833869732331244	0.5121616156544719	0.6034417498930906	0.6581457617278796	0.34457851261954525	0.6197746040908564	0.45086146061192245	0.7136592704416174	0.5729576366083993	0.5174356800236861	0.4975747852066901	0.6730152847712287	0.4267258693281175	0.6126775647951971	0.5768820608918623	0.6465122046810161	0.4795428201478054	0.5415044513956806	0.42775162970327646	0.5075619895355372	0.5374876805503944	0.5245052372838159	0.5308287936914824	0.42635264137552387	0.6829556154142103	0.6003364491805078	0.676944138079063	0.4277863963186041	0.6717781595998599	0.5315354987135006	0.3873713793438304	0.4584771482704012	0.3913218439182239	0.4624344366469904	0.4812811153345818	0.37738815889866456	0.4756587871179412	0.6071099429953234	0.4225536394035857	0.5107178052436663	0.654105963871942	0.5288009638150905	0.48439365445837196	0.4806779792891328	0.4823985961946385	0.5789419113593974	0.5585024382222592	0.5237164291401772	0.5546903866230013	0.7082940392815229	0.5612797891719276	0.6225010823351704	0.515421370040127	0.5911275477059488	0.47821659247332016	0.44430326657172503	0.6646113130177775	0.6199406472705984	0.5399932247413426	0.5765738454984142	0.5315530526643759	0.44995047944271255	0.5570607687697214	0.7207861324731953	0.5726041847479116	0.5813384688470047	0.586853073583641	0.6118723466148333	0.5121643118424463	0.4257847722963827	0.5331831058128316	0.6570276954622174	0.6594413510502727	0.5312232111263916	0.38988851034234234	0.44593482652311817	0.5596390444042513	0.541303016238668	0.51473698389675	0.6087262217381827	0.48631627669253863	0.5056677143867315	0.3496398533940075	0.4194810153619984	0.4087539311886694	0.5567334406243075	0.5417971889297373	0.6054420861264772	0.4538801637566503	0.45621120082482763	0.4832141820112931	0.5120051944976012	0.4934525070524115
0.5323556282930094	0.37181662386415587	0.442257207542243	0.5187692372440205	0.5959880081849337	0.4418728756296365	0.6114278483573874	0.5646074186460999	0.4390869151689255	0.5761850163009108	0.6071658800053823	0.4260792377021477	0.49260708020818356	0.5405646861963684	0.7918542556733297	0.5507527679856317	0.5489195064184262	0.48380361791540466	0.5470509802713105	0.6422320896804742	0.5142726689410247	0.6255319656778036	0.5333074956610778	0.5164927759362296	0.41170923678987353	0.6857861061427969	0.42453695301504185	0.4962107698158142	0.38975491738071294	0.48797755342482996	0.40723464778920154	0.4124913354484708	0.4148393652370335	0.563153217349826	0.41079613297451933	0.6187284881302522	0.4797274343677449	0.6496720944022549	0.6689590664255237	0.6179392963378845	0.39060325620459607	0.32272878876092637	0.48349871683339124	0.4369433238971249	0.5004811564687119	0.4375347077622986	0.4603677716585845	0.5164469899747287	0.47594654789113156	0.5012356877167194	0.7195483794108946	0.5077450640909587	0.7667339342946424	0.5063265552011604	0.5358858362964657	0.5884123366764422	0.4526742374183176	0.5471448570457315	0.6160784383225286	0.5612092193236592	0.6369627318845605	0.557845194757826	0.5583201035597745	0.4234521124179171	0.399352648007013	0.7218002941716924	0.5160280654036221	0.4724747637994631	0.5425774545342233	0.727794756938126	0.6352783094126997	0.6641097531774494	0.6558828184648013	0.59909218755844	0.5102277807616029	0.4446121218634842	0.36078189267472177	0.5623867577407369	0.6864164750873752	0.5150456430290897	0.6700263607399126	0.4849714758755228	0.3192973972175127	0.5302181375897216	0.6056301380168395	0.4451757518480265	0.5607561165817949	0.43668678612384976	0.4096424613862123	0.43525987079392453	0.41024069741022745	0.6997737558403686	0.5556457489660387	0.5113460532035193	0.5044344040719737	0.5601966887132256	0.5359007796170177	0.4593117416428789	0.5117477538060461	0.5708462640809099
0.3445238449471765	0.5316853153243681	0.5526458852339374	0.8155358675873908	0.3615143305494053	0.46119677758431354	0.6351017006962756	0.5765153649008228	0.45398883619664754	0.4658555196957074	0.38631726986621884	0.41135779624215746	0.38059664960833134	0.33928535846789976	0.6814624062882666	0.44123589621267983	0.4559721328723433	0.49314602600620044	0.6260620121760073	0.7091198804959895	0.6767477269751543	0.5134877619557061	0.7684087594610246	0.5735053117614093	0.4674174010706454	0.659754148254849	0.5588754057841011	0.5657287348786793	0.500110728142197	0.6548920049673544	0.63311379170818	0.6206680271948697	0.49700688113948044	0.7107636277475038	0.39866454418821634	0.4712699093747894	0.6537590888148385	0.5760379347342387	0.5591774596220728	0.3765213619291634	0.4548613659362707	0.4426648258719112	0.732781223466387	0.4965367146933901	0.5364091095267342	0.5199589021240199	0.6309052679665653	0.41286610878843527	0.5266459572530098	0.3860715963270034	0.6745618641208017	0.524213069073867	0.4730912232729603	0.44472512500315137	0.7509614706850728	0.537270963514925	0.6372119583815052	0.42303258276705	0.580154224950366	0.7057607970811176	0.560252042379973	0.6431551337009455	0.5844452756907577	0.5265608961642387	0.4345700030545679	0.4729211062985901	0.4792938979326801	0.51059008499399	0.644499627930183	0.398548374016677	0.36732746812729694	0.48906303447074395	0.5821127388251306	0.5999696510930839	0.5902505574756813	0.4406697113151068	0.7240844409391513	0.44768020919882934	0.5270190424425649	0.568301070875112	0.6032174047218603	0.6619857201766429	0.6090663035276541	0.5705004268958919	0.4654813640107177	0.7103838347254825	0.45586902269426743	0.43819176571524093	0.6724541760550606	0.39407268970478965	0.3344566925525586	0.4008733516263828	0.5078004563222153	0.5830468063604083	0.4859955985548197	0.5327926657098793	0.8004168289535314	0.5023795845355129	0.5345978507571206	0.7842232794540672
0.5449983265609247	0.5171600526539032	0.34901812910094726	0.508820633913097	0.6296355740652788	0.4213108996312897	0.40928430784962844	0.5635116060029568	0.537366293597156	0.49481179694263516	0.4227323762520447	0.41121608370768553	0.37226578279260847	0.5920041932385656	0.5814263165638723	0.477084338339035	0.584104202037525	0.42875476980687743	0.5689324012058895	0.6343817048591284	0.4778935597591808	0.5322336783347587	0.7194651083904228	0.5233229551862348	0.5611955598905627	0.38231254915588164	0.5214246094757533	0.5937771440884639	0.4619469189476328	0.4599582187893833	0.6288931622229073	0.4284994325242798	0.7061108173151266	0.4515409890477134	0.6454985983249896	0.4780222218219965	0.6371047264302208	0.5377564825426111	0.3522573389955833	0.4867457394329574	0.53992150925817	0.6121863507132237	0.45944330190060867	0.4515476414736676	0.5682414089772009	0.5560766609226464	0.45691134210157186	0.4136634413744867	0.6829056878645366	0.4818109251190945	0.5300794486443654	0.5870918702824229	0.39581273303871184	0.5201143607438353	0.41791733673084264	0.5800237098573386	0.6021768177423542	0.5031677317274542	0.5213206035351206	0.41676549333991847	0.4900098523975366	0.4688342199440899	0.5837537536320981	0.5617466651260068	0.6438770442361843	0.5197957990327455	0.548161847710785	0.5309803426522413	0.4544148320679744	0.5737304737662234	0.6700520042144974	0.5277832145163632	0.6675231890897316	0.5630805066436235	0.5471151619528075	0.5398564697630395	0.4530146480604594	0.5580039430854032	0.4813847328753791	0.5730981418746118	0.48097052363918086	0.5924558498496739	0.5690128622944819	0.7026961997954206	0.6030823605115968	0.5997238053295295	0.5904608718111224	0.43869193627662934	0.4902912648228989	0.38418903908577995	0.5665193241521117	0.5179902290193785	0.7017926770631572	0.6794378249207829	0.5095903545732301	0.6202821447579383	0.7353274015606198	0.6147592693294618	0.6087959931905262	0.45348809213777014
