0.6397753305761049	0.49595379063224493	0.7281626382120836	0.7965219248848492	0.7217746191949411	0.8630755211055562	0.5557298569973411	1.162979063273689	0.4133270672227469	0.47378723313649873	0.23008121452918578	0.8644052172990282	0.13164966232820005	1.3218822897445608	0.5398969021433823	0.8660423696769003	0.41560599793343156	0.5724083714338001	0.7456295164059412	0.5120721804884011	0.4104364175051099	0.14417030311218745	1.0275629138844444	0.3895896888592516	1.2951435398396376	0.6338813899287526	0.636993496677408	1.5153918476911967	0.9131591779668086	0.4607166448461636	1.0012174803959253	0.46703020504081805	0.34685417133504726	0.4157095671293556	0.7168113409821645	0.6849312316357261	0.34283772887469305	0.3618645277467224	0.5117049734607286	2.3332055483476437	0.7173849343898105	0.22018455723469105	0.6735904095329996	0.07938226403208531	0.5252845820183012	0.6193055154552586	0.5123745893110315	0.18571956254967706	0.38455840833861904	0.7881008015114158	0.9412904599699915	1.0441822858657208	1.2771718919910195	0.3861228156534751	0.2382382102182112	0.33640828790009186	0.1585984859507998	0.6683297566740078	0.07212893383989043	0.32621089140948956	0.26503762293838645	0.7245435300363449	0.1043597627484852	0.2681050774637617	0.1665942683613875	0.4056196005497082	0.22178635535337676	0.49956296078835133	0.45368484653826063	0.26789002196431533	0.05250005663667433	0.5265585756420101	0.8050105226435914	0.16142467243013228	0.5108406670703607	0.26317605575491476	0.2532308613300566	0.5022431725626215	0.5532048529823599	1.195360507261797	0.5480313052272603	0.51968927922687	0.6830385190475909	0.1811948238869971	0.9532787733934885	0.9054177302197994	1.0233848590740926	0.3274408015248402	1.0478966965639895	0.1556149064414425	0.6539961758944502	0.40958620937881657	0.4820437180200062	0.6929722387048415	1.144003768533767	0.5944327765008546	0.6668528286960149	0.766998686043978	0.3464829596338765	0.29845653561914365
0.7533784041257562	0.6041211086641824	0.7957142046117653	1.3593487704648823	0.3380437761368278	0.8173749134872944	1.1771050895433504	1.0864444396413335	0.9383047776159322	0.6370615836383985	1.1275162100088447	1.184751399212099	1.5690763113283273	0.3439482614691577	0.6511005551618554	0.7139904933566968	0.5802267295777711	0.37942538996260305	0.5058232830574914	0.5287852372172279	0.21174014535856722	1.2928430124966745	0.36134862522265404	0.37519773039650495	0.7890198000101892	0.19644696747680068	0.1789225723906045	1.9633007297181335	0.45661641807578335	0.2202655723731988	0.48927706386034364	1.8350245390295838	0.7139066459257553	0.19432353292937884	0.20244114705426758	0.7896028415450794	0.13303273288955308	0.2295585509974608	0.45521759698703285	0.6261903287920519	1.3297519179535708	1.093989031469515	0.7375338387082386	1.4770450627115863	1.4883665741049295	0.3096179242767957	0.21924239424129355	1.288872244217725	0.2327976868938503	0.43867511300788314	1.3039907387939846	0.3059363794864114	0.18454868567316274	0.1910909902744083	0.5935862434969766	0.4636509957279883	0.9671617345197512	0.5852324591589247	1.1152602109410148	0.9440802413207589	0.3675729748814435	0.2402592082176718	0.3929381033851258	0.2927908416960267	0.736092200523293	0.6038223973533949	1.4536151355002858	0.3315612963269501	0.588342456939768	0.8954748292075927	0.13676709337871717	0.4720443670213483	0.9204603673002745	0.22693334004455853	0.29462869623594945	0.45366530442371983	0.441861201000285	0.8638096217300464	0.20724708288055763	0.8216775077850511	0.4422615031556464	0.6940766233091671	0.8463671662166659	0.4762713827343866	0.31536743424449104	0.393036079842033	0.44740513374238583	0.2546345229851607	0.8163313293756875	0.13434459471902124	0.24292852571579876	0.6678432945998428	0.25473419302974054	0.5306101240971273	0.3844674494126048	0.3810645887078027	0.3253216132434028	0.549855856455278	0.7554670916003124	0.3866594545520278
0.3248151445973795	0.8683685040548536	0.3576575402914658	0.7098587567965996	0.18096696493216555	0.5336252183579483	0.5453688881645066	1.290607366274796	1.8337852767332443	0.7363680672337676	0.21484471980603148	0.28728181012515375	0.39746496769485906	1.380728029774854	1.318289059745389	0.9417208407861194	1.0593748851510647	0.8342613529268591	0.26027274324216415	0.4350582311763809	0.5299507273516568	0.28441682897884274	0.4276282938387297	0.4891844472627483	1.3319777381308275	0.32030092844198665	0.1229025412623955	0.44742677555135485	0.34940326383900217	0.1583006406052988	0.5477385057993613	0.34385197378990295	0.46802253969989643	0.5867864945692597	0.2619076904259411	0.8200174180407592	0.421734060516574	1.2634119938747694	0.28253437398137965	0.4880073730225942	0.6802621286220943	0.20038606675387854	0.9813455773811122	0.4439219868147747	0.6060048103668896	0.5584528733904095	0.833910963463206	0.22097347532228018	0.2506119571847187	0.4755180085698892	0.6585569906077563	0.6625995232543537	1.0001067026099686	0.17262028555758194	0.8356198944868114	0.4184708328203179	0.6446669081014393	0.28135020679355727	0.23643045599144105	0.256624277739734	0.5927452948617274	0.2968285815658551	0.12712483187722215	0.9053230186973502	0.4086141190105507	0.27798592160082247	0.6229830088057278	0.20141450197756788	0.43928623258516036	0.9356176033421659	0.5146013658261038	0.482910128514251	0.40949912709067443	0.12999877759958253	0.6390249712077294	0.23227539277641934	0.5719773492456605	0.0886663835209391	0.23521502116441184	0.21682438919762592	0.750806088619945	0.4829669349196369	0.8520453473118218	0.6562735095289789	0.6164824144661691	0.5367774452611929	0.2665897250883681	0.9436976222804726	0.36862595109435364	0.22107047286419756	0.4298557737006205	0.959393188443623	0.5109506703087046	0.8427263555555556	0.8351209143921691	1.1187229176798188	0.3110904777724122	1.62596505631291	2.0183568515298647	0.5394939245203764
0.28105706680394166	0.5846866789671744	1.105972196123849	0.4144788708794546	0.49509859876604967	0.7414401242244228	0.48340176277865715	1.34546736445919	0.5693470295205393	0.288983152221829	1.1315287407460322	0.48614554398148146	0.3414160128403784	0.49593629239047715	0.806669075310945	0.8007719846878866	1.4854240172564168	0.6233877535336533	1.6586360364943245	0.9313101043891572	0.4161341505866389	0.11202127852227187	0.7980529615153299	0.6461058640902092	0.2319979499847914	0.29508336799173984	0.6882560006408308	0.867470484027039	0.6131896249131423	0.9136123059921551	0.23770044720417785	0.3943693819607562	0.8967757709940346	1.781042833747272	1.184363220829185	0.3427376111947264	0.5144759078390305	0.2088160950221671	1.1792294270643433	0.774569374022208	0.5526278367445917	0.4236118388923845	0.4729261163577007	1.8555885188983567	0.9382497253848645	0.2848460541289626	0.5178948299675149	0.6549960822788562	0.5213093456150166	0.12750673544461197	0.28628968964827956	1.0207909850669172	0.42644970061170345	0.6584974837245283	0.5480725515909847	0.7713634518162689	0.380874002048215	0.541562506975638	0.4173629370732097	0.25378771340370637	0.5573239338084957	1.5931598326582488	0.4373665517069672	0.5126023444968553	0.6933262014450302	0.5257064794334403	0.25955385854168694	0.2787446569796006	0.23953710107710102	0.5705621510869565	0.2890390655551271	0.20742195496712587	0.6429650972106877	1.059222863642907	0.41101826462422525	0.26032908365391416	0.4780666475409837	0.5627864164013966	0.44450785714062563	0.1301969711647799	0.08070715813015919	0.24774903700886527	0.4766969290063876	0.6015903054372906	1.3263044967589908	0.46007603011920534	0.6169894217909148	0.3039544000780564	0.3218925929682022	0.4629584470224746	0.4315323686976302	0.46717881078856877	0.7399450892129499	0.7030146522087429	0.5674427396864307	0.612592705948059	0.6680602835494328	0.17273847939030837	0.1814366154990234	0.6999275748203676
0.6505806793607941	0.33870270982591916	0.17275224501742345	0.5122024421256337	1.1917572042738969	0.2858669073564486	0.981215192283363	1.594353018580031	0.5321275357699676	0.8982481944100092	0.35445182377323825	1.0315946327175125	0.18653231385027577	0.4912527943339279	0.7909833647956057	0.22203240335879285	2.2763306489977126	0.9565970613153245	0.4425030254177296	0.3368707206291475	0.45861351644087645	0.46704330276208006	0.3353524770716527	0.3582201766074462	1.0148162418005324	1.0879537914596464	0.7106353353295135	0.793124308109713	0.4548737630157323	0.33726597091435595	0.708357756756869	0.27447999291117203	0.23533387540465883	0.8634646944718816	0.2443510696472841	0.4781438736570719	0.24336309670971554	0.9744662509560044	0.44339386101943656	0.45599672740919434	0.4650940404160241	0.5709080490407158	1.1337314549924062	1.020299159631854	0.38779148701141053	0.3575625470397452	0.6028278787854301	0.73214616894212	0.28258230714538285	0.26482513687442455	0.904119135073378	0.9137777865545709	0.07796863592216163	0.8517515477325589	0.4987344915065317	0.2893213092799582	0.23595423740331709	0.8484459550899186	0.6340163959501102	0.29919133861156877	0.5512178873024105	0.7798458256184624	0.5978496345416977	0.2873162106899056	0.3282293243031683	1.2293614638465444	1.1045254277467935	1.516069035762214	0.17943428216517174	0.811225170179516	0.2922843805538533	0.25711193878318067	0.5385779294232432	0.9038016968900954	0.7124307830339073	0.7480540856069792	0.20268234362667162	0.10713328417197028	0.21941560065214508	0.606672566493388	1.184506090512058	0.20684373713856283	0.39505060520361995	0.22520882272234324	1.1702487607089773	0.5516224164141605	0.6255337098943294	0.12272462771362588	0.7154648346803504	0.41613112187277224	0.9029891570984867	0.1897895452098455	0.5719523026069894	1.496036329751346	0.49894983320688546	0.06703986573143644	0.9505307439885264	0.48859001297413535	0.2594181849385052	0.24135154068995668
0.4992109383059469	0.4361707207689237	0.3555787631877428	0.3972147304004207	0.40409374059544295	0.28871274643450673	1.1866889651217534	0.27070797452242906	0.8730443106113113	0.12841053519417242	0.24589163553746654	0.7889843456984403	0.121371423467353	0.4734435357965084	1.2041652329804453	0.38194947741786	0.48432552272441715	0.9379723846020611	0.6822656868656192	0.3269215883450696	0.3083949499957755	0.41150809221748025	0.7811571186456908	0.2298495292818053	0.2554416532883549	1.2238613629792943	0.19093850311441482	0.8529223685301128	0.2839871449571682	0.595752723822385	0.2966148090286792	0.5607561020753908	0.775169277291484	0.6444527287883178	0.38875746427742724	0.20361953357302723	1.4358097942533652	0.17126139828530176	1.0846936894092927	1.5706891529508973	0.5197996650577836	0.46061817157803836	1.3927141657299247	0.41505682550037065	0.9069317961492913	1.3255283949305234	0.35331375338823123	0.295405588447585	0.6285256148747805	0.4061868027616019	0.27182943099870366	0.3396810478180622	0.5554629297732826	0.7803957488258217	0.26182229992250755	0.7974542660929694	0.34390057348551	0.1373433402460866	0.487351670015804	0.2414666376392238	1.244690220882446	0.6635572427782432	0.3570634360751217	0.14367530912869228	0.9579538112277703	0.7282631550834313	0.33131172247924084	0.1621060737124976	0.08011870362611358	0.748020520871544	0.9396098670802633	0.188835419741203	0.4187154822255358	0.4407628225735837	0.1605812657373772	0.1405023042086811	0.35962428079342146	0.9164526184700109	0.7799120250916924	0.6783997744165696	1.198914914498074	0.6765226360603932	0.9165216317934174	0.6340802616675593	0.4041495594996179	0.677608597258313	0.3119384875204918	1.211643735107171	0.879251960859643	0.6553969899888368	0.3492848537111281	0.19648057075002054	0.890729472846946	0.6331976319429838	0.24666913758166936	0.43018316947807655	0.29103135363024485	0.5719047845977888	0.4526573369593745	0.39043055605483856
0.42936803582652916	0.5434883899834725	0.6260216865278582	1.139296846496437	0.3470446501027768	1.2061668430992145	0.4855996115942029	0.3923118907149818	0.6085282866461551	0.4667957059283982	0.9592378441140775	1.6500218877780668	0.3970203116230632	0.5716828056233145	0.23247674646568725	0.7564147814616259	1.1275090836454558	1.1487435276637246	0.413619971996892	0.29067963071879666	0.9293950272657464	0.6473025224107892	1.0862618230035999	0.21820066513622297	0.6030161496556914	0.6469740343950118	0.6069062140295742	0.24967236936777923	0.9188185626923635	0.28405465085782977	1.1582895946824063	0.1338876535893921	0.11724564270549163	0.8347783602888248	0.40532596786718206	0.4554468765580025	0.18043387610429282	0.6935829240206475	0.30931088964432074	0.41371814870646545	0.4702657305094195	0.3813373029712533	0.811854155760516	0.882743628715924	0.2997294320604475	0.5852889917320195	0.5813920244878719	0.5728511125747241	0.41061941551310216	0.2649293759493882	0.3295642080736254	0.10188647257883389	0.780346877557736	0.24330557433858965	0.5222501149316232	0.41629141814405357	0.23754124816200745	0.4099286420210895	0.6636920554097155	0.8385039577467476	0.840837337939667	0.1620576115629423	1.415465922945462	0.12304606218149072	0.32748820986556226	0.48193453412334	0.607886757039957	0.41659585115631215	0.33632261996371376	0.44002008043110086	0.1926510797065881	0.16223209086594642	0.7031367627487258	0.5270496778375635	0.3350247831671936	0.39570209579917176	0.5858298965566459	0.4920133212816104	0.6316102818130145	0.8603336435372718	0.27852379723307813	0.6871920603076618	0.24333267908964423	0.22116395951513831	0.4785392250338599	0.1815575360546792	0.27359789797236694	0.8522144479991915	1.323603781958427	0.5382945073367748	0.9729557028259369	0.9391267756680152	0.2843495261421896	0.6351301156499682	0.35248051800151475	0.36864519368996074	1.1572048582623171	0.4463202520348954	0.24013348911184026	1.1111161389991018
0.7021325481588924	0.7558247619875289	0.41425037069921306	1.1271335885865388	1.157807215568212	0.46881611103622167	0.5233518932306126	1.0239394688756762	0.24658927664609648	0.4387888482762524	0.4819630775535439	0.8409326077179339	0.7475452131703456	0.6642364486058174	1.2266527604617983	0.6107790704242048	0.4063895022640428	0.6304917192879816	0.4710295835548807	1.176575863941155	0.6411699790509495	0.7553621438112906	0.6300172190650282	0.5734680435979684	0.5737736667240475	0.7272013009241046	0.37770258784031596	0.4490408952063689	0.23184079908670674	0.6861136965150536	0.261885911642438	0.20977720398065644	0.17174661560114035	0.40814413716351083	0.24644881211195904	0.7840578618345179	0.42738573457522977	0.24188307291329672	0.31915736075348455	0.16604044479478905	0.5520722914505077	1.0893229774529347	0.45735234896286187	0.9691040497419668	0.31564705338073973	0.26956246620487173	0.09527785968885105	0.6805217519739712	0.822153162754897	0.3129753868105082	0.2574426114939541	0.14098432184099818	0.18438984236753977	0.12290901199877376	0.4810662159672619	0.504718650696204	0.23052746125466614	0.7995162208942977	0.06117690730121802	0.2034043738343708	0.536465413263915	0.32506712871839805	0.7962014116746257	0.18589254904789693	0.8111159556807017	0.2369325767129504	1.0348019450888588	0.2396514911067069	0.19571692642588884	0.931914189379912	0.6815093655872388	0.20579808322731966	0.5606240070589196	0.6726834834896862	0.7473709943283916	0.23665374838879127	0.673807815804962	0.8604524744170378	0.6002460405095205	0.1993576144456541	0.3189402819845142	0.25764355863316785	1.1744525538663664	1.5470541085323373	1.4498777016936286	0.8462695397467909	0.43605468181038315	0.7750696921792662	0.6873774791643854	0.6814722300289537	0.9065097222679821	0.6164434287196099	0.6449891707983686	0.5986103614867718	0.46446792293345823	0.3035797447142148	0.8396601372712146	0.45314596083293124	0.3836272062731896	0.22168511658159926
1.474437422200305	1.1043938424120703	0.7560439035314291	0.8950781071906212	0.38001279240874913	0.5564858591509395	1.3153041408412163	1.1358836460419766	0.2318833796494104	0.14365513408233885	0.5920074517572445	0.7451514331714111	0.24116713795951034	0.8133185661943553	0.19483936106409164	1.020042499331768	1.4954488236624444	0.5696632545530201	0.41634935615276264	0.477936146106472	0.740539765330162	0.567475481338615	0.6359398801451668	1.2720979044869936	0.608841595505361	0.4872766065845103	0.1605046209737854	0.7154717590469719	0.22461128878545603	0.7068608721908971	0.7478450930619024	0.6846294153137495	0.17551859516088247	0.609444388915856	0.2742680712145686	0.29326989343154275	0.5623086080593632	0.5016921924521844	0.7222421713330425	0.5907640673299699	0.04680057024739025	0.70862934669635	0.11950482734898117	0.2741136534855127	0.5306487193431183	0.6148269032786351	1.004616471699304	0.9063704226086663	0.31281008837622004	0.6052392878692502	0.3385874130391368	0.7373375371294046	0.7764773968814284	0.39636340070607395	0.26567769896416854	0.5240060854035743	0.26905199999500207	0.43732442273023425	0.22266439181086176	0.19850148462127745	0.3814453501352868	0.6969275197065378	0.6374459237610264	0.40611093236179824	0.2101221092972764	0.6170466793030174	2.186106407947316	0.42565537823318783	0.3573120276591584	0.5348501757953931	0.7622622639990135	0.3613642947198176	0.6850060645040158	0.49846648661375076	1.0207444522965123	0.686773085575485	1.1832860498600186	0.8053792349710448	0.27342862196609263	0.5721590638420798	0.33042103182328453	0.42446383179674685	0.19359050650496024	0.2737309834721518	0.38141727687771115	1.689478787475596	0.8903081338298646	0.5730237251841048	1.0479109818951193	0.6545255656535762	0.6834636615107058	0.6575058631092783	1.0814032504777802	0.7240513515882359	0.2149729525167347	2.6684207011512355	0.31168642188814627	1.0771188733938406	0.32515508954485606	0.8894127521245105
0.5059012736872553	0.45266126013924257	0.14541104976298636	0.2706335767941787	0.8812001542004264	1.1445191403848776	0.8095495870962532	0.48007707673279887	0.39089241444374206	0.5499916732962421	0.7012338777412281	0.3125263521423349	0.4146343068288164	0.23138881163648806	0.6478809694530301	0.2827035638471465	0.4060022271988586	0.39537394679646054	1.0070981795069092	1.726658144299219	0.4533819678386803	0.5970500351823159	0.3407915158665098	1.090218436791571	0.5735022231911999	2.3034597304725017	0.30469738642880106	0.37136483424559935	0.29894382097596733	1.0672302304218788	0.37781590147832494	1.1377454764274635	1.6224613480248564	0.37905491698859195	0.3989201121779894	0.43486793735121637	0.532021648082445	0.24435858510840197	0.07927030772890997	0.4726641609628481	0.16202263339144582	0.23768132968241046	0.7827809829606023	0.8003070657058221	0.4993349387874733	0.32570266146100024	0.9088618942547908	0.4414270346854248	0.08246931327572662	0.7045846282134169	0.6396336961953208	0.7853696608358516	0.6881618963094575	0.47861619861067484	0.42439202472504534	0.36332743770778503	1.498881829882588	0.5976436913242662	0.7350321234775532	0.34790764440787053	0.7834008194192709	0.04846008786806868	0.5718829882387193	0.4254979520502424	0.2755227748836629	0.1884839647790938	0.36334648547127385	0.1583244269318206	0.32376360765700624	0.6549777822404077	0.5067919806673291	0.24212123409811603	0.37739657195393167	0.3137210676629155	0.41926810510239454	0.08736903007777123	0.20408072822578815	2.26146012835451	0.7140563949581972	1.237265218258353	0.607038958296998	1.4836680236306596	0.8461227521693919	0.6887101790703345	0.3805704351663728	0.3833129274648097	0.8928465205495358	0.838775554061868	0.3885604252294945	0.5575198075956471	0.47187626489961004	0.27859269986588464	0.41028953333891904	1.9157403724759643	0.1703597279591579	0.980885849597366	0.7197392181877467	0.8475276927599309	0.233287767504907	0.6826206351714331
0.7671949928800463	0.5813059801942964	0.48934406625295196	0.31877712739999636	2.120128573059734	0.43457095895487907	0.3461653148618586	0.6699260812563096	0.8235521225464751	0.6281065154518891	0.16695923588496475	0.46197634365550716	0.19466331482813298	1.149780033824071	0.6331688862046518	0.8595410514532112	0.9719484675459941	0.7037990143737085	1.3117196834027691	0.6946867169652056	0.5675550156779713	0.6121382842099785	1.7188508479310565	0.46251274643234896	0.26527422683685314	0.4568023382272975	0.637391403042727	0.33217748583250745	0.8396084008653185	0.24870531145969996	0.3111871161830752	0.29303644783226585	0.9685064561902487	0.5140740676929588	0.2735912914598359	0.22426840892326358	0.5284220495665164	0.31363829229253515	0.5732777968626275	0.30923308749012474	0.3077763772191827	0.5467212014736827	0.3766091969775853	0.8042933230007777	0.885235200290742	0.31713002423577047	0.3434005526116578	0.8746675029404987	1.0109807480458375	0.5850585012184686	0.46590556851311676	1.1917663822302937	0.29477582375092043	0.3272570419459545	0.9595997601910774	0.2965297929843784	0.34900435913436967	0.4046613238080823	0.5660762694615349	0.1611565223918619	0.3222665539805978	0.5350259858486988	0.41875766631413675	0.5988278070942376	0.34534748443585334	0.8102318679723085	0.4472964322816254	1.5103182755118754	1.3389732715468574	0.8066594057833073	0.2779018318009016	1.2880722141601286	0.48114264082018837	0.44011608182228745	0.7632220435737345	0.9718511891748101	0.9289345195943058	0.2969381973514586	0.3963594295766005	0.3691929973218819	1.0769472265061573	0.8880036998588688	0.39700391379083494	1.2051024184569978	0.48470333876011346	0.20769718980170881	2.347623769416373	1.0306330835152948	0.3926835665708989	0.5562340610166897	0.7264828016556514	0.8261423053905937	0.30625760916759626	0.7721688365024024	0.27972413729011236	0.7453738301424658	0.42554485363107486	0.9063767282029512	0.8109585157243808	0.601628716540534
0.7137696125575972	0.5110983102028156	0.9544410241022746	0.147530914272832	0.4985352602374979	0.250844595166564	0.11678674576386307	0.748002698754054	0.31145980863268424	0.23514215875546035	0.24069761848478016	0.5968094698335695	0.29352054649368015	0.40114158577424414	0.37636241675700793	1.2254804297589235	1.0938469790795438	0.6075916375624842	1.0356970009264277	0.6735428466982305	1.4918227167988645	0.5793827241065787	0.48520790890726223	0.33038465319349586	1.0027784545801957	0.13569853447386854	1.066789852579486	0.520642600364438	0.6440867180272746	0.6197325766568347	0.5931289943091997	0.6676953045760452	0.34842058042332036	0.3376521378561737	0.3405857785226633	0.2768219158969778	0.2620355032528888	0.22686245084241824	0.0899535859959943	0.5137118341773264	0.32496203432272	0.21327376172267073	0.682951133064037	0.8335980055539297	1.1501187485120274	0.5928383665981367	0.20113750191527216	0.7250960119133614	0.33360807356883504	0.13715945027978696	0.27332525656264983	0.18060483857873605	0.8349761807840399	0.2952497715827716	0.09351594397655777	0.6613159617091596	0.91242855475207	0.7393671973062146	1.1020921348261887	0.4329943287744911	0.18225348574270608	0.2793971157127095	0.2147497222830056	0.21658324216481373	0.24870495318392147	0.7367670296626121	1.0416826101309955	0.9091266697256967	1.0278951250496413	0.5703465567529334	0.6460819080682448	1.6997673448992465	0.4292595622447815	0.43145410892737496	1.1580169766132653	0.2523396053409306	0.08572610506000278	0.6042188339097719	1.26372335403812	0.3108726244703308	1.0313404200699288	0.6793772965548164	1.132261082774043	1.859954392446012	0.21305856884057967	0.4977946947486019	0.8170042667285969	0.34738629187382186	1.299934036775704	1.3413152573822296	0.9334118868700382	0.5034782341776909	0.10312266683449765	0.6038400377641463	0.5654376509395344	1.2534268557021662	0.22830171544103142	0.25809944079645064	1.2445935425134529	0.4629147414101115
0.4338164202665471	0.536595788778378	0.5281319015704906	0.5885598345814321	0.3518735601439589	0.48409739510674604	0.5139720959994851	0.6881539492462915	0.6153315538125014	1.4057848427370776	0.33146001234444994	0.44430667401030266	0.6080762028547788	0.09311589411936032	0.40146516433745233	0.36244696063100407	0.15333340645631582	0.034206611561722056	0.6657319037891758	0.20889805136245218	0.2527049291229884	0.07985157389654922	1.2756854774595028	0.46952676677842187	0.29672202709950485	0.7458135871261912	0.6836039799708571	1.341660653088972	0.6967738912762059	1.0836297112633226	0.454837976523607	0.5412713851039159	0.7826228807888738	0.7069632685181665	0.5359220899742749	0.39486277795037406	0.5848675848185683	0.8863471140342738	0.9160780854356771	0.4288007803899231	0.7274896325706864	0.2776874951149646	1.2679498158446538	0.2699630653829105	0.7952701908096803	0.23024056689319927	0.27988525636193173	0.8492210532292086	0.2772417957250161	0.14800246105933706	1.561031754491112	0.5736321627851437	0.4755813358496856	0.558992106936159	1.470984634441044	0.6101120729655299	0.8773071217482901	0.30547200898833426	0.4503268677941761	0.7370938737847224	0.3507721166482586	0.589066902828248	0.37242438084236557	0.3744004400198715	0.6227614483856724	0.2796334051390825	0.29658319718464754	0.5257124490028491	0.7222701677413379	0.955178681595207	1.1947293936150307	1.1653184920079869	0.8167202295902528	1.0470979985819644	0.7922608074836515	0.2590211685550392	0.28617834706254147	0.3685712217616391	0.8477436577981058	0.5590795814685441	0.2931247403451248	1.8196819928009444	1.0396912400626526	0.6742701076468894	0.6809274207187167	1.359340622423041	1.0153308455685528	0.28515067064712063	0.9395513149492903	0.9311059486666665	0.7067008490598435	0.6891501483063673	0.35895249171156657	0.31962545128066994	0.190437030902457	0.50689176988375	0.5436666012634435	0.1006908063292475	0.6822221025575028	1.0338194859746546
0.2319853182652483	0.7280994426652684	0.2955637368600302	0.35510980713723234	0.7258837259801502	0.5791862040027801	0.5945554779746718	0.07999023645130184	0.6168887794874266	1.773549658456948	0.14458813839002763	0.4577732703263102	0.2597007062020136	0.4324594952279885	0.337051989426125	0.8031425218433772	0.5019207729345371	0.1864274133838585	0.6965386194080074	0.3956312775265631	0.22746527769736466	0.16036519325487592	1.1170060852854078	1.1581616620074775	0.8014174962448529	0.47809141794142324	1.1309790443619832	0.13614748153949432	0.6326119146970183	0.1275298694639647	0.5214041116195118	0.35832064184634677	0.6369580758790602	0.5532728380458402	0.6929669311217964	0.13175445777099112	0.5197461379631286	0.4844667983706878	1.067587587067755	0.6702389535693083	0.31296748113517764	0.6364138452236732	0.21428445121242215	0.8727698885194275	0.7969363224546542	1.6065745320071452	0.7250888789966798	0.2584973148157837	0.1271589927286404	0.9702901551579166	0.5537668510808512	0.5128520764753346	0.995721637502848	0.4661522672061329	0.9623597273789052	1.8558446463765859	0.5898412839779269	0.5588212671921627	0.6427324202068965	1.4860918759071438	1.102550432216312	0.5526052216796458	0.5173622071840462	0.45643815334392646	0.7988770849417399	1.1594869330652349	0.4551649344614817	0.5663198631209038	0.34200595654890276	0.9273159833335859	0.6015713313661408	0.23705873130427613	0.10699251430910658	1.0557410274383814	0.49263493820707654	0.23705983824525062	0.08731031231562461	0.6724286333587535	0.4959234837582827	0.61604690349792	0.44391277429197956	0.08798610971382875	0.8922127076414088	0.8893679887634705	0.9762376311714548	0.5538406022642259	1.0249403766527267	1.3736162512385566	0.6481957233458178	0.6871394103251742	0.4089765663829255	0.18006498177807057	0.4180710993905013	0.3264841143993968	0.13635733622424823	0.20703738357541263	0.4579032425004245	0.8654822255772715	0.25161333782410533	0.8759845165269603
0.4472127349019988	0.2834399481485985	0.32596264297993277	0.2656311784123756	0.4573929107182061	0.14309584345822499	0.5492835488390465	0.35621087488012315	0.8598313613671998	0.05186564538732395	0.23591174137002033	0.3745763544797246	0.6561138379417357	0.4046209047159695	0.6306359024285952	0.6751050278130932	0.881719649179834	1.282534638115275	0.9076022657360845	0.7602624839131759	0.6333819799030046	0.24982414623655913	0.8246866287730279	0.8600920980482388	0.5107263326548803	0.18089176266267779	1.0415982091956717	1.1919734315041783	0.5191629073065412	0.8295111848860175	0.9131473377497349	1.305613710800719	0.1206044236696197	0.7303737591504038	0.4563873795820374	0.4009882020158105	0.44495695823625353	0.4998655595001761	0.2690202475686158	0.2663194345138033	0.4950404227571465	0.8429710126498202	0.7313038350628397	0.3124199351696831	0.6738270179178327	2.466667244331945	0.5091086544595533	0.7671577847701149	0.941332333533356	0.33093834141286116	0.5953069907677232	0.996758446667229	0.30303059638476004	1.112194572905167	0.25068342746949	0.4740890306412253	1.51483548338687	0.8707466997006981	0.37048344853570075	0.2514657281370434	1.4130757669303087	0.540291718525624	0.17647586537531232	0.22021304165216385	0.6910709104990702	0.6595608531907794	0.3688202588424854	0.6793361468105179	0.8285833964692345	0.13115618157953784	0.8826525358538382	0.49416256132093955	0.9143061415201319	0.2364729562104824	0.31944227868476943	0.5402151175117023	0.9090799116819201	0.4842649690586563	0.6120404668248636	0.36208214676256917	0.5218085902834965	0.30776980302514595	1.5194247220644903	0.4248650540499761	0.25866037447437523	1.113113919828342	0.31678521741491517	1.0918553423056168	0.47988019683738775	0.23190684001292478	1.0546278219856762	0.18596915058780372	0.7865278929782904	0.5434753042974271	0.3526979503247798	0.6758718491237239	0.9612472392592812	0.3261267330607793	0.4617044991459715	0.4081285652622477
0.31553380695457817	0.7273573399943472	0.30930511359619506	0.20511000235417215	0.23081363707420355	0.9907527775057058	1.1757268209428202	1.5022591777105694	0.5599969818801286	0.6172507013715709	0.4399873515710927	0.7130802530799859	0.20324567107304758	0.31233236961026106	0.24651710171120275	0.11296333683657234	0.4673554175077332	0.3170272384716906	0.19940062627811866	0.5333809618529272	0.22288684027379796	0.8305212121342902	0.4910331799356676	0.36538331117203776	0.4925335596488805	0.38349241123112593	0.2483893997305225	0.5055277649481572	1.4958691366453283	0.6967330592103581	0.19855842454608347	0.4394349307198359	0.9807600978445161	0.8572159879486287	0.24715328958941338	0.2007872147313963	0.11185146170272497	0.2952763648306187	0.49076348470844566	0.13373239566312778	0.4625104517626272	0.8251129134146397	0.6582063875419084	0.262166423442394	0.20086852238569847	0.4549084659809278	0.8538375507942103	0.6188124174493875	0.31451498548443635	0.6477822137411288	0.6583981826754104	0.7607136447725489	0.17944215347544384	0.6502773551213389	0.6929852620744837	1.4757807759629882	0.6230160372893258	1.1401367897827261	0.791222594115541	0.8088552943052616	0.7914582791316056	0.37548120987583306	0.5621685602417361	0.7661339442989487	0.12839396269323608	0.20784155203905577	0.9760691839570153	0.07272237830155004	0.7907413899228992	0.32818087130906204	0.9678703375019571	0.6074883115493456	0.26760767313017847	0.32084409996433577	0.20692934840047392	0.8336576470189991	0.18355245478250573	0.4060094117925313	0.17247141112009381	0.2147963862510322	1.38764648239265	0.9740605730895862	0.7343094251544846	0.42190468617754157	0.6387313394476637	0.9001984200342358	0.4926930429960463	0.5657265978031172	0.5088458368008626	0.2986290532533261	0.19771905318775834	1.0484209122638994	1.0141644716205909	0.4581949985468587	0.4671401124763269	0.9401373491748812	0.21393605920712258	0.677536038736875	0.2949395861248412	1.095453992011483
0.8226252197427324	0.6446442266661944	0.7708221904713387	0.36676197890749157	0.460393761903003	0.7580943795272573	1.0335277484848484	0.4354297161280382	0.23217937471042083	0.7331213726002672	0.553620747832183	0.3437454453648157	0.6719708826553048	0.2956504852933939	0.6291389081754382	0.372316475829266	0.34363834027633644	0.7899245572367137	0.11997354880527066	0.8429591775716369	0.3406766775708494	0.4278874342793306	0.2149894056121419	0.5890005628859453	0.809806726859399	1.572637423764505	0.9475519767923992	0.3851011193894053	0.32094804873323896	1.2343325373464555	0.886469255656323	1.3669976986793553	0.07904491090946027	0.44220273046023745	0.7217812280141418	0.32555628793291735	1.239016903486685	0.7006896309507157	0.5824047645660151	0.5003396635680751	0.38533522429793804	0.7208001825431688	0.8950465096135928	0.46427956596535525	0.17589729075368912	1.1302697014351613	0.44760914017358155	1.7796511284427754	1.1091515464111725	0.7698163554873368	0.913689469008118	0.3214955743375174	0.3165231128663971	0.5611757035878974	0.5861093534370314	0.8264177689730241	0.469627114434933	0.46215040777793576	0.23732863869336893	0.45454397362577853	0.23773019208233556	1.676044423148354	0.23444241258817455	0.414629269908311	0.2785336924485193	0.8331408067235626	0.5678818863197936	0.2897200541948636	0.28324987577639754	0.9957687968823534	0.4916663678598138	0.8026278469714467	0.4699756611391689	0.2638176133713137	0.44742409535864974	0.9713479625021918	0.9396954702908281	0.22821739975482572	0.7294201044177218	0.29125677229310465	0.5320172705034458	1.4474346109528509	0.5283218447906285	0.2420433713611001	0.8437729348513481	0.5302944405963304	0.7830527660837326	0.5031526038917984	0.5596520872167517	0.2570193666870935	0.10359307656084112	0.40338719903833975	0.5125168242971251	0.7032988684936301	0.3250076095729137	0.12480857302204003	0.4893925284862037	0.1642393748385048	0.15169050330101952	0.44013149654126316
0.6552455498267827	0.32952845253738705	0.43290741326156085	0.5996133400776293	0.33712836231703414	0.45548389907201015	0.26190906196906805	0.29825717327452705	0.7616897151798704	0.3975817345153598	0.4292163144447985	0.11463958230563268	0.6255171631045733	0.244750290821814	0.12552620924581007	0.006842697076122611	0.2474043913415814	0.5259433331145599	0.6094502382645112	0.2385301793060059	0.6739175574340401	0.5817058384344744	1.3187731031243108	0.19108822793992436	0.2685351245857756	0.7581517105736498	0.40043971040349174	0.5450381163272359	0.6290386142482928	0.1594211165629206	1.5605608920272735	0.5373236110284726	0.5528071329427326	0.4229940378560048	0.5485180249539255	0.9793550100873554	0.4108639824533915	0.8792596045671639	0.6024076908562183	1.0007382770912487	1.1084201606129018	0.8331814132084835	0.8770182921052123	0.881294869423877	0.3667179171406003	1.245050067851526	0.2758219591177384	0.25215747010625206	0.16442204917741823	0.7973996347356856	0.5707074334883921	0.19449711740262127	0.17339361744988016	0.3115095533864907	0.371590112987122	0.28321710537174755	0.5788229127310146	0.6152354017281589	0.4871665306358252	0.5764606633027046	0.36372610732099153	1.06461406629034	0.6572603232019318	0.347258531480087	0.5874297624032064	1.9001112275417755	0.26820553016269	0.21048254301881958	0.4679648135608163	0.28638225356169145	0.4659956918674331	0.23894646643493203	0.8125154359305625	0.5840723336423441	0.2421994325847696	0.23048049288558972	0.6110320297759655	1.040182105324858	0.27856038546836087	0.4414997901950828	0.5213597118407174	0.5327178711487938	0.3575948124939683	0.43888364842210714	0.5147377419048975	0.4765759862652541	0.5212875117208604	0.3933688586457886	0.2898892117498611	0.2343724726168602	0.8993480186328106	0.468297933186795	0.3932453338693686	1.0583911331567948	1.0150463949166502	0.7490376445227279	0.23074261351090736	0.6811535314971123	0.052289213225113394	0.06760243324642556
1.5193203729934253	1.1111891033764492	1.2768131191659338	0.20314024457440297	1.090911134920317	0.2813477962431694	0.36627764138876767	0.32541530300496446	0.5992180314673755	0.645912267602404	0.7767217364129523	0.9325121770296274	0.30583463282382817	0.3641146785185186	0.3455689296751903	0.42946624279704027	0.5739606757087524	0.1688843693098548	0.29954938498137296	0.28274667159408046	0.1909077102391906	1.0490769305410386	0.10576183106848074	2.0857463531340907	0.6400059877500837	0.5270739822630816	1.1712471587392461	0.6179930809319136	0.6457371684716396	0.8240722084775087	0.9692902417171959	1.6191321345517713	0.5859706806692643	0.9242803766497958	0.7222335008387002	0.935674583369372	0.372063886656845	0.680155108914573	0.4594810126218221	0.5684223614061537	0.46199116990386296	0.4229382537819207	0.9150203224981114	0.18251559176363968	0.5293496678156681	1.4066994736845861	0.256685541525532	0.3740025960792751	0.39064471087080127	0.3983848978479301	0.20454996964643513	0.4264517164849806	0.7757940050151149	0.31460183660335994	0.4074775561962177	0.36643504093351453	0.9316551424487065	0.0541508983902005	0.17305598166202574	0.16975257260964266	1.2179004546603263	1.1643535346248144	0.5748615390835391	1.0233414762409518	0.30171489631703546	0.9757472139524765	0.29707672901556637	0.597809000371203	0.4686811955062906	0.547778938441957	0.8375759077958258	0.29285570522027865	0.40032212826883107	0.22353550058078733	0.33901881543226053	0.49854388754455337	0.33155468596158855	0.5952662624939505	0.2837241752144258	0.9797421955689692	0.8542505088792212	0.4691092879373289	0.4248036622330783	0.7394213928571095	1.3842538130388455	0.6336594064885351	0.4098048302261578	0.30618002323455695	0.7693745122249962	0.3383267750489232	0.3391435905390807	0.3615085982426304	0.21050228879764846	0.43149818743987767	0.30793153746147106	0.2911301842627188	1.0907551138270717	0.4221236275190986	0.5578641156649385	0.5233368262722442
1.613459975607913	0.5530829514146435	0.715507191953576	1.072969352002803	0.2237041228430815	0.5403296578305238	0.5666226508670362	0.6688196732377604	0.4656676877370502	0.6690256792163225	0.2018262995469989	0.36029085823345935	0.24019375111061503	0.3991669152826565	0.32147993253342055	0.6014342486746189	0.3519273374895957	0.20050237997189907	0.38211163236551177	0.3942076703229109	0.7045310528843676	0.3337518610902238	0.7858328812504791	0.6193749242935361	1.1030741696780644	0.46825209044548444	0.9139285942483062	0.43886033174194955	0.5770105075832884	0.19145157915537955	1.2601746146710135	0.23448948685712884	0.8559494288655958	0.7879252724210443	0.3716161892242706	0.6839925885936644	0.2959578324147141	0.47290139629554245	1.4465951230895158	1.0280377762435389	0.47786030047941475	0.2411773977841195	0.9854304189646017	0.6850890112937164	0.8628917431598323	0.3724975484795814	0.8307800019070279	1.499120789984947	0.9056793289232743	0.7667504027164685	0.44658542946741825	0.3634850841632246	1.490668209856263	0.13237474568005264	0.26921115893811104	0.3652436647210257	0.3637501644807347	0.1962474405038461	0.9872312393878584	0.17309089880751893	0.2669751003466352	0.30071099224079545	0.5253627270922269	0.7498368193228176	0.17165562111152152	1.0548478062332312	0.2817042412270015	0.2996217634114126	0.2531710282671572	0.5210374187652225	0.6959677314717688	0.6534012071720744	0.30857240858675616	0.1612522971411192	0.5234741667552275	0.4458377235943021	0.45336910445574824	0.2790213207908185	0.5459243655773435	0.9098992620603263	0.28002934752072073	0.6112766517276902	0.35976605926222477	0.6574485197613101	0.1564108269013199	0.5434879838757591	0.6320961289337006	0.7162733192140195	0.6765583393008154	0.15596444203837054	0.22882764621855306	0.42072296079680493	0.23472652073770153	0.39787358522640565	0.46970659577649426	0.3043747126536303	0.2740183471613332	1.4473724315868897	0.14975664478782202	0.4270896640249976
0.9286694508000274	0.6786219737197215	0.7808890058570628	0.44868781265134766	0.43895774069202176	0.6112943259999701	1.0152205449295972	0.09608693405524127	0.22694922557721953	0.7559471344373784	0.18401170572175862	0.8190707762632591	0.35629731775496937	0.13850629522920327	0.30242321846681897	1.0110809859642622	0.2154619413808443	0.41048432580117594	0.28776512212050653	1.456629273209196	0.40366299833050645	0.15233482182364616	0.8411969208806735	0.6319539744080253	0.47605004752786423	0.45408563249094736	1.0194281885206382	0.2628814461909168	0.7984252264259684	0.29470855888429087	0.8962504846671949	0.3401324226724923	0.4440871830490649	0.7077579078573932	1.6883286229895165	0.4970556250390912	1.126932509778328	1.424407881613073	1.2311434489506747	1.8883870029934964	0.7493985393452347	0.2657503949662958	0.4594558248107311	0.32019837975075205	0.8265456969902832	0.5103815045068333	0.5080626660681199	0.22215960192453307	0.1414527407915851	0.18237511631120204	0.3551987845054944	0.29101968693698904	1.0422616542972907	0.45593763839128176	0.24011281399637538	0.2343145409665832	0.4204084864690362	0.8122159780228005	0.4594468832201396	0.5006731907015018	0.25684222112993155	0.4973559690313585	1.1834929487983952	0.12041230196911917	0.5869697566476492	0.2467941444902997	0.24694995563268263	0.454744832521101	0.5023905293600555	1.0946974365168252	0.3841673165759191	0.6537464052456867	0.1908576178467221	0.9087078196278512	0.6808877624083745	0.20717656897624562	0.24195707570847433	0.4415215443998155	0.18941574029238153	0.9466706277504153	0.39715333043265594	0.3985545224820746	0.4105597395168538	0.2823548132349759	0.8115363019901297	0.6332191442775871	0.8774583601984277	0.2217137808776729	0.9456147265083075	1.1369211129342758	1.240844989501411	0.16045903148092538	0.19156942856434273	0.9610624385462689	0.24508749114755224	0.6206721181281185	0.857206024366165	0.1728502202181648	0.2038808959768429	0.40761646331512164
0.3266576397181765	0.6962188204656209	0.9890312479751658	0.5692158954348125	0.26686804676557413	0.23333067325935872	0.4210875905926431	0.7671002786624508	0.6643801919985542	0.6646780896000806	0.7640016181699159	0.1618170874238451	0.4458517950096137	0.2794892309091443	0.18683285166580102	0.1757909736698998	0.42121323109133235	0.9095723578459579	0.8702616780213444	0.6798107299043151	0.801815328185233	0.45137834610370137	0.6487952164618118	1.0458519091522973	0.5743203562122736	1.1814437774218887	0.6507322350478612	0.5533276312196035	0.3785968177521591	0.7461611143627618	0.38602994601779517	1.2501268950814675	0.40453090322758395	0.367729221187914	0.5476337550229678	0.40697730745180205	1.02295342228244	1.110191789635096	0.3896340682548556	0.5068128619667885	0.8525970289132561	1.2685858413143294	0.8763522067002407	0.5298774637565878	0.4821407419767242	0.44249305488947993	0.8407969643725226	0.22031636745586267	0.2836717383679563	0.2507507582339816	0.5271582103160538	0.3024496041058833	0.6524289722621255	0.6163152014987038	0.359492570605535	1.0650219466851951	0.4883897925386015	0.8352289581892288	0.9861402995279053	0.9088841227393502	0.5483850386241177	0.9071117255462031	0.3713939825250406	0.46944659058844534	0.6441718308894847	0.3766853235594047	0.3941110360485406	0.4725672216994486	1.4789883886307242	0.15604708803737125	0.42115907600342267	0.7348640525046457	1.7255763440606162	0.2913085728252541	0.6866738950411081	0.2196277678349636	0.3332507071999813	0.5706654710129088	0.43974198651216	0.639111408030047	0.9524227264624536	0.8306625066166593	0.4539995491090447	0.6935108378630223	0.710553572973666	0.4323798741877572	0.5777672494461705	0.10770171183169605	0.5544856284870177	0.12170384742041948	0.30045623217669754	0.1221800968159655	0.6197846192753063	0.6054654877615209	0.23837289699373773	0.45504198229557385	0.2869563946248318	0.44741173874874385	0.38135678891106656	0.9703982798052972
0.9178244570320843	1.2709783745036562	0.18292277632571688	0.9528442723462669	1.1801949954327957	0.7856224993094788	0.5283932203504044	0.6748327391507162	0.3300406816030046	0.9982468592210093	0.6821812616340651	0.14791801584152794	0.1483692363673768	0.2998934250013314	0.18384862301244329	0.8721702199330053	0.8324136812314069	0.8375923953479764	0.3502952354191069	0.37236354458328874	0.1231610508156229	1.0779142958207362	1.1319225219433238	0.4344635813907039	1.3160417023691597	0.5219504158797396	1.7807717743796487	0.8290845356017433	1.571432732610532	0.3501449764376642	0.27363131582329253	1.0891226714088118	0.22920687239365722	0.6133617532394368	1.2517974787900588	0.4826867707748651	0.5455989981516726	0.3341744927519196	0.7239392686388113	0.6750766583315396	0.49327245318530033	1.2489455079731635	0.5366964874814031	0.5675363134794079	0.53253700897652	0.4199378544555262	0.5416968682352872	0.26036839631908326	0.625061095005152	1.096227070755226	0.8137074818771763	0.43717666733151933	0.5229190335394348	0.25094149587157777	0.41219895568438725	0.24401798848714543	0.86527823253524	0.6121425099620641	0.5318691450620049	0.31365030449495757	0.40215739891660596	0.5614649500988442	0.3036245502289277	0.31016570877188265	0.8696847068895298	0.4649705064964759	0.8120225471668657	0.9828350645695411	0.27814344411394487	0.3138041116142945	0.8782551085175814	0.31566858916556845	0.5731675856403905	0.6434567837518316	0.1616506859252386	0.09898296864652073	0.8371532997442066	0.8630674205419909	1.964336384005016	0.6510550131760611	1.2762780509465022	0.3837490205340339	0.4406089375218523	0.7592303031214344	0.2844317634416875	0.3074395136984682	0.12497610856168616	0.5978830255779145	0.3096828256193891	0.34993286456467376	0.27897675840876335	0.1991949905576109	0.8709434061284922	0.3552536216221742	0.32730714487814466	0.1833161947188169	0.6659136613794576	0.7155380049891297	0.12102543768232486	0.4619116016142906
0.771040215023994	0.33976123790298807	0.711088981645653	0.496485252898343	0.5278543471285699	0.8090695284133261	0.31161162625870875	0.4034609058973571	0.6494780408079426	0.15768231740393832	0.5101049443187518	0.2008851844247244	0.3894915543578821	0.2420131841247857	0.07913771553100303	0.45970941965319306	0.33977025871021016	0.28067996718597144	0.7860670394412879	0.13461750303397169	0.6033088353028284	0.8918224484242914	0.4676474641278098	0.6229782368206798	0.3972659548806048	0.6153032060167596	0.4937349853349328	0.3961306079583309	0.8574960379608485	0.7644772859996772	0.31560107659493886	0.6821189987241949	0.5509093554836386	1.1033732872893598	0.648248020266373	0.36809759024175265	1.1217428174917492	0.8843137628047131	0.5398079436114503	0.2831726910827449	1.0754277459920683	1.2052123542021838	0.19534633649830446	1.354878772077331	0.2638837157309194	0.32086535765380486	0.3354000125461224	0.4646644177262744	0.910657380527358	0.2715277335170181	0.29488824585116136	0.8700189571858271	0.8151077712022067	0.420482928550963	0.5709142298046331	1.1760168403274154	0.7593796043793422	0.9634341169671712	0.33768267253321393	0.15514943566891784	0.4001836278003443	0.2748186642569822	0.5638648218343456	0.2465264416919369	0.3798739981274049	1.251863395251617	0.6642446506562322	0.654711555654431	1.3667257100353574	0.1971342880766768	0.4653988739309133	0.41221368916368756	0.6230211246096474	0.7346313028452863	1.1604060251577308	0.5281753486155153	0.334365244584143	0.7304288693402203	1.4260136947002267	0.29419415713533775	0.6031363058546727	0.6487593398939386	0.1472524447892657	0.19887795480383216	0.25935862967532475	0.37523704613768655	0.34844959609718273	0.6208633521344847	0.2137637250488676	0.2655113423275126	0.7525753057658416	0.8447702415876444	0.895230888002746	0.7632504297958155	0.7922152662999725	1.2968821676335252	0.3893395224703597	1.9146376643117005	1.1074622089057882	1.2161953475290557
1.2872183599149758	1.43702209201364	0.6830526991270699	1.0632483670923245	0.7250226341195856	0.6462650012252324	1.1013987256915558	0.7107413528452402	0.612544838768851	0.2957087128435387	0.9095753128083277	0.32907876503897815	0.6528070803556951	0.3804040734248879	0.28217422202222614	0.353552130661745	0.4509852401403442	0.60518494238867	0.4813226975570983	1.3422606458326398	0.3748965994829979	0.24116999130365985	1.3729782588368395	0.6759332471333561	0.7173904299115931	1.30524431370663	1.0594821071459277	0.744139139639567	0.48607688083726414	0.5694589340457399	0.9849517964189632	1.677664969600649	0.52240914038217	1.4409751167951053	0.4221983006804038	1.1770599933426937	1.3045857965421293	0.6073680393887354	1.3873288070997756	0.7514809334463415	1.0046759309057784	1.2087794538534504	0.5984473343658482	0.3410785473322201	0.5519151911169319	1.1568549105235701	0.6802919973704717	0.32337768891101565	0.3827154515671997	0.3973733462116444	1.2608545270206093	0.643225463262841	0.9713830489473099	0.34857312519589523	1.2618150204650298	0.7084077334665697	1.378993184544733	0.37373262302261917	0.6295639786509519	0.5255419583275893	0.5216895303853175	0.2921056261281382	0.4543843246770904	0.5493406761885231	0.9396524870722255	0.5304653880622605	0.25314788598568283	1.5363483435492205	0.8386611836092195	0.569904223755579	0.5122927579355727	0.8652539526881635	0.7051194963942109	0.39368647517807237	0.5917309671256443	1.0197020800248011	0.45805499376480524	0.49429684807385427	0.9099811836941276	0.3035659797578559	1.1641651651466038	0.9900308404495857	1.2686496725322387	0.1394282773516224	0.5595961253967168	0.1504490675512352	0.78936203531006	0.30667765334272823	0.6203599204138814	0.7114933395552315	0.5248396349278079	0.9313430250763713	1.0014415951239406	0.7718356962444637	1.021100288970699	1.3896251590953441	1.0400889349236642	0.33757519595553637	0.18839960790515534	0.37135040713603823
0.8515791575297212	0.5248520790021056	0.47143089332737936	0.382564689416362	1.1194488035369212	1.102195306739144	0.5542919165083313	0.5125804700782786	0.3165627384655553	0.6636550146497748	0.6470974583748571	0.20078030248627235	0.7696443236741926	0.35398528998407225	0.6334109017893335	1.6640799609404777	0.46822831941831267	0.8742160088293167	0.5561370129713389	0.5810280252387865	0.3938720475928693	1.0425621487164012	0.687580531378884	0.377009656885824	0.566746632624593	0.9622533557105979	0.5930197562789665	0.10233318569283327	0.04157685937060377	0.35036138693571434	0.2897628409358184	0.30255713292927155	1.0812737108096904	0.5215837116850168	0.6364863985667286	0.4865847195130607	1.4775039408384978	0.6335882021195104	0.8945849430785251	1.0814607738047082	0.6180325743319889	0.5823683385223206	1.1587855747968667	0.8859021093092173	0.7997913706344613	1.096977336264031	1.4226421625580843	1.0196846870360576	0.26192289416316455	0.2559972408392063	0.4397065934234861	0.6449901884657235	0.6309184733009708	0.5408119784438192	0.7853108254914178	0.8377222967480416	0.26555651107033834	1.2847116316721066	0.6475427855107013	0.6988237594756475	0.18813448612391576	0.9260484576220457	0.5307697919840731	0.15543424997873304	0.7428680376505249	0.277725187466049	0.22635368209954698	0.5360626470779778	0.11367675636927922	0.5446645173029663	0.37386633881387576	0.40523607331078454	0.33617884115682045	0.6341734813536736	0.5173381747400583	0.5685438107940363	0.30643429612341905	1.1471340472370715	1.3380865481143633	0.5521785022914052	0.5304558276387356	0.4075722705310453	0.9136515144922006	0.4033502244888764	0.27963086714774826	0.3965329438842429	0.30316296248279856	0.6420874531531355	0.4561292626641993	0.41157825054108277	0.2325335802281369	0.8503144327049126	0.8607844911404989	0.8609292391905917	0.7677166627893156	0.5243994185594428	0.1914208303074477	1.11023864899179	0.9269816462664954	1.0322501717421664
1.0762756520749677	1.2366620044602747	0.1431703367213515	0.8563539970236671	0.7190912015969052	0.21551319580696843	0.5486761828145401	1.019712824908295	0.26181039569496745	1.0037060784727172	0.18245611096781544	0.3096962265177875	0.7323380095751664	0.25193638573506594	0.6670902704209699	0.31260284647754166	0.6221951264350454	0.5067738629584051	1.8748272896036953	1.0482235351887361	0.8184551957715277	0.2901706647655973	0.09443377548722927	0.6929859832112445	0.4787143021658636	0.19552007162625948	0.17700103806344833	0.3589766004876326	0.49866813326885095	0.5010955858400141	1.3923765036859996	0.650325245181235	2.107217954264407	0.6919520892179903	1.3813755300457662	0.7317325333600748	0.5978888676389701	0.5034748030142203	0.21874992343493024	0.5928682899843463	1.716536619107448	1.0461213391076116	0.2831512796339054	0.6713640735756392	1.539934991090398	0.41949569516529095	0.559527265472156	0.19423786342649957	0.4012151015953321	0.6448077311529027	0.7237793529998574	0.25611734179976003	0.5480139112560529	1.0228850447620503	0.5218977230980345	0.0664774095461189	0.16722627970148546	0.43337599662941934	0.8855600434566099	0.5206315256601509	0.9146742419293638	1.4019981973968048	0.2893017711200924	0.3599664705670442	1.1337324112961125	0.47981998285542865	0.5159723160145498	0.49724195334442706	0.47314724511562056	0.6697882782468362	0.08548156449063177	0.8164719644864641	0.1321380357951625	0.7987366714044671	0.3877452379155618	0.3405557452415482	0.18813630587917823	0.2986196866571951	0.41360539518958583	0.4563564593128957	0.2539964034968925	0.41357385312713224	1.5690924792491585	1.0491513782362325	0.4138691002449685	0.6680388070197385	0.34592532115475055	0.27954359637940107	0.2389650225764641	1.1193940500066055	0.253531430496944	0.3620411367681913	0.7318071572267574	0.7278815653694639	0.27728458161611663	0.6975122749071783	0.3811119671147383	0.7202589595570114	0.2539919122701133	0.1666185169438615
0.35238991998150215	0.5702633434702936	0.13462724385786212	1.1226879381481871	0.6901062009175497	0.5044514693449306	3.7227162436651486	0.693869767805026	0.34611857468541757	0.5530934577031693	0.44776946537382506	0.8100386518432914	0.1878464850254753	0.17411987036920032	0.666597992416915	0.4818879888816766	0.5984368650260322	1.4927280131703495	0.6206395872723133	0.06598545674367634	0.30377796859775696	0.25218427173345986	0.5339952898899518	0.3488965540799173	0.47728261470285704	0.6805659916959361	0.2803139238302866	0.5515817282989547	1.6642253598848369	0.6052766991581644	1.285205585491219	0.9074775802371314	0.37918991711425465	1.0514214691874235	0.8344108550180271	1.1082083081361127	0.3465470125048007	0.7783808006929136	0.6806195817328523	1.2106535663111433	0.8376932448754985	3.468249189690179	1.1192422480823254	0.43087804272237423	0.5205990973411296	0.3336334023874997	0.2884682132878271	0.9450388230589022	0.15684623705026524	0.3530953307081357	2.2616936884214702	0.517572270679897	0.39527107686421525	0.8363936454983923	0.40361265640655974	1.3313942691742164	1.7175220312266053	0.451761009749106	0.41019688341668037	0.8907556731596936	0.34924025818908944	0.7558620313039244	0.6394649297586045	0.45214092294907704	0.40237935030609234	1.1808490459524064	0.19713676988304096	0.9554707369884387	0.672668716081331	0.8163588610991914	0.12287492635471506	0.6243702600810173	0.5848300131291946	1.312263267722929	0.3118126867289147	0.19817342125132822	0.6985288207203584	0.5925429927133106	0.262930137994288	0.11981703103095172	0.3763043775618508	0.5692530505168889	1.165224083124572	0.6772429860426664	0.7138798298497004	0.49124497276450396	0.3171157404008551	0.8218898125858108	0.5735520099196154	0.5152841254548879	0.4248985265019185	0.2515706566080348	0.9096351923919594	1.0610421841250997	1.0544940126760836	0.21683513434148138	0.6274188903980904	0.48833335256807975	0.8949462009188884	0.8210084331922859
0.5455176924544983	0.5387572669739037	0.3670698934846207	0.46854444368791254	0.5848290242500415	1.5081923374557364	0.7259267745889167	0.08792187989753812	0.3609802969997947	0.45255033599217587	0.22576552822605503	0.693249159407477	0.3531153296556697	0.16616845416829948	0.9155227702946882	0.7143871056361847	0.8372174711899683	0.7688468417962806	1.2395983757176887	0.4886257751568687	1.0263315147004923	0.07705963137952526	0.7973182781668984	0.2565210679061982	0.23748727300910188	0.5941349085794656	0.1990983505109079	0.5255934914032291	0.42019249526256053	0.7743343098274821	0.4440457587987842	0.6495067973499913	0.29610000499852546	1.2265100627776369	0.4042000379196938	0.21064608387724976	0.9598213554827203	0.6406006257938669	0.7907282679014553	0.727789448748016	0.8504913973291169	1.912380609515136	0.718061095782683	0.1835688271136731	1.490117846566779	0.6051059381698662	0.12684669486244649	0.10310954405501398	0.6837754993749281	0.09888154429571304	0.46563742611271824	0.7270173671942388	1.4084843671571292	0.44451156799678676	0.30670126533738673	0.6255340483723394	0.6984719607344899	1.4733571841464812	0.9686400942184882	0.6766948475174788	1.9705199209292357	1.2672103271831476	0.7669990781998433	0.2579697278721682	0.3121322632014928	1.2978678823964525	0.6343676491578206	0.5290943786793647	0.7184649401176932	0.3603158964460278	0.8661551018374185	0.0690798941673892	0.3693733944146589	0.6906820495628218	0.12759503429731103	0.41655860291403396	1.1613979044521334	0.3327895832015571	0.1757623351587392	0.29447518172456727	0.4503390851204462	0.33153480097217725	0.6656321436645412	0.12429715302182898	0.9270250299195507	1.0438852108670476	0.2985662649716112	1.0916526485338724	1.035470328821812	0.4360226939870698	0.180923277877569	0.6187004420639823	0.44373608586661084	0.09695562610440096	0.628983659614538	0.31669734966166235	0.23712578048887845	0.2767385075765571	0.49931272357417017	0.8735395773485519
0.19127384244671478	0.4024490022801851	1.192186762431481	0.8407591257299798	0.4656974102261814	1.178030617514617	0.5292024254899237	0.25337920495166794	0.7359380080700659	0.8603735450496701	0.4342105472058223	0.7607789395159449	0.45029967042409835	0.43422605603962805	2.164840508264793	0.48500371210194765	0.8607285295907033	1.768195910771085	0.9100304435899832	0.20873238448576964	0.8856028969590027	0.3940644487349364	0.1861140109345666	0.5839274147392239	0.10124488446214762	1.0364506700745573	0.176252526361196	0.6629070841851291	1.1265707360297068	2.7270689344532086	0.6662197539016859	1.1251428188565267	0.5313225078622124	0.23242807427426343	0.059639526091572664	0.5168365660464054	0.5719203871729321	1.082221322162527	0.4935836888455741	0.7068497606085586	0.720240251890485	0.9768555986454383	1.3022951833906453	0.42884542371139245	1.1076833851463856	0.5622866111749919	0.5558270157587324	0.8290489101297653	0.42931564141510276	1.1155166819005962	0.36880436188196986	0.8332616850336224	0.5343515226307948	0.16733889095851218	1.4590956687905485	0.4216189648392139	1.4580251582839612	0.44930796859702954	0.30623689499074674	0.46220418635306537	0.4859464093153179	0.8824791610110333	0.7991638601581431	0.2551554261919798	0.64492043435779	0.6741842647899562	0.6230081748068035	0.7119864208604685	0.4940666191282287	0.7305460839003036	0.665129624513634	0.30516068945997504	0.7285868736013372	0.5514361182271473	0.20307034090510998	0.29321494133102116	0.7472375473447654	0.4267824831949479	0.7663203941905681	0.7080592629715444	0.47714062183817324	0.37840547018536186	0.2570700879733016	0.493896327291982	0.5076926939995312	0.3624822289672252	0.6534340412686512	0.3133465458739629	1.3455941510011447	0.3617715575236311	0.41203102251843704	0.5487676095067983	0.33747598682309093	0.7426917089061321	0.47344416375623966	0.6914941144416704	0.6585432145608463	0.41392442607862556	0.22609128248207885	0.3860192616968397
0.32016184684765986	0.19275323652872606	0.25964840932250965	0.42200167145751566	0.0582623746815732	0.11263066241624507	1.397258115282344	0.5956868040657476	0.6829552196589986	0.6419754723312062	0.213780632717133	1.4392220276540062	0.8729343756825266	0.8058108065607505	1.08013410681992	0.47196810347731666	1.358645981506885	0.30497705816184767	0.6402363343537608	0.30790687012683954	0.3039987265231602	0.7908521307618946	0.18653122260267796	0.1316865834231905	0.5266638182501433	0.45355743609745697	0.19981536470707068	1.044202551514754	0.22576600536226546	0.44805155852606465	0.34353312366707744	1.036709853044394	0.5426950651188756	1.4482466587492524	0.8384285993620869	0.7001268434047878	0.4020784591177867	1.1307422325866252	0.21387105833391792	1.402754169831877	0.751856834764656	0.17103374805175012	0.8108505733956345	0.5364138255325327	0.22226153487912173	0.734213156760159	0.5308296983345143	0.27885371778622725	1.2625589498377754	0.3656803122855392	0.5110196993266396	0.46605908708128546	0.644404101678366	0.9271609485906598	0.5973988248942238	0.9464915256949862	0.7025311424910421	0.7250052022151368	0.32013853880094306	0.8437880852388981	0.9187703281611319	0.3524799515493636	1.1673451328455244	0.4831150137848698	0.1528641212547963	0.6967878766449503	0.5035350177069857	0.25416499332241405	0.21456964757923347	0.9329458211652625	1.3319312243948815	0.4572259002448497	0.4655371068352455	0.9283201419578306	0.40383685387777674	0.27628921885497587	0.20769265374114884	0.18304242481746444	0.5039354524237438	0.5797796637618974	0.22896675402190583	0.30215115281508376	0.520488510233464	0.4113226717538462	0.8895198102320843	1.4737844407192435	0.3912041023909487	0.6286703456643309	0.8276164062572107	0.42817867985775543	0.7172538253610486	0.6206421449257864	0.6323924176301685	0.9611858600651908	0.48586881369686763	0.7694215976563755	0.9136402912750302	0.49536777432314494	0.9041186172483465	0.5826641883960357
0.17959568468483816	1.0133023835435377	0.24990291493578512	0.43981774610327734	0.3572930397977778	0.42895781575704484	1.8338079253623423	0.27493404117389225	1.2571646137737176	0.7348336220653789	0.2204137285120363	0.7813765664488259	0.5351902920178734	1.3651336217504257	1.011530706075928	0.19125897276053663	1.0403798532423247	0.6528393559787851	0.332329788712288	1.0913304144302347	0.7647658665141782	0.6954873160285981	0.38511526882892155	0.4906774459161504	0.34837341536119565	0.5857577216453068	0.205748288515586	0.28571699413408747	0.7448062066202654	0.717282764349472	0.4720452863223183	0.32782939937968164	1.713747493865639	1.0441758664824934	0.7701598616629529	0.11657168571399075	0.47393686125921014	0.2967472894529099	0.3883155541275513	0.3998946767115227	0.5303617107433294	0.4449526957646873	0.33983005446399206	0.35483602316126645	1.4595307894706027	1.5114307013271107	2.10579644531678	0.6751772917054647	0.20674931563134935	0.2186511274021099	0.4792971332148519	0.2838579636070152	1.142370905282635	1.1581342746033079	0.6437580465242015	0.13699298372201923	0.8641563780388454	1.8165433495320376	0.2993862729856495	0.3266124709086177	0.6496293958056595	1.5070687961738831	0.4927657715823384	0.7257950184719614	0.7079639226231591	0.7984015548997146	0.29486884559018645	1.35847030971142	0.6769005659609044	0.3425576688038847	1.9241035585896367	1.9652409540686562	0.574716487690147	1.0679271627160478	0.7040807355535141	1.1391324702291077	0.11542580391143964	0.501845179527191	0.4419245079915448	1.294738175741597	0.3494320052292243	0.7883649210006209	0.23119034673875796	0.5299381176411068	0.8466940887742312	0.6272918656557464	0.7210759494131316	0.3093783459469813	0.6449210579684451	0.5107994276631841	0.3203416144908489	0.3385735374529293	0.7140639084585175	0.6514216126636845	0.3279417220764788	0.3916996908309852	1.0365454385356283	0.8183376965942798	0.5794509953373969	1.2089736054737579
0.40687547509783384	0.22078470945944337	0.9458468671899523	0.912014369548572	0.5113364954747783	0.47700815861720613	0.5741959947793392	0.32409526167178826	0.4699912646373195	0.4333807407500251	0.7324918833515393	0.862954916262127	0.3728568023066486	0.34722927908968326	0.9149156125345792	0.4059190675010655	0.637307131535853	0.6946028781732616	0.4106628637665561	0.2613312154462621	0.8216449460418236	0.23376004659518174	0.3798452290188766	0.5660929624111746	0.7502779542222758	0.16907944268073855	0.8760846792656203	0.880430174857975	0.37760724528541667	0.3002444839077394	0.21433210093393534	0.2359819125177862	0.14223881790725734	1.2720084864240762	0.7777285979550284	0.8544947573684605	1.2325178782059123	0.8958343370770293	0.6777632369857199	0.58289333152326	0.4537498172114763	0.5801763246327076	0.3148497797349338	0.5294837004304161	1.1388294988775607	0.3811180562395976	0.36017021239685915	0.2944882041204424	0.32026840042169863	0.9404442815986793	0.41931586840490676	0.5928308595127681	0.3424603773051679	0.21679254015755656	0.24720316729554684	0.4636308281407035	0.3542853639894175	0.929976805240545	0.42182873878449717	0.3206178319800305	0.685732895050715	1.0355114800982845	0.5572541065548117	0.794300634016402	0.6402545934257107	1.0814188843180261	1.1304810987177654	0.4283992467085144	1.0124069526645287	0.6762125753882268	0.3569251582250091	0.548472065443684	0.6078949174202549	0.40035939728864134	1.0059289180624351	1.07505891574977	0.7909880105030095	0.4303290816012386	0.12782990735045377	0.18891569665053662	0.18985922919254788	0.86070776916881	0.47341858891283534	0.503318501850201	0.16460946777639443	0.6169367128536152	0.530827836910487	1.006251450654063	1.422581504490476	1.6629839376332676	1.968614949696619	0.929639181983977	0.5208066082909503	0.41687431935340846	0.3881120420603522	0.7060457505812255	0.5775655943837036	0.1893790781803075	1.5853230936601777	0.2892427796997341
0.326939081481636	0.25161008145925606	0.3914613992459353	0.8002397517345872	0.3056783451015151	0.20259311031533547	0.47206207661750194	0.41815040554072025	0.41465565206484395	0.27657162029457993	0.31400820738198887	0.22215717966079532	0.16180996774460038	1.8701363193848106	0.23218397638451482	0.8282128198105507	0.6167083046675077	0.5747687790418688	0.11366085613030033	0.9578026313343567	0.46880535001417306	0.2512158328906313	0.7551088852715128	0.27871144645279083	0.15351751680978296	0.31403276597229496	0.6392091743023577	0.26828462053001023	0.49670427379331583	1.4430411498303934	0.6407571433029032	0.6268543405579923	0.7021385538759467	0.4953395803690002	0.9096589202034471	0.3174684427070002	0.8896119826117552	0.5593143624597763	0.09302167616610418	0.33234435543193824	0.29177066562500004	1.0411682944271174	0.3009634815185783	0.2262626826438612	0.7604326263032043	1.025070600908821	0.2026026266323125	0.0779938385310614	0.4264225041803167	0.20115699027346484	0.38646536973233003	0.5821055010650267	0.13709359370967866	1.043463969496988	0.6856556101957925	0.3450939835278112	0.5535103664936919	0.4226497257584349	0.3209543335232494	0.3417029752665488	1.1373520132559871	0.31241323906774604	1.8901780322435937	0.43334132344451026	0.38566581673670597	0.4743587960514736	0.21184020920338115	1.2212508345729753	0.3134450924318089	1.0299219820543966	1.1226062634100114	2.4358338665387014	0.3520725085563263	0.6223332980732578	0.1485172753140007	0.7661187836406601	1.256646328844287	0.3115521914943553	0.5577772009835326	0.8323034072192735	0.4192262565926578	0.4254676384624878	0.5327096452849497	0.217302522066439	1.0392795200900284	0.0905473157025951	0.9986741404115036	0.8134009119278333	0.222346696431821	0.5254465063186181	1.158701126485591	0.7696981182498454	0.42269414333766475	0.3274825928173084	0.4215060801012843	0.5855603072706275	0.3877756115921878	0.4711146355408924	0.14741922088957182	0.4598897540680408
0.765602056351215	0.16477123046605707	0.5667230092817629	0.40317665333846386	0.22787512803330634	0.47627291387634485	0.3712498466665567	0.14331404915155638	0.7240327377675418	0.7644537283483334	0.33231816669224207	0.5744114229767856	0.8555686010631021	0.7003747675692393	0.6389480989403905	0.42245256786396573	0.9331811897505655	0.12285352066735906	0.36563246655760023	0.25777149555230416	0.3931277435793849	0.35088554428233154	0.6635719170319578	0.08777225253374547	0.620710675289445	0.4582240612552564	0.7169391738712241	0.38564105838270146	0.2581342359071398	0.9952025021055405	0.4772961686406088	0.545098057065759	0.4935835057438042	0.3635646433795146	0.9649043796974061	0.7190779713165824	1.155604738363662	0.8930591595203476	0.32542663387311366	0.7602525358154615	1.1593439728284456	0.9907561955418019	0.6186043818495497	0.4438698350454119	0.5054422502424545	0.31982551643427903	0.04787809813552099	0.10023478793133316	0.28758000364585906	0.307833618997072	0.23886651794674604	0.37229755252911123	0.8996058098508865	0.17647970895165155	0.5976714195128326	0.4425417656261426	0.6372535830174847	0.5090931373625046	0.5874805661953878	1.3075186461595332	0.654573354180106	0.6589130267986579	0.7307775886848114	0.7493687436880015	1.5319171074242093	0.8083174725952451	0.727719586587891	0.6044409017741466	0.7009547719703827	1.3194562831498315	0.9872130092675465	1.0542812975749212	0.3339720525606018	0.3184442128639097	1.1291163096681305	0.3662687608909161	0.509231883178186	0.5319077425375383	0.12419957685267359	0.7828030963776808	0.35749801478489124	0.45947629014226515	0.9240367622935501	0.4371262269783469	0.27616138830101566	0.3866681539564413	0.5226885125130821	0.26942240972515913	0.35011522820502733	0.7873289594060996	0.4122066930965051	0.43977449790144724	0.9620707609162127	0.6791629078142735	0.18956407094219904	0.5645901104916315	1.1393549401460759	0.10735438852346298	0.5096529477905117	0.16905710711956712
0.18777814143003974	0.2746467580152584	0.12312795972098327	0.17155235136920874	0.11921867353223978	0.40638641287529137	0.2767284119112209	0.7576826375865001	0.21607465511892904	0.5776139209511734	0.6542940647828942	0.5841957017823236	0.45794923877906035	1.10303702667318	0.9650234742946047	0.42423795873683384	0.14390774825760405	0.20507664790937172	1.2805619746843189	0.33418747449508496	0.25302743743621575	0.5826214597661864	0.6342245948368884	0.17380213728943128	0.6299717947529851	0.2850306655413271	0.3528157335933695	1.009483323066692	0.4774423498928089	0.7539788327782694	0.3297813196390658	0.29144647692798986	0.6610431991250377	1.6433215763451103	1.9758574789491257	0.3323882896187266	0.5453196674739526	0.2737335940742212	0.5549737017583465	1.1257093666039593	1.2662672366429313	0.21392704362163822	0.4136627115024171	0.5668020681200933	0.45451428487145235	0.5271762995699717	0.26747288398062746	0.5869152322185484	0.6329779570561752	1.4773402660435042	0.7528444348941639	0.1730374611828445	0.1839950502780078	0.8338744519077533	0.3442171573297054	0.5610554616102279	0.42834722759388866	0.4532375524836696	0.9304861014155374	0.26856534394159653	0.5301139400475454	0.49996049355820427	0.3119882471086037	0.700320010985072	0.47076991858671985	1.0174524668740326	0.8270109535874179	0.3150591110305217	0.3781785253513749	0.32870485194929117	0.3978369053909091	0.15459685266122597	0.4606540629465749	0.3057579217832616	0.3770045013213921	0.9526386989892509	1.1531013167931656	0.32395721356983526	0.31287881671545287	0.47803168466846235	0.3547336375322616	0.12903820218651932	0.3521908085982434	0.29616670458047717	0.48279478100932216	0.2818045408179356	0.6764534286313414	0.864606393440914	0.6057085104510365	0.87724928802141	0.546695655839416	1.7118606492473334	0.4708792965681196	0.4808016688845309	1.083090080424936	0.665011403120204	0.3701920641082593	0.5981892499323835	0.5274266355681965	0.6673523750222949
0.16708549254932753	0.1372755309142843	0.20575798687485433	0.18615393810126066	0.7499772717613487	0.2493983036960254	0.5481219480742588	0.4578151629643502	0.54166980110523	0.4566904122719355	0.7127487971887901	1.0669565977876323	0.3755395754656109	1.099565891779836	1.00754341274567	1.5490769189232527	1.55051228822794	0.5057746305696108	1.6835761464175965	0.7707138721701451	0.33508493280604323	0.9009247514726614	0.3945578680449951	0.24350989815849322	0.637822338673062	0.4912288173225238	0.5410574223560414	0.11565033466790144	0.502997121485012	0.8817137037790159	0.30035943247211677	0.7112559699039894	0.7826745929209171	0.49698784660932765	0.23503041183355955	0.25761882114939416	0.8936410965488489	0.33664118664136794	0.5141299163690863	0.20688980654454509	0.8650243659804124	0.574435043663887	0.3543649715369388	0.27394844158885784	0.8038573844073429	0.42759443923335533	1.8681268503486963	0.7249214247441926	0.6808952320984808	0.1391293840191596	0.232542767667082	0.33130584860897483	0.07484593288364956	0.4240046298377587	0.6060719611650415	0.5023754620967504	0.2512855054287347	0.22155294845594414	0.382270245227224	0.19179629260195763	0.7456128448537832	0.5496981746440801	0.8309488114298227	0.5926369234167949	1.1276753803127544	0.40942867551914774	0.47762186558144754	0.6339787106482152	0.554959491590592	0.7744294327255975	0.5183959404126214	0.61694318460646	0.6201091877757077	0.8878885157624418	0.7464174773113064	0.490421451915374	0.3246250601860786	0.34217726777374113	0.17294884536507146	0.548536223719661	0.20839173310894463	0.3165309491605968	0.7013736907344624	0.30680536876934417	0.32030247179672827	1.0066975257827788	0.2106698987697964	0.15865007362982272	0.8203558390507011	1.4344530001320404	0.15047892575042882	0.8113594274888345	0.9807489601101949	1.5452170199130069	0.438817735562075	0.19315497816712973	0.16938313404978758	0.24439795395230882	0.7075586230953399	0.22998928979422878
0.3742497156408395	0.14882651508283856	0.4759453134826243	0.07487596427817467	0.2227016893564865	0.5128128926590381	0.41192257036472363	0.3673690407255911	0.9824378121998756	0.9715672538886877	0.4112643695211113	0.4871018645475093	0.5119676077267415	0.2060753095220229	0.820064223853156	0.6252173099435269	0.5735202126640274	0.1595558874571086	0.6768270554882492	0.19540760742584032	0.9429880965536387	0.4326595207057739	0.5061856633069229	1.1350594115193169	0.8117237563377299	0.6008310501841124	0.7158550172928806	0.40272676635919524	1.4086423345157149	0.5240734471420042	0.2780336347505705	0.7327879021333333	1.376625387939267	0.5321098137747562	1.9049404118487254	0.49997137678759257	1.5770275418364417	0.7075548368912656	0.5429309728078329	0.131549996516656	0.37823342228954077	0.2868846515444559	0.38140076410553275	0.3760674802273179	0.9055285369601624	0.30239641822916674	0.6257931341897781	0.6278671336909657	0.3559643255239356	0.25432856490142647	0.47868779987118704	0.40950471840693375	0.22059819164011377	0.36724408652922036	0.8230247200106717	1.03153670334199	0.09923815866777005	0.7115538922920914	0.37764458962708214	0.8227865850006781	0.6727009154065299	0.19354026605674055	0.3284575963424823	0.3886076385338662	0.34424450763004505	0.28889967200807376	0.5976045807585083	0.8532862432795698	0.863279843907728	0.8925836832315782	0.9044472876548123	1.1638360354036474	0.7449167772996831	0.6363914187084143	0.8194409535435807	0.5124130039992806	1.6788957796850223	0.906428471163124	0.6931864857521534	0.9325981343450244	0.2624889551913198	0.45596210531254766	0.22797678877734806	0.8081543993663536	0.424175529139435	1.1791284179816823	0.32042805833939236	0.33489651406658216	0.2658797919105456	0.42821684305660396	0.35749475190501506	0.20678134593345474	0.541384746739879	0.49876204813591013	1.013557829589644	0.28585814117519	0.8285473088791134	0.5109766466828879	0.18887886533340068	0.7520579168071297
0.1506833851682221	0.32882001134865046	0.5175791923440454	0.6118950332432525	0.587626588092111	0.14247631511000117	1.0210936373539297	0.9430802728084954	0.39876362354544775	0.9054965598500155	0.3437998803459819	0.23785378791219908	0.7249198390037157	0.8185006396888888	0.4307462431369746	0.6382825220210879	0.990191412753922	0.2268374835550819	0.7671853914341605	0.7327812919234287	1.3082617322887036	0.1354105004830112	0.6299581009279018	1.9394543964390092	0.4797444375720254	0.8036467359116587	0.8306342071424129	0.761008652655282	0.7385327277721723	0.4669973223049292	0.3289347664537289	0.33118187650759884	0.6446740387975576	0.26018855527147167	0.6145103595110184	1.1758589571377471	0.2369990044565425	0.4730151946038794	0.4590594840694844	0.195809815661742	0.7733116391602677	0.6026138326832557	0.9993150925766233	0.9384705910018104	1.0023743333012662	0.49937557893732554	0.5444679328436745	0.49979712026078155	0.3292872735028582	0.35352439635550664	0.5493164439327267	0.8660954635239193	0.40329112730152383	0.5648609451314608	0.4962406053504547	0.5480038400334928	0.342374858358595	0.27751234477266395	1.1192222073534859	0.9474711031767887	0.34519828519832646	0.7902160425241997	1.3974794835883257	0.8736465722190958	0.8202829824401285	0.1797044625818654	1.0927310071598655	0.46288711903364793	0.4685675598516454	1.3209255813218501	0.316189129014617	0.7469954541180399	1.3058443333613192	0.7811302631690806	0.7600710881838021	0.20758522589144213	0.7973437755701944	1.0231230005276133	0.33188411370636145	0.39548220164635844	0.8974688975967683	0.74490548112528	0.2929304869744975	0.39254663541049506	0.5706607698187135	0.39587386607411384	0.6135282237858398	0.160996072465975	0.9614912699555815	0.22902856805248545	2.3304687133958417	0.26639915736012787	0.2503047304329167	0.3920599203405064	0.5600891410845376	0.43156082454469047	0.7982891438960036	0.7853784712905723	0.3220980357025255	0.3201207532905542
0.685974677185494	0.18644138607669275	0.5866334837338878	0.47481038389827895	0.7966238521546632	0.2569319299435435	0.3754987835763456	0.2683805523235984	0.5905654339055793	0.2860986162965733	0.3756382178610231	1.932292009184635	1.2435950690195046	1.647286268054867	0.9591687281873865	0.4357595714080662	0.926495544140041	0.9061711839889462	0.4173044637386788	0.1250645156656	0.1495650386500689	0.8960183540698787	0.18598228859293467	0.47559315210163994	1.1426625073827155	0.8879297030378441	0.6811635426006402	0.793956555340597	0.918273526852706	1.2045825870441929	0.20503093182983373	0.32635417468925265	0.301159488124963	0.3566440561781844	0.19234555083144061	0.2785971991909788	0.27946002739922365	0.251568630393157	0.2438938254575062	0.32799329773189206	0.4299752592401438	0.19223608806526474	0.30790402775598	0.254859419848367	1.2267556372294497	0.6254010122732503	0.5276169139704903	0.71735858191136	0.3345136379348577	0.22139640876515895	0.23458710495230983	0.2458709922091859	0.24415856508573283	0.7163224033505573	0.47756755272143303	0.010325994717070906	0.3585985696646342	0.2507016485802718	0.32718606175781484	0.359838218248388	0.2134233448254714	0.25368194438738073	0.3926886951866813	0.3227769950537185	0.4462540023462759	1.5312931234504794	1.1457269710695501	0.4478260338618293	0.48158661851725865	1.0235657249646555	0.761939107219504	0.4925369242970608	0.6849530039110591	0.5342523335711209	0.5673129602820861	0.19711896207505414	0.8802206404039449	0.4043108913569938	0.7280266923988251	0.739797458697544	0.5229719527333319	0.5080420819260023	0.5215846816582913	0.38130907105528117	0.2834626778498492	0.8430974165410354	0.36847789495053046	0.6482281519658389	0.6202423338172434	0.7161436710508318	0.8026894430815562	0.8698087793073921	0.44382797412708797	0.0694013507375538	0.6181800347759131	1.8026101635679213	0.5262219772291654	1.1241278864265296	0.5196278532376086	1.7876453718796887
0.37083332108544265	0.15815775785694794	1.0641056410186398	0.2707479031729187	0.13410583202675366	1.2574941962037363	0.9417359566325431	0.19455781966566182	0.5756148190454885	1.2417168606950386	2.267044239197094	0.7658238275927832	0.6717420690569269	0.7771036250613085	1.6923442455261706	0.4350125391389708	0.7298791912019783	0.7471666955201981	0.3319484807386174	0.8418654763217642	0.30804853401187077	0.4326898759944887	0.7621714890969976	0.3911942727533158	0.5716161356684571	0.8714276428255789	0.5312813193224647	0.3650093140925233	0.6031367050984986	1.3724870579234476	0.6279545200545147	1.1013493317311187	0.9121341829782921	0.6926573993705518	0.39598050396875784	0.8394294766595726	0.44831419011330553	0.15162881758753416	0.5057201685667216	0.5941488806180019	0.2783916461979897	0.5053886942405407	0.5927551383157508	0.48873038389538837	0.319584392257548	0.1843615128709355	0.12211708499528119	0.24321472697214983	0.4000363652440418	0.5568906743691673	0.2844529045147808	1.14916941465747	0.4442427625111182	0.7743513494330999	0.24645179552564572	0.1899511130623116	0.5561646675968724	0.13979977790420758	0.711702804575987	0.5489906711767165	0.507635665654739	0.21398120878543664	0.6666113015245854	0.9141010749400357	0.5536397809506918	0.5603743778168515	0.5910044508450728	1.21361998524966	1.535810678195059	0.5845468720804475	1.3503095481209348	0.1873783893783947	0.35011406823683594	0.833741929678794	0.5301694470459487	0.222513949367145	0.22473380532995313	0.559790640962321	0.32981921877368997	0.2585108044375286	0.3704372583336699	0.8054639465145803	0.27578182645621535	0.30027913408870205	0.15971280991028144	0.6825227096719071	0.4160196537420276	0.36420660014105277	0.6474611364303142	0.4327483615880381	1.0127740017087616	0.6584142630463378	0.2900886470132456	0.35085116266330657	0.48470044178160393	0.18962536022016893	0.044043973785205824	0.8986880774100526	0.27003185226189386	0.5017199092319033
0.3499085379136793	0.3335002576295315	0.12501026676489213	0.7023508741298964	0.26756650482660804	0.4914804900279731	0.16314721124578582	0.4789962005868327	0.6872989501475565	1.0704507029711416	0.16389356208522715	0.6304472679880228	1.7094853796552958	0.8361895418391752	0.506319280933671	0.41496526451542265	1.110862086899382	1.2843589634364887	0.4450015433082108	0.5145802303135534	0.17475349225615633	0.551668496469584	1.0403584198288278	0.38643151930124925	0.4478594152773942	0.39465882550335574	0.2622432716099838	0.3298931580548547	0.6810002647629867	0.257942832056462	0.5976669620889932	0.9158783134578986	0.22991880537436196	0.49510609301373343	0.5572712392524097	0.22705805016814853	0.34367321138236046	0.8862247547101226	0.24282472361881188	0.08601989846370912	0.44667339386136506	0.47788819213869954	0.8330648367668501	0.4898950593269791	0.21074338597289582	0.2402777966000701	0.9740944868935034	0.606249013894118	0.2150528795240333	0.677949128203809	0.7548674934022893	0.665038849392745	0.17084687919350935	0.5885977703423491	0.7271997109947467	0.7162234599121612	0.3370409092209899	0.8612918930902236	0.20967140396816186	0.2927188508439791	0.13903162321023996	0.8540319406176015	0.35064045666602545	0.3892029362312059	0.27092852428808845	0.37985083475924775	0.26463660977047143	0.5265046805764244	0.9510525192727223	0.3580293231663946	0.10622291902933303	0.6930343633909791	0.9169416893539336	0.43785442775711514	0.15344222654705822	0.6720971199484204	0.22498633533316525	0.2670169943807653	0.15409005716735183	0.12522007410701053	0.2763505030921798	0.2261821161221241	1.041760663263186	0.11811215611976582	0.3876358999308872	0.7317380334110711	0.13658379959674746	0.6760043562806631	0.5757512140454506	0.2691645852103524	0.6855134137063068	0.5787944777465903	0.12607939361488862	0.6010785887420708	0.7142271631334293	0.6382691813306042	0.4573245437105153	0.20091352694047354	0.42840967273742253	0.4470713274771604
0.5725139091568943	0.5423339878244838	0.2171978308179754	0.6138949775078638	0.1791499083130736	0.8975029733408108	0.6128637582730694	0.9914825999774002	0.7374186872203302	1.7247919961544464	1.0206209017716708	1.1652075767434564	0.49409592342530967	2.1276083997878117	0.9675838637715196	0.8981181208378756	0.68361055884871	0.4242369189370163	0.9716113028579321	0.3514209318511969	0.9390946278963703	0.7157449795023716	0.7748491029818961	0.38908278241365296	0.6878954199339877	0.5326417790842074	0.48204591800160573	0.5773713677610957	0.9636742320269909	0.5608306908106405	0.5498474023623485	0.4341811388264232	0.2604794117080075	0.22325674759597333	0.5803344211502401	0.22794621927717018	0.2839336929400615	0.2910000065861938	0.4849554187208837	0.453564948379342	0.8209911508227792	0.48586189480935515	0.7757582084876636	0.5313938108034091	0.3743296968835981	0.810783531551219	0.46223381062663504	0.132948796456116	0.38167438493601136	0.47760773160335024	0.37216400287949275	0.36757760242236254	0.2063566777407437	0.30605147879234934	0.725851474630314	0.8747605046549177	0.7938529362652565	1.6015964639628213	0.5166202499539493	0.6954715982297233	0.2562048566735655	0.6246360692433047	0.6107749022826862	0.16474161713221966	0.4811828295287187	1.3817998217743905	0.3027392691909281	0.9138931575023534	0.3189884336684777	0.3429306096667418	0.8625707086304387	0.19121576983611624	1.198083193338928	0.9987744252097512	0.18645351593263787	0.29115508412648317	0.5324310269119192	0.6455010865227657	0.2161726053552024	0.5053319272660145	0.18608924766989685	0.552560090875084	0.1975153084612976	0.30995316834869496	0.2818451159892638	0.137480058842155	0.414866852874924	0.3368817413697239	1.1110116276565456	0.6735334138025394	0.6412025346087415	1.063957465416131	0.41658715467692314	0.23783969276611056	0.8488532457778406	0.34684534872543293	0.33855796532989724	0.482502496342019	0.5113750891099269	0.5145264222116794
0.2743171737844612	0.5782354332332934	0.5152526497619505	0.35359653098511545	0.6439099671150961	0.6020580034189585	0.34134819178315	0.18604633302875176	0.9119251256276679	0.6385960698407128	0.23569225323141796	0.7405065667965427	0.22900083512820513	0.5380006178129589	0.18197258257430762	0.8650168572741194	0.6871469307878909	0.968256180755005	0.9615368143442348	0.37731531112323996	0.4707081820769327	0.3312307027484346	0.34397545067025237	0.8186879872511513	1.029883618483488	0.748248845836275	0.33203633539346505	0.6155378674598543	0.3914366241907306	0.33856724609194416	0.5949585979281026	0.9092440884443298	0.6137500345881596	0.7290484702456848	1.084198108338711	0.29452703596927804	0.8282775104863221	0.45472456290522556	0.8894030164710235	0.2607266530987893	0.29385268785331853	0.7183331674921758	0.2596388368273042	0.8241894695815601	1.1659795206927386	0.3542402098686581	0.5390490270768173	0.26052576967479674	0.4133413825000564	0.17541369016716515	0.799690022816048	0.16002155913398594	0.5223508248615695	0.4568635482359915	0.2627400856039638	0.8978445627577627	0.4678682384971257	0.4198476575626896	0.28011305201770054	0.14638268243776228	0.5325394553756408	0.9507605884834108	0.8473716247729686	0.8798015898902559	0.7235335193125915	0.4649780354990475	0.19036556621784523	0.7364420110053824	0.48932537212671473	0.32772012282757923	1.0646468357142858	0.6714682098756385	0.6310979992436582	0.9355739397460957	0.43180536566495764	0.41250153334010037	0.3638373663511701	0.35871680844245607	0.20270978610367166	0.364476843092503	0.5386908715889391	1.5919774669351665	0.4155850078464952	0.3535341166351777	0.37145443003318346	0.4656915667542952	0.36690559505007964	0.5945339718680005	0.1988467312242717	0.7420177610066304	0.9231282742271951	0.8234699223969033	0.7597085040300718	0.1493523229501377	0.9290162231666875	0.19981737747340136	0.13217136115857195	0.1765484752804807	0.28569386134628116	0.7391574269572314
0.9334965724278292	1.1883352088572228	0.9139950193514482	0.2451678672183117	0.5822561181307969	0.33118387810281935	0.2968723646779825	0.21103274370409603	0.39796059971210185	2.171825939213817	0.3883880161156401	0.3548746516150871	0.30969739055231854	0.6861270756080344	0.44331549398827386	0.23999431622719966	0.2862934277016781	0.38461568500694315	0.5446437404903889	0.1663636936468327	0.37862385297947093	0.5206807866137695	0.2147431740817407	0.7153689767768363	0.16044898438081193	0.2568507236261037	1.3044320900578246	0.33170348806163097	1.4893816761427037	0.09333854565191457	0.8127976956358218	0.15811361292845177	0.4268819922693559	0.15759622567228648	0.18140005970643522	0.9924171347162558	0.22819764077689542	0.30170871090667617	0.8656481183360822	1.2028144833505796	0.4527723766781361	0.538589782040665	0.2853038327705601	1.108343010271976	0.2919509666584069	0.24987881906824763	0.8501031708035004	0.5993807696728415	0.1255209797641042	1.3992433722911655	0.8158704065232947	0.4767114032305161	0.42472126804367394	0.7582181927715025	0.45897751734222547	0.6776241961624928	0.36510717816971633	0.3645515322565354	0.27718239515395504	0.3496679155330868	0.30157159640510867	0.671483542174244	0.673354114188047	0.7833613388432219	0.3891762079856587	0.882324890401616	0.920870226003551	1.0326372941441175	0.36497783840300724	0.47673643123539045	0.7740401552710334	0.9124550989756856	0.4683111124361563	0.4125737365498756	0.4893406713480936	0.665826681381722	1.1876641876326501	1.0453524095440798	0.4076154815525726	0.16328675329573936	0.15334892661658292	0.33756335457599274	0.3147801005682662	0.2686950148660598	0.29888522768070724	0.5603095319032575	1.2454861710288314	0.48347332532613957	1.19565503419062	0.5040167249360462	0.5648604642928151	1.600213692919345	0.553220143347679	0.27905682181539454	0.437339683595501	0.8684947452115757	0.245063696499148	0.5156394731040502	0.2970897796397658	0.30585935749679466
0.5183412399862827	0.3252371687633834	0.45866586254445874	0.7259499237356175	0.4490820807031013	0.1283377586714288	1.4385873587897955	0.800757292738814	0.19841852542202348	0.5516110357583314	0.3932102140284173	0.7358361453588644	0.5812313778207411	0.6881896022873127	2.238863106574026	0.40031582539402516	0.4985407262199539	0.7595932902318596	0.46200323933204124	0.18011297969231127	0.3230000791610788	0.7922563163543508	0.549442435002812	0.7849414080606257	0.5457070576977705	0.5451688716436115	0.19166262873201512	0.6726196923204829	0.28921091511795055	0.5235585582385271	0.25917536113039397	0.9344012934259003	0.264860953788957	0.3492560348906761	0.35243362784242294	1.1379324210361974	0.7020660759890723	0.3059446329584966	0.5768735472666058	0.380912503643721	1.132213195235732	0.9789791817184543	0.5717814259441026	0.5429291808560988	0.720537959319666	0.8989353638519249	0.9177342669643812	0.27182286449398047	1.5816726852584968	0.7134070937312713	0.3192015905876592	1.677365832436801	1.0637092002423707	0.5209847284250578	0.15652916708450956	0.7484552906401116	0.4685500089810914	0.29153901194183796	0.6077783556455344	0.4331900686911687	0.31284409079065534	0.6316829510557208	0.32129669280511736	0.6102093527585162	0.5198388333980306	0.9295188941846371	0.2585789499378409	0.45111599721651346	0.7738053737240057	0.5975041335451111	0.3088168449852118	0.7646644353810628	0.3970234270598167	1.5154965240671998	0.512916714195794	0.500152193476579	0.8659534311131561	0.6159550520398189	0.23791232946501437	0.2915278893900464	0.23011369643666785	0.2002192265993945	0.4601376850612515	0.7973653221233866	0.8310574760801758	0.6420336074319185	0.3538524173733018	0.5989892328596337	0.5124715373676735	0.24760634694564593	0.8652646898426002	0.5820970560847405	0.39000364474117266	0.6570257674201315	0.13117257586951309	0.6832094718649349	0.4880167443024362	0.42637928637017486	1.3273198506302317	0.3837605608084145
0.566383313468652	0.7408955335850272	0.1790871208281607	0.16492435431578362	0.36451870501185546	0.13692693099460454	0.9015369923864086	0.7420924408080326	0.5249387490805126	1.5706343763908943	0.9423946618766225	0.8764177886039205	0.5987881539229429	1.0825605313281934	1.525771513141075	0.6148275031771889	0.23587717033222158	0.6398845512003122	1.894550491906625	0.9249161189668903	0.740050355833462	1.1212561949311368	0.7527081803097346	0.3125395920860303	0.6023586811332146	0.16214469356466388	0.2752112464911042	0.7383928983280772	0.6868402401183885	0.16571512294665905	1.34946497730938	0.38653372106743994	0.8595935218211697	0.40079041953121053	0.6117989023870146	1.1457036018818045	0.08075222126766037	0.37670783525633084	0.28298111677333593	0.5308661702706046	0.9107212563917882	0.21686073981224074	0.5670717310552098	0.5907904790806406	0.38127638172277634	1.2392580021935735	0.8801432890420247	0.5027867394366629	0.8961140625230635	0.44120354916978605	0.5257653944174757	0.8697122089928032	0.30044323934825445	0.8906486241179749	0.8498159928507858	0.246057652824351	2.0776426191874333	0.2899423331322796	0.3045485059227403	0.7456940726628621	0.694477110968293	0.4653319222044995	0.46017104310258344	0.5926010324594141	0.26266106586993715	0.26806781649347594	0.3994452792494022	0.33693624684747536	0.29428327760525125	0.800836084287612	0.28758326961615194	0.40090250078175	0.927691134427168	0.6225635749019298	0.7548086547976153	0.6262560160359143	0.7500089183659995	0.10157066502057932	1.4664458557137217	0.22596517157508964	0.07751855537196434	0.3844694120152452	0.5698791222483084	0.5166211853577828	0.5262580785368508	0.20294345036702846	0.6845299617907892	0.5239788713352179	0.6088046207249387	0.6857530901578067	1.4729970424510797	0.1536494879517435	0.19280977525756693	0.3402916468682918	0.21785910256596575	0.8032063422310401	0.09672609794439034	0.12996185807487204	1.4207732541915428	0.5723595192644444
0.5670290086771148	0.4725523565020415	0.8888365902653065	0.5194436643789867	0.6785108783678939	0.5428459757482079	0.1661354230062724	0.40844438985345444	1.1082797386586936	0.5062330630631928	0.8165843705023301	0.5648152161400132	0.7051400203127303	0.9081074073367544	1.23405304689113	0.5341903992709889	0.2800735985396086	0.49864831694362377	0.4685933198826532	0.409212722035475	0.9387609051245404	0.5456278672638873	0.3094477241129032	1.2892013972302179	0.62571627732425	0.34225496169391334	1.057411504013104	0.09365800289038159	0.5548467038594783	0.5575634586201168	0.3258723795681969	1.0630964866712236	0.8307851431461821	1.1134559487802904	0.8811612184806521	0.12914783231493052	0.27507096525362673	0.34129276055219954	0.41698169474800273	0.3757328044557668	0.23247126714506539	0.19089486966692001	0.3666275190908557	1.1712750991812226	0.3419103642056861	0.28251041674614624	0.38987845005404503	0.20703004820512821	0.2991223905371936	0.310183807958708	1.0694673835551332	0.16699886342420434	1.1062656139564346	0.5073694934316407	0.343097847685519	0.9492271724832154	0.4530933537616164	0.7695366981734137	0.40474675559398093	1.0099764218559182	0.5596133522443332	0.4272430350672853	1.172544431461721	0.09404613009209423	0.9229462860355927	0.34723564338418195	0.21986211107018763	1.3677209603216947	0.13990409406656018	0.4829206301652782	1.0455490972355082	0.8258063105715542	0.9219795461997882	0.6708570846524046	0.4049078980438276	0.729506370198252	0.6298612738126096	2.085142809105691	0.10928155674458673	0.7757912536482652	0.7759162155658453	0.17932504860397153	0.5212875761968344	0.29558568174303634	0.5066119986937234	0.2801115659361626	0.40512780040235297	0.055639623370795296	0.49236626882267437	0.3577505544403878	0.26303607440755383	0.22235095563852758	0.4960355789976976	0.5347536298603645	0.49138054223855815	0.6386507969259407	0.6585295258035649	0.23511497742269358	0.41355824463857577	0.24348843231638415
0.1908570927823207	0.48551051822850877	0.6096216783549149	0.8144167575008882	0.7289340110584809	1.5662949797363672	0.24505072399390676	0.554175149944674	0.452648093398902	0.29843871268548583	1.2589379431991563	1.277543648636117	1.2851912373830017	0.1711032147522746	0.6323572446916901	1.1772293106890306	1.4548476279266473	0.6888216191926366	0.5424530308578492	0.20742321140365166	1.4233835079542545	0.6968813858727552	0.5834043679422544	0.29240907250669174	0.19654757656381533	0.7262407128548896	0.5862229053070557	1.1591657826783541	0.8734207980228604	0.22183291366911265	1.5664622383194835	0.3206136756695306	0.3951165611254345	0.6044083679813314	0.2803980551620358	0.47788248769650554	0.2583333416455848	0.5640829543236257	0.1858052322450945	0.18826387713540216	0.553235307248744	1.4541421994901536	0.8836861515553854	0.20940914606510094	0.516829548909787	0.31218793830710145	1.0926443942601631	0.6601995328952772	1.8338520711999475	0.7445723389116443	0.40609246836061313	0.7983243669118428	0.8156086847846084	0.4047592358925449	0.2694418955215107	0.8040654445280392	0.8674307156148361	0.25679823543191577	0.36332108437784866	0.17235688504214183	0.9396553504638238	0.6583454377329361	0.1394417697804951	0.5367688636697581	0.5920665705317949	0.34758591338706873	0.617594735189697	0.19657692266936275	0.5661712969847983	0.12455485115055752	0.30986129729781187	0.3674570644346786	0.4698397047056877	0.553031048430626	0.7094681658315101	0.7079482936515507	0.3505301697926918	0.2993548669536522	1.1986276258136472	0.37105016982183364	0.5975600114103032	0.8509341746406451	0.43585703711793705	0.9030774466011235	0.5350722613931108	0.6221128320555708	0.8741357193560753	0.35014170853929644	0.3119277070764896	0.23869031295722526	1.0709151532762458	0.25311669555781596	0.911908294993478	0.5804833870010014	0.2669056849058955	0.4581662134019091	0.46905653016314647	0.27320087413499233	0.26526290742245384	0.2791296121845683
0.5306265569400865	0.6250117604036426	0.28306023915634926	0.33774984853180456	0.843280858973207	0.6103969595121514	0.5176516267713602	1.4274359844784443	0.7402650444759218	0.47877610778436375	0.40943976117705594	1.1996602121514732	1.073222348102604	0.8291991526987678	0.416873099801732	0.6061279432230482	0.48244853689861583	0.47495955297516484	0.48544103937576316	0.9816766691487216	1.8082309924618574	0.3836798498479501	0.25067345339572406	0.4770504208143896	0.13472768725621204	0.39176059186397594	1.634796133268593	0.3831287524021087	0.3604596057059131	0.27449848880615907	0.7349135434668379	0.32520147925138837	0.2699917824545281	1.2250501324412215	0.2762282038713309	0.25698570241083135	0.47588930595138457	0.25175303462294524	1.0537509258676	0.5330760517165468	0.2347005905951642	0.2194425374568866	0.14784443502546737	1.0194454791179146	0.7077513803525771	1.5655724006137817	0.5081662966863005	0.38153131862408945	2.106340226267689	0.9378436659752576	0.8073388418395195	1.0491057256771399	0.7181086055069262	0.46963057129418584	0.9023560965172199	0.4823105308258382	0.6716369860079078	0.6091984919295499	0.2929033102189801	0.45119476561923333	0.5864672496412979	0.9657271073405167	0.16793048817313128	0.5955764499299153	1.0357738602506228	0.5110849874540973	0.23141127233084216	0.21561822586189486	0.07154828180608584	0.3534370915179378	0.6734431519046731	0.37400659857869684	0.2580164517168034	0.7155041241434905	0.3265333433645736	0.7122281911426203	0.37696530230639497	0.29684595516231865	0.36202101234886697	0.4990119701268296	0.42331356739002	0.447873177744297	0.5777306020330687	0.7520839724925867	1.2496257122945942	0.48434876604306143	0.5641035638213467	0.7769563356089592	0.8704108486039115	0.8804099213636326	0.9372880813150187	0.2005877027414503	0.15656095842428813	0.4073448688672439	0.23371808672681046	0.7191914927893799	0.49681768864454423	0.08274064160330252	0.5039726351186976	0.1725614341290898
1.8751206717890092	0.7780738531708636	1.6968616699188663	0.3801706403827455	1.0251572226033756	0.535832080841338	0.2397546080266364	0.30987844870706943	0.7102318525875304	0.36953568551932275	1.1327356375913282	0.7951176677139193	0.6772434732108948	1.2660473962482457	0.21451315403170976	0.6268069856115107	0.12903420827296075	0.7534429226552343	0.478455410747572	0.4304065413875208	1.279118735167334	0.7050121082911626	0.6085789536792453	1.4497450599677089	0.30107861780158346	0.37252731734056493	0.22184353588019845	1.4590714003586218	0.5688785805271797	0.499084363752169	0.38667256884386736	0.7746105143642091	0.37083510373015416	1.679221679730484	0.3903600029225813	0.5117447783025397	0.20804272831792048	0.7503107190025253	0.3697628583283808	0.09258996141131672	0.3100882234456352	0.309096707375309	0.3221924596037446	0.4376715865762788	0.3420029590168343	1.0978789922310173	0.4186085334952869	0.7722390171553961	0.7602115010564457	1.7508630630381725	0.8704009657691567	0.4410998660741518	1.1717118985695822	0.516506331361992	0.6257916013492226	0.23726687033407134	0.32227246093386613	0.617588732703526	0.24563796425393927	0.5167439091368441	1.0216122999075445	0.4138796804778066	0.46336553071771397	1.0022261584051726	1.2943457505910125	0.08443868281936226	0.6846707938139972	0.19051146703585906	0.8574614545728039	0.8425221817503905	0.3505607175293108	0.6350890939663706	1.1407903160231323	0.3068390930921672	0.5104023985893503	0.32750319924895777	0.4996581026512994	1.2034047444369904	0.4941021713682259	0.8575864200293813	0.6000506268348443	0.8673108939855384	0.9098314038092035	0.5421076232082439	0.7014339970514122	1.1792604666314368	0.1983187917143748	0.3693705602351314	0.1997889365157079	0.5255803358445561	0.5914510929343062	0.27271199187461376	0.5760941957099981	0.36152725284762144	0.3652397022256009	0.308563222780169	0.1873979366020426	0.8054117147829315	1.4683348219722536	0.32386592653013424
0.13686384567442667	0.6791773272960853	0.3864234828998761	0.9666343509224576	1.463820842209825	0.4055711545571756	2.0948524247144342	1.4542674728708938	0.38297461654472864	0.7905464258902304	1.697321853137771	0.8393455503407116	0.21206953204003315	1.507011785680523	0.5739756628834555	1.7790957621132049	0.997667430140782	0.31833762490992895	1.0109876949208207	0.3462063129834321	0.25721777728776185	0.38377289487383637	0.386114688140907	0.5704138830411659	0.49195720657569697	0.3372198357544425	0.23375891595818038	1.25998189143228	0.1909786944920534	0.16530811098368048	0.6415895803553479	0.44686898681285186	0.4240957615887084	1.424181915312273	0.9545148328337519	1.328916127504449	0.3810136606570021	0.1174260673603619	0.5926023059814016	0.4145248974984287	0.07536940733702731	0.4226512861805659	0.325270706534529	0.5191332552868232	0.9390642368102304	1.488682063615352	0.38284092596841335	1.0268450148734918	1.0364149361742618	0.8796320598334832	0.9076352464637001	1.1383764984210112	0.3772195607687211	0.2974779095497562	0.5499658114461278	0.6761755705235281	0.362887320766613	0.28846959681251394	0.7587740284363838	0.20105566366387198	0.4896192942948717	0.2982049919751077	1.0192201548454018	1.0056804648289677	0.1884046076750572	0.4400787847927375	0.3952191302717152	0.3091657006113677	0.6006312964870965	0.12576533879150417	0.5772514361012788	0.2708644549655248	1.6533247443541932	0.4364109198212007	0.8983260337498143	0.573268227131016	0.9465724183344943	1.303247182763361	0.45922484590142043	0.29719085267245465	0.8703223080741139	0.6224671215697988	0.6737451361506618	0.37171581691578276	0.3633376753548288	0.6720006548549645	0.4380566563118255	0.4994550430031156	0.9752073447592217	0.08370816832036161	0.21617829862958568	1.0964166357803766	0.41026843148301495	0.15831514939010977	0.6739521624815988	0.6823028285099821	0.8568003133685064	1.256877074173519	0.2665902242376511	0.6037627850752083
0.5523265627921911	0.36380504867113456	0.827744784690988	2.6465398610390802	0.4113468385721638	0.7879214796562818	0.38581254993346864	0.7233110523953428	1.8702658188393275	0.43708214211021873	0.6689016273488251	0.4771404748069554	0.790818407097755	0.48715776992854953	0.21784450108556028	0.4155385644755423	0.7292395629730664	0.8577017419069578	0.3478368913117192	0.47518903420830055	0.4254594097718478	0.27425783059881464	0.11604408143240841	0.5478105722722723	0.5008713373322484	0.6571076781450278	0.9368956765348823	0.3546814272918991	0.714904430301633	1.5825765825975688	1.0509411598939093	0.09961663630680823	1.0159924155776514	0.4754409242960492	0.652575345633668	0.6340571645878633	0.3652475228100539	0.3675520423836942	0.7564932289690427	0.7617434051461789	0.761209835855807	0.5408623946612866	0.3392361606292183	1.009821152402881	0.12088695943234612	1.0355299152336672	0.09366942417231472	0.9498846569683844	0.5585517336508565	0.8305229669449017	1.2415984117993224	0.6777718955546539	1.0098554789750493	0.7261533363084743	0.8128668422087616	0.4726292833142369	0.2176389498049135	0.42600815000117953	0.4486969178083486	0.24976920588383836	0.48924076572779435	0.3147781576646468	0.26717065878512397	0.6149652608688317	0.5103093917849001	0.19150599460576742	0.15745684191013368	0.7235282316564167	0.7892333549874334	1.3048148093059788	0.19951258126232857	0.7878302236121429	0.955125036679482	0.39878397442536334	0.49599828010291214	0.7092743639682366	0.9976669990145121	0.923611341468868	0.5295850697853207	0.15138252917060865	0.7226919763808003	0.8037666366084466	0.6403551667814565	2.331857674922015	0.15963230090768443	0.8541449476485418	0.4401038211563532	0.42235555730439706	1.021579903312008	0.2545510287673347	0.4438651363803762	0.21406808312124703	0.43592308062492346	0.5754289398432241	0.5306972971964523	0.2100332758542278	0.45082332326773045	0.41943669282042745	0.5798266591487573	2.2858809667921136
0.3740860279953613	0.9292027625767723	0.6073669624413145	0.3148274591151446	0.2530254558738023	1.0698094897646073	0.6807399436052389	1.224886336220412	0.6860131624261944	0.1526891048502188	0.7076604826109151	0.4517376669343	0.4751485533199249	0.413488041987672	0.3735223193143404	0.7394879595092023	0.148691569005908	0.1257263885854882	1.2130781871096517	0.4491375616278328	1.4564557623156136	0.6259497443317901	0.8763034953347915	0.6398288736433297	0.6384998748314764	0.5004982327920975	0.28629016858424056	0.26671117093977326	1.2973345367302658	0.42345998138535285	0.23709027224357526	0.8250711078663687	0.5414152290138341	0.17103783086494026	1.0081655354140964	0.3227811540019861	0.42277409259864934	0.5627878710911431	0.7813768757312173	0.5702568517714408	0.4974467028464756	0.4054574989626783	1.6674947975783208	0.2797884500383693	0.8634287913000249	0.6702002806812595	0.24632199131657034	0.20350636892991322	0.06675998604084121	0.3802779747883935	0.19824089369853806	1.1542252467950715	1.1793811772374947	1.1618183703054217	0.19866091352755458	0.2555840671124353	0.3300639564642798	0.17756660742724317	0.11970794779589213	0.45269891825653774	0.15491371503477763	0.7301125270531306	0.5001702398152659	0.2544317792961132	0.34986894328252377	0.4602805561271345	0.43230041133668434	0.3125203816568649	0.5763177013328852	0.6420050068447593	1.4308509787335282	0.35758866392308	0.28446335462348704	0.6186014317348963	0.9763008989169527	0.1421454296448467	0.597642997787118	1.1663767373325595	0.9748861090254397	0.5580061836061719	0.4316283098827103	0.6379328142248126	1.2962582863019447	0.31523180903811504	0.5906964275224026	0.2158959628008011	1.282055424355077	0.41558478385929215	0.7554585122831784	0.5945876237536584	0.45351827932392313	0.5764644552613715	0.7092029379554426	1.0960870693439757	0.5166150951873865	0.4511850680513256	0.2873598918656414	1.1068692381290033	0.8530356978025528	0.7768209235168606
0.8821465414942392	0.28521692389406356	0.6137243070137606	0.5020858556057907	0.7065069581740493	0.35882274848630513	0.6361935730922859	0.19034173867810267	0.9323800700909429	0.5084735495852399	0.9250970114810192	0.8376560501481864	0.4601231494572939	0.8425041837348435	1.035043092384045	0.5828892227166889	0.32869423992167984	0.3479643112359314	1.0743659070713092	0.2613935063852382	0.46909454464024997	0.5033482960552725	0.86963286768512	0.2261227425717266	0.5014218031453124	0.17921391996387634	0.5356716590131039	0.5696766792437417	1.1036731128785593	0.2621254931034237	0.7074008286473432	0.6970441195862505	0.13880702069033568	0.736810018158624	0.32949200676174584	0.7668322142164833	0.8487809423893511	0.6447526922683217	0.45260012165808194	0.6082553626549366	0.32467537227834753	0.8863956695240246	0.643108512806826	0.041964380941826696	0.4623878215586442	0.3506552504616779	0.737635656613104	0.9791336710435375	0.666720566409789	0.42348055687783703	0.2506798013809036	0.5948957940040651	0.5061678884447088	1.2122412029627234	0.3674609680613944	0.14725474630127028	0.2406839680964831	0.5595639815006959	0.3279537113534603	0.7337702557818903	1.5427235148228935	0.6976574082514165	0.3969678972156024	0.45241844860653696	0.17418743972912712	0.4398479273557186	0.2776254755577118	0.7434629185558781	0.8138402062557317	0.2565445571269441	0.12338866726520224	0.18799755234842513	0.6628484839018846	0.14925476919573785	0.6566518888930476	1.2807010519596165	0.5212178471393878	0.44383887838603286	0.5597804027641436	0.6619493196175618	1.344371488625394	0.2997392267108522	0.743363201246066	1.0956120440740367	0.7251920597506059	0.686042001768846	0.43594936580352217	0.20855838037739585	0.9995082145395134	0.5165883465999153	0.5399663624143186	0.14586215914200354	1.627097802737403	0.9172412473782035	0.32619435737651126	0.35449020367329404	0.8224562159081721	0.6152432942605013	0.7336218088647336	0.3842508007429246
0.6513229916150138	0.7752044787704545	0.6106420831109258	0.35445280978122246	0.5632620891839568	0.6060040199140986	1.7347724750535598	0.7934404541847194	0.8241867884698416	0.3590071545072886	0.49796224692411173	0.6563414610229992	0.3315180687101027	0.55436305579745	0.365637818608848	1.3371054128701085	0.3246060265563788	0.4173518763039472	0.26459947448049753	0.4728548181460973	0.9115900679889986	0.41662376257057276	1.5936998866816405	0.5792860388207314	0.5719919368404939	0.3744007853944708	0.33949939715129673	0.8282074957907312	0.47029778885186285	2.046270913160521	0.19100343993344832	1.070206414495485	0.472104742731884	0.2696903680556473	2.253405150512394	2.043648072569418	0.8711894610862457	0.5831996304348336	0.06795027774551499	0.3735697701936959	1.5092867618850883	0.8646680318954859	0.36754813696647687	0.8305280341603695	0.5196958373077286	0.25890364998147164	0.09424984460785878	0.7160324505327244	0.21571267076770806	0.12739174265761083	0.2817704476882539	0.43700331484277555	0.08687370537458487	1.259526961178045	0.23344897337826054	0.30939914801579965	0.26744691159741263	0.22467036620823824	0.1895535293185741	1.0600423319113919	0.5523113485054969	0.6416021602800807	0.3474987133435834	0.2913033677356127	0.9626240109995969	1.2486110498144625	0.7046532811357591	0.7064276155191633	0.746727721855123	0.4550679888965653	0.1921663369504428	0.20314474633230226	0.4570762889284501	1.121227870145623	0.5053990569558598	0.38970741015489574	0.41146162211275455	0.2590414385504397	0.6894049494054724	0.1849611670348097	0.6114582365112872	0.40045605849604804	0.36266114463220855	0.5634460822714891	0.06556968080715017	0.21279802494165398	0.5115735048944515	0.46769768812495227	0.568207417801432	0.9708570128363151	0.2609618371168845	0.5228082205077187	0.7372765741904617	1.493478607992656	0.5674556708966773	0.5506852490220743	0.24416811793552567	1.0108604226470215	0.3281329849709646	1.1373708644104759
0.503203683327831	0.643156882922366	1.758348141750021	0.14994681591081188	0.6080893275909143	0.26210610531830086	0.21848611849851257	1.3648639615832578	0.40783685817559145	0.21192357519082433	1.2149171691520988	0.48118451242557836	0.9909720490131276	0.2811157949347268	0.22969627833663983	0.28771401344034814	0.1569221148474241	0.2687044748923846	0.9709794918451847	0.3307404999984529	0.10087263639567937	1.4309520028228133	1.373851873825152	0.23460800850228167	0.2903939868353367	0.5742257833044612	0.26421400427276626	0.3908983544660467	1.0292115967083426	0.6647268107948835	0.6930162783718105	0.7407033792134179	1.384808115484743	0.5171379942803731	0.18572161308003032	1.2821556035884234	0.6736211334213674	0.9975098744935211	0.9313938859664076	0.6942626233691226	0.8090320708058667	0.6285427760983209	0.5144311302127504	0.6594992552531801	0.3141809472433993	0.3786193171173312	0.39924607751549945	0.16081336556753392	0.3476716352272246	0.796457988668312	0.09540874431963903	0.8459277820861948	1.436375339006815	0.5067721408149765	0.29429489808610687	0.27656105045229745	0.5671598221944131	0.5959513903523298	0.4642705817549477	0.29750632031896995	0.5482771621528674	0.23912712687711238	0.5338212451009999	0.32043464205332717	0.19995899200646466	0.6245575011099082	0.09713569098481249	0.7792992370165504	0.22884348181695388	0.6145406425048071	0.8642956554069982	0.7155063464412939	0.89523107118637	0.5231219111096579	0.25784768297461635	0.4933045386666745	0.6042057472372724	0.23307419334356402	0.23965406626608207	0.3145067355551216	1.0484876756975594	0.082835421005971	0.8168991698920671	0.7494588167487144	0.4256590193649785	0.31308177520589714	0.7076316606137186	0.6695672430059599	0.7934745263163455	0.9459517548824729	0.5014745975908752	0.9129382951105037	0.22797884832261525	0.9544994857004994	1.5377770316805786	0.6134761308912503	0.27502145784725923	0.7019431631037708	0.1694458878513543	0.4779629206357749
0.6187493401161239	0.8705311760500478	0.20624556387271556	0.8669976015997433	1.0112260032648956	0.6612215569303322	0.9503279027880853	0.24451517795568625	0.422848113528533	1.3517366061272558	0.2918568862363512	0.4922582860445729	0.4916872063293649	0.6361277870939275	0.7221568224336155	0.2493912008816149	0.4815281531533535	0.040111996481477216	0.5014278616571892	0.4342255764254164	1.0103979697970094	0.3131978390374791	1.0488846333960924	0.6278511217062693	1.0273944321516681	0.5730440540396986	0.33389264555916126	0.48894170466779635	0.4415866133949014	0.46280987980459376	0.21753185938443134	0.6920592221747226	0.16200572115009587	0.5941581015529506	0.256968821266074	0.5269307907556833	0.11486551428276809	0.8433692550002262	0.30564148278236913	0.7860215371258269	1.2452230535129611	0.3398270218143305	0.2979475069088061	0.27152852558859975	0.4025904151176461	0.7539426024170595	0.1397836069151686	0.7353650905165711	0.18166923212845257	0.27467887230952953	0.08407715161988108	0.17509403760324768	0.6662258944460395	0.10511325158950446	0.18784313232082364	0.974554950659226	0.40966199756730326	0.16476928261768164	0.460928916708692	0.2439452460583809	0.6879560602092987	0.8248848192549566	0.27312392319211487	0.32480323225551627	1.8121247805948586	0.35924193134975196	0.3991896303405746	0.5622420326012891	0.2656610927506775	0.565746940888945	0.5656008563497227	0.47352099628718175	0.17672012632013834	0.4949995441847949	0.11535469763816283	0.14090620054967365	0.2096259875858699	0.7786684125859019	0.479642534964322	0.23418785479375134	0.6204748414972899	0.22560101715162734	0.407778153763245	0.6694328981182273	0.46156578649006935	0.33443028976421396	0.44189702257109176	0.7749283289102913	1.05095609707034	0.6553053365375144	0.6862001118325471	0.5613010147664977	0.8018562229016424	0.34163511719097356	0.45305561592534827	1.3808361171804526	0.6882360620179293	0.8560607063952003	0.5219167624491757	1.3099444476595605
0.6355884028049154	0.5815639909823459	0.38411390584588945	0.6654308969600545	0.26022780208697904	0.7768943754112576	0.6617112338556098	0.07532619346200321	0.2170832151882477	0.6979474938670727	0.16191307795687204	0.9220406575679635	1.6724970010471543	0.6225042569241506	0.3719052110076916	0.61047674527554	1.0160720211367558	0.3670837779189671	0.38690281334560245	0.6970388260122311	0.4876179985470852	0.7369710012862619	0.5335715956587423	0.6954685135222567	0.40366753785132137	0.12097191902268759	0.7490750175057325	0.5430192850482931	0.651402100136003	0.26883418095172795	0.6303382753867248	0.403719944088914	1.3965361141174306	0.3211872900484092	0.7505787497829087	1.0266908642239314	0.4561983719043287	0.5159195419504422	0.5818898912859573	0.4227624398757682	0.43487393765121996	0.4201374160549711	0.0914345604274692	0.29789299877435416	0.11724496998646905	0.2015974163536327	0.22890510185185184	0.06581912432682613	0.7130131057079298	0.5903902773693177	0.05783177015067911	0.6888441282039552	0.13343287928154937	0.2159250650430848	0.5414119292988528	0.3121686043471788	0.22686085581724585	0.25246495790772266	0.1750717599012252	0.4045998583204841	1.0834835089674604	0.27086445203565956	0.33050639848633373	0.9450100651772197	0.9817870093905826	0.6125674570592313	0.9914193728617228	0.7038760453195838	0.6330184659603731	0.4683066542632802	0.4362668717866834	0.41038255344517144	0.6438572422683501	0.390374030628385	0.4352150063902074	0.09308732367991834	0.7392574950651691	0.634045209181917	0.4563751065449448	0.7086996167275037	0.3572044874158656	0.5960493929822315	0.7305662181507546	0.45455914415727716	0.6359098400370192	0.4722783127653461	0.7115351629386582	0.6328728831763354	0.7051965566868821	0.3734390687434916	0.697938425661669	0.8487981039644317	1.8005137048627293	0.6037916953714813	0.5077049582085899	0.4623558040884069	0.3501797103987701	0.8060770033228515	1.2272939722894225	0.23076388511233392
0.3039063892805627	1.1129942182700363	0.20992665177875475	0.45873259575060965	0.1574302841919125	0.9054630042976094	0.14039516912609834	1.7492242407997447	0.47659145484190585	0.6897637353339643	0.09330981653341802	0.37269326044369105	0.7136812192089165	0.47167749994933383	0.5604006186858096	0.5241758660079229	0.5978732679558081	0.7841017463399488	0.7305144745520443	0.34220617026985817	0.32100651365173793	0.5052671414384637	0.6728709138228509	0.2515544315969174	1.6796593492351934	1.1502988288365885	0.9943519286587237	1.2749237603950803	0.23002461183792863	0.2664687025669055	0.3913068949819795	0.514433576470735	0.4941428417961106	0.5991726198207742	0.6684101210426556	0.5422632156664954	0.20283049986373547	0.15834142645615912	0.21938441296755642	0.713680529145889	0.4230653582654494	0.6416399471905398	0.4673898151559398	0.5167128642602524	0.4648372772861094	0.18995504499620666	0.30007040154699016	0.3963655645659712	0.2703665437348523	0.19123379846332594	0.42299327904623646	0.29330302242103046	0.44044708397585663	0.1972670023189164	0.4103806157373523	0.16842649090258288	0.4487870883274941	0.19792764435098512	0.5348710161520724	0.40099909199062456	0.18509601159326428	0.5784943582002979	0.14043550566957566	1.1879917203080772	1.9481004420832748	1.252396287686949	0.04346343967208971	1.5442702813808518	0.9959836840177171	0.24562790270122548	0.6059854472882641	0.7046244551149606	0.7834702241319592	0.47801591678322497	0.30098491724426507	0.3595230420818703	0.8774256913981203	0.7175683568798026	0.563494528285164	0.3018049722601946	0.2831323936880512	0.2504739343285203	0.7675366011575931	1.088704423876652	0.5491126286454713	0.06006839093430756	0.6049006972052731	0.7703019314972636	0.7597387156656568	0.23649816768790596	0.5198517171256185	0.521688153042669	0.32338170133584015	0.4613698451195521	0.6339465166360745	0.5323951346076241	1.110567329957694	0.9544315120673723	0.7613510694201874	0.2227690172208165
0.584971425068692	0.34676049746722787	0.2551293747318841	0.7289665820955472	0.5328268362599102	1.1487649252949388	0.216111534837992	0.6680900614195118	0.8294481967662638	0.5120758366300086	0.7956975959332316	0.6320390011372861	1.1028602869971622	0.6181428903464774	0.6154633371747654	0.08979432386140475	0.22159451954206366	0.4302262130229572	0.3471392056840131	0.8281135064509809	1.778932864176839	0.994966103832721	0.639757637158124	0.5795325664212488	0.7991686727370689	0.4911092919909717	0.8964939345436388	0.6209786186092501	0.8233995324444835	0.40849001387628797	0.7441666957813373	0.1396464906896891	0.7774087936355202	0.3528370107869149	0.2948035467979952	0.4937953221618975	0.6280592426192049	0.4643035788785637	0.10785524703262131	0.4375213784404524	0.710557850405825	0.06565741566786087	0.44536029845458786	0.8096623812878888	0.44173690346544664	0.4484967588847858	0.3327697169675325	0.11688043678969567	0.3147028976289863	0.2496256030783455	0.34634771481101956	0.6256260581086951	0.3563711439962533	0.5826069112376011	0.5904225559038284	0.2826368832226502	0.2278511167864287	0.12110975194013798	0.17397372627895097	0.37461722511236767	0.16808570011863033	0.6733179750936236	0.2109401810615022	1.1836408037780302	0.8521495776367926	0.11989659262112307	0.7396681461417196	0.33627712838912044	0.6334454331599958	0.4218571842880592	0.35655327027509726	0.5248113650537634	0.3391393625707335	0.4608697186677249	0.13269736460428827	0.30501020330422274	0.6445094210205139	0.34807906419661183	0.19265046328977276	0.5354324206404952	0.5072445277847752	0.13574572717327363	0.7404614550165275	0.4479622927443058	0.4064375960562062	0.1958023964269095	1.1013751172191757	0.169863475175916	0.649722298751747	0.28005335875497733	0.6478132160693303	0.5727997210583791	0.4684760712212753	0.8039966894926932	0.3329527121660706	0.5440548981287879	0.34270760344272105	0.7483820833215636	1.6801198645989808	0.24118961138546963
0.13068784264012412	0.2867092805196451	0.10678399893762001	0.5590545172670285	0.528318821978122	1.3100526678570232	1.1471395740321437	0.6218069857578474	0.07087011728112498	1.2393520530218927	0.43238517542737637	0.10758268929262343	0.7744567187504318	0.4428992659327562	0.32401127667968305	1.0121034247588976	0.6413368309691277	0.9193900259107808	1.1155239237323549	0.6149613387029955	0.3863691025676937	1.4925603436917214	0.7826485407417114	0.20458205777027028	1.028318684127327	0.6791247420351908	0.7851811402226495	0.6971130655444439	0.4264748191605685	0.5435146284169726	0.5956443239650796	0.3809063601244776	0.3640186137782977	0.12226930739884215	0.44524908188176127	0.5477426752576486	0.08461146004351966	0.8530289294272543	0.18889467990514902	0.7302473660033416	0.1874099739814488	0.12228618913902299	0.10978489046310115	0.17669475073727017	0.24364142388325255	0.16802782453430756	0.7133616168603313	0.1778874700915636	0.29319399839970917	0.5757633451426357	0.08248906521102761	0.19932322472161434	0.28490976409899726	0.0937731619808137	0.740139084384098	0.3909695688006194	0.23643945062112848	0.27900144292233814	0.2690955605974065	0.327420485254576	0.7384322647072614	0.37385370814627483	0.5500560399349046	0.4527927664391271	0.5470485000266005	0.7508059027601194	0.7826001913450195	0.9887709377173143	0.2578895316480877	0.41496111302197314	0.28151316996931924	0.6041455636506329	0.4147273485010314	0.6525072946099619	0.3234775398157446	0.7889314228250698	0.39443822424002645	1.137008564815565	0.7491586679052584	0.39810352117288295	0.26998943099284833	0.3045499605699911	0.3186000913372531	0.659794523468833	0.15678659624752753	0.2522298751021851	0.17132641871468057	0.6680943177236828	0.6142656445135963	0.2296930384489457	0.4512031944431453	0.7889474036481569	0.40156980792763025	0.48597090362288425	0.20581085842100916	0.26117223040664045	0.6934382739439251	0.894688355388673	1.0744844870989294	0.7654091899304184
0.34563347529376115	0.8838652673057048	0.4690653867115688	0.489691860110401	0.6632975771327809	0.5942167242470121	0.36068653185115884	0.40026738877979745	0.7857996835038843	0.2537262630720867	0.4216525531463273	0.8219447695094054	0.6908911204579671	1.1728993480199092	0.7206957076791541	0.7122825224633678	0.34594770580527745	1.0412395960500116	0.39328531842350745	0.6383231966722487	0.7493481182854426	1.2681844064540073	0.8680811878144171	0.3772804445129755	1.077005522217661	0.6371264513293265	0.45181306110628433	0.24020328836003163	0.6791307641291601	0.5117935921781324	0.09037537948686027	0.5852376841374306	0.8698426341753012	0.27646309477713626	0.913809015546727	0.6777148544863728	0.21534400912789223	0.22702835834470217	0.5787109705090052	0.0926825125833811	0.15011487143849897	0.4637040170048638	0.4978927760581633	0.23866699854362833	0.10934618934913096	0.3659758724786993	0.3244216944321263	0.2939242544367116	0.38879427071132144	0.5551893841918125	0.1537790230110995	0.2535988000260559	0.7210126638894211	0.28277948547317694	0.21336295764935226	0.08103073709316844	0.2948732646126232	0.11952438088638391	0.5593059119167477	0.07319387243226075	0.304704162435662	0.1266699380239283	0.4310109301207734	1.1875247820818153	0.5357126774120685	0.7468077210604773	0.24052990977311392	0.24009274087290028	0.2623392106571437	0.1767381490936453	1.2838136363854038	0.19651313607786267	0.5489902821381052	0.4668202478620944	0.26577400849176697	0.7273357872534874	0.7282263093977914	0.46876138750741986	0.911424032645425	0.6629467894545267	0.42135034542949024	0.5461109259330501	0.7961247695425749	0.31241788136435505	0.47347254917400683	0.6467397457768971	0.6313823646240209	0.38099938496389396	0.4401441753274787	1.3077191236960606	0.6052312620259195	1.2828926124758142	0.5026962611306562	1.042093992264269	0.41868659240095824	0.6318439409606573	0.820560971898245	0.9397833253311528	0.21809158944094428	0.7234882328935461
1.2075485252008133	0.21011390200227212	0.2286888039516842	0.4065116509846869	0.8613972178073422	0.43915123312050525	0.42511416972167565	0.199616762122127	0.48148274709635486	0.17127211727579403	0.3481387795187442	0.4930471116128319	1.0446414732331868	0.4632484114555945	0.6274797659827782	0.19072515832246037	0.026597061264490393	0.24034540020954484	0.7352653635603258	1.465249183791559	0.13863555777641648	0.37828948461997103	0.8096852414560496	0.9055572416282555	0.4957742167868458	0.5928164067926358	0.35278913777657683	0.6856816830005964	0.31783830298076354	0.646890225346678	0.9357078786236425	0.5908042953028871	0.5501435728385691	0.5851763994259752	0.3441309510980457	1.1409212831611053	0.8728458877682107	0.26893702518250073	1.3182552356146737	0.3922466476235015	0.3813752626281461	0.19753944452053757	0.3532808968474338	0.347812035814102	0.3224520638874833	0.33346104623013006	0.7202396319214609	0.4270173005673368	0.33610214092207263	0.12363001348216456	0.4213048341529112	0.11218040910845721	0.22954345218724634	0.6920386568168739	0.5353601962686925	0.0764038071544459	0.08766564034743014	0.20124592558504512	0.14953574487966745	0.4646699920264429	0.11830639536391618	0.5243921470175877	1.045463737333923	1.2021324995474005	0.823807928854645	0.17834556650376995	0.5330151255757226	1.1263689278843474	0.3467575648335682	0.5815489756923397	0.42560524751649603	0.7475734937992212	0.6492476164515454	0.6611657952529194	0.45643566443012384	0.16146960025555462	0.7117851625552608	0.4353094821261732	0.37160611877196953	0.5451914467109101	0.5861927858140835	1.1925671897483798	0.7051790578027424	0.40228410073861737	0.5870635809701455	0.9251728147562469	0.4838257937846044	1.0453424014241997	0.43470384323353295	0.33130691481057184	0.3898163151102871	0.4939451745004179	1.0847427822180518	0.2758244536467352	0.9437909795931707	0.4285678666112694	0.9857887852095175	0.2872224460353644	0.8874237520027192	0.18385730016408464
0.15970363403325635	0.5071898219702133	1.0986189583138646	0.22686829065437583	0.44383965288778066	1.404579486025255	0.9360438697751473	0.40353087438358026	0.2561128282621248	0.6878362408449807	0.6123549105288463	0.1344232899116305	0.1684895422986701	0.6338762564967712	0.3487059296342271	0.2533781702171312	0.2974350945069982	0.9563616418299989	0.8980556221561751	0.9637238801583534	0.459263068814305	0.29353303280767284	0.2129370540763246	0.26890796459146543	0.5542864330011193	0.9010032230571697	0.8074821391631618	1.0247485584814828	0.619503022324903	1.2616564638887366	0.6127670012761534	0.07953309656932397	0.1281618646703152	1.3449570762904348	0.7506868290427114	0.4301176148518509	0.12045545903165736	0.4143388784275713	0.32611510842265445	0.4520304718575015	0.11389316747173864	0.6069277973595869	0.06248845005249225	0.02379391801321748	0.535532832349781	0.3214443617120753	0.11649066394687402	0.4438672114688167	0.1743169535100447	0.6815751008397488	0.1770149528918983	0.530638629627042	0.2869994496097847	0.059075396609997846	0.4316699361569149	0.29404186229842477	0.4788912045735282	0.28126504083514103	0.14228342380856904	0.21685381954563174	0.5381360846351383	0.16829451832283296	0.07552449841924949	0.6171890932210184	1.2860634923964205	0.24688977301400067	0.4373768016309511	0.4369291347808784	0.9954446988845947	0.21351941249729842	1.2100493738899216	0.24766308123853545	0.14089929486543223	0.2596131589348161	0.6046260277190444	0.06822927420653485	0.5874340626638398	0.749867780968725	1.2087290075398207	0.6717931580695373	1.0074812060041778	0.23223840818448552	0.9229828407193721	0.6873548487782164	0.7761566642010367	0.5962695705249923	0.48643681787911064	0.7556914787605258	0.08565772199840281	0.2310467137556765	0.09901859051868099	0.4368450852131928	0.839603268984139	0.47586826599751936	0.7070272662068434	0.37617123791326235	0.32659198840835363	0.4402456910797671	0.9691602382707538	0.18104509339453018
0.4597063572565521	0.3141844316576361	0.5202748892856333	0.202796590260625	0.2772644470186665	0.2433112241500382	0.46564631941820867	1.392384675089392	0.679918967037341	0.7264990953114305	0.510499977932149	0.7854139279284004	0.47905881893354907	0.4944032711577597	0.5689107970859484	0.7506864663797626	0.27548586453600515	0.6384852629138227	0.10648073100806055	0.05334986321571921	0.9002440240166908	0.9475906925333618	0.5109303369687856	1.7029962929334959	0.28209567376235367	0.7857687785002818	0.43870653351011996	0.4481271185906886	0.4760003930459978	0.8718496570407935	0.7794795594890183	0.32468532784737697	0.6574937387098347	0.17400406034433627	0.4736318367356401	0.49504126937521875	0.7838797866763452	0.27250555157391926	0.11374561402474512	0.27389156656810326	0.2589937907191469	0.2843854450893191	0.3669769528004584	0.5427558636088249	0.1323390389853292	0.4242376713849968	0.1910485190677643	0.11961424028646665	0.027913056697525408	0.14717776554636638	0.04721116997463768	0.4186315656499308	0.2886849070724824	0.1064227993681563	0.4251203851312976	0.1977341159832248	0.6929825993523827	0.1734803614722794	0.06144070184689433	0.36477206946726803	0.08599527254405863	0.19743873014806487	0.25407794542928763	0.15075841225905426	0.46412260740906913	0.17577775146878355	0.26349397813072656	0.0922328203396191	0.5365958531595861	0.3088745476873146	0.5550120340257378	0.3572920299654072	0.14336497455761138	0.3437892030161255	0.25216786062499996	0.2559306412680813	0.30919081238533347	0.12020127399622563	0.4237817288370265	0.37770981988865887	0.34684404307186545	0.33852405128357327	0.30427185301278736	0.6451423578360344	1.3166136477244732	1.1672523357633218	0.37257091783290924	1.1592831665291077	1.3434335643870008	0.6317686342707172	0.978077229211	0.39827748156064685	1.0192567289986338	0.5464701958916663	0.27422967639653567	0.4452638058061799	0.1641176742480876	0.2890445899831061	0.3989527230908236	0.2195643604171713
0.3047092626874503	0.17825113255360958	0.25730189033914824	0.2797263142548478	0.7034841680037842	0.8231527325568572	0.22168150466791703	0.39783744571998003	0.7028434003572616	0.380149931705909	0.7385101825735274	0.42697927959607396	0.3958066969815927	0.4764157061661377	0.6391382994857231	1.5282436028134423	0.42536910711290193	0.43229285633741255	0.49820513936611444	0.3664706694471904	1.7766779045386853	1.4804836441224667	0.23809535816502997	0.7555975017163971	0.8567093636579903	0.8529624794938845	0.30237641284952954	1.2620562573195822	0.6024092035327477	0.19576477586715932	0.7623269249813572	0.4582232913928778	0.4671315209217391	0.45353079528220297	0.14018375564936678	0.45103991952015005	0.9527666519682716	0.3770178491350981	0.19591427985979032	0.5478739570562207	0.5211529366464487	0.24245407790979592	0.07037234558746279	0.09863318975679658	0.20551803032654006	0.14933245740762235	0.3582527576929671	0.028820170577346944	0.08159533744001814	0.18361130368591944	0.03876661519126778	0.25409697329566083	0.18514501172385364	0.20612747422534058	0.30718044412721135	0.29952347744300833	0.06872238015459699	0.13541950260306895	0.361710841169624	0.30399402080367455	0.10393284912292353	0.12325739113208849	0.6158357545226121	0.5188033313983663	1.4576002260880483	0.4426376830092911	0.44045796339104665	0.3968116780150118	0.6584749465705181	0.371914581710451	0.09492089752720613	0.5548915248645034	0.30562221655833555	0.14782717209806406	0.37416423551766503	0.17099946676139285	0.40879537924038245	0.22797574079677627	0.46728685423533867	1.2267856154921672	0.28859111748092225	0.5314528637746105	0.36707112776439776	1.7982033584587966	0.4023771880381574	0.7404103381334469	0.5156751863051157	1.1167437222613505	1.4366591667942459	0.48730834452216876	0.7256942810983948	0.42308399440877875	0.7017148951272093	0.3460176225056581	0.2921474658837769	0.5567975417705736	0.5308359526366837	0.5807166575382012	0.3162739916479281	0.48512694956575764
0.706525917035697	0.45128091613705923	0.45272574489465156	0.3021402154665942	0.7463420715009116	0.748882137245094	0.35840963338702203	0.3431535096632239	0.32842346256478505	0.7405439727510932	0.24133303473401616	0.3106043064109742	0.6008075355447319	0.23042301811282098	0.1383793021667025	1.353630641653836	0.28102995421158417	1.1608198100512366	0.39446588913888003	1.669196369063798	0.25161073654296684	0.65410563582743	0.14986657792394853	0.2681482236877147	1.2061954792733285	0.7392386788514019	1.0500708556891494	0.27453096307160146	0.36797133844967106	0.5465738614998853	0.39076896808607153	1.552530389115719	0.83998415517667	0.3290530421147492	0.29395414353076804	0.6086696045754336	1.509003386334777	0.5582508596362793	0.33976919499588204	0.48072632594704534	0.25412330166462976	0.22065768760315377	0.23144361228572613	0.33712665369958644	0.2851987006074204	0.27941891920020506	0.11628557022031477	0.4049152766540947	0.03772466651013206	0.23077465791569388	0.18699549309664693	0.14531502361540655	0.5262198207287273	0.05210330999784684	0.2952804417993611	0.9748894702002002	0.06437651896505453	0.5010721333767315	0.1131472896549362	0.17280101360832428	0.516814277585414	0.34345089020524033	0.5759064095547728	0.9276072885533968	0.7507909244144307	0.6898511701392163	0.21628658688793037	0.468095640970802	0.40744490087065743	0.8878188044412978	0.48510384109371757	1.1303786164780916	0.8091328236712196	0.21766145114091914	0.5914136250905889	0.5215560668801646	0.2399193481910658	0.3287971828270766	0.5885826115810798	0.2401101183294954	0.41166537061959724	0.4552750419407809	0.18668416269586896	0.26510328712279074	0.4292804201839373	0.8030829961518301	0.320927333770209	0.6056290945194933	0.24360311913948046	0.8733487244545192	0.2708040858148953	0.4665900539254568	0.27296100195808337	0.8229083811456543	1.19455777018032	0.023327355048527443	1.1361622251214059	0.2579388042870837	0.4238672825395917	0.37165273677699495
0.5309748761555498	0.1493373631115958	0.8548014442292663	0.21406467985202096	0.6923791259212995	0.48126424623455777	0.8195594335515927	0.24239994742463308	0.26046128378057914	0.2770443408846628	0.049567843513666984	0.4656430585792457	0.6298505214070114	0.4033813962398089	0.6019071871765377	1.4833849043649194	0.4519728941138672	0.7011052950036604	0.24533636374315287	0.5414772203427284	0.5227599201725683	0.16766062350518687	1.0575368975706647	0.29809715205804044	0.2083498351930339	0.22694172471595514	0.5824808194660003	0.7746671319225678	0.45497144763612746	0.2655822562353073	0.5117632271201984	0.3678602763857655	1.0159274458004421	0.23059127180016964	0.22369947402483165	0.07758191974102938	0.26314622975158614	1.6932451369131183	0.32210477696112577	0.18154562097982044	0.32399860347368853	0.16025957831544907	0.6428276828469454	0.04759881658457012	0.005909363018228062	0.11962463367250958	0.09897775558161419	0.03732907125441392	0.06300032731783514	0.34536686561996566	0.004967289064871642	0.03155141728276578	0.3625069328885378	0.05849617338681488	0.4767523470376787	0.20133414596730773	0.10822332498871129	0.2415215825088587	0.29008895289671477	0.28780959710000825	0.20017145272149764	0.24110267863704507	0.14543179580398397	0.40626441567255767	1.3832137199089474	0.07524428284461941	0.5203196665472705	0.8174194483612917	0.8641951450486801	0.281856334272034	0.5236506650120913	0.589964636409934	0.45599593484917017	0.768019990857962	1.3617634093666053	0.21982928749247416	1.0139309197478772	0.9990028873782133	0.976429804544841	0.3322694432691161	0.4041160351048574	0.42253633528521006	0.2221444937037219	0.47081307379345017	1.175303515287553	0.43680671617968553	0.3513708430877342	0.4219210732030955	1.4380084269428401	0.9388444540043499	0.5622621055281627	0.666910968063114	0.8600047905148092	0.6381183169755507	0.13531864856697337	0.6031389853631854	0.3042929388486322	0.3852089819934271	0.32156601423096653	0.33510908142780466
0.7693060544145789	0.4251606377658966	1.8110583803236462	1.1115040592944445	0.6352571624398573	0.565681081057533	0.5115912882364988	0.2847126695946059	0.27186545855210575	0.5465524702961307	0.10311749321188783	0.32619821731326054	0.7767465744195189	1.1375635811800369	0.349663927278758	0.35851829571340577	0.7489905111518398	1.1055079742278207	0.6490689572669865	0.7138945283693351	0.8414126978563136	0.9470045788644713	0.2752992978231882	0.5619982980581821	0.6549617663610402	0.6475469399283155	0.2688206791158857	0.1714180746834298	0.09753481673073768	0.25873159318189765	0.5781439630135156	0.6081883260623403	0.3044858018408134	0.35000071506167335	0.08631046770195967	0.3379471118306031	0.6269237303233274	0.9475283946396986	0.26108885194889175	0.11958915967044702	0.12770100944926255	0.3876675863679638	0.49583467698354206	0.7509261807790414	0.3109034928789237	0.05128355368436143	0.32076618545419955	0.0762784892741646	0.1765249584816133	0.022015384854261695	0.11607502360586697	0.08379320406085093	0.13036595629026612	0.01646902698240654	0.08996619795726729	0.1700276947615321	0.1585442897962221	0.14776285152980076	0.4574216181986421	0.16628423489115476	0.3406732263990693	0.12386073833173536	0.29911509196963604	0.26618335523892217	1.7691557995470424	0.48141564487976174	0.12652946992384348	0.66437787084503	1.6369771056978892	0.1613734520456515	0.37262802886511437	0.40145019709170293	0.4842234065060536	0.6587266783554906	0.7490827135119907	0.8101666500497031	0.12663007118249794	0.37649556961143077	0.1443737813074074	0.6565144309191411	1.1735960972770216	0.6488173352990497	0.37434304898627346	0.13577643295964126	0.8017852214364575	1.3790109884345043	0.6143469347597441	0.9366439779681712	0.7287276475122016	0.3138730876265682	0.4720522631188982	0.9287631029106641	0.3038873388464183	0.529624655807142	0.5582743031635342	0.6740939375760633	0.32625829572133364	0.4175967004435667	0.4609149800301941	0.28401217993889727
0.4020494183177092	0.6400713351750001	0.9831929883238812	1.5886237745741285	0.45727439886891275	1.0193949743996082	0.3173060018727826	0.4954965091068538	0.27571467569226193	0.554855970390671	0.8406330018017321	0.8256984506422119	0.3715744754907034	0.40224657468006647	0.6079108200297672	0.5875870389113644	1.2695513058283667	0.2722425370940336	0.4561008994742691	0.6032173547889838	0.6573869359253074	0.4266485771734152	0.23174367073429006	0.5345605098871247	0.8294674766558502	0.4558084314223141	0.8946565915350067	0.8200285750774257	0.6470119275106928	0.23517787112548172	0.4834862116279497	0.5089826750190238	0.7395656376952864	0.3671594522534411	0.41195856722060187	0.13593795792831975	0.37581541877469116	0.3244208603897041	0.5742283884676189	0.31773154478681737	0.36208161979727305	0.043700333543584505	0.10225828185092824	0.2157590264559966	0.3350467084884216	0.09814747957104039	0.1636250416081364	0.054625444075621796	0.016144390162394714	0.03603387079011237	0.02168903619791667	0.007736268445563932	0.00610589050614829	0.08641530801814172	0.2303105633585986	0.021956033636503065	0.17866167079649317	0.5272410551103612	0.34088677018626545	0.39763406781057814	0.2158439019658939	0.24493176658921734	0.5683433296510678	0.299398580419423	0.4598514583395088	0.3389808627771111	0.5376098625934554	0.5292977969978008	0.3491192459132265	0.7976388824840059	0.9109203995552241	0.44226327766357804	0.619327549487536	0.10802184272244444	0.3092760175377433	0.18769341749485477	0.520204670904806	0.6014311302376835	0.769453007567195	0.8279418138920275	0.4300312111152929	0.4313540595046103	0.565658508534773	0.042343499118749996	0.7792452545235802	0.41019708744046046	1.1532986401357623	1.1386302437372409	0.6297594081111975	0.7107128161505086	0.15824598709665644	0.34476554051685054	0.43552331837817826	0.4453490102294749	0.20244457794463017	0.4034768243099564	0.0677741801760336	0.5892138372612512	0.6642220382053114	1.7322957974844129
0.23082567810442461	0.6709421944785809	0.7638030783571458	0.3669221470465708	0.8807503703470866	1.3564432709060317	0.37917691494852296	0.8013312555407616	0.16323221781478928	0.3311322036003133	0.2553066401533996	0.2920223697045546	0.633901524616725	1.1914088469017923	0.6074068105258252	0.6486501239808362	0.7421751002570486	1.9700608881707389	0.7345569034022733	0.4470093640360924	0.6823315527959334	0.3339117063480187	1.2756462112483724	0.49761302694887954	0.4159192189516286	0.6719308662640275	0.5304774881264336	0.41658958447211664	0.359355342457663	0.05183532457904111	0.33637812656487365	0.39536696096296403	1.5842837851330738	0.1529792225168766	0.23478814516940552	0.3065849693933747	0.589156279795454	0.12273898323991445	0.36869272565939337	0.4533127025506985	0.6830752445986704	0.3777128212649717	0.5805352855046101	0.44890717734295427	0.16001817855940456	0.24217711486574514	0.06689767136216812	9.043726724281898e-5	0.06381682058915965	0.005007805796595261	0.030298488992223625	0.02141828553735843	0.06058051867810846	0.06201196541077641	0.13573601304880348	0.1583796266161587	0.24689284402490574	0.1086986489986231	0.5054727643030991	0.02746843191073996	0.40861808554029955	0.12025211953246304	0.49560185997738293	0.5267466419111112	0.6664151057550806	0.11858089560136065	0.6048297143551572	0.6275749347303314	0.6146650275255221	0.36929180764554975	0.22812204059403082	0.3545859868869706	0.5614463265341315	0.5414889327313561	0.1905618909746261	0.13642578772917993	1.392793088802159	0.4139884622436002	1.4469947659841629	0.5955774119278755	0.1786151020434849	0.10906391445346794	0.8286529750926089	0.2864003255754369	0.3113095353705856	0.6218967938292095	0.5425248790966583	0.9929663063971814	1.2067025178879782	0.5397072054202292	0.4457596477124661	1.794224847436442	0.671163540589545	0.0641561626721601	0.37941974241627835	0.878958902784263	0.5558793552211678	0.3496089756364595	0.6424887607271726	0.5232416922177442
0.4954083817190514	0.5016175188917066	0.4977894131500339	1.0103628918602234	0.41340477890045846	0.1990495953051048	0.554191677959665	0.5391609171466549	0.2477111368597411	1.0182228555985722	0.059124408127072765	0.6419987943473916	0.434103184341437	1.3249918866436525	0.5641929363969903	0.3429021119959057	0.6601321412260788	0.675978617726978	1.1515630574701299	0.3567963435409747	0.20353162437578112	0.07788037006682062	0.3719360511304646	0.7437799032072522	0.25730408494745877	0.5481117135404189	0.5495073779974969	0.6364926636403064	0.3480069365305922	0.08060131252255238	0.452107770486016	0.6347465457355628	0.8453447615492113	0.537114314088983	0.17111563057663876	1.7163292831450034	0.9456869436306151	0.4974003463081395	0.38098956460452954	0.601165724816495	0.13372822904500503	0.1519331281600615	0.5470464015594664	0.18750212050008455	0.22939874079051695	0.028193138449116795	0.05085283846215013	0.007233759108225107	0.009364853308972798	0.004985915454027355	0.0	0.0015443644699468576	0.03802407986662067	0.06405281115463335	0.05069404455392309	0.3360238000000001	0.05476828346938965	0.20782611592390132	0.1582966288971894	0.8681243134040758	0.25034711242863417	0.19764231509251332	0.508815728425208	0.09777874537391673	0.33622298516205523	0.32926946751589753	0.09840244212024278	0.521231363864977	0.15084310299455814	0.4085520669207661	0.6673814808581582	0.07811113257945386	0.39794778605498854	0.4789231700720505	0.4658776692153321	0.78801551384012	0.6270970939638792	0.8779606253800061	1.3762314919807663	0.4704288770642851	0.535703608330404	0.8443066762229953	0.6540126473118202	0.5566156043471396	0.5406774250372005	0.1056902718022776	0.16401371896885594	0.4505673375951416	0.18536336572475945	0.8999263835545868	1.2222452620601616	0.8678661854459244	0.40144105056549156	0.3927454026282809	0.16982579008549115	0.3823333863363363	0.6243418836698996	0.576896318478543	0.35849808439860087	0.31906650281188936
0.2512771707363969	1.4383809882646357	0.516216549362171	0.11721689035973269	0.8007173084800648	0.2121124162542294	0.29907742366054263	0.25557740937627127	1.163091612942298	0.9103031039987458	0.44751313322296243	0.5482809557296101	0.6600541330732663	0.9248970226574305	0.7889569425377305	0.4446466833001905	0.8475220708148472	0.2548447615037874	0.11565914752998253	1.2251548966591523	0.25746110378368314	0.45348701183910967	0.634050603153136	0.4311343275971378	0.4062501415832438	0.33035744742079876	0.6455535923092444	0.7596391403837647	0.35614671746659793	0.8900787411201366	0.16135027495241874	0.12430068355372564	0.2522339857691172	0.6813434544820602	0.5391891004637033	0.4429400652277898	0.35947012010610163	0.6832998648688838	0.37214407747133216	1.5297789949975842	0.5815409730240364	0.9426702242978875	0.36451823252247606	0.049843351349738996	0.11281457830447636	0.37010444163493716	0.046050097724630465	0.02169137593582888	0.0013942325733272227	0.0001650281903190319	0.01564125250904159	0.0039769807119741105	0.033574430422125184	0.006803650905223005	0.08702588693523569	0.036554394539425196	0.22689278276255703	0.18009911006130064	0.06131380221283784	0.10544119981476337	0.1457935516537677	0.6740550177347486	0.11766224853169706	0.12467690768284964	0.19604201445550942	0.8306717930700949	0.4696561944644405	0.41194154590750043	0.9187843752342624	0.9525366241905907	0.3020882057652807	0.5734428363151153	0.493531030927661	0.4536804735956732	0.7256622305220293	1.0233390336745984	0.12916793331614573	0.6170272674299248	0.4717474219522931	1.0454364758468078	0.38362638999281273	0.6767108378503466	0.33991771949797384	0.16436538772389572	0.2549187390195684	0.2848335197312374	0.4211827374659059	0.17376445070886515	0.2558291247308613	0.44601810627600064	1.0675097595575744	0.2928846070292477	0.12002539190361387	0.14692264966226995	0.27978085385399964	0.8992358993783747	1.4923980774133687	1.4815299036552843	0.7937943003280342	0.26386348920220787
1.0580863678712222	0.1893791429908523	1.453060972573455	0.3105367180786634	0.4904112039123518	1.303519828763076	2.0479013302062046	0.4624065398106683	0.11530892620372973	0.36976960250958046	0.6459481325089799	0.4143644400402685	0.42709473046030566	0.5576527148511232	0.40861872051106324	1.1037197963112861	1.0288762728110188	0.5281162811328693	0.4984579526851724	0.7476770098444236	0.5071362672945083	0.2677071115013416	0.1275736451466512	0.1388989612559597	0.51227676879354	0.6364469649104555	0.9899397351418686	0.3417655329422461	0.21872951012582928	0.21720553208538582	0.9201610467155287	0.34427907220703124	0.8552205689289217	0.22247111881553214	0.5063835077642889	0.47897450454323964	0.28439277770499755	0.5879451868875376	1.316094953466117	0.18892179047591165	0.5624654583161157	0.45541297353783133	0.10022296873618415	0.4133945732270206	0.45783093220007126	0.12083414419858685	0.0031522341740513517	0.00017316800290300547	0.006781447085850958	0.0	0.0	0.1292735464715447	0.2362390068471961	0.0430237646786745	0.0018957579569389188	0.03211086517830566	0.04250358916136189	0.1536357022463898	0.1829721616951517	0.09660780340660942	0.2836527569299477	0.9335740851542933	0.6099480775909797	0.1307119310186461	0.13523721554111734	0.28147387562550047	0.7212912878475002	0.2564173836176716	0.3022397345646412	0.34422291637041624	0.23745282371367787	1.0423732234055796	0.384833951644249	0.6707151015896418	1.2930312542938884	0.8250544365890728	0.9269724355579093	1.1745837768216842	0.926337482321688	1.2931034230721872	0.24599679986800144	0.45922802419376857	0.35366077052456457	0.12555528570231048	0.2940980022706043	0.056545788126534574	0.3067026070217452	0.04200946032084317	0.1823698169187447	0.294048982520111	0.37309270622296536	0.29094631097523455	0.3382850665716892	0.2935667344123792	0.6870628240219258	0.18436186931468712	0.49723070015519866	0.19252295970061417	0.8462378642838355	0.6016167543676287
2.082936684191109	0.4480659707804918	0.5701885184711128	1.576539075748935	0.9834383272172107	0.4701589253768946	0.7454713871815618	0.9048276225367095	0.7786543355581976	1.3407993529836812	1.862153289578641	0.3993463328296531	0.952772172127129	0.3648411135394785	0.3104910700246476	0.6012757687665805	1.041045630097055	0.7275216077657826	0.4329243399976627	0.26761154706790125	0.40457202549064725	0.10267481672152731	0.7498850915509714	0.5668629599735953	0.2560857402198114	0.25535241600683206	0.20486945654469393	0.11863126515607866	0.29170036056591975	0.7337571114209506	0.896274178035312	0.29675429832023753	0.37929333196054305	0.7845110304242516	0.27968278649705375	1.8536158644505694	1.5489163461410793	0.6977960285163913	1.315029947970144	2.3617809334913487	0.3501344503031108	1.643921525527883	0.3042134395290428	0.22017635043779693	0.2655250484792488	0.03063737598626716	0.42437492722121034	0.15793122648869767	0.030040033822202165	0.0	0.0	0.012223601451786813	0.004125721771191294	0.07853547935895715	0.21564239972019733	0.08134249404458391	0.11455784089580232	0.19455187680145075	0.1564663594396653	0.3720491399270232	0.6296496318800026	0.6415741268203857	0.36414946076826327	0.7730342617867307	0.7254803940004615	0.48519811684112424	0.16415687098233914	0.10197689278917633	0.12840404378288323	0.20064144135382073	2.2271078916105496	0.44947432178342256	0.549958683683547	0.35382357834018996	0.6257069623870276	0.49051638425220945	0.6220583019947878	1.3574283352414536	0.3663871438784106	0.15212424486219234	0.6108947270422679	0.31077108780175533	0.3594087630692893	0.599015503983158	0.4824117010964584	1.1297215468624584	0.3231691623199336	0.22131572056659143	0.18636051360455536	0.442645101454591	0.6203091121605842	0.3096556697916183	0.36317355596977413	0.5849401566240903	0.3395482793521272	0.4624876616380555	1.6359194529556094	0.10126473064596067	0.5499360896296989	0.5178988777176476
0.5474123834957525	0.8102466262395005	0.821392051397893	1.0232599795987807	0.28193827079045813	0.8678770348731624	0.3166196899902706	0.6044843866637556	0.04113482862083735	0.435569701020774	0.13801861454136855	1.2005157256625538	0.7632285013161217	1.0049802470305857	0.5530880936019265	0.7216737212603694	1.302587362002471	0.6469382614565149	0.9315999843041654	0.44333853568988296	0.23321851093542453	0.24365037945437706	0.3975856053033009	0.5994862833237113	0.04318682044711188	0.4239300913852817	0.20003942098063976	1.1444953152072288	0.2849376297694081	0.20174503562665516	0.3635695680494657	0.16180403701929522	0.17037731178294027	0.45730321493395004	0.17057019182722188	0.8618435898941497	0.7821059335896873	2.8035990945206675	0.27623303803861327	1.1075252749519817	0.46234899485157493	0.04744238871236067	0.8416246515074527	0.04722189853569805	0.18781092554031226	0.027750345003437437	0.17172254533242257	0.027920582218992244	0.035042527769832195	0.03474704165881244	0.006536374562615101	0.04640723790020436	0.07033093791104028	0.003049968499381188	0.29115226870160044	0.11072333340364497	0.12737823807772833	0.06558858429391541	0.48622756010728974	0.22300840300790217	0.07046633235008787	0.43890519530633393	0.41214177588182227	0.4796164524221236	0.31407234478566187	0.14063472155292062	0.2577105677922175	0.6377914814744107	0.3739184371469824	0.1414117810941218	0.872606757014128	0.2550039221419228	1.1845067306807837	0.3399276558019674	0.3486202495197119	0.35657070320552625	0.4456372683056995	0.5806635724921754	0.3595409845962658	0.8813618501910436	0.48992399186570834	0.28085763017034293	0.37402829982451485	0.4393219925386642	0.7411026438019774	0.4870705254174203	0.9741874311465017	1.3970080718839522	0.6706578259549985	0.22382812010750627	0.21019598522389404	0.3663860252192778	0.7983495655735592	0.7778944033628511	0.16375538145424126	0.466963602437885	0.5408851109558336	0.6857094002340223	0.4974196580573243	0.20858546361499591
0.688017456302812	0.7642519491892024	0.31322266122420633	1.2307725752626475	0.9349431717822161	0.8162777567622913	0.10131300598016364	0.33552459326080536	0.21215034509157885	0.3039440764145181	1.3349633456786894	0.7597313062386144	0.3767466819317704	0.6650386215732637	0.27491724970370374	1.2787166549185986	0.9181562884555	1.0137665410017465	0.3499660796239803	1.336918166602037	0.5261735099538276	0.3795551000727079	0.16688918938112718	0.8747611684963993	0.10793963521527897	0.30120284530360836	0.43226366898639196	0.3809287201002756	0.8711403259653595	0.29641213555332385	0.1557502813517125	0.3004950632962231	0.7717113828032813	1.9895879987290683	0.7623549096454367	0.574012964460437	0.7179306231883852	1.2799725023215096	0.6197888060050154	0.659404233354315	0.5827429399567222	0.22171196605403787	0.8417835607653552	0.4965115571307162	0.5985701327267391	0.33032955610658216	0.08662064212170606	0.06546265187659034	0.04148536948797089	0.0002231563016528926	0.13516571542856112	0.03223978768310411	0.13238154370642072	0.010967251887771392	0.04205029837874711	0.48347801342965024	0.23692564418258688	0.7215572104463377	0.4324808234594509	0.09902992993429158	0.2959056756922192	0.4730297712928402	0.5431242580189714	0.6587484042568879	0.18638348437349467	0.23116821141052135	0.10609217463849556	0.3502811792529193	0.3728230248315681	1.6617488701146053	0.059764256621395534	0.3898413507195369	0.4957615094227917	0.5980481948729247	0.4729959850834976	1.6939125404340958	0.3689155527443911	0.5180212097541789	0.16639384443770341	0.4948403427540551	0.6600844728545162	0.5178375860085006	0.180384486349469	0.5610866086402971	0.36673916146285696	0.24702797533861928	0.8901239900185887	0.3183856083462968	0.8224266721491228	0.6106729658867993	0.3868390337682923	0.5850461592697515	0.5855685515436622	0.19676447187694598	0.2730921443809267	0.4295607050040271	0.3208750013702961	0.33258606825274756	0.42979809419569265	0.8722628496373618
0.6187019874704442	0.36860287409784703	0.6975929304040305	0.47229497624822153	0.48301069565732024	0.7028835811103383	1.3921400405673008	0.5298875253678278	0.2300946325887393	0.5458125415425065	0.18812466507876083	0.5541553677426342	0.4820722853744653	0.5879553931571483	0.45785922154835806	0.30867736259334005	0.8909509880590509	1.944521832724346	0.3026870808928165	0.21861290182413926	0.49177600749139994	0.11844108594425025	0.3552889880651254	0.30164407538138494	0.27725766368641885	0.9756900427018782	0.6401944329485575	0.4814170608580168	0.24933666287115389	0.08649980482660931	0.23265157995579241	0.6058898141975959	1.0435899175875814	0.9456420842330406	0.2577192829056674	2.2560110327063065	1.5286026917193671	1.364584297233278	0.3444229521565976	2.1016921966546622	0.1927905474601594	0.7562199070939235	0.1335653245761534	0.4192748826700899	0.25198749225570977	0.019720019583985397	0.513368494239424	0.05340147844212836	0.1147163479774536	0.09332905412423984	0.0923846784994641	0.08198653343217198	0.02181288263499888	0.020950049822339067	0.054337845401363015	0.1055148529574548	0.23471511620295799	0.1984766745911215	0.18401751139883943	0.46104820834408566	0.0446613911392405	0.1904086831156676	0.3170927060856709	0.29682186012055495	0.09943810379347862	0.3960430788937848	0.2218499180199908	0.6258945636604402	0.4224962459412781	0.4796518311895099	0.37927325874113377	0.09150723702354893	0.6140602574490593	0.42012702411810504	1.1803893923418571	0.38304598933655676	0.26656517328803137	0.27179043158794375	1.6095420914423797	2.8059246605186154	0.6489941824086763	0.48929594899312245	0.5191451862628194	0.5673371404013406	0.16909499785085488	0.3109278580404509	0.1946163897229068	1.2188853849558954	1.1501724666881223	0.36434359225815904	0.2519834285950457	1.3170855241415003	0.5877123544567143	0.5109358492141143	0.35829501023854193	0.8186942440974251	0.15107312727402017	0.7467699603026272	0.9291712470979169	0.42172682683993173
0.7565526045025097	0.5390545181252276	0.7031160626919879	1.0284946704599194	0.349801325733967	0.559904514639304	0.4084074937862843	0.8534064883506984	0.32938721396591425	0.3364271798286362	1.0045163806704753	0.20779692297555716	0.38180023873887514	0.6970605170504902	0.7573472783678522	0.7910568514703868	0.4972368143839922	1.0718375835866483	0.8441419741941437	1.1398615428051906	0.2857998035786358	0.7465439796559906	0.2867703114583333	0.30497901246988396	0.42503542823418383	0.29048899008362555	0.4500807671485792	0.6160994847954091	0.31062756194972013	0.1697156310378203	0.8257134570435929	0.7653037594343682	2.0864265123071606	0.2887489434521353	0.1725095200237728	0.8641729419179714	0.6208914622698544	0.5582128560843156	0.20753578590064334	0.3711833578533781	0.14947423084694	0.24534689664668755	0.08258521346911213	0.004800557318122142	0.47915771943167196	0.707995184274809	0.05443933971774194	0.0703162035813367	0.5226836483687683	0.015863232488412513	0.020431291720939975	0.040261067586071994	0.058596335690585845	0.19386909167896596	0.1071081695706416	0.3963232068313422	0.05130921842683557	0.41104175029486106	0.5950367466779142	0.8647541232688375	0.060851757434733575	0.698305422864837	0.3019762060350894	0.11683330149932397	0.09379229720079535	0.6083839204182452	0.4082340376233429	0.3647411655676393	0.591789628303376	1.4619480947498094	0.7589490643627578	0.15399275178857122	1.2412010267611908	0.16918813291856505	0.5137879661542946	0.17966703549996038	0.18398637609719865	0.7330141279420864	0.7937566090978304	0.39391001918874174	1.275125174680149	0.8991981445079543	0.07682228415068239	0.3822774658102841	0.5875261543069785	0.20637477060512463	0.2293855012044639	0.6516164213810502	0.6322307915384017	0.3557011388517047	0.34916251945625065	0.7302334420956408	0.644086750823745	1.0369142450571447	0.24433967708669485	0.6729175183950439	0.46087558720896493	0.6113473367508114	0.5011291923543811	1.1861687255330047
0.4732048470736749	1.2775946167474845	0.22356893021052207	0.5086500016227568	0.4230334384165011	0.804745956101182	0.2414126423415526	0.43302784331684063	0.603763119899436	0.46532517250307903	0.579940054910025	0.3216018303780689	0.21217095488461463	0.3037477584161069	0.19065551832841804	0.31451442729056645	0.10912343714480562	0.24877218892263	1.1951587843790124	0.2404462013781093	0.9120074579590806	0.41307856928601966	0.12559228404756645	0.07176217148018185	0.3568627285551909	0.7149231747371045	1.0847100823220888	0.47765376037967083	0.6992231392880958	0.25632222901075363	0.5033057364591206	0.5863483182969466	1.3685540263214209	1.8114156948800217	0.3092420768772825	0.6226258069550781	1.0076936538150163	0.9316579172607453	0.5228579761891958	0.3596621933994851	0.49722652291099323	0.3867137774737008	0.09647531455945559	0.306092520805009	0.26940415214293545	0.3947622295430774	0.5903479394445437	0.06239786799596463	0.10568947948987949	0.07083322708077171	0.015325445975237953	0.11068046722967378	0.11570876238960237	0.010128763224039737	0.061647721634242876	0.11949023090621136	0.30011056137015585	1.070191795450068	0.5148375884084198	1.7156335742818327	0.27626024889539075	1.0935404455405084	1.1565077624234812	0.21819154903056573	0.218763827403755	0.21205684529712288	0.06891162176588128	0.44008090518608245	0.7625258285439904	0.6643495515768884	0.7667438242006086	0.44856064407210783	0.30409654998907765	0.04950501254881179	0.4066411205464976	0.5652055665392394	0.8274270799158984	1.0220476719330627	1.2679498158446538	0.5318025853074142	0.7239142634862169	0.19671249414429082	0.5870464121841008	0.1698361698580469	0.2532991642451724	0.4540163444647936	1.1825868221420124	0.15790692532072256	0.5677546204352164	0.9069017629290618	0.4654550607995178	0.47926303915230273	0.22900478193914908	0.5324006537262664	0.6640080351276889	0.3776196857240835	0.9888340823970037	0.5396873551155791	0.9850668338461575	0.4491373222027147
0.39593094142608665	0.23183394630125298	0.8570091164348091	0.4465652622265522	0.4485198880055778	0.7155110441110367	1.0682333348166388	0.6610729339156357	0.16744129387280013	0.1151803540069802	0.16289213999236005	0.867671669579574	0.14040030049389107	0.320709685879723	0.6654942075175947	0.6488569163470319	0.8546910983555185	0.8456816046031996	1.3441911909897193	1.0864340451980978	0.4108835091512513	0.2247357550277646	0.2948935416760632	0.38178214739243577	0.4296519347428217	1.198825447026356	0.6295194083099954	0.8533790314002053	0.37935262273850723	0.6446957561517263	0.3883547456515161	0.5180722330456033	0.9987552656597322	0.6156912125849898	0.6106417329610785	0.1520711485492876	0.4402455711365625	0.6685834168493279	1.075358759648578	0.7810094194976509	0.79103619597794	0.4705425694031785	0.1895426217044594	0.19555513431741622	0.2822861209632627	0.0842161089499742	0.2547035222717695	0.018065117252053262	0.2592104198864704	0.11038237949544151	0.04202358621595528	0.278063677857998	0.241893726500085	0.00236484445233452	0.20639723194599546	0.10890425675547456	0.09998152356761458	0.5246697845487387	0.09468488287079975	0.05891605031928481	0.13474737558290556	0.3089191958908144	0.3027561870762046	0.09023379902386944	0.6291076424963761	1.3068961329772524	0.1834000216894859	0.5757128417664283	0.5853866622059758	0.40028156728264036	0.45281804722989766	0.24236925840402074	0.4576193465111632	0.8577699602072509	0.4326242358048093	0.41284016582669475	0.3900280970283983	0.6421105794448491	0.4984754110858765	0.7240872733837947	0.6427541783928536	0.06099091505808758	0.2420066403395096	0.25756216652321884	0.5823057018731811	0.6310796475760992	0.5467105017254601	0.5754345896622614	0.7143312434551017	0.14913509230433025	0.5218221591833911	0.3120941455157771	0.7389878766655732	0.4486792635590608	0.19036267835008616	1.4228264401179942	0.46271948612781594	0.33461731144615514	0.6501920142284882	0.1768438275069275
0.3033856348589301	0.34629760296327805	0.5972249242509862	1.2783138455289977	0.7556931215365004	1.2687129775512382	1.2326924755842557	0.5897334507390789	0.7247958376322715	0.1264819242117238	0.17664639742741128	0.3067736766790487	1.2994157069243155	0.5870904348621546	0.1867243011735891	0.33207782984061396	0.10076869389427782	0.6839225718213956	1.5058943416297959	0.8658268491224367	0.6273377345234763	0.6529337727731911	0.370771640014194	0.5497079347916067	1.261028459053273	0.6154565830606812	0.5444271409214384	0.3043813521230737	0.18962792567852724	0.4040020769914986	0.20694643105063476	0.22405752700211626	0.4699145323896159	0.3246161114304223	0.5150175486749594	0.21946562570191624	0.3207308663828007	0.418128693067329	0.5473641525885479	0.2876886908487629	0.8588815943829295	0.4956037549753911	0.32309168738460203	0.6177046509445591	0.44277091588639333	0.11112199032488522	0.1577796376278392	0.2553715224405468	0.1414416254910484	0.022017017342509267	0.22338712156873824	0.21335869113508008	0.24019962005815704	0.2147998269107848	0.2289120450193848	0.09159967485412895	0.639960683038656	0.3954189031148553	0.33399419582405404	0.5697742216692252	0.12051810516925435	0.2245974122525236	0.6527438488080302	0.14275226448150558	0.28827891557305146	0.49438370237301715	0.31601349945537227	0.2546598995092245	0.13990341480127164	0.14687041191670552	0.32190381669640084	0.3689747799408128	0.5600145955446085	1.596755811085646	0.45001880825338036	0.29134772324507807	0.31642681274745427	0.6194060042373958	1.1481042124347762	0.5217407074390538	0.4366132261287095	0.5492078147373628	0.7201965198932053	0.4635646113350665	0.44210716793172783	0.5090981526153978	0.6347668772773973	0.6493540720115726	0.5874594793925666	0.4037502029154805	0.5539634056415236	0.28798072825721754	0.8821532238657196	0.6626465504408658	0.37892353148605507	0.3182949178339818	0.24094024434032746	0.12515156460391513	0.5256577622724281	0.9909540965856148
0.6268461772253103	0.5477649432788624	0.134634830312494	0.7208295272828819	0.07017894442378148	0.8321535452828771	0.5531232929057329	1.2060452770392234	0.7103216815485285	0.6012642282436083	0.7892046560610287	1.1372572858168017	0.546299921262658	0.31008931659927624	0.6252979960179972	0.7194093458545234	0.13265458665302726	1.116941703444146	0.3218051178096738	0.577985106377238	0.5868192961341513	1.7571322557663611	0.45849369121944367	0.44158594395143785	0.4518173828497762	0.9996660132743382	0.3840260709748606	0.32941401692778804	0.11687416836421277	0.5619488223384804	1.047011608487419	0.5223725437208017	0.6207956124835742	0.7112714829568089	0.47133972518459555	0.2533681104919709	0.23708063308167765	0.09399017618498251	0.5901536576535682	0.061713235670064384	0.41579366276842655	0.2862528178619899	0.46496102356648267	0.40005677485529306	0.15612136891273828	0.14024953523766104	0.33768799176592124	0.11539861116086476	0.048702245579712866	0.30165852855199826	0.4900736486648146	0.34508724565263893	0.5383610149692698	0.10442516434686831	0.34633057224701885	0.3719540053702236	0.16372548784498622	0.2582393241648164	0.1638725839765757	0.942519556231224	0.37362515733159213	0.10947426090385867	0.4038301501744804	0.3515835772208818	0.5747292064701358	0.3010371013668214	0.35471937944025644	0.6390234714340906	0.19177321703316125	0.2727357234286284	0.7395727488501157	0.6783760300049453	0.8711864316231615	0.38454336374647335	0.9473245037396735	0.876902891010724	0.9031688699421122	0.8063812708371647	0.537386815567503	0.2252376358900671	0.2670631206246168	1.7224260591700167	0.29535855595223487	0.08591455049693028	0.7325017797227188	0.3586440562278631	0.6162889861618366	0.19042187227673038	0.4680011686917179	0.6983897543617426	0.16221443483573394	0.5367057019178647	0.6428694950608693	0.37487632392682	0.21177493597539998	0.7389163576812352	0.21228490477802037	0.3048042342375677	0.5927706562762238	0.5535457849298046
0.4077833445562246	0.4481969288256054	0.5569602179492131	0.764607484740778	0.27717575278774365	0.9297402194918508	0.17190586144265588	0.17852839264129702	0.2832521132525043	0.3531992349827303	1.0160212373049007	1.4532869678445763	0.683844957326087	1.2410717009965642	1.5956357839396254	0.5825209557841544	0.16819896029851605	1.6598779978847624	0.36582431109640867	1.0544060058064229	0.6682784332206515	0.1214867020436947	0.30188565949746515	0.3689265168355166	0.3379863168589385	0.6705375349010319	1.011192260513022	0.3149780754183236	0.5443709397691785	0.8047714919725688	0.7089751748264764	0.12658506102072253	1.1092705891194925	0.24150877010341648	0.3866977132102152	0.5054692536684282	0.21165499370025545	0.7772325870624089	0.5733730227414114	0.18745535497017002	0.7228823263658941	0.2765447670563549	0.3302466204258315	0.32202327917647516	0.2096133664508171	0.5549581020205873	0.04898799889855412	0.20057322694108345	0.19233749868416133	0.11688468679518414	0.037275945994403446	0.17372121527227724	0.3219879334283717	0.293609288297707	0.20023384389216933	0.2814900804457527	0.06141235183929983	0.6355683335722487	0.34204314050338275	0.30050932856787027	0.36171983698158017	0.21570506711676724	0.6517062342048622	0.4396435089421915	0.10653011708958729	0.26731276338713755	0.3636241520369546	0.27654447127692755	0.23820638068545386	0.05254624894332309	0.3725045432922748	0.4398527903038131	0.235259300084013	1.2594956774893808	0.815525276970557	1.5238093705297073	0.8799586541716368	0.8506335990715785	0.48031824097517156	0.22607346340350512	0.629392709667056	0.3710232246923284	0.5419244069980497	0.8255862933697709	0.41655278489913916	0.4745002559177126	0.29749703275240386	0.7701918821486138	0.5016320325204645	0.3195628795863822	0.21230651481428267	0.643390437620146	0.47771572857973205	0.6228047636443832	0.39519209487113155	0.1512343608149584	0.17746638900657577	0.22184891966583306	0.6571057522203947	0.23487280433079105
0.203276281003465	1.1389860213408167	0.6573197811591771	0.4293090723540741	0.174904556739466	0.5193973974262797	0.2504052526475822	0.8191483329613792	0.42809440125250586	0.9003945572711872	0.5638981742536785	0.0572776518490446	0.6735764341954631	0.8807395350265963	0.11418682231154671	0.8398937542445529	1.2301566706414953	0.4069216039100387	0.28124449029475324	0.4246433118604893	0.3124980555795768	0.133486865441702	0.37069046128707767	0.532538651835142	0.10738612671238229	0.46678771461539614	0.15727998249840897	0.514054205747049	0.7696399328120882	0.4815147120397194	0.23087744260924037	0.4097444264840304	0.43874620125601277	0.6086875552907912	0.805793139244127	0.7447136012133102	0.6084969004841803	1.5693421642321759	0.5490182439701381	0.21854550187850352	0.4202808039263052	0.40512219026019597	0.4350514011495782	0.2462367692086024	0.13990551101176096	0.2099648884605576	0.21302235337320216	0.19815479913416778	0.13212416769253155	0.07696207797236229	0.6233152900822337	0.484665764873463	0.716430214265088	0.33504012480426465	0.41819273130010187	0.11962631286608895	0.4993451768630678	0.3203937165493523	0.3407974212103199	0.5361681444295406	0.16971234968612817	0.9097363480020737	0.1265608356823769	0.4244535838943915	0.5521094423469659	0.6843494070617591	0.15461925012409228	0.18683591765167	0.3323020773478423	0.8483415953465193	0.36543773209164676	0.4534241553638464	0.9138781202614522	0.3272931044987146	0.3238994076263058	0.8463329118036825	0.8400331939083377	1.0447832620410462	0.30764844482030396	0.13607399746166562	0.4506769748066113	0.93475180283438	0.10952136752925025	0.8890182972654951	0.3812501635648464	0.20360298351244163	0.22387823339459306	0.4928756728970573	0.434587002138352	1.0879586396012597	0.565753349779785	0.12171015215414983	0.31023558913178634	0.17243887655694518	0.7095964631394127	0.49258084967502325	0.4009060566526319	0.7564300204770035	0.059617658686273514	0.25865834934191445
0.1557767052566757	0.39419488372988476	0.9596712438820723	1.3511592422413992	0.011477425331410124	0.47161727791969943	0.44121683438965376	0.4867025610601536	0.2545247496056035	0.535997872947926	0.7488590497017208	0.4851738976609828	0.31165034421524984	1.6003454567976592	0.34472197269194477	0.5706044293864926	0.986491259964598	0.23719947379034528	0.2742131201110233	0.6180760719050992	1.2061932930560453	0.40934508433973643	0.21125079195850885	0.25972677639223	0.3655468708732629	0.147823213656757	0.31028009839931353	0.2341309355454677	0.38075815321526796	0.8020609792004453	0.7035597723119615	1.2781371986720773	0.8824178957731059	0.9577172295378829	0.7093004385435254	0.8220009880128128	0.09080359065477223	0.3200478570942584	0.6034482927766763	0.18680673752377394	0.6707550179946259	0.6360082173408155	0.5492438724673402	0.37497837713997506	0.5982168929883226	0.5281372171657173	0.37355629984581906	0.07469250451189549	0.28905908918254297	0.6556880495911204	0.21578467338158733	0.08903803574579619	0.20316325334753788	0.8605259439667889	0.4092589591474335	0.36038074258105424	0.5245959232330683	0.2738701107411975	0.28322505784088464	1.0147493684045064	0.49826337763323625	1.084123908423544	0.5479176944929892	0.15613661819715013	0.40137043178749293	0.5953477911200186	0.6466815577698175	0.2675567428359126	0.9129071132096687	0.7552894146218067	0.1934078150759788	1.1141669916041255	0.44158487588468837	0.3387932141597998	0.4864885631577246	0.31385376505058105	0.2152266114062619	0.26602500882520286	0.3877600781091689	0.8391222731872545	0.7070076112473535	0.8650288932023255	0.39343947050195216	0.8712267482511288	0.3570108344120603	0.3127570137521804	0.2843532714540799	0.24497890002016376	0.2878543207429743	0.27819588076527707	0.48547626821033973	1.294750088420021	0.8746931797640843	0.40004635262762767	0.5756504873243492	1.2844133583153272	0.30129466758963347	0.14038264484263008	0.40946607422723835	0.29863871539225234
0.41022244025574917	0.07391891660556574	0.23970906893672325	0.23066845694144186	0.6101651790132281	1.051373874574164	0.3159647443484501	0.6037975770392452	0.5344771196247807	0.2921009763308061	1.0098067003502376	0.6305751376360409	0.6264777828338094	0.45404605515442914	0.302834960412717	0.4239679284206981	0.6556752295342929	0.835099732775034	0.34557889870954234	0.5372128437141448	0.30285875386271116	0.819898775273733	0.13068802296508936	0.6897883239541932	0.26133966673370246	0.5736090839919804	0.37715905786174864	0.44716626803589926	0.2766901189418629	0.2850202327766585	0.24912233160735833	0.935776542923756	0.311416203199279	0.2955723389427287	0.3001163080134133	0.18538489405634265	0.28556273625318995	0.6004303788216061	0.5086357303232298	0.5035495591485432	0.5673001801094094	0.14341679568729324	0.29712252620721036	0.42013688189749465	0.3946091371986268	0.11179026190385592	0.1085778412388715	0.2831209141412868	0.09171127144235405	0.18185615143384443	0.14244197534328193	0.058413369376020145	0.31081927542579274	0.5671580720859052	0.2979807175442374	1.4263012747246742	0.382398511457757	0.36606872766000825	0.21777523473560492	0.4866027775401837	0.11398147839660822	0.39453151739508885	1.4560575162949325	1.0159597419881874	0.2304227163596631	0.9986946952173626	0.35673335510471343	0.732811834186925	0.5718190706086551	0.9033708444083703	0.6888490197001806	0.23812461341512728	0.22731122594179615	0.8842697000795281	0.7013896217520802	0.28624479237256745	1.2910423845888686	0.5943392857464872	0.8190552106205391	0.4276480075473752	0.1737800047818388	1.0941760341908318	0.1403881770555759	0.29039119143709025	1.2102298864929624	1.1827488956473606	0.4993370055549972	0.5612822318244839	1.009182920362107	1.5584951252625672	0.21175919416230723	0.3837445993387097	0.4466883616138188	0.1576529010121562	0.4801952584133225	0.904818538350544	1.1133083072585699	1.1246501083649307	0.45263673196671256	0.1762931325729614
0.6155497034632514	0.7035122120434474	0.19968748007573933	0.6047056893730052	0.631838361627676	0.6420308256821109	0.9321168353307101	1.2933214565033921	0.5335167879124125	0.4292484398478727	0.5075122932240033	0.8510494464619393	0.9176960249276019	0.25617413915591314	0.2633292033468247	0.11496071741173669	0.5261329682373047	0.5366281395393215	0.24634812402202458	0.49245312332879504	0.5498012643189955	0.44412392105630377	0.3155548594201189	0.16298710438517292	0.15249121549476222	0.27413925650133597	0.39670172554890115	0.19215985866514027	0.6369570130548551	0.17343004706090548	0.48204185130363636	0.31276262955704115	0.3117308785174289	0.16515463603303687	0.3765227928966596	0.38500954453217573	0.5313064278527698	0.21827604928316197	0.46150711884152684	0.3888504438219614	0.27942269311553275	0.4623140307478744	0.6109649472756331	0.48114917030553717	0.44084043052695343	0.2449220125527837	0.13431886794778358	0.5289496985389267	0.7082002406466711	0.316575922890814	0.7279637430339329	0.40322419869775894	0.16172336948758864	0.26541862061248117	0.3056900889024014	0.9168417183795838	0.2268794832519609	0.1127485849001487	0.4874410663933099	0.20585514141500885	0.833870120005986	0.4021425534970334	0.7040273364701283	0.8228507962370529	0.12364062339032375	1.2122123898260408	0.08105211589497115	0.8193641337903376	0.3537415758881815	0.5952251645832141	0.7292860501032651	0.5319767340755257	0.31795221245720984	1.1929610840186606	0.37065589099324686	0.45164252384196907	0.21568257501184837	1.070150418205159	0.8565550800591005	0.45590132976696435	0.16859454457717604	1.5447091921245601	0.3460654931798201	0.929547141998267	0.14154756130585222	0.43872568437954373	0.593419527475606	0.5131364486375791	0.7701522349614396	0.509940722116545	0.43642026851596577	0.3550493796746496	0.37835547506045525	0.8870361185820339	0.11570045314005782	0.7245868768240741	0.28350240562853923	0.6042938738648838	0.26519931830262944	0.23490985358292638
0.9057508358132489	0.930103307844687	0.3202757837680785	0.6033427487218674	0.517922358569919	0.30392929860487683	0.6661572574238184	0.7372477000201384	0.2799923926729211	0.35752017316882495	0.19907249869616928	0.2792124651943217	0.5579188078364894	0.31540430632252786	1.1885426451364798	1.5714627909042573	1.0108379950133803	0.7201357593890026	0.3139400715180361	0.3708642806515479	0.11143286284521482	0.2869652715997689	0.8322245809375404	1.6041268133221798	0.5249427922162836	0.43191678969829395	0.18316726074720593	0.19673166376434947	0.2283441624846992	1.0613559031506616	0.15744057794773855	0.1835295983996103	1.3300979955111476	0.5017322217871747	0.5386094377667024	0.4800485041521555	0.16353719304727757	1.478616666131203	0.2165408482299856	0.5429972161316692	0.08191624975124379	0.8315000100248063	0.27941034074506255	0.07008703758099352	0.12194956988181911	0.3571491266927838	0.5279901826303305	0.08073705566848614	0.4131629228862136	0.2669913996572076	0.9901194093093366	0.17787474275002726	0.3287552074804578	0.19534830665219416	0.08716106874695566	0.2156225647692796	0.4013679318881241	0.8748125285388718	0.22262019539110264	0.16291620809657903	0.3151185660442731	0.4877095248898162	0.2823839235361608	0.8337757859028871	0.500457837095977	1.3553774087014812	0.25963448641500864	0.521742182211237	0.6765088768639933	0.1976194966478356	0.20094532688776606	0.5962474847179802	0.2573368974948887	0.6374174187305108	0.7073147802214146	0.2641953950676121	1.1027163376491267	0.29894405288131964	0.9468969539094341	0.5399984278799134	0.84881801457315	0.8591550684663282	0.3491166414995664	0.7507450463306903	0.9264232053534304	0.9122593555587308	0.750684262819838	0.996080143135568	0.9801407799350624	1.3215991053853944	0.4617661080717103	0.5542117120549119	0.6832868160412446	0.4278445043965446	0.9912689826910562	0.9478644012188024	1.175631678457259	0.7636360277003359	0.2370940308467394	0.3301408835498548
0.2873985892899161	0.4552994571624464	0.13953102299828962	0.7306464942564326	0.2144578201878625	1.572738683481448	0.6438516879197049	0.4479486826280217	0.6360181019835329	0.8572953823010622	0.5280202463014958	0.7523961035500214	0.5082060637916738	0.9691494530041966	0.7388024068046521	1.1481088574312803	0.45187248096771526	1.0080413479530137	0.17619903784876922	0.22048357640375185	0.1062837853610756	0.2826288679353992	0.7648795748836458	0.7578317748236832	0.33227852331893	0.37951118067685835	0.27545180798002056	0.30407217218783456	0.25288270489356357	0.4754202467358885	0.05774488310488919	0.6877608554656979	0.7209219126207	0.30735498939657124	0.35616377348486655	0.2941054356417537	0.44707299642586107	0.35586339045998744	0.09307389203724183	0.10238766593842534	0.7320389247350507	0.30244539506104334	0.17465382798212442	0.2799952797970208	0.5964054571084899	0.4323022287161289	0.11383164733230251	0.6329612485555208	0.09405782383974484	0.28241602236938385	0.4925190703430233	0.2560101098119565	0.35456199345468126	0.18879228030431516	0.24150439822944658	0.3065494093378591	0.0748520031992961	0.6687013113096676	0.4412433609834366	1.1385778870381273	0.9918033374368785	0.33118910934261103	0.1901794454143179	0.2561408980209273	0.28777802294472354	0.27527393868439864	0.17475989295982808	0.08955681856925678	0.4299636203700812	0.2047739010943696	0.30170141411058143	0.41128189326409537	1.7992246953433662	0.25434245845871367	0.2094625669394528	0.26769196944555484	0.13965439801418744	0.5815330427922106	0.5616267042540808	0.19756126687836353	0.5102871274952733	0.501418136136782	0.6335120034557109	0.44051653148583253	0.7232714069668811	0.15524369272800534	0.4329458522024984	0.04488606933164857	0.9488222532172353	0.3033934221131828	0.7218573959504486	3.227883323784059	1.0652255909624004	1.9420387893401956	0.9044446945729306	1.2819540708117945	1.0648246098962706	0.6147555944900007	0.6134772099437104	0.9210194547821601
0.7150688963696692	0.1474652019750606	1.0167283428083402	0.7313648843378776	0.5438030149400843	0.4889423651583141	0.935141964120798	1.0591375481268246	0.9950911722833167	0.5190346869290475	1.5161075989006847	0.2731097726246572	0.5208988625608965	0.334229126920626	0.6010266042224021	0.5336113522447316	0.0995260734140381	0.5335933911367149	0.5091217637596532	0.2290818431867958	0.2915945762654392	0.0684113609734832	0.7472160620425408	1.113179197531456	0.4252353325749376	0.2006116388722757	0.5743112750263227	0.6156467959931546	0.30123848195326947	0.1180843926067224	0.8876055955896769	0.13027700177562007	1.4507689220229472	1.0183857403132988	0.2368853804363876	0.17650010861624366	0.7695584904935399	0.47752921554426386	0.15413619805578024	0.5261066702269368	0.23290327760159774	0.21822080943761885	0.14255121894459452	1.388678632472017	0.5229957182394711	0.563677477145142	0.30321279010170804	0.1924857007412484	0.1219852101796209	0.306549016188381	0.3051295646851988	0.305797011520388	0.37334205850534863	0.796496006672491	0.7116930197021764	0.38825663033868435	0.0791226112996963	1.5861454750341053	0.20262837573107573	0.2359184523059696	0.3527418349389963	0.26852347792274694	0.4419683045003873	1.9207531877179782	0.5343033135059314	0.42868344542185627	0.40511299821763114	0.4903260229002704	0.23432305894083344	0.4539357222110148	0.4154121254828335	0.8802605862353792	1.0241313199844466	0.3045507664870134	0.5257173452687385	0.23309229373879395	0.5533265520336687	0.48465960885558523	0.8424328915113467	0.43938388993190974	0.1510447027162565	0.2182038013795972	0.5773360162193119	0.6921294124810036	0.203520675199543	0.2749986856146865	0.746310220970942	0.12383794739019129	0.21185948115782383	0.7784910547036384	0.4365875227856481	0.6831876134403475	0.8741982313783911	0.8088373316492284	0.48031472609445786	0.5849287430882895	0.36609887720303896	1.4235327806671545	0.6632236583283108	0.26975350903891865
0.5057000713222551	0.6339957610089172	0.2892881696224341	0.6747485059439815	1.0009407880706442	0.3351925344148742	0.30746254191492306	0.14755425064189728	0.1101437900612123	0.3415435954000895	0.40061144429539053	1.175959066593173	0.4480228450570617	0.6292819794338027	0.7888019243294919	1.2226314310870254	0.3716588827907269	0.4345884561816633	0.6280548960446178	0.6059649974025975	0.6001474968956431	1.7703927852445656	0.3283384480776134	0.5744335960610537	0.3800169542028627	0.23961223626925965	0.13587388977389145	0.2283962244259699	0.24110402685442833	1.0381655351625334	0.5517630414794711	0.2469675563880529	0.6837444856135715	0.9582840477359471	0.2231714620828781	0.2643451306993936	0.4608993733714773	0.2593592554501836	0.6713349465210724	0.2885420410998439	0.4164355597801118	0.15554361245590298	0.9199131298152462	0.14591834746974974	0.5177462763066409	0.4272504952182683	0.24775847818650099	0.6457417903794944	0.505092093436264	0.6664542366857035	0.7845393222951992	0.2432671096481499	0.09084591283321987	0.639802923609223	0.5947555340404151	0.4525120528056269	0.5108850611102147	0.3301071556090515	0.22003294266925424	0.4205131484250179	0.3939186909824579	0.29072791247086094	0.3227145220251869	0.18563979647978063	0.9385786570111918	0.8238488624832463	0.40690653818450173	0.2998975847548863	0.3549151963589816	0.2599822352813774	0.26703581803207727	0.5334179567544961	0.11104920583000988	0.054423706044103494	0.39702957083400464	0.2628292787764867	0.30125967215825405	0.5399663249195428	0.6385887668180561	0.3641211494269232	0.2016460822729912	0.4645552320843908	0.491849306846848	0.5857062515650244	0.7078935618865101	0.8123016876522013	1.2071483475279787	0.38638377018165304	0.5989083537362638	0.7445980206031984	0.5885741954592363	1.019140878279893	0.6245383825130447	0.4765563776978175	0.9686611167993858	0.9830204291429747	0.29875932118275084	0.4900407452978555	0.888786974481098	1.1243746380404998
0.414811597739661	0.3997276205657139	0.49695947018334924	0.8103950964171326	0.31864678831918664	0.1787650435295805	0.20933517339010982	0.1453261950240128	0.8772484517046463	0.6606234167461922	0.7783073712721629	1.6281550015464046	0.1823712971295897	0.652333185742515	0.7122978041306984	0.3873447359327575	1.1739071355557091	0.4786448623043289	0.24193972229554025	1.2871185950885833	0.4674552245939135	1.1209612241671136	0.47413705099280645	0.473047194421389	0.30313943511445846	0.5533919342333716	0.3156039022926963	0.5014289194251614	0.41583248589020533	0.591947195798041	1.2064389708677339	0.1854128007032901	0.20246784145660665	0.6001791051790101	0.528505798620261	0.4221993494464271	0.7390937776937073	1.011794702496901	0.32486114326461485	0.2996867330029174	0.15560267448133228	0.6358231019029463	0.31787840316619076	0.8271092846573082	0.7039838232138595	0.616639920465306	0.774017889338553	0.8531884299	0.40286877631332757	0.5605528783817196	0.07717082020997375	0.25196647394835464	0.18398454944806247	0.06931356661697699	0.6553999655446686	0.6385849580877929	0.468777406772904	0.5680598093575151	0.6999992703669234	0.19398731853940926	0.7335426189441155	0.21869336346183943	0.21938318764833298	0.8224386578587239	0.5827867602101607	0.33612509449306127	0.3954478638569915	0.49841033273833274	0.2218530098426591	0.08806709005856744	0.26639040068249303	0.24100847551531052	0.6346175214631298	0.812803693099591	0.2083053839777791	0.7037491433604187	0.262490504415342	0.4284874310822019	0.5068235825740451	0.20463005556195962	0.49771770703407087	0.5430563953588827	0.5889875479808333	0.5600487399419214	0.20852605869749938	0.9990797484280509	0.3405373907411991	0.35164122602049563	0.8553015081211028	0.8494653912005601	0.1003177457808035	1.3707378676899948	0.7903280967936049	0.30758959069958114	1.0190938745596148	0.2549166160915554	0.47768292850018856	1.4219098336634857	1.187657051480244	0.3350891838271317
0.4129311583050303	0.6750266536864834	0.3999595170668538	0.5994066230621774	0.8496862676116623	0.3360406237139841	0.20479502372337482	0.1132466389727942	1.1796383491608649	0.3383418857131495	0.12447411307001136	0.3490034216198712	0.9116767430279025	0.3936336563978872	0.7642158574163261	0.7165188158167083	0.5046890225986875	0.565647964954478	0.5143813836163241	0.1590039928788068	0.5161681141499508	0.13702683526106205	1.2325147332033346	0.32129876554317055	0.07823675056443744	0.22369883317294081	0.7087039593774301	0.5636241825487075	0.19070826678729322	1.092132478797014	0.25132300254044915	0.42186645320728705	0.16545634140614185	0.997707527820114	1.182402384584038	0.42690274650097526	0.028569667626390294	0.879258507139522	0.5131783224721992	0.1805234790273231	0.9505307955889133	0.2573447676564241	0.81585104032018	0.35039671190772015	0.22538893856344053	0.2442236176502478	1.9809062495847571	0.01848796677492978	0.5718181515851143	0.32905082380206163	0.7234709959945281	0.9510911981487816	0.2305355107943192	0.7949348513080026	0.3609977122700112	0.40571111179085895	0.08271706514477212	0.8031922338073998	0.24262987062528119	0.9117624629895021	0.4567681780028906	0.4690716678570539	0.9774119681107984	0.11821350576917201	0.7921775891490035	0.2938737959722368	0.9148866497868544	0.3873425203396397	0.4971549313346665	0.9214006892575821	0.5951550134156498	0.6022525110876125	0.4017959061536714	0.5069863816715223	0.7847012157226186	0.5235115090217676	0.3060364761366983	0.3395072914721516	0.46346142764263953	0.6012675855137682	0.752859112440655	0.6784522919168801	0.2689869819241983	0.7609525533554552	0.1946801592711921	1.369249970099964	0.5458248400912056	0.29447505857672407	0.3181524415683355	0.49940901280315214	0.3868739272437619	0.7352420051341567	0.34170330632749923	0.65456746786355	0.8982619088608746	0.6217974460172632	0.38975867966242495	1.2117367436241444	0.5507771999267339	0.21738956058963602
2.084006741909604	0.9528586907479788	0.10108374823736584	0.12243313560065117	0.20290606011736526	0.9180806136340927	0.64266857714447	1.0058687254767407	0.2475218114891982	0.38379976338076993	0.5929472279043674	0.8962432429377054	0.7083720001463262	0.538873592646279	0.6417954820385446	0.7087946159971357	0.49765773744754127	0.27948439740313413	1.001712250162985	0.15660848235862737	0.3883887051176384	0.25428963082294	1.1354433493448663	0.9116614338060902	0.5591887909817457	0.2782712086969893	0.6132907102625595	0.7035003119511087	0.40797063269181066	0.4448542033096928	0.4673232405633803	0.31294892488842996	0.4995413750731079	0.34038136603469726	0.5799932672540562	1.194705620037627	0.26461664840714016	1.0738313239534487	0.4336517926104089	0.40301352135210755	0.9222618030142162	0.1833229850039555	0.44103703212791173	0.9418079525482641	0.5231144495490766	0.42887295111480134	0.3507711131840796	0.5903413401479132	1.1412242036392974	0.32011742526717035	1.0530214153573225	0.884990560077908	0.3576450930551009	0.3996493288072954	0.4090782799787838	0.4918266270437104	0.565189015454716	0.18671261753471255	0.14967300287061122	0.4095430902853119	0.1548019542032684	0.5038680764555387	0.29104315088160426	0.4060596338653841	0.5770891235863642	0.9456933330496055	0.7545217440646644	0.4906858824197302	0.11566354030135824	0.6846121049211267	0.33077342812500005	0.7517499032776349	0.21493817062912082	0.20866020606501115	0.21581018376062855	0.37992487300901795	0.19519944364989852	0.334002997553783	0.3769368573327736	0.20859703352435827	0.3903594127242802	0.6245664269303497	0.3321179601516156	1.069718808682151	1.023475633896944	0.34514689635980217	0.46367366233265467	0.4124172884814511	0.35211086050276286	1.0428643152519894	1.1750114886416527	0.40716330942099094	0.4901679937840356	0.19152843427822808	0.755340643103724	1.0754874301393276	0.3420178481306295	0.41469031978211407	1.0073358378918413	0.43499247217059694
0.3981362799518537	0.375564277754835	0.7612871974476254	1.0400473741734384	0.7708620253678873	0.8772772385389622	0.7701844151945731	0.3614133822317494	0.48992810091066197	0.35107662268398326	0.8753532452993832	0.7844536412943132	0.657963993786232	0.3581184838324984	0.38879330245931376	0.24419736288703872	0.40200473508073137	0.1829509281312781	0.3475439573148603	0.3645804246937716	0.11325479671924207	0.5295087003908483	2.3922289672652712	0.1774113502259623	0.3520560209690338	0.20654663785324703	0.7176476441356664	0.5756773678991048	0.9195429915768144	0.6845458694700302	0.4210261653114113	0.5667205141518918	0.24798073873779006	0.632260066269565	0.35115018940135256	0.30592382555196734	0.3320881597613528	0.22928253252211128	0.2839176860871829	0.4488333127110984	0.23042897314124708	0.8352917429346074	0.2486999173811181	0.7458964876786011	0.8660883609784157	0.3819543200624331	0.9995798574410755	0.41167848533805285	0.3234063700918679	0.21131943700660505	0.9579455971051718	0.7120328200682033	0.2174606134381878	0.6499826011190177	1.5344011847300023	0.6926206316560541	1.2939647079205903	0.3609676393390257	0.6713650792263977	0.8861362164605668	0.622408486305601	0.7536135632915165	0.2886002031567624	1.21477845172655	1.8428721522306768	1.0672646449720287	0.343672744050784	0.3725861862206325	0.30885529198540873	0.5060348456846019	0.07903336141259185	0.48946363563460876	1.0885259028324537	0.5264532655819448	0.6418889536417848	0.640645399872053	0.34617515625011697	0.38539575434246415	0.2630669077173088	0.9098780592246083	0.25641664555989385	0.6251183859431616	0.04845389919781932	0.42776994843553984	0.3057758594948792	0.39061273705447214	0.47611604632906335	0.3674492887556066	1.1404964800759272	0.9120138271730768	0.6111658817471145	0.28153768869849044	0.4061083750985686	0.44683221063543904	0.9939418589233842	0.25068962077106344	0.5897758756976013	0.6203196396884922	0.3441636241437394	0.41948936517948315
0.6500495898874878	0.3716453173167259	0.6555334729760013	0.261363078579293	0.41249212714512346	0.7456128448537832	0.5785028346447263	0.19246104768847538	0.5536731952156975	0.5995022780051611	0.8540840763619102	0.6107492891839981	0.5272902518057707	0.24017852488708513	0.5474262857199419	0.9381721833636869	0.45293622817588325	0.47351711598450397	0.2040358875770877	0.69401058866758	0.16430290811012604	0.6322811082815534	0.4806385053929101	1.7787302274858479	0.6614607797802933	0.4631654220630906	0.4918312370433275	0.2196827307110439	0.24382121403400644	0.22005454413804365	0.3683040174252466	0.6030482737013197	0.5282174114111275	0.7942297245219924	0.4078466697493597	0.8760692304048664	1.092415531755135	0.6082651423497951	0.8441881650478084	1.2279256708347217	0.2975699657646408	0.5159101611470626	0.3025071561406739	0.6297111318962247	1.2610389292183095	0.34365268932237997	0.4763792195755187	0.35159124604790304	0.678218709415902	0.5515343349390686	0.6657218976600109	0.6583270210646295	1.5062268006958008	0.8141218582508022	1.7321605036958478	0.58830787973904	0.7018093774439852	0.3559557022849204	0.17174410418467748	0.586058285391484	0.6539013262870351	0.3427464890466058	1.3626070562540415	0.5938943857072992	0.7642381578742095	0.11688507886094837	1.0633232216383064	0.7767047518736575	0.832979905180634	0.8542364376929458	0.7134172358611142	0.31392344802695155	0.680352083294768	0.6271503798700938	0.3671979714726476	0.9993675431710811	0.07218680934655136	0.4596527479662672	1.1101088943973383	0.3848769816160969	0.3914183849049596	0.24860502959388928	0.3149584238181431	0.06318287216405696	0.9167817807395953	0.5532384561508927	0.7910647629610604	0.8127625384829295	0.45661169074144364	0.9972595473768886	0.4134040794266639	0.6077693278000575	0.12384670017149138	0.4939277792334012	0.46228334184320774	0.537509362388649	0.1442135528753123	0.6068102829836035	0.21257617153135624	0.32245456758946084
0.3904489979914137	0.6259385137624239	0.9751299284993111	0.683263524428684	0.5042699354690745	1.554126704486239	0.38279279337262834	1.399078729178789	2.3092615901222926	1.2344920166687405	0.49123669070959214	1.2841141715443622	0.5629719229781711	0.3337456117339313	1.057365281486872	0.4305533583044731	1.1998483604322003	0.37298421747209676	0.29313094007438806	0.2945372805950681	0.42615515192016223	0.4249992696139815	0.42538161131357893	0.16060121552048195	0.610374307144369	0.28313629108698835	0.3067749995983563	0.4011177278954217	0.3020551752738518	0.7358334320754177	0.8203024075401921	0.620661545626983	0.9300577480916086	0.9913247083993745	0.5072276457874804	0.5914232281243347	0.5282009072041767	0.43888196829755666	0.6512530483359844	0.279088366651081	0.577226413288025	0.44248644368366735	0.17686537730152482	0.28063871666403084	0.4884238122103053	0.8092920364828275	0.41540381908617946	0.4762480822638997	0.718680398615951	0.7618996689768375	0.21245825684885059	1.4892432360988492	0.9858055079731953	0.31116276692237765	0.20958561331931158	0.6104102929711546	0.5773700179991241	0.539090227205186	1.4610635154637412	0.5109611422097384	0.3659399018332352	0.26206559387291384	0.4127786090613237	0.45354548675110834	0.37635810156987726	0.5117979678821098	0.0787026997486064	0.7172580817724904	0.43734152096035506	0.21600518988755127	0.3668465438707165	0.39902863346581174	0.23589409570913392	0.8843804403499722	0.3149387923669144	0.8772964936824963	1.0131005843422722	0.61416683689167	0.27614455885416667	0.296563735674106	0.7269729380030122	0.3253021309605915	0.04550587461963383	0.8119693505040152	0.32010107206406635	0.8172413977602956	0.2552528193244559	0.48269274799568057	0.8251120998373982	0.18143302883338833	0.23240808526244403	0.5593773330218148	0.5408059957803233	0.47880604609497096	0.40746859721648904	0.2526874707119667	0.16737043116036024	0.5349444198020654	0.6613519909089258	0.41417104890804446
0.7230564519413165	0.42329201568255476	0.37174852173127093	1.0658519805563056	0.37078166267379187	0.574927591728997	0.7324715882292876	0.40853863307323224	0.4242514610379469	0.8794033743107559	0.5276991549571375	0.7527254444839245	0.9602289986732634	0.6672609704110475	0.22917395092658874	0.49248783576513205	0.7275694002940739	1.3388723361858192	0.8629745886344449	1.3875725078771564	0.40394784070012313	0.9234608156162522	1.4304975908788762	0.537180964092163	0.4749705186234809	0.29120647606414046	1.2034893054221008	0.5298572652491916	0.6968264767694546	0.7910485044253796	0.20277304130734927	1.3607498823497832	0.15509810096032775	0.5870395646179242	0.5613300025375478	0.48522770829549494	0.23563239453351853	0.9162436699275122	0.9002293540976432	0.8151377855733093	0.6806121396956891	0.3861445252968807	0.38417049353340627	0.4273671899984379	1.2295918536524608	1.1081530689933379	0.31445296437872344	0.35422281304528214	0.21014522363887028	1.037636087891552	0.2726769245863151	0.7577388049628103	1.7571107311949883	0.6573511754117133	0.3824153279277791	1.6816666749745957	0.4647381790048276	1.007845290481039	0.6562691964118305	0.9263035331566012	0.34003599268923407	0.6978494848599562	0.4016143196498137	0.2791922167509346	0.698972627815771	0.607714983614392	0.2719500662459691	0.5853702244200811	0.24359766045356404	0.3515383439376324	0.24528377870448043	0.23403488917462176	0.9889026879117697	1.127821109740497	0.5638400215986152	0.4817575463468172	0.3890514633965326	0.12946189974182146	0.7795404848578811	0.9163842526997557	0.3166957058635681	0.453804858492852	0.07350685151965748	0.25691014000254553	1.0554016842576601	0.14759299031382273	1.069427313250226	0.3073323394302561	0.8854480896971483	0.437935856324137	0.3255714271162342	0.9732560404223787	0.435595374528954	0.13165919367471965	0.3823430307560301	0.5907163550200312	0.7736717080941196	0.5424595134511039	0.6044913520726288	0.8703338393469839
