0.7273816820461712	0.6463291003837827	0.6219655321530622	0.5783216203782671	0.5473479055197639	0.6375255423017573	0.4731911484659677	0.6882617442950618	0.7051942742087205	1.0016892166600764	1.20924145217534	0.6476249604974685	1.102537367246229	1.222817486611885	0.7150248642879019	0.6784877274138017	0.5719912210045993	0.45078207983613844	0.5188335957757148	0.32933789519412465	0.3465438404029188	0.29061262056147474	0.23441891846819393	0.3796669915316788	0.3147672724513078	0.39681308449799046	0.5252479295979277	0.3218619354021714	0.3296721887502219	0.6758923748743997	0.7370555762643763	0.6999617425098473	0.6543045778313744	0.5821526638003347	0.6875395157366508	0.3631572124274999	0.6657499744026507	0.5113618108510155	0.6417585503905681	0.881857842269091	0.7433284334513648	0.6393516694961774	0.719717239231507	0.6893542633318528	0.6011374925942734	0.6537779531035158	0.6800224590770682	0.4578069524724188	0.44361410532579987	0.2734257984473665	0.4913703277729199	0.42063449508739476	0.33725413534525805	0.31899560102780317	0.2657517949794221	0.34096693479879314	0.34472475679115333	0.32321913680976	0.48478772484903876	0.33436045284511473	0.525325011146493	0.43408861545494415	0.9071432611735002	0.5716241650815392	0.7025863630983054	0.5905697074073702	1.0716257363871564	0.9447216996489011	0.716536665277531	0.5686720662460837	0.712085429239985	0.5529341660369291	0.5526245297042044	0.4654158273420108	0.4842169576128291	0.5391881044391905	0.4282687879285159	0.8615778157711615	1.0721956601603257	1.107360917957337	0.7451827325535614	0.9543103252701509	0.6334885380793287	0.6270493396386636	0.4819686504551952	0.5127297123172492	0.46146801251069053	0.463491911056293	0.6861095846378128	0.48993846778757566	0.4610447713580829	0.8939216276587323	0.5597196121191204	0.7218007083361266	1.0024572461640013	0.6954737448532615	0.7479267798226699	0.5300582872689924	0.9459691746977819	0.7434601714798473
0.6704360942395904	0.42664230639977657	0.6334718546709532	0.5453133386615427	0.5156115549954765	0.5456049781629295	0.4259950567297761	0.5172651396225529	0.8364759721076378	0.8798611895370502	1.1121035758890638	1.4198289369446302	1.4674270053512144	0.9926616044852788	0.9049029725614938	0.8582077661327244	0.3968964272544059	0.49122138755753597	0.321527359413911	0.5257273887001486	0.4092382931945603	0.3547121326023398	0.2880131223849313	0.20536626689697565	0.3308206615411071	0.36808396428390333	0.2620609444756256	0.6026880884099619	0.5342782373198671	0.5777424810059975	0.8332437965166809	0.6056162340194496	0.604304785141215	0.5331427459661789	0.8849473954380564	0.5454198394850603	0.7929784139596565	0.7153203957436067	0.5599080331120007	0.43139645210798766	0.5771669306156475	0.48766121499613896	0.9455946341808957	0.6202664451241748	0.7704558877853782	0.7929396160897751	0.5875613303078313	0.4914017794669445	0.46295766132651645	0.36453547878296066	0.5405388573020121	0.3088843480823949	0.3226413382263917	0.2209940062647917	0.2265385190803003	0.32757470670368866	0.41129174115753253	0.3697010525398141	0.310281345741219	0.395756179860772	0.4049360415001132	0.535813078331643	0.8500966634411339	0.5369577943098831	1.0457685716493177	0.556815082403884	0.4761878712712584	0.5806957723083463	0.831091453238622	0.5803006365044958	0.39737549386560317	0.6407888642380034	0.5428267884682176	0.5564577577979045	0.39898522598748987	0.9106295225946571	0.4093631316294492	0.6692819793871102	0.9186881278314106	0.838867547916295	0.7993584890495586	0.816826190253059	0.633830999404364	0.6345234770374504	0.6673519776669656	0.43018599761276477	0.3289702401979328	0.5363397945789882	0.4719161093369816	0.4968427601726929	0.6641565445854825	0.5492832489563206	0.607859933740156	0.6754590937108045	0.6176159186856458	0.9980694376421388	0.5851928963823827	0.8779057747498856	0.8602310765614789	0.6121887353358435
0.43293875231903944	0.5567990944368609	0.5977961136101365	0.5948702076802205	0.8113126803429451	0.5412388116344834	0.7199332204920923	0.5545028848055468	0.8001124900647285	0.9408576673631402	0.8029031541985087	0.9039891463759648	1.0315512200297674	0.8523489937692771	1.0931352191266577	1.018172377055153	0.6123353129807778	0.591985595354135	0.5165212513844887	0.299788820629533	0.3591691690378967	0.3307431846461391	0.30012159209582473	0.2913019062406941	0.18030111702020646	0.27792191556809165	0.3575187052448446	0.5690419851279658	0.7452717367772842	0.6350162596983979	0.7705703927228685	0.7529536590549958	0.7330461790721672	1.0552934281402757	0.7439538115613745	0.6541554028705714	0.5671384182656108	0.5514923570706044	0.6780641992346114	0.34873455318176055	0.8787495033325089	0.4725625866659283	0.8199854849309755	0.5164050894616434	0.7963950054448793	0.7898506749179179	0.5864458553136709	0.36350356969123604	0.4408026215548259	0.5215613233676335	0.38325028536777855	0.3609738410467029	0.45618702839338454	0.22960966994690815	0.3514664658855072	0.3048710415824177	0.2257524548753166	0.3036818854639697	0.3288908783696684	0.5040114328689909	0.488966612484122	0.6897913881657397	0.5882205798850498	0.7618583644255306	0.6066124644437376	0.8291419281538852	0.6353249928912984	0.7125739300153905	0.5744635021279031	0.6873984661717621	0.5371683407779685	0.5706674153532024	0.35040645930254927	0.6134943011729022	0.6764244901768361	0.5527340847236789	0.7942443587215683	0.6436981837751229	1.3182924440474109	0.9765450927328871	0.8236132231742187	0.4859900484792504	0.597823821242795	0.575902733178484	0.5975042856568518	0.45793641302102744	0.34476306249091726	0.5141956114694844	0.48363642429373377	0.624398800566311	0.5316249663762533	0.44327718551422546	0.6688118552114506	0.9331907030849966	0.6585207919637913	0.48501095987168596	0.887177817618393	0.7945447918039035	0.7391853113110746	0.5968315603882427
0.5159812257751686	0.6725991831502883	0.5463271741935867	0.6237280165054239	0.5700127874231324	0.8386032170990996	0.7507629854827667	0.752937752965843	0.53695809440659	0.7665879983015458	0.8649472245779579	1.2746289089957725	0.7121544215006224	1.0268441794651226	0.7746485455230335	0.6111925896922437	0.41284949631918266	0.4687130778933036	0.3425746942822562	0.42853351079778956	0.4322324343913821	0.29849218792164	0.3341269396077389	0.25858544051733917	0.3944742900654541	0.3769160476685033	0.35934950376313374	0.4023601231105516	0.44961790943519436	0.5029390284094243	0.5909358328556593	0.4723923139718565	0.9165265696879483	0.6587130961897757	1.0310660203966642	0.5218727046887733	0.7537969138210726	0.40407368120543086	0.42877493104435843	0.274847797794946	0.5708719111433286	0.5498808236978773	0.6513388932716228	0.7232338965670774	0.5254269716012734	0.4708741174276383	0.6042003172850527	0.5878486032785969	0.4671666415207912	0.4922583086186812	0.5407010607750055	0.43926865458475556	0.3530456524136524	0.31277838965984417	0.4695322269822403	0.39593740614643347	0.4392507085965509	0.40436545221239045	0.462251239834172	0.5421894084175433	0.649959646936836	1.0168118535900152	0.5416598246038266	0.7707614457422778	0.7499678202693375	0.6610011074972251	0.6604645405064495	0.8864601278613867	0.38624925935939347	0.5099580934046147	0.4838277795603676	0.512174867190078	0.3570652232030358	0.4839094902142776	0.5963953350639996	0.5604703845279265	0.5096494285460783	0.7513780767526509	0.7433181479337526	0.9380869743742051	0.6549854547819055	0.7294190798357074	1.000680821067457	0.5017711345226428	0.49755115076611567	0.384630733797714	0.5311539413917138	0.464430464017711	0.5096170601812223	0.5187665965569038	0.5545343743372032	0.4544391742813189	0.3640546184062895	0.5443060954274289	0.39494659357748024	0.4953147488961713	0.5778008995943568	0.5484749375192292	0.6100373929027119	0.5674299030397787
0.5298714618570927	0.5347044835479595	0.7577960507691672	0.3560453494082678	0.41219099574054774	0.55021540522774	0.6163882520395475	0.42504604969592497	0.6521345566882497	1.0124932922220058	0.9880837029151434	0.8902007685686817	0.7060007994846483	1.0646286127045947	0.902396471058458	0.8137510588327587	0.6601482913748955	0.5338451723239324	0.5167963480954418	0.4440536288520202	0.2624292703506054	0.37145995586909897	0.39753409563781433	0.3141719983034952	0.32821652462841455	0.2945632276905832	0.2896201135764638	0.5215494080911854	0.8046038912550767	0.3945907939576978	0.6001077980612258	0.8056836858653592	0.9951657405337431	0.6592387624867261	0.7629384649198963	0.5714714294299688	0.4490343636078221	0.568529098500058	0.4625947913962679	0.45136385697235676	0.5982240888731907	0.45618482131695554	0.6457567904519258	0.6759181962639956	0.5002080241058752	0.6663077912677133	0.43330231351927284	0.5699553942209531	0.5369763282787748	0.3865034131336364	0.5104353412217574	0.41519256365802004	0.39411699696547126	0.4992987154150672	0.5753681592536841	0.45680010489791045	0.5916423999116518	0.48068576657522	0.4687231422121369	0.5426842238412446	0.7862391446695427	0.7238527410599955	0.6810158632524881	0.5828401690841746	0.8887834802508365	1.1681214320688782	0.6503753615640877	0.4893799148439486	0.397484053968017	0.4571939588107276	0.5194082147375643	0.35622129607150066	0.2784319413771166	0.4247073688681249	0.6468094970958912	0.35603304124069307	0.4136809518401382	0.615799318754303	0.8540461413804779	0.4810206866760062	0.5297726063682742	0.6900128454203798	0.6131637686893744	0.5731370307368312	0.3967707389040749	0.558778071313436	0.34379350987966323	0.39109779568777064	0.5377011209911816	0.3620446967309496	0.32354626262704966	0.3668639458508592	0.3918636657002888	0.46319844774280267	0.6239236377009713	0.5016183963302643	0.6304667588176455	0.5106156989691986	0.6924141777588321	0.612195564956164
0.8340112285738379	0.5591067702613111	0.5233391123067288	0.6177877749770699	0.38003612111894663	0.5771814994086409	0.6733997542549974	0.527328436722263	0.47460776837590596	0.7727021685550342	0.8043354374260909	0.6417228415246603	0.910830595340834	0.6606203849662916	0.7090735263481899	1.1501877201577855	0.638677966998091	0.4205698414211752	0.4010529610022518	0.2927370466660645	0.49767790872065276	0.4144632116732981	0.40245286108701145	0.3675915412084134	0.31179138409032525	0.2184910529996954	0.4612301844950343	0.43449349789213376	0.5083162519414167	0.7019910328160781	0.602147382866567	0.7076154535094924	0.4733979622947044	0.581020303659373	0.6404888610235696	0.5351626913723293	0.4084602578649817	0.5527506921576958	0.5204890926687377	0.5766652610194523	0.5145784589605963	0.45169152976174926	0.8603592620337789	0.40774463002690475	0.7154594742790933	0.42623895628769215	0.39485609795459775	0.3514061074380689	0.29860286561348226	0.4466716387238823	0.3500089003175069	0.42378130400611425	0.48618218762637827	0.5155218316413431	0.561664245239796	0.5210456547054834	0.741644769810787	0.612458390413169	0.6289618962782476	0.9195868052385904	0.8622269407542476	1.0842333411168572	1.3623201365601545	0.9568822278404734	0.6173743137841845	0.6615870947044531	0.8816046574140731	0.529377932646977	0.3363336640168529	0.5074540361996034	0.3131450398987392	0.29812665523035786	0.2710119029313507	0.5654767640747452	0.6677748994538314	0.420174724820424	0.852444309435206	0.5443609739279108	0.9218991593652694	0.6938231392941836	0.662556657563804	0.5247311452448021	0.5836968025880758	0.5571539721479478	0.5579789407279709	0.5177658162103304	0.43067360356240364	0.5192977116916907	0.3244325942668875	0.47573907377047087	0.5475715025362959	0.4851742525556208	0.5940564922486027	0.48983476879914856	0.6652274926448567	0.6696771589772569	0.6073062317567464	0.6220841372305207	0.46046786376164944	0.5000437352717836
0.4898430318849865	0.5362226758377566	0.516806485827853	0.5845320887845832	0.4078407618667936	0.3814358475726566	0.6200625616725157	0.8115468722921202	0.4994474415003242	1.0069671002693779	0.7913153456351529	0.6551445199223086	0.5769177405315322	0.766239063153296	0.5501106981187078	0.7369421674847274	0.5372007587189782	0.6757354698712982	0.4639793173537638	0.2819953575937665	0.5073988482837002	0.4209630065550308	0.45210576118041884	0.5010948567858325	0.33111734704527995	0.5031376408282037	0.43696458256731313	0.5712936127421073	0.5943672064896202	0.6534564439318222	0.8212818383442927	0.7688809439382212	0.5770041615229238	0.49182067121118145	0.9276907049722909	0.6190989992158705	0.6109224782555546	0.5421152490899098	0.4430861962090451	0.42272013072636994	0.41507698596471626	0.5041360076402647	0.35452711344745613	0.5769533358989849	0.5569611772048663	0.4465674758213599	0.4385665608899109	0.4296217758326526	0.48340347561758	0.343944669875933	0.26155536926808937	0.38289884160718624	0.38426187855657057	0.5049390255240255	0.5891814002846025	0.500810688258307	0.8986630346279619	0.7427574616661988	0.8974008810215969	1.224893667156284	1.0178716606946616	1.54776482093814	1.3207558778201942	0.9335140630694135	0.511483886532107	0.7760114898103333	0.7697272373474562	0.4897672668105567	0.4534186356663681	0.4872953568636188	0.4640700315187818	0.35160111654008636	0.4097043405583643	0.5106812318027051	0.3935698878943416	0.4661024855948926	0.5751637213070175	0.33417221991063584	0.6526495539342847	0.4461067006443209	0.5430786333042295	0.460047134594021	0.4524950719406758	0.8788978787175016	0.48790814568517443	0.49645925542005304	0.2755480080950089	0.3824577873454584	0.3466099074416771	0.5391738861828325	0.46097148106804736	0.45681275162352214	0.4808988284825039	0.29341329079310285	0.4513968397962912	0.37882776650532113	0.4375455952584348	0.6276042571304423	0.4343218930774443	0.6918358828128657
0.5576789134038225	0.5006021163112604	0.490857413304315	0.4536835874005287	0.6124944825695188	0.33031183681924614	0.5357369727361084	0.45313584238007376	0.5869921131766697	0.6448476663961918	0.9194123392158522	0.7484135038688401	0.8358057884602299	1.0305251164787448	0.8020373614605103	0.7011435324497903	0.8327123684323227	0.5931805419098987	0.514252306508681	0.5014557145652453	0.5201415452092917	0.4631523441268227	0.27985120638041083	0.36411893452329924	0.4707939174714014	0.7722003659800704	0.3862160463804022	0.5651351644683259	0.5537473309161127	0.6253702873965541	0.9712283461498434	0.7556533093670895	0.5959289294860627	0.7235281047375072	0.395377729242525	0.37726961153553823	0.27447717264984745	0.3055666388527474	0.3274550958041775	0.3811321680078483	0.36674434893623614	0.43780071565757506	0.31772455981765263	0.3754366216973254	0.6042213541479341	0.2807262130005565	0.4495780681090406	0.4855539768003376	0.3440489140835484	0.40362587659703614	0.4499010539465482	0.6025800854327477	0.7359404970600002	0.4910487222836416	0.49206665687345	0.7643370778640001	0.7135647485955284	0.9490166963211335	1.358863858687161	1.2665477175031798	1.3821416231332955	1.100706139281789	0.9083898425777421	1.0227508105363752	0.800861653079301	0.5177133732681141	0.8807860180742406	0.4501220443724743	0.42250404986015755	0.33001828504065567	0.3986061624526856	0.3608752876179199	0.29936697384425176	0.33864189604609973	0.33072299080369394	0.443726522364179	0.6156959361264599	0.4161259388233353	0.615782356310515	0.5731415354872887	0.438645946181378	0.3691031280382985	0.5284135545579531	0.5204203513720337	0.41699846871344526	0.5057788343241203	0.3891134778268925	0.47255942679546653	0.4973225631985457	0.37562751950835477	0.5580231431173996	0.422347589258439	0.3863351982165629	0.3427324925391144	0.5061428916381928	0.46393614013110784	0.42770860754667056	0.5301267519640938	0.4540979877603246	0.4523594194390031
0.577483489509022	0.49755745032575677	0.4698430494734043	0.8299115516179014	0.5202509595328967	0.5595047701434536	0.4045171041825658	0.688622783016591	0.6918011214878851	0.9397550249660951	0.6201396910350906	0.35104214052966987	0.5335633664015984	0.921323221087333	0.5592220766745083	0.6279872725240606	0.46869908655220127	0.5948411604440083	0.7313355252822423	0.5120680210586832	0.675614667447214	0.4276596287947498	0.5452218062686446	0.4951179348550981	0.4504784673109855	0.5142772257708594	0.6370998867487665	0.5254456387535984	0.6461731047034291	0.6456242842539761	0.8251777183959098	0.6308567682476148	0.6812435942261674	0.46283002441457644	0.5040929773353793	0.3437718876191979	0.38820949441469693	0.31088470346053765	0.41810363422714275	0.3628684964156268	0.28737299105281394	0.4734116730959406	0.38318325126143316	0.3673310184092366	0.3961805578786585	0.5130045082172445	0.32436817111699273	0.4279641497156961	0.6623431564792315	0.34245062814856314	0.493962689253731	0.3149807430080735	0.6763348292884195	0.5683248611926731	0.7465784879254715	0.8268424648889606	0.6557770409220601	1.1346471919006096	0.9808618306307563	1.165495890879971	1.4081846273973857	1.2507699812735984	0.8476801538346368	0.7898459956766593	0.7219370432232934	0.8368996084882996	0.476566905241699	0.43152084362445964	0.3832960020427797	0.3791778063394676	0.3566111351638174	0.3562485317320773	0.3108675420981181	0.44116620502248904	0.43193929385411517	0.4188693912511522	0.39120860758327963	0.38561107628338886	0.47001494867483185	0.5417124551428237	0.5019427883636055	0.43812670819769994	0.5336593125285961	0.5082949293838478	0.47033552994519856	0.6117305965639175	0.4037923640563538	0.4353419989372261	0.4886069880538323	0.5803426589280293	0.3515509620256512	0.4811084258635991	0.4052116499143001	0.639325210838699	0.4885688114414072	0.39529473876537835	0.34058892845139593	0.3664632271118471	0.4575354213318171	0.370985168355494
0.30647665447593136	0.6449787352223146	0.5677563574255259	0.4267888305839734	0.8982983325001037	0.49088039027940955	0.6618662087024921	0.4980863908421069	0.5584715663778728	0.6895534347898141	0.7248579118258546	0.44323990716660444	0.8702597972315226	0.4574714090932581	0.6006750969811214	0.5619698898075596	0.8147179529594551	0.8103573015994161	0.485790292937008	0.7981084386394535	0.5114385663476406	0.5586487800327614	0.5100421631466491	0.4991757198261699	0.46715930558629787	0.5290580670965945	0.39709857256979125	0.9453557259662962	0.6616302774867766	0.4710179787624634	0.7730057096351846	0.6518017095245024	0.8061263607706199	0.6365228933622471	0.5238889526495255	0.4115846796661556	0.31946720824078056	0.49766921048379503	0.4694423041012781	0.34983505970058404	0.4850538031825926	0.3781844210806786	0.4058477254856365	0.4142778036367854	0.5558355411512405	0.40886650043662404	0.646776616785909	0.2537734144023499	0.3755515642149673	0.27418138485357696	0.40167924323108567	0.4886595108220346	0.5706308777354407	0.5897546482501086	0.8267431522014778	0.6656441057956889	0.9609303262816211	1.3111540841520308	1.2125437778723698	1.0738760154879767	1.1369039959348164	1.2680257464932738	1.202946671388731	0.7009140337890226	0.7381150211914249	0.48592756152040534	0.4295827478812702	0.3167312604226009	0.4427065300061265	0.3088303760364604	0.25902703857813864	0.3595700595304256	0.3208910822696782	0.3545495690892744	0.46309200873278483	0.3967719128912193	0.30533471511311366	0.5189518631043009	0.3785289369233995	0.3825605209033239	0.5249942442846547	0.6115213469974685	0.4940875587528574	0.4514949429259177	0.43273663685567454	0.5013454550434068	0.47282143506800745	0.34952439861109896	0.43908085875105407	0.4942761752409166	0.4257583329679094	0.4363654213220388	0.5320515539507032	0.3180158962605633	0.38638049756617926	0.4903004900894614	0.381254320454357	0.6039199947879909	0.5037029901837401	0.43702675263300605
0.5878341298409495	0.5586908585269994	0.7235573287584595	0.6271453640620869	0.6077803145738858	0.7914813062416435	0.7126035575106744	0.8059571216351049	0.6919766058297275	0.7045183079519303	0.48026415098189906	0.43982754277849634	0.5414203078746254	0.4171385492060539	0.5228073035179345	0.6393641511846663	0.5345632064735347	0.4382000723211941	0.46287259880449205	0.45678157624846966	0.6785170497943158	0.4552852278201273	0.6330434416537833	0.4214681594309767	0.9390142627941593	0.5707056495576646	0.8045524429303925	0.7438738173219358	0.68214886034882	0.8823955244162179	0.5704807580706635	0.4714509139829421	0.6341578102586493	0.47369014787312785	0.46162108220313636	0.5000226663117197	0.4195700258366504	0.3801824486294248	0.3944777092581764	0.4580747934586137	0.3760317812339216	0.33198644978369807	0.6559072375039919	0.5841618795804231	0.4209614812960769	0.33251449327340216	0.42271957152390677	0.4200275098160361	0.24440365570383374	0.38669744359112557	0.330896120053882	0.4070771577890831	0.5939935612221459	0.383384021243174	1.016283912746532	0.527055239921287	0.7509138904284196	1.0648527707583235	0.8311644479823493	1.0618852196011193	0.672772623045602	0.9932317277210494	1.3493910684445247	0.7071743392242578	0.8001997580291521	0.41941339144958617	0.49639791713106307	0.4171830806385468	0.48772714126808114	0.27817981082655197	0.3200196236642663	0.28348646618415096	0.2545176240220108	0.22553935089308275	0.3113520158392538	0.30553228272620164	0.4188732893394713	0.564645635034696	0.5115227708558796	0.5748584794879154	0.47177402103009963	0.5540739862752443	0.5895025074651729	0.6023199245918858	0.6053591449691533	0.6700701565360258	0.5074961329536583	0.44115949629298107	0.5416646103107454	0.6880542826500197	0.5836883322923204	0.36741522185842984	0.4006122866111015	0.31279513806548265	0.550142167365898	0.3828128410183648	0.38951776016231004	0.44854918254737774	0.43048851061041765	0.46236796183809215
0.49692806867756545	0.6198384542087066	0.6116726176262861	0.8276132385570297	0.7175951595633958	1.2711816751381457	0.9764732058563316	1.098745531015503	0.8898730104140865	0.7064665192403785	0.6611538594200235	0.4945891360061112	0.6058400364966624	0.5990639552845451	0.42791658228986224	0.5343975991198148	0.4726974551246479	0.3343340742195357	0.6162314982393724	0.42341770949080115	0.6160213283420243	0.5667646354683614	0.6085161649646009	0.757590263154157	0.7353098367713397	0.801067662769988	0.8455439610788531	0.7318555216596333	0.8292378079179641	0.6536294706232556	0.6617707709170852	0.5426263602563265	0.37013413268696105	0.4163185442139061	0.45538005551630406	0.4046394885338402	0.5214484331806882	0.47330277719243297	0.5547865597702708	0.4581499155701606	0.33458735574343845	0.48380340586346127	0.46910326143141773	0.49182913631219605	0.4879953965528173	0.4702489782780805	0.5249064991641422	0.35550972277374787	0.5667488936941285	0.30140982907467845	0.3816486139108142	0.370465138413078	0.5775194745238885	0.6897957350766917	0.884482483627902	0.793751990240166	0.8629905765486311	0.7133771874925786	0.9391066500087913	0.6776373490162327	0.8750807850670707	0.7797888623456255	0.8347307082303199	0.6476457774625487	0.4923975912671971	0.5743670267521392	0.5909912522705004	0.2909442932261399	0.3214213835683225	0.28275925971527344	0.3068632433478105	0.26326103545137436	0.31822388644123994	0.43724823960045	0.42475619337334064	0.28368399201227074	0.41077087214804964	0.4354061413236988	0.5752617953934882	0.5006201932173351	0.5219923645608467	0.3662793097697338	0.49690023839411795	0.574082465297952	0.6582024766400566	0.4368634992618611	0.41401442500244506	0.4095676895366285	0.5200159600016775	0.5191992477302426	0.3798463158739086	0.4802716929779007	0.34372249355447476	0.4568985095967183	0.4074502959248368	0.2683752361909775	0.47183416001747186	0.35133220865302656	0.37582595724256745	0.502053424721081
0.5154708061514625	0.5153376112407536	0.5637992941832795	0.6168054245407728	0.8760360899839587	1.5477650056581072	0.9460699445877438	0.8263033230343366	0.6651786686150654	0.6402040851870259	0.7136206621081828	0.6938150417322595	0.5694661219674123	0.4480660552418592	0.3600227202173428	0.5996831771995059	0.3333101964924312	0.43054637186725353	0.49937092157674806	0.7050131975205688	0.4054148387052187	0.5709988366281371	0.6991501774859173	0.5927487442450905	0.6848070799966897	0.7520323491019233	0.6451914121504501	1.1303545685978647	1.0195027267763077	0.6907328618230788	0.7199096843760932	0.8333066744157536	0.4990670240133271	0.6531390985292751	0.687985554893103	0.5645866381301433	0.5172182617158033	0.5379800432097999	0.5912196873111382	0.7131008686782302	0.6351645625585202	0.41633727064332193	0.3736559358086438	0.5488164538132283	0.3737727664687479	0.605733770381802	0.3564380805822453	0.2982333804456648	0.3431685561399515	0.4162681636532892	0.6108664079427109	0.47296960156085566	0.6895089959510747	0.5713857793637706	0.7229150345013604	0.8154941689275697	1.002560163336584	0.6340483178524075	0.49435697558506037	0.6812528562319056	0.9774413124892629	0.4552237907818262	0.6031611065379148	0.6715263686358608	0.5251422577571934	0.5365465931434841	0.5195779024994139	0.3412612447894926	0.3655249885959128	0.3713909062293984	0.4131799987580025	0.3780880579627873	0.47122366737415783	0.4596645033052744	0.426996371349867	0.538881277637355	0.4047687517961112	0.4059251387651889	0.5370131907283394	0.5954911005479407	0.6126771016015945	0.4387217401250764	0.6079950481255078	0.55109979397737	0.4984163921552807	0.465722828429643	0.9375194315437035	0.6145811213850111	0.5697346409061292	0.6782562538984109	0.548479463814707	0.44405463684441565	0.3081703546505574	0.4741917567634949	0.4624929931239732	0.5333698384927525	0.4579087376410991	0.37710082644034393	0.5528141380818516	0.5077514356526374
0.579800881511549	0.4417117629849351	0.7838889687516896	0.6810261334101819	0.8641005851378207	0.8277123494019534	0.6325845340610634	0.8101759634201188	0.48153661221967003	0.7866959878438906	0.5126244051960412	0.6317798839265135	0.4104721729956131	0.4453806258157983	0.36248037106963826	0.37252722156803614	0.4014674613941439	0.41182594079625645	0.38391425671162455	0.4509035778950799	0.40281482028741333	0.6252553393907266	0.4863651360281654	0.45696209551386197	0.5919002869350346	0.9233654785429596	0.6080389198295826	1.2012405754731508	1.0898621338506376	1.198826972081397	0.9115011952065021	0.7328281505259624	0.9728789114967051	0.6007338633050738	0.4993592803174309	0.660866722183974	0.4314208074353466	0.5529610434589746	0.5604634995772644	0.5117179544511447	0.4677300609041816	0.7161289662325863	0.4819063461301101	0.4850053908240138	0.44762592359428177	0.5097982905158396	0.2822223925925266	0.5345615800050858	0.3817536815230832	0.48049907689356935	0.42957343057998604	0.5935958285684353	0.6491180061577411	0.7581198220440419	0.5494855070050537	1.0507559214633433	0.8675559333122024	0.6672607189741488	0.8202557008265907	0.772275961706801	0.8415543185052399	0.7320129557434641	0.5556742011462626	0.7431730294132705	0.7050469252352678	0.5822802127052253	0.4442467986204889	0.569665173267379	0.5291798292978411	0.24905561904232335	0.40325388594138184	0.4037652982715129	0.4654435051258109	0.49621115015418993	0.4456691582368272	0.4343834432800805	0.4660779379378434	0.42856536438005216	0.39534299684977237	0.5344953123796887	0.6413751906572954	0.628268614477416	0.48116239587675524	0.696713413308049	0.5870637198180904	0.838147609507515	0.7501945796113653	0.7378612685418829	0.6369526950167317	0.6291068031859133	0.6365443904532886	0.5266028770871997	0.48500295481108857	0.45764662502805525	0.5754412258552233	0.6922951068455341	0.5642567557493722	0.4633459657175716	0.49496782202292516	0.4286328531326656
0.6586342216622804	0.5077778526807126	0.611767328117077	0.604543928327827	0.8996871931490713	0.8681135953054608	0.3915390222126271	0.7736096507678693	0.5836259405378894	0.4177750172218891	0.7922193633425334	0.7104866807671858	0.28329650350871377	0.2914155965609687	0.39896760390456654	0.4621084470649507	0.42141402379037857	0.4816708726581615	0.41614912980219343	0.3622267839878346	0.46863028797958955	0.6308443361540556	0.5862021785506326	0.3531550397917102	0.931401453859304	0.888272120318412	0.8673886772678365	0.6958982506658499	0.9037703850565051	0.6784175560659965	0.5621939806495635	0.5376756881749055	0.4626580408136627	0.4080149607077434	0.48576621384125224	0.5317939687871971	0.4987624133268511	0.5270092456364471	0.7170523062152094	0.45802590891004996	0.639001022791621	0.5320642265220271	0.5690752897223649	0.43929214062945926	0.5999191017550671	0.4367473094503874	0.49997488654976524	0.6948971042744772	0.4347261375080565	0.5565333918689922	0.5269441607916333	0.4696256498285715	0.6271026764978553	0.4461380051026646	0.5228005073258731	0.49942124675401645	0.6545263981469559	0.7172107013289339	0.42995166281306035	0.8459564954383033	0.7025730434711325	0.3773883369015023	0.41007336864388405	0.7324049831768696	0.4279421064051765	0.5199955610761998	0.4613181424770023	0.7558045124506053	0.501464181941727	0.4992288248227942	0.6078102916045907	0.5768641362589546	0.6400091038221768	0.38446124695099476	0.35912525397221395	0.3899739951959788	0.44929976130958615	0.4334930770294867	0.4404191841953112	0.5474376781897441	0.6915690043875824	0.600471100081169	0.6686394906798527	0.6963436647967352	0.7113242092750434	0.7727067277501471	0.5459543711792029	0.608060116632572	0.6910265389561029	0.746914775579086	0.4523228510363388	0.6781168390878577	0.6344433627834324	0.40691529356772277	0.4122396716742391	0.5156104393391794	0.41532278261001526	0.3950533817669744	0.4260295560858516	0.5796842799847922
0.6093383569619346	0.6698957391531976	0.6623801339539214	0.7574741878096523	0.6153805510509858	0.5247383722219244	0.6983713782876433	0.6884488160167992	0.6267958383141229	0.7238526117545815	0.672671836671131	0.36559611294945704	0.3129618285758689	0.397997562914984	0.3696717919042244	0.2776343337387279	0.34605451319851016	0.3187446394692414	0.33694175947720456	0.26977037667781106	0.35776954559553575	0.4403061630066808	0.5283953928263868	0.7946739304827822	0.8343196939256	0.6846192618207527	0.905419918275363	0.9861565140939431	0.8083753802252356	0.6529789954439914	0.5323155439642397	0.5538128486467839	0.49381344222502976	0.3776247780171829	0.4559304525308083	0.4155483029303304	0.5612836338465558	0.4290532487074527	0.6552292798774745	0.6983547852925626	0.5882113824290148	0.7163270627008049	0.7649670893799349	0.4914502290742355	0.6928709932488762	0.5659835006380185	0.4252946182267239	0.401671054912219	0.5565529866305758	0.5324622888462155	0.3584041787705046	0.677971275050001	0.44244978983611066	0.5944468046887438	0.6536499354345731	0.5744123045334972	0.2658118798171492	0.6035904053971499	0.7638725066327353	0.4208433584313417	0.5040420557747737	0.5665948389511168	0.7972938299345417	0.5796920544356465	0.6963930033177212	0.6809969869860154	0.41831793007448353	0.42296197166193605	0.5511542144248238	0.5987494846960009	0.4752597621572888	0.925616252166082	0.5503426198573538	0.8553649050812084	0.5035198854396629	0.6120677976730269	0.6716164998548086	0.3271919357484721	0.37406806999350595	0.5636603093568346	0.7333695533461388	0.8075396507879371	0.6864771542266644	0.8906796778500294	0.9062114901107903	0.6897970210149686	0.8913569510203072	0.8653529708139214	0.5171166446150682	0.7541779865944035	0.6580852920821936	0.5349617547230485	0.5788356909443076	0.6885774828216481	0.5362964963644923	0.5823380993715399	0.367244401704284	0.5065133780421015	0.6593918460473127	0.746587341185198
0.49136526679890813	0.5178088290285568	0.6361235801140027	0.5710301536702185	0.44102040188862107	0.7578076201375153	0.6168189411660507	0.5240751961537438	0.5382786132777716	0.5597428149564098	0.4654914885268159	0.6693758107373634	0.327066056548101	0.45174801875136655	0.36619350650703747	0.3060014925912593	0.26664685492136436	0.3963406031188881	0.34847665214768886	0.32223983994992317	0.2388458460533362	0.6001349642274095	0.400699622031558	0.5620486812066442	0.8260803200041665	0.9804269885355781	0.784086912524343	1.274488291942171	0.8763245363077526	0.39493416516236707	0.5950613941421835	0.5475987225472295	0.40568596977251375	0.3819956186903372	0.28117377237397106	0.48630099573374463	0.5798834557247575	0.49098969729354563	0.6340048416582887	0.5028855510218175	0.4840714572103124	0.8587891312159659	0.5597993984875576	0.6855031571237175	0.573318852595243	0.6227773344972066	0.5044557102948195	0.6920817655459457	0.5516184775992702	0.5180679047014481	0.35368160566927725	0.5217884019385707	0.6428722082004379	0.7352641798126124	0.553752854757718	0.41444996590303496	0.8659493010775029	0.8418323868683028	0.5175867944179289	0.6987496029372282	0.6759328230062657	0.34198990698437776	0.5160844929913335	0.6606989135782909	0.5157226728164708	0.4587380302350164	0.3555049218050167	0.3779702343555204	0.5271372325823989	0.5053504869734854	0.6106672831324774	0.7196293673648301	0.658726587371534	0.5218383218320422	0.6172722283050052	0.5323124806709965	0.44868292733778803	0.45560721787095987	0.564176052415805	0.5390331944805546	0.5921011730886959	0.8367680728292346	0.8434538395894342	0.9299260471474473	0.7413747918673702	0.4026149050601419	0.961575068367102	0.6783668767695286	1.0143238088176372	0.673449291421792	0.4722282438688255	0.5347256253939603	0.5351443378675621	0.8917325655789894	0.39140710951194874	0.560653048290949	0.7056024974310245	0.7424458907733799	0.6247366834545428	0.588871293182413
0.4742591732477413	0.840039722844687	0.7614580675845751	0.758990965790082	0.844535671496731	0.5481933493511915	0.5485353577766552	0.5522937045385204	0.6220355261046875	0.5524152104002881	0.44540608134526904	0.43114180555362364	0.3548317748892237	0.30032272153612954	0.5670387357310808	0.3942351305214011	0.23086648936049994	0.33783928201636254	0.38368757917685065	0.27305581502561826	0.2677165973561975	0.421076702361659	0.7201925694235252	0.6613077445459619	1.0104290142387025	0.6236626227016252	0.8812570689686782	0.716668411942794	0.8188637849449474	0.4853871224394321	0.5422796347622278	0.8257874042257036	0.44317390004525264	0.3392148175667147	0.40031297663563997	0.43204724698283503	0.4107869953005512	0.5921517962176779	0.5537603560308534	0.47026948431234106	0.5318835717939896	0.535591311365865	0.8447225001086697	0.847652238391897	0.6313774282476293	0.7020903856682286	0.6784855167279996	0.7494212875748362	0.48433764811876656	0.5064693846102883	0.8285329244785393	0.5542604963236678	0.7177236153130012	0.5328452887123285	0.6343456191793576	0.5903719738757328	0.5245365784982371	0.590733365698217	0.3947593644914347	0.3865203419241411	0.42274363703949774	0.6224664622391302	0.5026747749361817	0.5096112255188242	0.41595198983107545	0.4578452358021423	0.5787476530974458	0.5003554674245861	0.543898810316331	0.7300582594013797	0.6287107878802537	0.8424913568737841	0.5010990924200825	0.604086036825798	0.6196092169474824	0.6642323375259654	0.5080796103409985	0.7072757815671928	0.5889463726050829	0.6318095361764642	0.5165973247297967	1.0347718781540785	1.1141765320578798	0.8266172566805959	0.9050187097360074	1.035951332498856	0.777872742020979	0.8210373534683396	0.8000714684496922	1.1956739783908268	0.5549720211877976	0.7232320535696699	0.46072731494510016	0.7176228636062945	0.4304398725245567	0.389190118195535	0.5640782639423009	0.6557076117320897	0.6101145800072548	0.6746812718201052
0.4533149256149402	0.6865575958622123	0.8889162688626138	0.840285351078123	0.8143900545096739	0.4409718282331168	0.8522456863310442	0.3565836756686623	0.4539881531654364	0.38266280580483203	0.43444623841197955	0.43574904694203265	0.3442714232157979	0.4234191702464838	0.4071354201875744	0.3273479126011855	0.3018577366172787	0.33574221403853105	0.4462458758209311	0.4692005370052439	0.2780749490601598	0.721141262470554	0.6921250169923048	0.8730290083692255	0.6059877786838787	1.0942294205203773	1.6319986313558028	0.9886302492951264	0.7139001768456237	0.5295613189587377	0.40811927141108495	0.42192108492658814	0.3205381475776127	0.41670017572356893	0.34205774890068613	0.40790342119407913	0.32749002397604365	0.4247573642677792	0.39470865058583693	0.5503230742596679	0.8903697567685294	0.34799641617366384	0.8026915617146443	0.44459517660564557	0.8474684277641725	0.5814195428887006	0.7907671800089917	0.819845395535243	1.0591841119564522	0.8286942731618718	0.5660666478886756	0.7038651950810403	0.5999212721674962	0.5943354431634813	0.8680522062289492	0.586507663594569	0.5432630073937255	0.4403938999456859	0.5065379209384784	0.5291408525676563	0.48801733057150204	0.3512502447430386	0.41228929264998787	0.38229007722201597	0.28981062901280463	0.6386989987137289	0.492082259571353	0.5421609343640799	0.5343517797867503	0.48946851497424226	0.8584747634321485	0.7136406268014124	0.9241719519334314	0.7866093682291935	0.8136399770565251	0.6544079380709511	0.5585381227729834	0.5762594283089384	0.3566524757166446	0.572075295158747	0.45703231179626724	0.812753000404624	0.9593583200905558	1.15180341449436	0.828850537280724	1.2472703855511942	1.0681661507924005	0.5588768129308427	0.6649540096688212	0.57113212874763	0.5535779712618983	0.7568737237579598	0.5420733891006955	0.551434836417047	0.36655525152264956	0.37221728962582806	0.4226154789508668	0.5649050763603859	0.6243552295576306	0.6681092162275802
0.8512767821854726	0.6181419713250343	0.702436763197832	0.7617740272381245	0.535798561778053	0.9162283179309129	0.6295764358433927	0.4977705213684675	0.5317111371190221	0.5249795560723236	0.3018765326869021	0.3883191775973245	0.404889981392541	0.4696613458109608	0.3458833349980808	0.3264062801494466	0.32570971293347234	0.20112325372870948	0.389161791254404	0.3316299606774687	0.32140358585444023	0.6704543678917891	0.6126352902596739	1.0471995667929475	0.6980841757757883	0.9020864817337474	0.9089028368965579	0.6849994046953032	0.4369339079534491	0.6694936218699445	0.4128336760205046	0.37108898858693395	0.40149622354774656	0.358478806551439	0.28445033981301665	0.3029467220202578	0.33438812376525673	0.4709788495282131	0.5089935586095483	0.38132436017610916	0.37255671023922937	0.5535112224898594	0.9436133776826292	0.8161854547384991	0.6870644095496967	0.6375373301186126	0.9215519843677098	0.4611716061432304	0.8967103159981664	0.8294927828800096	0.8406056045883792	0.6840169810302029	0.6737343987836437	0.7276105599881901	0.5553939711377496	0.6261784220251659	0.6437277771006236	0.5663494937444857	0.5069694610825635	0.3756101324078495	0.56209339321489	0.2784938364440669	0.32251880049304427	0.367823916487101	0.5722967338425005	0.41647385473204623	0.4427108311156954	0.7739247575881134	0.646372187876736	0.5713408905532673	0.8646012951550686	0.6409936559314442	0.8336696699677428	0.7220688363058407	0.7494367688374447	0.6534651022412454	0.6183389029122833	0.46398407602491504	0.5242471815695998	0.6315118786843634	0.7700652757024012	0.8551201682286049	0.8877974889533962	0.7307417301013986	0.8966876526495025	0.7800375960597544	0.8154422472988748	0.7792834308480794	0.6157012104990133	0.8362091733267845	0.6971889705620146	0.5076679159315202	0.42162839481671316	0.783415212453611	0.4913239509208732	0.4812595045569195	0.4206634649378228	0.48708384018769585	0.5195784290121849	0.5514160368365436
0.44730279498928777	0.6069438270023949	0.7064241769381793	0.5386975279550298	0.5614337867194499	0.8048355626128583	0.4638115439272239	0.6564931703101452	0.42974523628313877	0.5462484234217289	0.38711629387782737	0.335956908503183	0.3433685634295311	0.6041920235721667	0.3354784625504172	0.40154144602456837	0.4398803902089208	0.5416013726360878	0.27263937616809386	0.39741599975916675	0.6015234086397075	0.6907931163447315	0.5230645900531826	1.0249808446696898	0.9142848780140052	0.5356510528336765	0.9336083257221579	0.7284125664923568	0.5414579377634368	0.4768875111773473	0.42163807335862946	0.3639321206326704	0.4473055996116225	0.2772754328335891	0.3193997523063494	0.3656141776006917	0.3427945814590931	0.33774156088880664	0.33219829184309874	0.6253822788532698	0.46766711012489015	0.4332554025411021	0.5277181139695698	0.6734686768994835	0.938278122471924	0.96067158788084	0.7904407263852811	0.7440331797763863	0.5756047342659453	1.0374555848979716	0.7263692007968167	0.8446905047019864	0.6787554016130644	0.6370723685642365	0.8485368039290845	0.90456488782618	0.7326797114592164	0.7886827665668311	0.5271620136465205	0.4003723074095992	0.6701136915686314	0.35036006990981167	0.30502773976699965	0.7792888278825402	0.5610438460845518	0.5889877096509162	0.5886634945640528	0.3506029739828726	0.9897770175873926	0.7936269385336314	1.1302128039751054	0.9864391832048941	0.8295355878272687	1.059717806201152	0.5762004765364532	0.9168797613431117	0.5191873840514083	0.6903691998410572	0.7119751282215004	0.49730547151123794	0.7159210511746419	0.7544604887883708	0.6105089194808864	0.5208848621787873	0.8928911869874844	0.984702152124124	0.7937294569641807	0.6229904673964659	0.7839146559092903	0.8536104819232468	0.6936689111819306	0.6524654314250737	0.8118998163408855	0.5540359203173362	0.3146946411372196	0.37309437375521554	0.6534431772436416	0.4000418991104426	0.6605612180680854	0.9482114769168751
0.8752746284896407	0.6266375409116937	0.6074161898733049	0.6260509476766501	0.4913796155194332	0.8585538993617703	0.6517017847849333	0.5463181675843594	0.461901367813652	0.6449501329786818	0.5924719312020709	0.49816252662805005	0.42884711884469445	0.4632263189958457	0.36628060350917535	0.3937887400839802	0.44174592749593566	0.6186779882981692	0.40906218350233525	0.7088029970026684	0.5192450325065545	0.38022476955392825	0.5409966597577183	0.6644750182237601	0.9460530615684805	0.6699110500436338	0.9620626644673587	0.6413174329807402	0.45913716395074694	0.38250362643151503	0.3892031610718002	0.3786626967649233	0.2831127536671405	0.34043797273110404	0.31067454043277587	0.3751462091365162	0.44846086352045117	0.42564602082879005	0.5364104020792722	0.5398761093855818	0.2953987552011717	0.6794262002830845	0.37075013050663885	0.6613875771474246	0.7577828048214433	0.8213894842745937	0.6628907829241947	0.661430053568605	0.9932058889177504	0.8387395344223461	1.064739604252872	1.1442702879757034	0.8001561846033813	1.0669387932520367	0.8430179972617524	0.7611218578945492	0.6613740052237206	0.5903417942697327	0.5137173887142804	0.34731816956723416	0.4353768900230958	0.4097226562612697	0.36105115655775166	0.5154956476929254	0.37096185168203727	0.5082514783982401	0.5020777509214857	0.6469627041281811	0.6428857941016918	0.7343724864232619	0.8901037805034253	1.2432721964722189	1.0244098762889848	0.6525086104796963	0.8943590487516873	0.8987792196941775	0.6282200977493803	0.5095197573373631	0.5273698512696877	0.6938196297671266	0.5501094726500609	0.5633962977838393	0.7031296141621761	0.42537868551073443	0.4836072584408361	0.7498392400721081	0.5728818461685816	0.5484785239188479	0.9143568349692213	0.4504743352667799	0.4061037774592578	0.36980504915669227	0.5442417842609373	0.5635562675619675	0.7579366003484345	0.5447859134978889	0.47599640090544043	0.5470182949369801	0.5168391554775373	0.7104610039397605
0.565306673464324	0.5843405488567662	0.6045387154654678	0.7916335871486427	0.7517067727733089	0.5336985066059934	0.4530824985734313	0.44726689267125574	0.6567792269466917	0.5103710169760138	0.44795817535843396	0.5434523021452184	0.5855366901281142	0.4691260835798273	0.4527365089579575	0.6097495308724717	0.4591446403188802	0.5100109915998398	0.44270874145901906	0.7414436716578168	0.46335057551069914	0.7643080743827532	0.48624324151062354	0.5430462646925726	0.7152764427866121	0.7616108890957857	0.714139275043015	0.8100298686736355	0.9052437885246991	0.617713547192001	0.3601718786941601	0.42238122533679523	0.41399929139520797	0.306782609894042	0.2523181535721249	0.36771196137982126	0.31004883155271795	0.3295410259994282	0.39973686827659916	0.5771080712588645	0.46315131042832924	0.614136484755998	0.7666716434180153	0.9393708724912654	0.6790182438642992	0.6315472358604167	0.7113640924881255	0.542263383065828	0.912333881281175	0.7203805985488996	1.1865184979647774	1.9277265376843944	1.1509403525996273	1.2978828547172618	0.838995012371779	0.8161409723266226	0.8370550218040528	0.7238175926044792	0.42815327237024414	0.5823059203239528	0.3425029571594909	0.4064939088694991	0.3163695963377265	0.3852931172925004	0.43766526641294057	0.5289887334566933	0.500985016574688	0.7957032192903055	1.0008865698851042	0.8500066447875848	0.9364637992664284	1.1623543487951848	1.2389755617438594	0.8269664114974459	0.799991693751122	0.6088346728457348	0.6668867291621249	0.5931780509968171	0.4088379926890227	0.5010118395135612	0.6595012071061926	0.37497294056568364	0.9528053777331337	0.6891179041905207	0.562175930431291	0.6595993980846644	0.6464966941015567	0.5911962976251117	0.3655937384016332	0.7199344757944887	0.45062619430702394	0.6022303177623738	0.3828003639276344	0.5057034709362221	0.2998258857111636	0.2848281814930664	0.4596788269626144	0.47865898215185815	0.4582498869705449	0.6054506864238632
0.7646725530156387	0.6717745499454731	0.7855833746956611	0.5933499278382626	0.9826229192056414	0.8751051046618683	0.740761520183054	0.8212303143985515	0.659923172955365	0.5281676156483291	0.4745585125112776	0.42655064176931506	0.5448678382757504	0.48757152154923056	0.3715036033202163	0.5187544039921581	0.579174571599695	0.39233057796049814	0.5924400048646682	0.6264882582153535	0.5383495043578916	0.686699390797573	0.7940397820977881	1.1572183134171574	0.7666965556604483	0.773072059613184	1.05273710765223	0.820920893106056	0.3042588617881478	0.35674225873369775	0.2871699168780875	0.3234207433623463	0.21876168323425937	0.3374230438634542	0.31917207606149295	0.3984447424578517	0.27769169545520206	0.47858356903076826	0.5289073386225227	0.4365526195195012	0.42804060603970884	0.5760831316590049	0.7199485678763701	0.8082465965516755	0.6831908861264678	0.4807177239529104	0.7918257262973459	0.8377845019267216	0.660896716245129	0.9872150675392739	1.2204921288967665	1.0327124711662898	0.7807160949020332	0.867986571937247	0.9341072642935698	0.6915120646047982	0.6102208800733032	0.5281814731320766	0.4406946418555156	0.5345541220826181	0.43926902054941924	0.3600781719625617	0.4224453104172555	0.5533701714167338	0.445889457400379	0.37334035814295286	0.5675957452918432	0.6380162727934016	0.9875529567755701	1.0371039386288987	1.0692750456309743	1.1842703679267734	1.5188205175937388	0.8144661508794372	0.7835864884248627	0.4555308121438896	0.6886059975352286	0.4266475766509579	0.661469008992907	0.4167478112105229	0.5368272733646564	0.5616389263528475	0.5846378224940993	0.7544509735950322	0.647477270152452	0.7028682047468584	0.6295052558599299	0.904094982711903	0.5975091244476138	0.5280020136318577	0.5994139968630237	0.45138438309183926	0.40496403314223467	0.3664912674010658	0.5296198389306017	0.5153315781916131	0.5675114047727412	0.48895613851685554	0.27002598648008336	0.5992500236958347
0.6616025246076712	0.6462732297871434	0.5810298931452971	0.6526022101011889	0.9148626613195828	0.7294279843583884	0.5185943009217914	0.8517291568767518	0.8146236878936871	0.5258318569233693	0.4084037043032533	0.4542764386493802	0.4169220757573493	0.4180172800440113	0.653809042182813	0.6826781357969393	0.7272948537074806	0.4335331481942521	0.5446857847064848	0.6913668112374666	0.41445603597375985	0.7579941769358653	0.7413428546564764	0.7148708385635735	0.7837266339232483	0.47838090101800906	0.5091519073361925	0.3354209490808461	0.5061109415253832	0.47681949714725935	0.5037326973426001	0.3853677253752903	0.40969480679883036	0.1949004341739983	0.4060551391422475	0.3892439823609853	0.35333121994768557	0.49245240315638383	0.4003382550950436	0.7175903459538587	0.4948452649467504	0.9480131916522782	0.6227866310439657	0.7107597650334317	0.5640062576257635	0.7395374087496629	0.7664779033617273	0.6368373990802181	0.7765663533460322	1.2393735624148707	1.4707956481406534	0.8016302989493873	0.9410720126336759	1.4471970700565404	0.9255811551550491	0.9450224167063535	1.032156972157433	0.7534693852221624	0.4800477623857921	0.41933897884133464	0.49327439542411694	0.4003009923505578	0.43310382764280864	0.3454416590396983	0.32371445906306756	0.3846122217341979	0.5759906784847394	1.0149459498727513	0.9757150660435012	0.932018339169433	0.7386835804811268	1.203790628410095	0.6588379195812023	1.006058669672094	0.588804887052507	0.4938676253057116	0.5440877491867004	0.481437400073702	0.33772755980864244	0.3989458552920595	0.34647704490036263	0.5474218304424852	0.5106486339856559	0.4715895049371773	0.6775337797246942	0.34073520636517785	0.7041882378762526	0.5505002023051537	0.3962498560808581	0.5875010630867086	0.5052983393811202	0.3800717422236472	0.43653356264446913	0.34022280335231003	0.4511844729700387	0.3681869377507981	0.38720226909669336	0.4664978337139697	0.5565181030021247	0.3734077700636544
0.4772318672476486	0.98237139708256	0.7490829624918408	0.8239133868498631	0.843398791240148	0.9377640218356027	0.8452147279587904	0.6397935132849818	0.5398156130013285	0.5416403196232117	0.5860701449903024	0.4811708733527	0.45124948131058584	0.48275687342213536	0.6041118839021087	0.49805704135408985	0.48130708437386666	0.6401161097764188	0.7946419041063064	0.555679941610611	0.42628660869343166	0.5093258414395305	0.7203758734232226	0.6354786264295862	0.564876843081504	0.4832255100928897	0.35333876970612166	0.46066368139265546	0.4230265734374284	0.42317332699557775	0.5670651605647858	0.33719482463234235	0.3348718181719985	0.4496279616763619	0.34288622701880095	0.33267830908129525	0.48002224519996267	0.5239078970943105	0.6455438896463778	0.7419386422084661	0.6598481024026762	0.5728763870494866	0.5554079581299844	0.7503960028629187	0.380031378921864	0.7037262520470914	0.6117185851876774	0.4372677791753151	0.6743734295129633	0.7102723429924205	0.7645860568731008	0.9168062226853959	1.1353157809460734	0.907207557533074	1.2300612293484199	1.0092007332219515	0.6987407730980832	0.5680118348662144	0.4030417171343193	0.5471253454466273	0.4668583426964841	0.23687642202458223	0.3794034308080839	0.38415488060921377	0.42516086386827356	0.5045362655105936	0.48362571182600267	0.8768437201695505	0.5985862131792712	0.8767923808347345	0.7075236660765277	0.6209794432114664	0.8675453034936428	0.6770611949290923	0.5550981430475215	0.5702958358567292	0.4802789956609084	0.5575989139754379	0.3727907329000811	0.4844147076896962	0.4416827404087755	0.5197191645708454	0.4781598051170416	0.6703331406806391	0.5986233165229673	0.6969661074816591	0.7533379391614312	0.4422925191672653	0.40268484417219674	0.5435763466314029	0.5283293878970444	0.3077221368033706	0.39561418535161225	0.40982921501203623	0.3921410663557718	0.4909188000744675	0.3260108047619863	0.4292056306505291	0.47587005890908274	0.5584900385088256
0.35505709774847016	0.47696868813151566	0.667117944508782	0.6966219700464732	0.8542252652154961	0.5573002346072512	0.534580743395317	0.5923239713765649	0.5492596518907793	0.5554604858058199	0.6458505008403541	0.4469554492870762	0.392141561851629	0.6359454869289634	0.5337237399051195	0.4255637278568092	0.38976834700539026	0.5872920139254487	0.6471553954623382	0.9099332328530368	0.8048417005682873	0.837368514386632	1.2122019194396798	0.7748987340302372	0.599703501487221	0.5497538881672949	0.4074385215250699	0.3982078506221684	0.472411254748135	0.46444146569942335	0.5051794799337626	0.2696048187362596	0.3181958759745883	0.3737554960142367	0.46240995270806906	0.398696241282116	0.4529038425631718	0.48389359644015206	0.46167085582154993	0.5339001374656994	0.48867686396660664	0.5955554286865241	0.6543366010024323	0.6717107377482742	0.5277499621819692	0.47267834076737764	0.5058625616348268	0.7501858307552443	0.48195359315164094	0.8438298854884252	0.8656000957878452	1.055215634826583	1.1592040053790125	1.4902374969736267	0.9124835480712435	1.107696113570611	1.0803837211609062	0.7087042058709515	0.4857139994761955	0.5475251503297256	0.39342460130217294	0.39399180374684717	0.3256417991089618	0.3927525314670623	0.4083292136962387	0.5513659586864487	0.6170774557836463	0.5617544803002975	0.5854523902851501	0.7541982930530234	0.683186333903401	0.6443008096045575	0.6152127393652796	0.7611973872624972	0.4788112617168249	0.4439508978516636	0.5907594603655374	0.38369412790349766	0.4914028749694748	0.5579657060305229	0.42634903744842595	0.33868075094650807	0.376249782058298	0.39697962562214417	0.5752905662438778	0.8538709237190728	0.645878295059235	0.8166573784190343	0.5656883952884555	0.5644616926906529	0.42756153838163924	0.45285704152179773	0.3345290798785717	0.4289468023605101	0.4482863194341718	0.39692325470269574	0.510458478216649	0.4513578116393446	0.6314898133098852	0.44288841682527513
0.49577665816925653	0.4486862036741767	0.8581387827231797	0.6001520803713366	0.7120695739974464	0.6800139972813286	0.6803194581507882	0.6911060500978288	0.4238093063139456	0.6733779097306307	0.37366552824478705	0.535222669493488	0.3847478366990165	0.5807330226124291	0.309698646519599	0.5473004139655464	0.802713810204862	0.7354384571043362	0.6282172381806373	0.5632688718440835	1.0218812802702857	0.5327501834832363	0.8976421010786193	0.6654872571846762	0.40858220164137427	0.6020706381390323	0.35297053700805586	0.39233047994635306	0.3507594509469511	0.5238214855213336	0.2763720790274625	0.31886527313543206	0.41010011373335503	0.43077258261690365	0.35462726748567963	0.3616282221399955	0.3889747873688295	0.646130102792502	0.5742375936015387	0.6891311490610759	0.6363306165640811	0.5268298907188375	0.41274761197745735	0.35365835515568184	0.4973875970894943	0.5654639832692145	0.2952174342885992	0.46216761313894217	0.5115240069640155	0.5720714807616941	0.725048805006088	1.0860826716088219	1.0216902535470394	1.1169417447892118	1.1344807778272723	1.4032415591514362	1.0842513286997277	0.7531764018321833	0.47228424355050325	0.37030589510392414	0.5280950904766276	0.39094418046656815	0.5158956797108076	0.36678097634372187	0.43048787378088826	0.6185542946505542	0.677874608335811	0.45303892823475395	0.5281577895262893	0.7666201919025194	0.7042915970576256	0.5280946097665294	0.3762539581491519	0.5349288927026107	0.6134669494396279	0.45811430338110865	0.43871387262756184	0.4885693980496706	0.46098508086891893	0.41477724659601617	0.3695151764256351	0.5013333335734147	0.5870338154519132	0.7049509521418466	0.6183663652646412	0.8504509612481586	0.5187527952562337	0.5015779010275927	0.5618257101243789	0.40748380621081043	0.5177513179339586	0.5017750640384921	0.40817589139477106	0.4560623678552799	0.39393712405404574	0.5156010283845706	0.39769447424081383	0.6393787901974625	0.7766605135165355	0.3785681299210302
0.7404485838702289	0.5559097687878698	0.6698068006113178	0.4216373567676335	0.7338874537844189	0.4844621897507503	0.4923974051757198	0.4743608258804017	0.4010831294195071	0.45428439440818713	0.362887707077967	0.37179635674137296	0.4631659305577328	0.5403892396939635	0.5022117537958031	0.7113346250553398	0.7371587416076886	1.0328521339166807	0.6375660602117728	1.0339667056817075	0.9793307800482339	1.1678348470566629	0.8287568882394925	0.7800741114894298	0.49437562250054407	0.6088292888389685	0.6441293255176392	0.5083200616417454	0.47315378115525775	0.37020197931381443	0.3846425197421313	0.3401192664749342	0.6329732478289863	0.4327981317010695	0.4386132340771142	0.48910114260613585	0.6262348735666615	0.8515177346620019	1.0738847331382655	0.6441545711270602	0.5557580073458323	0.5916874991678406	0.29841718706320475	0.5612424887267964	0.5392143086910859	0.3626161714790829	0.3537118803976358	0.39414390284378015	0.38549024338506316	0.6432572442351103	0.5907782237335021	0.8506105716313248	0.8032908084045862	0.9618882525532132	0.8918699937765886	1.1470712286093192	0.8289347020460975	0.7237544460246891	0.793316885306937	0.5956318674491189	0.5368781274541139	0.40687539019143093	0.32719135379581255	0.5886851740961809	0.589840270715583	0.6138202250040679	0.31118545236897255	0.2909421018954605	0.4983187178367139	0.7409003677791873	0.3967550543617149	0.4870075024772099	0.4733496848018774	0.48008548859405775	0.494795290486652	0.2869339619717879	0.38893147341503426	0.4090066017649741	0.44414380894828925	0.6820387432093268	0.3904728925250456	0.7887898097557804	0.5624832954008894	0.37391106544043656	0.6120933024457789	0.722799844468096	0.6926443832176294	1.0045416443046824	0.6113893356900082	0.5547477116151955	0.6496403051452061	0.5512245519337053	0.43237377809148375	0.5406060889108008	0.4521706989821793	0.43497422163877597	0.5807846088	0.4051677329082606	0.7093141531768351	0.5346137164828163
0.484531487030069	0.44125492693479057	0.6987539802667978	0.6716699489016767	0.5131538545974311	0.34591064856052783	0.5067293676723973	0.463995282173591	0.37720987573098963	0.4301588806379007	0.35980685418250974	0.37890473906033406	0.5520171124220928	0.47309253133336604	0.47549563875660966	0.4706567270534236	0.39675024481246224	0.5222946996339002	0.9427799714208851	0.7637093985592068	0.5064702146588798	0.9020131655382359	0.6636192469134031	0.9201520103328749	0.4784418023414784	0.540514264342759	0.519081488212295	0.35649649012115536	0.45590827342137935	0.3513385590720036	0.47563015575996226	0.2878605319538716	0.4372815069479629	0.4176917681510454	0.47555599782401525	0.7288180290366147	0.6271781169317723	0.5873719301547407	0.552670377011968	0.7128057820165461	0.5516894654219568	0.8044638684157867	0.4661900219336187	0.46526416786038727	0.4668446276340643	0.4079343543637109	0.32921286678949996	0.4081035022933531	0.4503239883003165	0.4398815588364803	0.424597330120654	0.7681334624305775	0.7116978265606864	0.7318451297586495	0.9618453373327605	0.9436403829080301	0.9548283907189026	0.9664784597141622	0.7597390780270282	0.5885924996362425	0.8393282915835579	0.7369337014482246	0.44579596437555863	0.6180417445349004	0.555093790666336	0.35018664208758254	0.5105539160138859	0.3614922970249549	0.4412787927709252	0.4432163600879286	0.5367259013850966	0.4029909520244039	0.3599090092887708	0.269544018115638	0.3586296158476084	0.3861127221718081	0.5006965148600366	0.505264082986926	0.38059010119672	0.33421672368882516	0.35447914320148355	0.7547632462598362	0.5240474810739948	0.557302471826206	0.5452992771447411	0.7737987009642808	0.9861006290190171	0.6168940214916878	0.5791280540728616	0.8237597945360292	0.5218654477950109	0.4786032539911128	0.7859288701162691	0.3497515821335917	0.46553847067278314	0.4606212048682833	0.5011265233873848	0.4069271221524784	0.4834279370566679	0.5004115339977351
0.6544966314181527	0.6816811151531333	0.5045824240298918	0.48364486423746716	0.6109012231150601	0.5413923462456199	0.5187870747083831	0.2415703298336804	0.42744103367528885	0.3206923422775464	0.2931596691150356	0.40808505454036226	0.304853732658595	0.3625766196244497	0.509166043451051	0.5237304996489879	0.4434452159419824	0.7543380110455264	0.5379495199977545	0.7984220311072082	0.9040018788620975	0.9935694064197993	0.978394525332866	0.7815064218360613	0.6635147411519289	0.5875768054596664	0.41427457279764635	0.5050756175953847	0.4154977324853902	0.3331351413144577	0.40255584841895575	0.3386957187413761	0.5238572682923823	0.3388377271419249	0.6693713270071657	0.6110535204959985	0.7906878799282002	0.5590025175254983	0.5456915885153739	0.48175195410795574	0.6539529707664453	0.4453091671268639	0.5769013176167784	0.521630836913463	0.3871612688035301	0.3215700504915933	0.37807726671796243	0.4095456601686008	0.3930363200802214	0.32810150964478807	0.6101485829201949	0.5742205072063985	0.5125711949712796	0.566967318955708	0.8421923091855794	0.5777686892535819	0.8870932737148969	0.9292135932644113	0.8014296348837272	0.764821912843405	0.7227829475859271	0.586473936005506	0.4544404898430492	0.4779851326797447	0.45069355073376904	0.4901804128288578	0.4349868087296777	0.6599276866867093	0.5077683403673944	0.4654084343597219	0.8059982160895269	0.38216809009901004	0.40590801018170924	0.4641692683521714	0.40673260264026495	0.45802100757945197	0.4260127035163835	0.526180040896501	0.44920703455931155	0.35767926921287174	0.49335318313534454	0.4617640230339731	0.5405807642151679	0.5169576507208972	0.6030403997953176	0.6630549976191739	0.6805011381689108	0.9468484655288996	0.5280602449133236	0.562453398862671	0.44655946380983597	0.4911900001122427	0.652903465930759	0.5205539186324876	0.4925952094069644	0.4548658476540421	0.5063255201016509	0.43638854967452334	0.3655034936230307	0.5481889585504227
0.46650186556276774	0.3333135889799053	0.6147658570846577	0.5562652684256506	0.39387366739092966	0.40109456637541546	0.33037711929406866	0.254487990295647	0.33963593164117384	0.3752163467999105	0.2992173217341939	0.3064523983058822	0.32584138660090106	0.35878301518223626	0.512008107145979	0.5292241450836507	0.47348155979821466	0.6603558469226375	0.6014926761250606	0.8007600793462847	0.6910336851220764	1.1196821713945433	0.9215138808939084	0.681571137185417	0.6833812442413708	0.6418811964210019	0.43885101714560687	0.6586444244743961	0.36814837730781497	0.3514764101437982	0.45016184718346847	0.6073080595970057	0.4197046721335445	0.3898995107375385	0.8799137437209527	0.6527678530494939	0.6176158875188061	0.5967952164094393	0.7531183127884105	0.7351074436867114	0.5545236516562686	0.5904262097738494	0.5812963825820455	0.37824777724048103	0.42327105971949713	0.38564115278764716	0.30214724897046835	0.36525892137869737	0.48969543014433203	0.45499258156685163	0.2943270428194783	0.5906794616217587	0.5276391105404767	0.4088764206958933	0.7367425345267519	0.48191129341485794	0.9604668008047479	0.6427224205302734	0.6995182345645775	0.8226539843744058	1.136587914123752	0.8460347519660658	0.6594961577231687	0.5811028662636575	0.7195175050230229	0.5637996645510228	0.4702455639895344	0.5918850004866104	0.4862913304702301	0.47692870596065134	0.41810450933257004	0.4381569110538366	0.5188996221305266	0.43308076748618624	0.4695654233241382	0.44034036556632355	0.5313748337649468	0.39912820883997396	0.792703341565575	0.4980203586890716	0.41115021487423653	0.3884064442027604	0.659366297255297	0.5762465937802208	0.633253546336368	0.8895505946462057	0.6884641789304408	0.5829421242158549	0.5766824925504338	0.5784636598016043	0.6561941659867547	0.7004214846191987	0.3699317470912678	0.5164835728818439	0.461430709924446	0.3778040003866381	0.5415658145397115	0.7303489922725762	0.3441981978687488	0.5097794420643539
0.6713459747319915	0.5713790221624265	0.48087648262598226	0.6202305754063747	0.5340204372950044	0.5761982831603866	0.28667138509211704	0.4371443375324554	0.28081196704791545	0.3823043360691991	0.44478496412312585	0.27197773809274345	0.33508769939855637	0.42213860832469885	0.4906418700984003	0.5248805770962159	0.6595455882202347	1.019651271674112	1.0864112112223918	0.7429947195927823	1.1534743194199308	1.1847733390048039	0.7579828665708177	1.0511404266082274	0.6048821304397543	0.7152249170740356	0.48076720824006186	0.4527052791155685	0.48449096235988803	0.3866474171962847	0.4706929992941041	0.556483911963955	0.5000089940218849	0.664488717101073	0.6363782288819718	0.8338468135814718	0.6618022430957793	0.9542388819062287	0.5126093503257947	0.648066143127587	0.6177813518417486	0.633938808440663	0.5632493886254611	0.5204587100975625	0.3327109507032824	0.44251408630727307	0.4139359429692725	0.3426470278835859	0.41764523769622475	0.3261237124975041	0.4514952818329683	0.41240172058648383	0.4888747553305239	0.6451854667339408	0.4528713268717971	0.3320533847142181	0.6072571035456651	0.9852375644792941	1.1420393542205856	1.0671611607350688	1.091287145843226	0.9721095472357675	0.8900266494478752	0.5774083255995399	0.522151611929449	0.7360146515026138	0.6559200335387381	0.4693028006619891	0.2799866302233554	0.5168162921031563	0.29879051429393944	0.33827651832597694	0.430499854892379	0.4268526534606515	0.3360934865182634	0.42695946394283846	0.4422081477544169	0.5467125262268698	0.5559082612838803	0.5269954932657296	0.5328970807118234	0.6668626873693004	0.4581553204248989	0.4729669844447516	0.7516156586412084	0.92412895418202	0.5684807865981433	0.968236103839931	0.7382398142072538	0.4972740431253427	0.6384010610267892	0.45155357522374945	0.6884600999265189	0.43151264033498526	0.809102043903629	0.5791038683253952	0.7783023778225341	0.6618483996879941	0.39804336675820035	0.5501170308666165
0.675659019312601	0.6413673986809842	0.532056010325769	0.4507294847020537	0.6917281977803016	0.42270847364809094	0.4161599918842284	0.2515908693761957	0.33093492177756606	0.37579000888207675	0.34077869352284745	0.498682236121553	0.3318315041327422	0.39940729803905656	0.42504979639033474	0.7282286872105141	0.5733076893856038	0.8588564405917504	0.6230876332963731	0.7618534178852492	1.0429039525501702	0.8046339917652382	1.1608186270688685	0.7889981614083313	0.8933923453311446	0.7094627750277142	0.5872944967350029	0.5991093485617272	0.48421253298064726	0.5305622066792051	0.41272665017542676	0.4740171131075516	0.6582596959477549	0.6604863836912456	0.3481206840081112	0.49072979936189914	0.5313898474976059	0.5444605780876937	0.7354841746294881	0.638835526263802	0.5525527153814658	0.4577910637715996	0.5176161468942042	0.45469648587324846	0.41238678874797996	0.3462880116521494	0.22527697813703332	0.38188378193605704	0.35649931511302974	0.5321592436584164	0.42741506924210854	0.3210698742804069	0.4518750007125829	0.4632757849139256	0.5350590216422275	0.5614124557213764	0.7008358713096595	0.5413934394974202	1.0773895285837938	1.1494723716323472	0.9939104874407316	0.7603925314854116	1.0225844637156958	0.8279560419943905	0.735374548700754	0.5318954966128694	0.6904490171151308	0.39115655873561694	0.4612156491519572	0.47953640226723443	0.421443861998701	0.5410691920586305	0.636419379063265	0.34018796321752764	0.38376053192061205	0.6328929059209252	0.4303261396496394	0.5473053646144387	0.5562156795072704	0.7270472646627214	0.5278398159372092	0.6015584625015159	0.42283129852440965	0.569060023024619	0.5078738512817496	0.5163095632840867	0.9273496817742182	1.07525419748615	0.6996722820347784	0.5679152411436216	0.6880082012781545	0.6784796878790231	0.5941151030389441	0.6787630269432863	0.5520721447545145	0.4829690797021196	0.45373146929330455	0.7888725932889211	0.6405149989443102	0.6836439150175001
0.5374744787361608	0.6605261599195029	0.6312276761771509	0.37493410684079415	0.44461424660927745	0.4282198811410608	0.43480192250713934	0.3023567209098275	0.48360792648574247	0.2921012344426491	0.28858741821502504	0.48534694713729626	0.3443064665607468	0.48672918404085275	0.6347153683641029	0.5875756859686112	0.4650857955385291	0.8356637008529268	0.8663498503512215	0.5501052581522565	1.1558089202007844	0.8668887482266104	0.9688100204246611	0.6827588443956396	0.6722756939698995	0.4985149902326675	0.5619272384529502	0.4066316777888918	0.4707238783794533	0.45868113753566453	0.6579157410460365	0.54779021057026	0.3751691379297943	0.4577107918159479	0.7103844127542011	0.7529269491823877	0.6116983099323934	0.43643981551359107	0.5568003912595716	0.5491356620018822	0.5246592782590104	0.4709384647155461	0.37980256745496443	0.43174871616891985	0.6379376631249356	0.2910058916471009	0.3608881192665789	0.4228850670530445	0.40084900582714467	0.26659822056847643	0.4296668747916187	0.3753950920405171	0.6261274254226689	0.5475377943622008	0.4842576093111505	0.4918700196663192	0.9249247322526521	0.8647208017395752	0.8991321711245309	0.8882585468474546	0.9021363964212908	1.2962177650263091	0.7059033628241838	0.9077858185762768	0.7190862669767684	0.7470762650410726	0.619938597011774	0.6008333088318797	0.5110706357191714	0.2835686966605018	0.3360486959572241	0.3540940510554471	0.42462155197456336	0.37017081479543146	0.5577342753241235	0.4351123625746991	0.5124624028951364	0.541575024239921	0.4051444723803425	0.6019096641393938	0.4494553592634359	0.5060652152915275	0.905377738845347	0.4617492690550756	0.9427634243843541	0.9446340516398125	0.5843896516243035	0.5074037957078928	0.4300776911726074	0.802538292685957	0.5142656460380178	0.5459242417124154	0.5055597415428669	0.7281219163118319	0.48582435523885287	0.7676960061872428	0.6061714965475963	0.6345103010295257	0.5785812241211495	0.5654567381566161
0.7531674940751203	0.6956412597913649	0.45896235722594353	0.38681809669017175	0.5459163170592459	0.522003488386373	0.4384819508737349	0.4442972750382288	0.4271689213157475	0.5333704153950779	0.3580269816181744	0.2755546323399159	0.3693233354885155	0.3770344710566766	0.4380245973313312	0.5091039953373924	0.7160711945112931	0.6157647614937231	0.562205921089236	1.1601306966541836	1.127544249672725	1.0128850947296113	0.7635317652003981	0.8846397356790984	0.7026209067200614	0.5555372534185805	0.4865287375423565	0.44780361691994597	0.39791241064141164	0.6719446893911409	0.48315783039670307	0.4037770310523346	0.41804673431971895	0.5015748913065015	0.49565375535795836	0.5046352214948238	0.6795358242979267	0.49402709830236446	0.6059727801368912	0.5663284579053126	0.5675290984750023	0.292046930395356	0.3468996504530613	0.5287586812054476	0.3383868820695225	0.3590893552145135	0.46741974858385393	0.47607337534204924	0.34264487996395987	0.4209403330402435	0.4849706583553498	0.24715415808158586	0.3629032757521072	0.3944290919457898	0.4133830719852358	0.8108940781339756	0.5349492900452268	0.6231656898674822	0.9406310677314671	0.7602528285992933	0.5858332014522295	0.8823276856066811	0.853239593625003	0.929714474215075	0.7800736325937282	0.8834835192986845	0.7255008633704565	0.652111963530083	0.30700641572726395	0.542440264938712	0.3407170056486564	0.4057517052741045	0.4443022753727697	0.354757711261782	0.27338170478736595	0.30276007974773017	0.42060191275725384	0.5139260250947053	0.5504549541320383	0.383288290930845	0.6214954914983711	0.5835779728400146	0.7451811367027787	0.6551776949500097	0.4601924295174465	0.6009988010244957	0.407004634233262	0.697203780635426	0.6469494963556006	0.5954659547977413	0.6505089070950408	0.722008087998627	0.5159419570417947	0.45807801459863284	0.7695149927461874	0.537116050032756	0.43960437380468903	0.6503919434264179	0.5199766599073626	0.5742733056694465
0.801059800264498	0.47116674746851994	0.5403335812242808	0.9399841638380254	0.4301778980598766	0.47314340487392176	0.3730928442091257	0.41135259731288715	0.6096458102921907	0.6839043560988307	0.48572229752408685	0.37200956471424	0.4761815933051086	0.37658500993592803	0.5668314259783129	0.4305131019663389	0.7644412344510295	0.6998860497128849	0.7365859022111596	0.882439459525967	0.7972054117874788	0.8007362823202815	0.7050302546193082	0.9729949238191132	0.6831376893075543	0.636757911573352	0.37425973732475626	0.3537458093764859	0.4778706035928879	0.3845006892405278	0.44509123714599486	0.433634244585565	0.46151066398222695	0.471553279225015	0.7873842667793011	0.7608801074980155	0.6055635579169268	0.47732235137093526	0.4831035597414514	0.5297974655855447	0.5740554472805357	0.5091601523158089	0.6017436716297071	0.48604636057589534	0.4362145031467282	0.5028690479564896	0.5209036535954176	0.38699981376442466	0.33900800710576584	0.4763674828498525	0.45986580850465164	0.5959447544105239	0.44695499021098223	0.41074353701338795	0.5903465116848341	0.5986978366118142	0.7222379371023949	0.6667436033595189	0.6756548527506234	0.5833016160175892	0.845742963785751	1.030330587643373	1.151721566087458	0.8378718944214395	0.911388994698391	0.8332597802136023	0.4324262659017897	0.48106456914965645	0.48947598306536483	0.569447981644029	0.6509612773989202	0.44754319609517157	0.3508574344780898	0.2630229940346371	0.4003513071798824	0.5159928984954588	0.3913088388536545	0.48183404080713155	0.32822267993348797	0.4074410001948796	0.6495322999004363	0.5758524169703654	0.3568783816469182	0.5114946179762344	0.41590756404615253	0.5287889239411181	0.7219813221592913	0.43942634828041105	0.5095475975069078	0.47823201357198103	0.5727139918574591	0.44016728814971806	0.6439946861337071	0.4623058048470314	0.5593974624564888	0.4931434898843443	0.5846486056598137	0.577525023755433	0.7002880828192021	0.5877749563648615
0.69458175123669	0.5559110480794329	0.656302696015876	0.6251436257817277	0.6286339629619871	0.6391034254921018	0.6808197594338523	0.42472872805513945	0.4555854202001223	0.6277167487178792	0.6212723170139465	0.581065406338758	0.42482140170147004	0.6427934023555075	0.5477549837364624	0.5180351049861448	0.9592438127677704	0.7511824014152166	0.6663952905197894	0.9280323683852513	0.8803635725443321	0.8544031634316881	0.6113572376293485	0.6863035803950951	0.7740064028490637	0.8785075396544141	0.45137155722342953	0.47985958201515455	0.3931860138576644	0.46538998617586996	0.37496371115807087	0.4898044888174813	0.5102621282172475	0.4635900119171122	0.35980316987385336	0.39192960647200603	0.5554760510226779	0.6183829397517763	0.5485340823128896	0.4040156455592743	0.5309568486932972	0.4993803765366231	0.727740555002735	0.4862928584658974	0.7065197815841171	0.5734065258440201	0.5141407505850452	0.5118556424691042	0.4122453867059447	0.5845482933878502	0.41001291517916316	0.4420979137244445	0.440863334302359	0.4621940867206969	0.3795667622508911	0.4025380779753948	0.47648260300914785	0.48059395918585385	0.4862028781873475	0.45632517943155226	0.8172364152844945	0.8465397145477846	1.0540794945112184	0.9995883027010823	0.6597712803472312	0.8772679935151347	0.7024814500927632	0.5905436703838635	0.6527617312641453	0.5905335760020889	0.584551418869719	0.5542158329685798	0.5261159458818367	0.36933005620203724	0.4722055056846544	0.45895578742646	0.38829692959294215	0.5378243093271343	0.43315749127400455	0.37596879365558433	0.5561828518433564	0.6556124660387511	0.4614365573621014	0.5368959540896581	0.6396767622176388	0.5569765599976492	0.44995741302356496	0.4364564122261705	0.45082014145662513	0.4407827260199035	0.5818513517004265	0.48504559789646334	0.36010770688254	0.5928506311192357	0.5766484377096843	0.4657609917680746	0.3257625835816356	0.35867204873306446	0.5623211548852799	0.42625671433048046
0.5970643634562004	0.418766973506536	0.6014694475656566	0.676517293736282	0.6603358285671718	0.3638768869439649	0.40967973052938317	0.6833600590398816	0.44522607375520906	0.5895971295901655	0.4667627486872827	0.5204230130685013	0.596087839220081	0.47313918504613645	0.6259530340001714	0.5168506377659995	0.794736728137189	0.7178475527514093	0.9278601962070111	0.9003191854079531	1.2493747151460863	1.3198293242977615	1.1886266835248744	0.993419294632722	1.220669793160761	0.8231356331361703	0.5536175532709531	0.6840763898026885	0.3568219497301144	0.478217564864116	0.5700214732541554	0.6459019429078385	0.4528783697931695	0.4450447765810804	0.5374716444990318	0.693420259873547	0.5292417223136122	0.5484461354274887	0.6339534773200222	0.5240998315290333	0.5152570777239484	0.5191102015619867	0.5053202658142173	0.4686544844106127	0.4721919111637543	0.7131393850414285	0.8666986540653462	0.8434464463397634	0.5005527890191177	0.4878827254191082	0.38354627591363166	0.5866873330918247	0.5148105851549474	0.3980379129935571	0.384667264185102	0.3572847894280737	0.46365885044434785	0.4099217439372894	0.5815186799284742	0.4719235239422389	0.7446394007571193	0.9850280232406269	0.7655211433946999	0.9089921231967395	0.9049125679957534	0.7219829611808635	1.0221413466040803	0.7417577744899344	0.48724883175987566	0.7736596745984536	0.4908005738235254	0.45550869141109895	0.3624032188986112	0.4685349998793339	0.32356742460023846	0.39187991281944484	0.37798554843128035	0.3864562917667784	0.5411296612705705	0.4593396986443328	0.3065319424098289	0.435478166911112	0.48826126664587777	0.43022855173792773	0.5096601108570541	0.5138195402647532	0.6140683993357678	0.5084967594399598	0.3426433143191673	0.4931409554081788	0.392807645176346	0.4852292979250593	0.3466199599652506	0.45420163507039035	0.3485833544408496	0.31390920910395653	0.6726534484581772	0.6131241648774226	0.42827910568728367	0.7650573354021042
0.5488943428033335	0.713926996513495	0.6759021796965959	0.6036461353154149	0.774132016411385	0.355280144871006	0.43462355801792135	0.7206820396181699	0.5470058684216306	0.5589808047323436	0.46583556999435427	0.44096198338675	0.6573347441248597	0.47154724461594905	0.6448424426402579	0.8630096238004386	0.6171925136275325	0.5130434107768194	0.9927329375425499	0.859508475577401	0.8671385139190221	1.3707499693706067	0.7927295713755979	0.8847974599357503	0.559788707756014	0.48047738792563716	0.40046067365343707	0.550498243114243	0.5003797742195034	0.3510048895419796	0.3396854730997995	0.29338888239278915	0.365848094105985	0.5145279641306775	0.4730928189660367	0.5913594906735211	0.4640209404642676	0.5578331523702771	0.4259645885370875	0.6954678384339864	0.6072238275344783	0.5844575641420853	0.7824839772703815	0.6436353017746095	0.5749129943918274	0.642454706266434	0.5676402634961523	0.4527480262182929	0.709996279988329	0.708472194147898	0.6231872376704162	0.3269117233645202	0.6269456645814924	0.5349614912915327	0.44669284334558107	0.6058679958162072	0.6085912326018955	0.5652562071107463	0.7135024654672238	0.6190391857715648	1.0876574182225964	0.621319400099218	0.4214640376737148	1.2684785126513967	0.9336495766232499	0.8753988722687626	0.8416301249466793	0.5594866567830011	1.1567922935749848	0.6975803232909784	0.6473874573380296	0.45060380109507214	0.49590229911728073	0.6719838236850667	0.3707177567357086	0.3609342289998092	0.26797049683998836	0.42591837565445084	0.4178469430184339	0.369861505126401	0.4804624106321179	0.39366037164526474	0.3791535936680028	0.48367132632787185	0.4504237829352473	0.43298007913629755	0.594575388966169	0.46345489940624573	0.32039562546964895	0.49975175550178935	0.4565283496667626	0.4032736620062841	0.3789762515316416	0.3336963597561363	0.45473667313304894	0.5181883667484147	0.52170053863133	0.5476164645528988	0.46299475285724356	0.5673152109138603
0.6505834911795623	0.5730526277591033	0.5102937559154116	0.7006696949021026	0.7447737751091356	0.6913806127422197	0.5390868635995422	0.6021009919021995	0.6379294784998336	0.7358820600466475	0.6417090666324977	0.686001184987234	0.4514936129087873	1.2074852545130492	0.5814507124205743	0.6773099460525996	0.5427045826661383	0.7401883045857779	0.612671734362246	0.7975620532878052	0.9502850425637432	0.7780858849417164	0.9643169658428482	0.7744501071589189	0.6285805840793703	0.47491418933705387	0.42527047929190737	0.4635814969746821	0.27916261701419526	0.5370075266231954	0.38276791192322884	0.2945325139971115	0.4520600776747859	0.43967470485483956	0.5119881458177695	0.5241146565573723	0.3143649231318452	0.47008894610228974	0.5357885912484476	0.4897042106366592	0.8460024106426512	0.646407650963955	0.802097775700287	0.5600810536414429	0.7579337022414258	0.5897083230195318	0.6908810380442848	0.608857300777311	0.7682170775390191	0.7269854648853741	0.5696736137406123	0.6142114120582433	0.5904474937524039	0.36704151371085675	0.39074849988318117	0.34446883626670094	0.7572574335402014	0.5817887925692392	0.8382952390502235	0.44346776865940957	0.8948358915880708	0.968292371855004	1.3264877943136135	1.1273484456423726	0.9159594469528656	0.7770222983119532	0.9223868898467565	0.6865701397566035	0.7402893755834034	0.9931429305855409	0.6806417289885256	0.544127048027468	0.822989031811213	0.32610699331060844	0.29915503717522635	0.528956668586629	0.3813518084037708	0.3779264141512039	0.3795686963342798	0.46561442253012714	0.5483186849583894	0.5802158202749521	0.5129727824205628	0.551849770400787	0.3903109325383072	0.6310308984963182	0.5024980482033599	0.5697162811038143	0.4153098891186769	0.4746209679522542	0.35595179427728313	0.3469147718480374	0.20848015173478837	0.2713752833828026	0.3771470244563205	0.5266032870039778	0.6310872657234092	0.5535448677241893	0.48872411765197205	0.4770637017148682
0.4839324564914779	0.581919520049451	0.2944600190433824	0.5606575197924007	0.6102818251717579	0.5695626630122949	0.388410660328308	0.5739484234048744	0.4927431014540472	0.6042033650962149	0.793486170767262	0.7117977234172582	0.4992604583086383	0.6360825541359951	0.7563321331494978	1.168439858793624	0.6650934770801241	1.0001315836296252	0.6727090699497505	0.7621609437374551	0.46679411632402185	1.0383191232729216	0.8172642957958063	0.74729927017145	0.44805374699710504	0.5477221122163959	0.8432729050976541	0.4552524739580195	0.37605985640303435	0.359802992216906	0.4710742030937702	0.33819705607043676	0.42275661840542966	0.6001035562185478	0.46460408812977355	0.5085346170792637	0.6304291910609298	0.7509827732672789	0.5256589701575335	0.6580685541168825	0.7540175951795403	0.7385775355373616	0.6142513519048427	0.8301049951296336	0.6874791661758753	0.7784490406886417	0.5898832988334108	0.7564042965865219	0.7544671292934617	0.7277417125666549	0.7578509142706655	0.5768916639588013	0.48424489317702873	0.4261685073530755	0.4926771322727906	0.38254286141454996	0.4779362965014653	0.5520335674440985	0.6554678565912974	0.6099134411491722	0.6017401309220295	0.53731096591785	1.0261835501948717	0.7208668883939662	1.2175013848289988	1.0372570821806424	1.512907100096244	0.965705483304231	0.8364826708543006	0.6367447789456713	0.7436620055522173	0.5045551091995398	0.4432436104967493	0.38738945428329824	0.5430577665139499	0.46441431908398895	0.49495235827863143	0.4434544526328288	0.43459700576268107	0.48532963557806563	0.4880400550118388	0.6062167106393754	0.3110823649594913	0.4353746826737122	0.3440697950265155	0.3625989795375376	0.5821765396793795	0.27259869808996373	0.45551697486479614	0.37067484416586316	0.3691903792075618	0.4393167829931716	0.48738379302105594	0.5206498313348369	0.3792645554812762	0.4807719353781302	0.4793225724765947	0.4379302422730353	0.5441415031392974	0.5148715199137114
0.6202330366075385	0.4686336264299894	0.4828420815020544	0.4366202537155304	0.5204797941770706	0.29615129686816993	0.387781151165597	0.4141581257143636	0.39326064150197415	0.3630971970380541	0.3480624744177283	0.49528298310051533	0.4644262497731719	0.6208831610153869	0.6492940790706834	0.6241693968683613	0.7387824199835094	0.5869081322675583	0.740853543765542	0.9690705878594301	0.6814035591283489	0.7391674256932221	1.023551686080723	0.7751862204216575	0.4846010194146851	0.49491574826529905	0.507502938249253	0.6011190765068226	0.3973358034694648	0.3930524988757951	0.5773570657617566	0.4173851098109064	0.32577457791485576	0.6190456994975879	0.4279173702797422	0.5271173350076475	0.4596341602108864	0.45075624663498653	0.4501178317552776	0.6785226416147678	0.6776189793649351	0.6124629509896463	0.6220622272061419	0.7011307427316218	0.6309756111074584	1.0091250553905902	0.47235023123153164	0.9334584143942566	0.5285090805468781	0.7346347409174045	0.5471023473712608	0.7400684293783596	0.656553550726438	0.5890496559369348	0.5370172304513391	0.716299899788912	0.5514087327932001	0.6669592923735422	0.5399404743896085	0.5134211705732961	0.5124009648780748	0.7471362815739296	0.7797338982533034	1.0069069845831773	0.7105966178519517	0.7895888861134042	0.8025707038701309	0.8592247650048955	1.1899475081529682	0.930084280893219	0.6934913008249333	0.45085577327046505	0.6015349086346503	0.6055415977060922	0.5178037418913667	0.3556501096101946	0.566644328563584	0.48072308448529594	0.7514788071883225	0.45774436230704585	0.40339187798977044	0.49733263693063184	0.5288297546504807	0.45071607010093434	0.7001569604914756	0.5209561029040944	0.5031718636271986	0.5031488160125942	0.44844217055289803	0.475541013867641	0.5003413214099929	0.36176555077364075	0.6219987245935573	0.5341620568315297	0.46294980360017823	0.5620146473200816	0.6365126850792154	0.40894982936877855	0.5864857825361725	0.44947413324714
0.4672844903678057	0.32055249553202736	0.5551399162319596	0.38281128768897565	0.5012401861910369	0.4821506825171983	0.4703004845334221	0.5980244162301025	0.7167880001339181	0.43542921152337755	0.5422752333631933	0.5004975640856301	0.4210887115292909	0.45896929003751724	0.5591348009133781	0.4851675116544384	0.6298799000159568	0.6058399593030016	0.6456726155177119	0.781414745764268	0.588429698465675	0.7881812572177839	0.6865526771685934	0.4326676679065717	0.6706951680628446	0.5205376736431331	0.5091471416466496	0.44711235451388226	0.4814934085113536	0.3464318807063709	0.5035549918379519	0.460725627659065	0.5243313903662463	0.5992663943306508	0.6489488530125658	0.42850842000078043	0.4619720225647739	0.4938395619313892	0.3464226383991354	0.6123686132221415	0.8287330029591624	1.1104770687749825	0.6592661147320447	0.6938024718823486	0.7716858813013593	0.6325262463154531	0.7609416257960175	1.0937144528284375	0.8943710026949099	0.7263076314589285	0.7773640907076943	0.693703484082924	0.43611529094365403	0.4607809048424887	0.5191640698263864	0.5739093107181178	0.49723506023274044	0.43430670541882505	0.5596107707501919	0.48010721179776705	0.45357091757671364	0.8000823127192254	0.6290755889162567	0.9737265425748309	0.8427492736778859	0.7754551841414214	1.241612705376897	0.6616853963325374	0.7430032159374905	0.6282362363883676	0.7594986769906609	0.5762286820745156	0.3445228506562173	0.6759671843605457	0.5623771485908355	0.49323594263871207	0.48418866331676114	0.3368372938299966	0.56906371294407	0.44470963039133604	0.5443138646258241	0.6051251296783858	0.6191037752965205	0.7295393424042144	0.5436749796692938	0.604170416311752	0.44751498293854114	0.542964817518204	0.5413206551859079	0.4626934120776109	0.5482035573154673	0.49670782842022015	0.3692134633744216	0.5723431756675753	0.4305194894819131	0.5147719646709086	0.49157940760943325	0.6300885753288756	0.3650094989043709	0.40988641602125286
0.6269459753907601	0.5104377406125702	0.4614651009262018	0.39636279836317556	0.299529172648818	0.5300685372610644	0.42011943993790213	0.41774442723684657	0.6278240906858239	0.8134448411718275	0.4589282162275315	0.4464271105915682	0.6067162468307465	0.3832190858752765	0.40152197001344203	0.6648530035944104	0.4705776129515076	0.6973062708181623	0.9392572855629105	0.43514244535763213	0.3889442358680796	0.6780526728456899	0.5648626601072395	0.5354578988660862	0.3967933474094055	0.6368662777064906	0.5115099971925463	0.49863238767461376	0.38355063478452056	0.5170494909620214	0.3816102323798218	0.6271115735853736	0.4666242245440887	0.6605789220830741	0.6282075246867981	0.49732331270983277	0.5052073726452578	0.46397530389416713	0.5048848399766636	0.48601307791183623	0.7521660529191355	0.5079222512723197	0.620214233952539	0.6902261585453862	0.6819468261528167	0.8335129563626001	0.8695382600239634	1.0179771189195828	0.9716204116375371	0.9090551422607174	0.7657952073769265	0.7942320966449448	0.618772846027283	0.5337434987910717	0.3316750052778756	0.6298457091088491	0.5813441148121136	0.5755708977080638	0.7011343868162945	0.41125488937086974	0.5299329403907672	0.6641191251553017	0.6008020541028756	0.7277351423446107	0.9454099594113868	0.5516969338693668	0.5891199815771899	0.5761039102325195	0.9788292172377878	0.6515850107099579	0.46968009048090914	0.3373672390091242	0.5047637983733069	0.40455578835814554	0.6204142216526479	0.4530596602971737	0.4785100506764313	0.5217804204331782	0.3910956481469968	0.511719941720955	0.5627655545670947	0.4568548916690391	0.7403219475476195	0.6449722739684326	0.5468915722141864	0.5961528410560356	0.47745933959506254	0.42580679119900283	0.5550224130272478	0.5516180371474335	0.5735193155404337	0.528773705411401	0.6716041765395632	0.4374743699946816	0.6380191530030146	0.3039176612218902	0.5048997915373846	0.41698587258300585	0.47281123013115334	0.3713784830963274
0.547813881807153	0.44025024968720905	0.4285038600294137	0.49751412170034787	0.445119076056843	0.41076889239739717	0.3719050750493255	0.4093096364466206	0.282500382483876	0.456980482769175	0.658052911213013	0.4411017105783355	0.5706611430639468	0.6510800836888171	0.6300310842624209	0.9536580857688434	0.5493361818579479	0.4593761534628077	0.6200737713465834	0.831530279344135	0.6888897982658861	0.6461891550101032	0.603791530758385	0.4096854637163823	0.5615749043520817	0.5874476298428343	0.3085933397541323	0.34546086691094735	0.32425649637442927	0.44866141094642287	0.5271769709435745	0.5758641833605885	0.41021845249062167	0.6236384046280132	0.6658156017974481	0.5146736013029184	0.30929768105820504	0.5085318294282365	0.5706406824063828	0.395560958030118	0.5033850450506513	0.6159000168897942	0.7879537246078859	0.5487875361223286	0.9770785121262531	0.6796830891736593	0.7930158655580336	1.0190777569087917	1.2360191732470562	1.021292515986106	1.0030479253060482	0.9097491053750194	0.6200976879679293	0.5546573133381956	0.5423338803336254	0.49931129674653607	0.49000015400475233	0.4936839177478718	0.4763335835238121	0.6009500303135212	0.5591561462069646	0.8269262682243846	0.8261106163387685	0.7341709857682235	0.7124923477447525	0.6935578473331576	0.994394401187338	0.8819304582525973	0.7582378676389445	0.6323574106246853	0.5993875332909403	0.4765798298179551	0.333877956298297	0.5409398742140847	0.4090252573132694	0.5059380704972928	0.35174896413659856	0.4010716459239456	0.626959789619663	0.49855741012108423	0.4926369182067322	0.9368264376070886	0.9273718331700023	0.8022285844545616	0.8528401627808047	0.5155415493441825	0.5617754965017129	0.7215511466948612	0.6980822566572288	0.5018384492538337	0.4996812875819768	0.4839304298805548	0.40783132886876355	0.5540838351321539	0.38945079630522317	0.5922452522529155	0.6496716193982626	0.43291353137356986	0.40901808807580975	0.37459679194929574
0.680399271119396	0.5112214111082964	0.6477879564932532	0.48854088148505376	0.40413383869049463	0.29182137806633446	0.3961660009024811	0.4573805990034371	0.5293814290828007	0.6387209742788156	0.5460836655894877	0.487304593188156	0.6410281880857122	0.37229969833893845	0.5860783496622719	0.5005251030831996	0.7888391676401029	0.4882976672820458	0.3653048206780081	0.4546436388074903	0.8116378582367404	0.42971244975084794	0.5267100291711401	0.5251157252605593	0.4083454379629289	0.3374640989856987	0.4089987558803832	0.5676757341420416	0.3874516371290698	0.49162272550732916	0.4378136632773513	0.4750829206672041	0.45982865484056856	0.5243769548096351	0.4788464557572512	0.5362506286747226	0.49163935678568704	0.32733298414907064	0.42450466701276884	0.9432188178027897	0.6288750926416373	0.4122935410639872	0.8127823965206945	0.7577535529897214	0.7467420895899863	0.5216863985625696	1.0524463198828355	0.8008772798544297	1.3696747793791453	0.9833545689978805	0.5380304471108455	0.9989103521008426	0.6595707005660528	0.5603730213516971	0.6936208135335076	0.528187452005727	0.5413442551537007	0.4204826062702192	0.49858490466195104	0.36783253863998194	0.42348585273516676	0.7100455031781842	0.613301437664345	0.6925921248272319	0.8881390147667568	0.5286363942987112	0.6443316716615559	0.6972612453904022	0.8352106497230367	0.5234389358572265	0.6383979330620785	0.41387892282781313	0.3308929126958695	0.5062498918742705	0.5118734903172458	0.4216706153367038	0.6139647262471447	0.5113374838503846	0.5737785345236935	0.5838037905512009	0.6206427287748607	0.7882392867154878	0.6688683861591619	0.9490524635662801	0.7159345269637213	0.8145209821500671	0.6545050931995982	0.6437462510914436	0.6705471716185926	0.5798836803323671	0.5092481894454173	0.3203643126530856	0.5635672391133142	0.3898790934339929	0.5017884789580831	0.3885789000670056	0.5023767662844905	0.445056302342205	0.42609883053942715	0.4471810688470347
0.4210211073727182	0.5673425673070791	0.5522696904474119	0.5104091622214453	0.47475644210543205	0.48490062450607013	0.6218332664419957	0.22021377777190915	0.4612219414290849	0.3089205775845821	0.4262428123383453	0.8693192519293973	0.5323028425798942	0.42650759096862567	0.4533484978871792	0.6449179538122451	0.7631946375430091	0.6140116458731968	0.6672345159178116	0.6892958259337608	0.42443360738955477	0.41520769692779225	0.4507985290148819	0.34469378092603137	0.3892175992862408	0.474278602205383	0.35991021008476437	0.28927634850249473	0.42972296244988106	0.3778621985909081	0.38340465147254776	0.3587029709230207	0.42684934943098213	0.6460879661963856	0.38918290093792746	0.33085287840105093	0.5764839127046167	0.5156110360534548	0.5401168009028496	0.5844500969817366	0.6175241713707195	0.5121827692459432	0.5589195911138143	0.5320809590414064	0.830321156750624	0.8548029542915926	0.6084422065215603	0.571453940821222	1.4968106854449328	1.024926278756183	1.3125155009759624	0.6821832131258315	0.8831405527947156	0.3940927521501237	0.45765481313813866	0.5250754356284288	0.4892496894987042	0.36820157249811314	0.4269888846515587	0.5900116119586515	0.5063552268424877	0.674811019849858	0.5410228034936199	0.6813324913117914	0.7104969034944846	0.6307694736088744	0.5655955531780615	0.5724183446413897	0.6334038168257132	0.571421945605208	0.45381513541727436	0.5873377071971142	0.42200639796540995	0.6909479274005509	0.299680400594508	0.43342383919546124	0.4299789993798237	0.6534272324944402	0.5562420596298077	1.0197198787493253	0.6750007548504303	0.7656474213795953	0.8364603354407524	0.7515517040111853	0.998294829950998	0.8055002297186404	1.0424333713368523	0.6762472583334465	0.6543771367428637	0.4979357317478318	0.34911664339920057	0.3967783120768427	0.41765875245277456	0.5565033400321276	0.5105482984232029	0.44869251044757674	0.5081920842752932	0.45596230924504183	0.37279915954527276	0.5372626083106178
0.4064189687339307	0.3558799952733273	0.48367419361427266	0.4178658104108826	0.3598764957848021	0.2639389107349419	0.3268511833473018	0.45701937111422103	0.4601769880457713	0.43072069062874446	0.4983606652964144	0.6348162343514802	0.27645580453699636	0.510483723343567	0.6563566776482264	0.3965491662218925	0.4733542890131867	0.4118086163376162	0.6852827355990218	0.723147003007805	0.4881372891817113	0.358008309347038	0.4373239566822776	0.42765568245702806	0.723971422194273	0.402675342884284	0.5792966778175909	0.38883255167964464	0.33838874457080004	0.40336751503495216	0.4243182511642547	0.4028635440412233	0.45267454093422876	0.41924608634865557	0.6703558958206629	0.7144018779203842	0.43487753827038295	0.3886872735677761	0.6920165370202187	0.6731561216743532	0.5707787791493798	0.5090907363351547	0.7121010237209681	0.4203674607901235	0.6560864407491666	0.6815954926332436	0.9503748298974585	0.7969330873333843	0.7342293725675808	1.0585491179876965	0.7651490015798454	1.023041563705332	0.9779697352891308	0.7080822279995587	0.6043371305762907	0.537513091653562	0.2736351206781797	0.4206509703740465	0.4710866833906821	0.4555978568190876	0.5172166782994874	0.3374649364032879	0.5304852039644168	0.36383185519913763	0.3570892252460912	0.42956890774385603	0.42338108359291293	0.6727234894704411	0.6377915366931657	0.43268980202429824	0.616383097046084	0.47693636087968827	0.37832794269184566	0.6020112474221901	0.5065387057894427	0.463060186194498	0.5897224050379203	0.7518472429467051	0.8566878791207566	0.9098819509703623	0.904906448828323	1.1787167216414163	1.0011861484343976	0.8244918720196209	0.8630891782741478	0.8905607589984756	0.7029140663982069	0.4337935749326769	0.9952877179859847	0.6158927640521769	0.5597758378578106	0.5858666800430208	0.47527865593986046	0.38188560857342	0.4354769552918425	0.5536147493688495	0.39411397006719995	0.5521688966049461	0.5960725288510389	0.545997721502407
0.5178302303834041	0.5819766736152434	0.45362348874562247	0.6113712911546058	0.4283155030571006	0.5360290705222218	0.4943188755998529	0.3792025102837094	0.3103950619668084	0.3507483320911282	0.5485594614177807	0.598236282680909	0.49611582009860283	0.6209344099734151	0.4033067834284321	0.5170830894050975	0.6780330236636954	0.7086266548837842	0.6015614309759096	0.646356071005601	0.5883222518682156	0.5112941101334139	0.5257690287424205	0.41590615997016445	0.42769282107458284	0.37470594451612976	0.35308730813804856	0.32771601036275966	0.46048349947618467	0.31764304327432125	0.45298544548094516	0.539025788618651	0.3747312144429859	0.6171033917869735	0.4917479681478632	0.5073980472586234	0.5755930056995636	0.4878793152028844	0.32286689683833564	0.5751759392133798	0.43190257689490263	0.7672074725450085	0.7890740067139563	0.5883311346652174	0.6128487034183996	0.8447150022888442	0.8412364697896005	0.8165092627293046	0.7502645201373805	0.5664833430759966	0.9212605904659066	0.8656624780789896	0.713619935452791	0.5594521305871069	0.5076371851512058	0.4699776630877995	0.44367556074587655	0.45874382052035173	0.43291350514234656	0.48884338296917873	0.4087632375083721	0.6885760266776065	0.44764088640748206	0.4659198809234825	0.5464274527727536	0.5166126028722646	0.8226490779388118	0.4667453306408676	0.5876422980784208	0.48588544582050786	0.4030276524215605	0.44736912474760904	0.38780944194304	0.4174012111042638	0.3804265561142531	0.37425678704956505	0.6755615773384301	0.5438740847583496	0.9383572241336696	0.9232264459374048	0.9445199083363741	0.9357289560856363	1.287888082536401	1.3121752568423488	0.7583262415427432	0.8736341648596554	0.6238169647654019	0.7467495388690955	0.5757588916577576	0.5530308683571893	0.4678954300900226	0.4618982986285297	0.4796084213610846	0.37341218150941746	0.6062426998680385	0.543912770828667	0.3675499257806086	0.4500675464882073	0.2919145468305599	0.43968445532768136
0.5737365683585584	0.5410650047569878	0.38726919982308294	0.6771214635976679	0.4026101910496018	0.4825275464346218	0.45766496303851706	0.393754896001454	0.5069995783807358	0.4470845690436829	0.3683412314127187	0.5197851820118632	0.5493358367446659	0.36829320080610084	0.5812707976599814	0.5945733787265332	0.5989721587559257	0.4572054430572114	0.47197216628127325	0.6874423424653634	0.719186736161289	0.5369268096118848	0.400365150409854	0.39591533165415255	0.43481704937719967	0.4972836226171979	0.3675796433038864	0.38345804819333174	0.24570847425110454	0.4188046033606814	0.36311283323483967	0.44223399396790186	0.38009430082790985	0.5055256414275998	0.5186343293874244	0.519125494146738	0.3854637622686215	0.5333522862475042	0.5416896429948984	0.43436568105645423	0.5380067940397877	0.6744898341160047	0.7344108329590198	0.5889181424226471	0.6531441555900813	0.6289571377942945	0.6032995744928387	0.8895089614963128	1.0248027994329465	1.24552954075146	0.7428136343518277	0.8005021637578029	0.7348494474650284	0.475793822226277	0.4928698084623441	0.580368740048869	0.4839439158310385	0.5877309281441627	0.6032199863138301	0.3998051783839625	0.398296698302408	0.4682152660620884	0.47305594453136873	0.3958613630191209	0.44279524599386366	0.39745344500292334	0.333078964935978	0.41167770427198846	0.46481470767231026	0.4523572801112203	0.4070487626160695	0.37184782967064717	0.4451992685015892	0.5345691303532983	0.43325531884276025	0.7548253565527552	0.5949279194946645	0.5641038305741859	0.581860136944046	0.9054854857356159	0.9620114360838837	0.5739370475228871	0.5611874020415505	1.024810144883733	0.9710673331300753	0.8113520651351349	0.4601370791203668	0.5749764085580387	0.6906213957061247	0.6002323063915653	0.5021472080658982	0.5812784439154196	0.41580150486587847	0.4199687002073063	0.3411652047095299	0.5151404984988799	0.4243518728990125	0.46540835849043743	0.6442082679761083	0.47091018840675497
0.5298720386736082	0.7226675810956151	0.3729366062314424	0.4956975723955425	0.4451102039593632	0.6106792386183132	0.4955603419093193	0.40949155421802164	0.43174328883900354	0.41629936178601384	0.36378082409698326	0.405443281521021	0.4081832480079861	0.631748871515473	0.5022601632889875	0.4109238775276976	0.40232631875195346	0.612645498345823	0.5585387983541794	0.5876201823102366	0.7676535113596716	0.4787861143976622	0.6391555840400531	0.4284639750787102	0.43391136615306597	0.3072345975732431	0.4774923676191395	0.40490313706369224	0.36410642689183187	0.4432881533527447	0.304266605736843	0.42382384865720535	0.5242117978123396	0.5653676752918356	0.6962019280403583	0.6326972301686093	0.45787952532660653	0.8268982045334736	0.548018432397084	0.6871221965763481	0.5013993272419023	0.8125139092261412	0.6365072177615456	0.4237879086785215	0.7545889179438352	0.5985209919752933	0.705908594397399	0.8362803575276673	0.7908214998244238	0.8606537679033859	1.0298056963696247	0.7706070977446726	0.8597599144121959	0.6861697553536005	0.68249341522143	0.8177561551682273	0.31131381814031384	0.5600557340678584	0.4723290942802754	0.5710349065957687	0.3845311998847557	0.4156941815217117	0.4115094261824899	0.4646009875330894	0.45239826014559503	0.3814978458205422	0.392747196145446	0.4192373331008426	0.3254275811540384	0.487259795017106	0.5655264403927223	0.38515474976495556	0.38889158750006053	0.37061937051474664	0.38511677688969614	0.5617482234674854	0.5115790011963399	0.5229796744868598	0.5085999594926025	0.7613543860818067	0.6655516349762232	0.9907792551744985	0.8173536172409824	0.828828830035024	0.9814014968763582	0.7548938303518707	0.7978286938919114	0.4925641123979607	0.49617532231484274	0.551995235769704	0.49631498615227065	0.5133302686186805	0.3826338901806233	0.43115771416009463	0.6739979723935864	0.25192368677418536	0.6960007222151428	0.5255863185070372	0.5688083000342932	0.5821311816619461
0.6277178221218379	0.4729207435616228	0.5309225525632474	0.4135043038960652	0.5263967822721598	0.6599421324055661	0.5991443809560957	0.3129173461687651	0.38778074565140286	0.4909338329549445	0.5678931446665404	0.6858538654975311	0.5997491091150174	0.39312696595929786	0.6439340562686361	0.6472373447325447	0.5968168946069924	0.6139838078818005	0.6451445425067496	0.64584344206481	0.4445555967311933	0.5328786812249622	0.6273192232326683	0.7212133000773576	0.41929674938746614	0.3864096456223925	0.4055723038097595	0.509380897710261	0.6477425215556675	0.403368676958074	0.31337185843825366	0.3375935810464221	0.535440797061541	0.5202119921239372	0.3977575771987773	0.542479557120162	0.4642925694788863	0.3817113846779204	0.543573659590318	0.4329160542911635	0.8921658522987485	0.41788259929749516	0.6393902774669704	0.6198422390390838	0.5984413971867086	0.5573896807033983	0.603684597322063	0.4878258570823292	0.5099650408080857	0.6349110461328111	0.6759226799386236	0.6024371062797002	0.6188082890890321	0.7914685905283393	0.6567799651296492	0.7273134844676818	0.38793716674129175	0.5900810798765308	0.8668991100836186	0.7582548917951696	0.4190319897834814	0.5413766213919635	0.3576315707505028	0.6164072180753299	0.5430542861135871	0.527162549797137	0.42898730384698763	0.4222277150413559	0.4939957096516259	0.5408697430878224	0.5538992999384551	0.32476678189333524	0.4010871737501526	0.3072818238125743	0.35240644973732255	0.247343098523083	0.36829323103385964	0.4646078814239085	0.6025046410385759	0.6875673036006129	0.8850178754520074	0.6901950522379775	0.9522816952385583	0.7820541021072106	0.8770871452321785	0.7394613628892218	0.6444501450336892	0.5540857110955055	0.35527502549769874	0.5058859102170906	0.41419111461539726	0.5723756397966597	0.37201973830276625	0.38351529156320174	0.2834483128111048	0.3425896777594555	0.5622588256407239	0.46750029041292407	0.47267853124841885	0.4365569278572827
0.6434479808426578	0.5461170625326975	0.5849783758589061	0.6280287167687246	0.6300784655576868	0.47217727562536144	0.7173974396616951	0.3745920718331945	0.5239748885538572	0.3565586007392117	0.6094325308641977	0.4174195342946565	0.5952189054903725	0.49134161214074734	0.5726335477734804	0.7563364305864172	0.65130343228637	0.6045157957120867	0.6270576541216923	0.7490299155773679	0.922811852174898	0.8165418427748043	0.6101209892094132	0.6314144537404925	0.5720130468586881	0.5047745196254699	0.410240086165156	0.3164622582961876	0.36767279046268503	0.36028471794215394	0.5996907732135468	0.28064623610366285	0.32948828998044616	0.580932299465705	0.5135010930536147	0.40684569882728916	0.38647600235702734	0.4337668485960642	0.467233795174077	0.5570231163283595	0.4188933140718589	0.4184643912362285	0.560822462916305	0.5924454074400424	0.5463338471232227	0.5866961902543355	0.47620319603221145	0.6090305857782503	0.35290599747432755	0.601157857679112	0.44579961760572073	0.6986395244626521	0.5932840308032924	0.5625198922127342	0.6783347816998436	0.49800350804308746	0.5974907026104544	0.6274382368706806	0.51039789435645	0.5962204193325543	0.40922092537425087	0.7255109072443705	0.45855155085782645	0.34924644193952686	0.40177757119700386	0.49748532369827936	0.3564892622008784	0.367151077949846	0.48132733988419224	0.4742106319364339	0.5495154999013053	0.3842851648737116	0.6196836934394326	0.25188149585288194	0.401705995238947	0.4778791424586359	0.4116449468372019	0.5109095138817759	0.7182959221108117	0.6668983529697114	0.6476071895109655	0.8089612296216356	0.6310917193612771	0.9128738837403803	0.6479116664721298	0.5177664414443213	0.4487575446476252	0.6495740815888629	0.5027960619150432	0.4305960037859109	0.2797939741892168	0.3440597106657161	0.38017243441817933	0.4676385141614161	0.4124799504780153	0.45717694833152117	0.4569534460949524	0.4871904192558007	0.6872533963920743	0.6693119381379605
0.4766614968516269	0.5599703798935187	0.4855827416533038	0.4478738862749175	0.5250893079764609	0.4862581339024297	0.5212715788894787	0.6378371868614501	0.4380651385651219	0.32256329479741347	0.514587556378828	0.3068423484627809	0.47960049458712106	0.4368866973828118	0.7825332659950307	0.6421523049111271	0.7817423729075047	0.6985933429876998	0.7940453682705394	0.8212736775413487	0.7181379267740876	0.6321357915675498	0.4644475567613997	0.7415148093224321	0.42046760998661054	0.38796145014522504	0.5882013816271755	0.4556580181165326	0.38279350052632527	0.4217065104035003	0.4705095471752137	0.4761232328289391	0.3517469265096776	0.6164450940430829	0.3719357120509411	0.48515618295434443	0.5237232301155933	0.2847320613216366	0.3852872705775044	0.4298574426747348	0.4127726371271962	0.4743809670657614	0.45192019905775	0.8236269194188678	0.5461415059078907	0.45349144593244445	0.4600271958449996	0.46213293137001116	0.454321161815056	0.46496858693659804	0.6387698727105384	0.5888517844732207	0.44349959716572634	0.6469838498705487	0.32929477615714275	0.39985470759294023	0.4128897524458776	0.6392606999300697	0.7207010988636668	0.45023189837070465	0.42571247987359534	0.6087503067634079	0.49914540846144745	0.44152651048650343	0.4166634035762101	0.5279543621942896	0.3656391377877243	0.5489542364583617	0.41803698022824776	0.37546111093732515	0.40213558997185567	0.4957091772238222	0.40658181392002246	0.5207184452590564	0.25546583207028534	0.38038182645477076	0.3362563545251962	0.3879951947921431	0.5988114302740294	0.7690406946737621	0.5658992714982674	0.9375723163089069	0.8055849001304247	0.8950839011166524	0.5842250027585763	0.7120368093228945	0.7718924227720015	0.5326159409670581	0.3886100481683578	0.3094145075812125	0.32454764785653367	0.39110175051723295	0.3447361010363959	0.34809222022493674	0.5233324559005306	0.6106143314063722	0.5663125950521971	0.45931128451126885	0.5264273745603508	0.5041726295605328
0.9005820777420198	1.1312479316082038	0.5299586529058857	0.5907248357673103	0.7453960238223559	0.5797224094760839	0.43496577111670803	0.28429563080102344	0.4058336728973776	0.46466558452188794	0.555634734679539	0.4808183002291077	0.6315741720366401	0.38344245001413696	0.5122430760780704	0.38133728928776905	0.5806365175306955	0.6816846923492716	0.7151358323927987	0.6865996657957009	0.7749620486407702	0.6057111685334884	0.8409904970586833	0.8119469333287886	0.6951315141391747	0.6080346000484257	0.3819235025029448	0.4753763654786778	0.37354433988180374	0.41490902630395965	0.3443865417358691	0.48804444944116726	0.45619515692416684	0.30570229565079304	0.4116672613669923	0.4229501671976285	0.503924058387577	0.32637924823460734	0.6799289597497113	0.4711966291044878	0.5151295629905359	0.34526370251651967	0.5294143199499168	0.6142109450934767	0.2885012140730038	0.5284237564279487	0.46913638779483313	0.3875040211115622	0.24552635022549255	0.2892996253901495	0.3964457144912711	0.318319466246199	0.47171155744601717	0.3921550432650884	0.33710688815172596	0.45880716232747587	0.5652741140240983	0.3969807247946883	0.6059210702774528	0.7138829884782699	0.6134722161951441	0.642060229787076	0.6110077169312796	0.615521507593604	0.659489496742257	0.34890338745144883	0.27744929708732047	0.5012533385482741	0.5258538877174194	0.5704666585255369	0.48745315996030525	0.5101643314850698	0.39942497656106496	0.3910567739707044	0.46049136710621547	0.3885587359449236	0.5298807143204148	0.5395097123176916	0.6799586983268999	0.5306165035156785	0.7823726072195845	0.45908696469870075	1.0251765154412458	0.605188813439661	0.6634151111265608	0.5806891192209378	0.6885756156094079	0.4804117151847624	0.6317306687877909	0.3877256815820317	0.3327435561154297	0.45195322762968776	0.37083729786387265	0.37049769802266774	0.42959545005318367	0.672150622338722	0.6231473722203551	0.6678685389855438	0.7028194114971063	0.6143018658754876
0.8344594982038469	0.9001664791718618	1.0746223158949144	0.41556889594641655	0.6534421500175652	0.6870198593120154	0.625811966072333	0.611532958595246	0.39755793539176504	0.44643013980142515	0.5042069910056083	0.6355736224443039	0.4999910130379021	0.4938911185979456	0.6524579928071798	0.6419241341881637	0.5143458541017988	0.4924706899007599	0.5775896679133576	0.5469244072476364	0.3761665340129171	0.69581661388569	0.6849806336902329	0.8745139366318793	0.6664357797106132	0.3801389425245771	0.499374143391532	0.5767386375357478	0.293740792757642	0.6353826157239552	0.3862497126634728	0.3841762056570502	0.6006259953658852	0.5959261397103127	0.47654082014604143	0.3787417014054081	0.3406760665799546	0.5955391031956304	0.5282183203044587	0.3894318821312784	0.38969984890419157	0.44896620836868084	0.4655380510214532	0.38326361634212247	0.40561092117798775	0.24867293829584872	0.4505645812692799	0.2870341580159458	0.34481648855906655	0.23235779609396054	0.3959912770836368	0.37657652458540863	0.4382106477004946	0.6070974796783267	0.47399055016581043	0.4920413194776575	0.5884243909544268	0.5162703009520925	0.6752873776850441	0.7720043987032285	0.7845835158026836	0.6008137401087068	0.4225715124266829	0.4574779033660993	0.6797362882614972	0.5332978409398017	0.5069478199975974	0.6456934005950397	0.46887383444313	0.4521994666656556	0.3284043492267497	0.571867687552405	0.49658866567327686	0.3299647253187836	0.428391267437994	0.3768324034291401	0.45572523859875824	0.506660265118839	0.8538268315732038	0.48132641257534003	0.5616892724300213	0.4919931575021487	0.7408560446874547	0.5692217870784507	0.536666679981373	0.6201938455592586	0.6351903368113807	0.45366280736737474	0.367138594722306	0.3606658539463786	0.24527806727631235	0.3871161423442934	0.27721980799569557	0.31201610888774595	0.6024820944074547	0.6643858847676524	0.5203483514799101	0.8663748781872164	1.0973041751597448	0.74295241137171
0.75471471937611	0.975686790762451	1.0572616290644212	0.7231789098366033	0.5550405785402855	0.3554478270009203	0.43261716599683536	0.42268985456579145	0.536707120175891	0.6644421528006945	0.5372611413336233	0.39267921185713534	0.3829975096780455	0.40215517829593633	0.5929854863295763	0.34357134438083137	0.6184626360162383	0.5178103810957488	0.6217634465865002	0.7816680453640202	0.4884707246272042	0.7934443886049168	0.6804361810552753	0.4919520289031697	0.5265788384113068	0.5227147226356564	0.5133623897816327	0.4775091979767623	0.5600021418859731	0.5882378835105274	0.5166419181483533	0.5749355906475994	0.45937119997252346	0.45592602134857857	0.38437787411931595	0.471885515030843	0.4399619327067	0.6926069818365603	0.45511196314970015	0.3362318979999554	0.4038804217570614	0.3276073984101862	0.3699947251148896	0.5155905468502535	0.45136113760641744	0.40602552131982744	0.20174502056759394	0.303732560522246	0.21001816278497856	0.3814766402024115	0.24509233212167955	0.27261676086542724	0.3741087653791709	0.4501648285115481	0.29139935323268445	0.26367800582633877	0.67846335535392	0.4059841647986451	0.6374498592678206	0.6403301339868273	0.6339222061961123	0.6569807162714051	0.6262193450567272	0.7535835994824197	0.7056176009325206	0.4310518194902806	0.6170814627537046	0.7125223672619726	0.5937980463307558	0.4113469491360397	0.46484234581581957	0.39178099810132033	0.40478072789868924	0.3690173945154468	0.4576055372514198	0.5069528687092952	0.47472417898940783	0.8061638129479785	0.4624344108515456	0.6903648440220697	0.7198528806268355	0.7803657053794331	0.5165690439039857	0.5495598008154469	0.5507800029020461	0.5024309721503438	0.5132114145621437	0.3287712537625781	0.3260165061715148	0.34090841806262456	0.454129500381763	0.343922179213833	0.5477095057885359	0.42228076124984315	0.4131895095340898	0.39267832780179046	0.5739364894795013	0.536593034397321	0.8921067460774845	0.996747030915754
1.0105993081409277	0.9217702277165072	0.918527764164197	0.8555622578517595	0.6514921802546292	0.6532548363063668	0.6070331556386233	0.47732229091721395	0.7495417210501549	0.49037569201983366	0.40431080439279876	0.530338159567925	0.4683451362517271	0.6205008827723419	0.36372024590920554	0.3367455891805084	0.7090267440552366	0.516271687240629	0.9581016182728258	0.724094085628977	0.5832684561944597	0.6735998911002068	0.6588863869295725	0.9638757741976501	0.8215149501372001	0.792551659412677	0.41352962308760727	0.49098672072655253	0.5633221025967561	0.38473711486449713	0.5915097192689757	0.5946512086271187	0.4360066425327046	0.2972735469389033	0.4471378596889442	0.29111622238438967	0.4137316708537518	0.5566872316961118	0.41698555273335114	0.4304086254190342	0.3493177578070246	0.31098284640832086	0.4096069889029996	0.39591005237114113	0.36505056218433224	0.3222757929025664	0.3191168342527273	0.20033262180371095	0.17501485673714892	0.29421294055087555	0.27399189232719484	0.25579894003072035	0.2974770798093875	0.27197197640688187	0.35842372917693666	0.36755542022472143	0.5552105237219291	0.5255500649415988	0.4950970848726591	0.5394198561136109	0.4419477567587987	0.7841983252183353	0.7354222895448549	0.6957663575166322	0.6166180867798495	0.6821454740229758	0.7295919324121751	0.5870667674290742	0.47323647280709047	0.49682508517420465	0.5908628342505629	0.46264617229115845	0.4371607515955837	0.4708714461276144	0.43586665840267036	0.4653785368842678	0.6627961698600117	0.5315495772208464	0.7248918215128466	0.5638787838589654	0.6039178061338792	0.5891450240781761	0.5489088252619199	0.5104393825204145	0.6425296104009973	0.5037021254900227	0.47373073099318164	0.4919517889438127	0.4362396791129124	0.4901919908126951	0.45660793468699673	0.2276958792941871	0.3733445656035388	0.4785707990491355	0.4951598314512314	0.3241229071762671	0.4520253405724254	0.8848143606058003	0.6727466443547256	0.8577176550213281
0.7381315439437733	0.9938088691977921	0.873783875097335	0.6402740727598959	0.735313284980329	0.550233796361527	0.5061692054981876	0.49682703756861935	0.4776202539591601	0.5784705135563615	0.6573282845411637	0.4445915956315497	0.34303719654923354	0.5339440234905788	0.4588935439530485	0.5010593739948508	0.4725749138124857	0.3078534728469896	0.48234243143375966	0.586527669232535	0.7121197017187657	0.5445845233995936	0.6654533678437012	0.8287732421625013	0.6782884132693086	0.5271888075932524	0.655744548904936	0.4872292218590217	0.38229653338090047	0.5309136758140335	0.6877152664799696	0.3212782522355521	0.5189100436915277	0.5258440895328302	0.4412958705468452	0.48757682779617456	0.3455418461473277	0.45549163528563746	0.43514969070776266	0.39251328834593047	0.42547774874816385	0.4014085618182406	0.41796838269211567	0.42047771339234635	0.3768563522571455	0.43717490501321604	0.26827601437552057	0.2881345498955309	0.2870143935117871	0.25685784459444455	0.26675843214628964	0.2612679081738143	0.3197784979702485	0.4649923934562006	0.28210521926800697	0.38029214470233896	0.46039306575740285	0.4756666224754248	0.5052040228219604	0.36901449092616906	0.6169248539725127	0.6520141864617996	0.8174021398228402	0.6777594704626373	0.6569619915658412	0.733326606923933	0.5565092484619804	0.5713887565322436	0.47981906471634267	0.4693709354363365	0.4232390389769782	0.3881442821446187	0.5145718299079255	0.5803003450547578	0.44573660916905733	0.5721870301999911	0.4632943006668236	0.4542493668831113	0.5024935408404183	0.4073731532646759	0.578597254942232	0.5317451161823681	0.5091255666384706	0.6405251313347575	0.5711620296986731	0.4806003414527347	0.5739405500222703	0.5368045988316172	0.4380487464326756	0.3399729069550414	0.6308175134995746	0.2747174576310086	0.4976463572138044	0.41424258297217176	0.32035348032350014	0.36568133271842745	0.7718984087569708	1.0059031560256577	0.7071415211158899	0.8926526834367312
0.8585821677409191	0.4606471799979081	0.8442878966067525	1.1450686401395749	0.6079918091423723	0.8469860741298197	0.5728535426979254	0.7441165752777338	0.6217817176207998	0.38210333413665176	0.41732673490570893	0.2121753823816745	0.37345130351297834	0.3317950689716567	0.5749673458555364	0.38184005011956784	0.3166362624215019	0.5293621378387303	0.5483912891116505	0.7312806342276572	0.4146084802589072	0.6246239641980122	0.9809214513184694	0.7240350438591929	0.9492458947946522	0.6626434592579189	0.48007099201495484	0.4901344931230683	0.5053016452579004	0.6164351326092137	0.8007204625686563	0.3739358553889654	0.42417478171901424	0.5993489568594937	0.4138204281565326	0.42641222109152854	0.5377130502767312	0.4327934001578478	0.48048749398721735	0.3990795318201601	0.38418447251573556	0.5100718046453789	0.3871668825072213	0.5008241182683109	0.2471566840069193	0.3115562546089594	0.23593500169686904	0.21548678283448444	0.5196740796370729	0.2997870296246004	0.2298080082403531	0.2404161130848773	0.2806568662320093	0.3507136585771077	0.2978945712710157	0.4045360094090177	0.44420121925085787	0.4274708391677464	0.5605593659729695	0.5671837306501573	0.35326524581415386	0.4762698725539552	0.7748302467506489	1.1383203144181748	0.595080335554477	0.8940239680536104	0.7712398319054324	0.7153675744290426	0.5770519953652538	0.5296734273735958	0.37071453070238997	0.4639703947702612	0.3261367056085576	0.5185927203170183	0.5868941445286965	0.5083224656199016	0.6460134860122916	0.6750592854654761	0.6803261369326554	0.4879378788035291	0.4125268338617673	0.44999672702462523	0.42218041309182164	0.5837874081704412	0.6550609392015123	0.3946427949808096	0.42327996189141753	0.4129624802501861	0.5165615339822234	0.494800955986648	0.38078655281493873	0.4167669213206424	0.46418418823122043	0.40884655394738845	0.4296312816419956	0.5892051898485039	0.39905971322258105	1.0215828418052575	1.2177106583947628	1.1795330049388946
0.9693900991069256	0.8144528261210147	0.8070670474594306	1.0408445442944199	0.8110487325668474	0.5671663378033872	0.525096817468716	0.5107381747117993	0.41897261636469596	0.473452354970926	0.505798500514697	0.3567384506617751	0.3565969625307723	0.3098660940841414	0.3364468226943476	0.42817338127914617	0.2931325488545073	0.4433284878704954	0.45787761089241397	0.3634001026444024	0.536218918668286	0.6886528919755507	0.5832649809903317	0.7818772811897537	0.5186621755385561	0.8558532689532198	0.6509672112295801	0.5913259943504998	0.4950434357155068	0.6106301892679893	0.6425889035528352	0.47518558972996644	0.4642697159093176	0.7242000135633376	0.407789106142817	0.4517722413830902	0.416607881277261	0.5200099339424222	0.2063784092199519	0.32366732559573963	0.30782030470699623	0.337634726325215	0.355275571853072	0.2625952328902106	0.3151694369882392	0.3699235842676495	0.21339123889682357	0.4022776978426874	0.2290564573386699	0.15450639437727534	0.28635645491445766	0.2202670904251984	0.3576909211042135	0.2058961779771334	0.3472815305481761	0.3892627188521101	0.320513335023969	0.22573447954016254	0.3844053078600695	0.4424722343401112	0.7246252243148379	0.6508915445867742	0.7604278490168656	1.0920794678213153	1.1596008686329133	0.8860668099820984	0.8270321962798471	0.779308977604817	0.6902200938134442	0.8251721330053832	0.4941348418637844	0.4606457202865982	0.7650828488754263	0.45072643624706293	0.4745406478914207	0.45787201695096796	0.4189995749328544	0.5640442525144144	0.5027256818186004	0.5495195139541896	0.6446337069836835	0.8139531645317309	0.5981058630187508	0.4653305965562253	0.45277859230962636	0.5373441502906594	0.3493907503054586	0.41289816826043096	0.495334120794908	0.36358134175450335	0.47193418259051845	0.47112400631989965	0.49950033407250477	0.3454046233401664	0.6034401679832925	0.8583172591488509	0.7438409351384675	0.7179857593144793	0.874178168459263	0.6900498973091813
0.6989414995357147	0.6377174156364045	0.5495126619611027	0.4056252412147593	0.5688895614036075	0.5028038968669803	0.46974455257560227	0.5697199364190059	0.33225314521592875	0.45298048236300986	0.33522867473982	0.5119388939771903	0.3597832753715328	0.38314260322069854	0.5485431334238035	0.5974336921134692	0.39040195430112656	0.6202648099222493	0.4189643225284772	0.5071255500765854	0.8112403169226379	0.6500637869490601	0.640212824418304	0.7598091678492344	0.9846014242573216	0.5484384951810078	0.7523147704289409	0.7230902073020122	0.5995322341498069	0.47659175751221267	0.36950288929500213	0.5603051537185746	0.4562075444634016	0.5073331214564286	0.6562624979205139	0.33743177351686343	0.29369385416618987	0.2977062536672642	0.4204747688156571	0.49682889155921617	0.3160268061857192	0.4086414405680887	0.3509508493891522	0.22556552589479106	0.4088864412624395	0.21295623917616524	0.2662633721244166	0.19435533466755697	0.2168751942035098	0.2059236189880732	0.14659313521494702	0.20886842719238868	0.36674969618937814	0.2525379211846405	0.21998169289123976	0.31876117026106565	0.2162724417375916	0.46945231344513094	0.48212844485126105	0.4768450429805146	0.3893331185521251	0.4632574844519524	0.8090925263091455	0.8562244182999632	0.6063154853729085	1.2910873772593765	1.168707194847157	0.5530825197702731	0.7734038804370752	0.6005696315745492	0.495035997528621	0.5032305601511338	0.5739947953525775	0.6585272836651777	0.4982486316851772	0.49650541990562735	0.622998235502815	0.4684959915436648	0.5442964602702064	0.5522941044950559	0.4048007689502438	0.529207664111266	0.33298022006513595	0.44986381183729673	0.7576813156884863	0.5811031262554782	0.35207071075085156	0.5640773865904223	0.4551647804153083	0.33323351762706455	0.264208198968082	0.3919563538137669	0.42224985987597685	0.4207357650718884	0.47040604529988844	0.5526083391243216	0.6898098604672641	0.764856825140341	0.7476442983181202	0.445000064328643
0.9078360124795332	0.7290919891826013	0.7925846129985192	0.7644070856014045	0.7655034290261404	0.6183243183804124	0.5713016729627386	0.41138138861061085	0.5540100415548246	0.5527908254739207	0.3070744547491879	0.49281350792556605	0.4800663098347082	0.33936060109018507	0.4132327310150613	0.5066914238109724	0.4839136598632621	0.5140270811916904	0.4144560409900863	0.6188974885290198	0.7597829636029763	0.485930273103505	0.8322461361753699	0.6062360705169975	0.6710721512272798	0.981906790251923	0.5540700572442984	0.8621370801062077	0.3072934960985418	0.5912820395727912	0.5353148864909552	0.6069217668604425	0.5550654371394781	0.3707239455782403	0.5679665021836949	0.3484906628989612	0.5947242386033319	0.5002805681007011	0.42384278800741904	0.3335723749070304	0.24715694527481938	0.24259534980905453	0.2642623999648991	0.2594332641268429	0.22708014903483656	0.3015836765083385	0.1861486415110327	0.16116938094104202	0.20216684518454797	0.23031029914934475	0.16985948605937287	0.28558607044088	0.22939541614333822	0.3102348143557073	0.21266640617174307	0.2429357512841198	0.3391412214746866	0.42644812739657156	0.383924903864023	0.4162610093507776	0.5163017207722519	0.7002752315605029	0.689550481227351	0.9165906835514804	0.6438540925205337	0.7619844941589667	0.8014010004041574	0.7186282139633416	1.0027772341492511	0.5442376026846825	0.5314558344837278	0.8117319507482325	0.963973492764764	0.6015026318320734	0.4115980271248731	0.4329800126540262	0.43352292993362335	0.34408845644731106	0.36782439677845413	0.42063179708320936	0.4531611047303574	0.6415375177406829	0.420609778110191	0.44949595600313413	0.5804700195206037	0.3052545179536758	0.4688636666468361	0.6845286067162394	0.39994793141328694	0.296170088252452	0.5249807286781857	0.41828580553550854	0.43881672135886474	0.33087534448504835	0.7651268377101563	0.5190717384577664	0.4931943172810556	0.4395441481728437	0.6625859417470996	0.7670297602325213
0.7404990167503929	0.5716767546018359	0.556419485533483	0.5101906804435734	0.5984856177535806	0.5127302196708577	0.5987093294421529	0.4622868191222917	0.5674186065793865	0.496728352525582	0.6021845566654828	0.5261232194743538	0.40630912779878664	0.4719892087370225	0.38626226480162273	0.6084741579896251	0.7120653747840958	0.5513440346439307	0.5986645788913617	0.48599629598613986	0.6338715334918327	0.7258958521562316	0.5792754695854198	1.1432628978966346	0.9832214703548082	0.637794525033133	0.8571811477757619	0.4165494505997489	0.45410833820577345	0.5122152775843245	0.3483108055550812	0.558010845479572	0.5723130551027547	0.4400482087849251	0.5971094377461474	0.7880741260170777	0.4400539292492478	0.3003461935939522	0.3596309171001166	0.4235233262857117	0.18948569459367523	0.32649559759593744	0.2584530325755427	0.21446948592562462	0.17091668682629968	0.11896020686860126	0.25528176913568673	0.26468507099975586	0.26186093495269724	0.19198993454974408	0.16110757487258284	0.20458676841068618	0.2926415171162974	0.1847360131414985	0.26596201158114985	0.20246548454754498	0.3964692324276583	0.2647833374817971	0.27441995969815297	0.33419903529248374	0.4043597420901265	0.4633013868914582	0.6232131790673877	1.0239455331336984	0.7860714722941269	0.7334373225942327	1.0373494234528617	0.7158186325749767	0.588819947973785	0.7412027915076208	0.4945783993698083	0.3801283883992117	0.6483538565199025	0.42032467914776495	0.48528670798169615	0.5765759703140898	0.3622076735524913	0.39330716654909836	0.7222063864558711	0.5279921407411781	0.582403329788639	0.5971721355185426	0.5290831123786961	0.3848034486369018	0.4788490952876677	0.5421000334109383	0.5368221861808897	0.3815464863924038	0.4519350773498726	0.4400046646808376	0.5307382198995764	0.33736487847572316	0.48769695952267356	0.35577192379237577	0.5314342630322991	0.5582574570519591	0.6603761031994397	0.7458967327086933	0.7516802182201648	0.6330653171879512
0.624541956625314	0.42141489768871304	0.7858101692565869	0.5690634705959962	0.48776075172661565	0.5845016686758749	0.4693386244237609	0.5535431307790704	0.6579038511130778	0.6296804492772433	0.4546887232285495	0.47856506787305986	0.6368512770732889	0.6175414332240331	0.35728547188497717	0.6514238564885051	0.474651383424398	0.5656552603391145	0.6755387857794096	0.9399881052314115	0.8962354612455977	0.4986690164253433	0.8983429985303603	0.7576211646160091	0.5977158541831568	0.629865665827367	0.6187436517428705	0.5110025864674135	0.6928870009792704	0.6240020335746236	0.5134685333226088	0.5215543134022494	0.5599620180796251	0.42299597545422	0.5727495020338093	0.5227826087136049	0.5703678531316033	0.2940014661496228	0.24019495904868188	0.38300639184732416	0.2573939321962911	0.332901463710388	0.23833862629935987	0.31539473906102183	0.2313434093828149	0.3953018337513117	0.21110424232507652	0.35274636108742335	0.3652871232876713	0.28804735558634326	0.2196713498360341	0.3149031197125781	0.23594202393147895	0.19137417818833666	0.2861204884137734	0.39014113313312987	0.37969447276338625	0.4395188106095416	0.4896295091988797	0.3947306756324339	0.5386750298248506	0.4987288805047402	0.8805865830080513	0.5232155954363806	0.6649871004858174	0.5781622836977304	0.4357775961816761	0.658530272595826	0.677430215315787	0.8030090226575043	0.9154131504568098	0.5164372669320022	0.5984641144825541	0.48235512232734884	0.45562993132534896	0.6310460259072739	0.5763328971057279	0.5370304019179878	0.41433545950004186	0.5191003872074172	0.3745139198237583	0.5825544993790805	0.37916216028624006	0.4048439797879022	0.3459444782481921	0.25646188121519004	0.4191269509174603	0.48812590653074917	0.7807110897027831	0.42272791193633863	0.3081869991503941	0.5015182748648697	0.3053164340469849	0.35310131717920795	0.47609024997604116	0.42361205719238226	0.584792097562714	0.883830485917414	0.7521733012174838	0.63614317929126
0.5458719334873673	0.7010125115663884	0.5736794473553884	0.3784906969365508	0.4430179661018561	0.36156246629991906	0.30624932967900814	0.7083597159846668	0.5086043968218444	0.4259428244486048	0.4339148445053988	0.5068056520445862	0.4876832812523257	0.6023884317195511	0.6205678588389414	0.5579659558494305	0.5622132430886023	0.39444895083996134	0.8665008525296715	0.7002575924989076	0.6952377070605195	0.9171653774765092	0.7667718989535666	0.9278350037930744	0.6846036577126696	0.7028877120230776	0.6768600302502155	0.8390650371471731	0.4744085815398085	0.33484512125419685	0.48848398181931546	0.5479952782351092	0.5953917034433854	0.36507763649595354	0.370695077378537	0.3392751556500478	0.6028889595801614	0.24260836932039584	0.30825453743788966	0.2728235832121836	0.23121281385128428	0.2398508759991846	0.17828807521217674	0.11351063264389992	0.1797842618622889	0.3343452527315289	0.1586419937035813	0.1510194768218914	0.20870332019421947	0.2162430519415256	0.14122303288634583	0.13389816101182875	0.15725449076890397	0.23575228648669366	0.273500315361092	0.39161553306185437	0.31026350345966763	0.3408602305455212	0.40122726264607994	0.45938659619312955	0.5003011298472372	0.6422142894637166	0.5680667707106136	0.5744527659842816	0.41408281999730623	0.36492758630280236	0.5202726648254274	0.6879983588896907	0.4503866835198654	0.4267746761826395	0.39591659329091544	0.634410790108161	0.6078480168555642	0.6037289230493365	0.5533446728848539	0.3295579721495266	0.5269820576494332	0.5094646713810806	0.5895671314251236	0.5055465804680375	0.5370620805736943	0.44633588894054615	0.40125149675128857	0.4320364877058833	0.4458355526569103	0.5386013979896191	0.5255019607062905	0.3620652711400431	0.41653149593934674	0.3811103717021356	0.45264363177704015	0.6880279893271232	0.41915179535695957	0.8700149669817094	0.6126772832656049	0.7267501829777725	0.5731931553467999	0.49238199969526764	0.5010427600878992	0.43748439810278655
0.5186591225424895	0.6199453095325925	0.6066820077193745	0.403356287123968	0.5418221174568223	0.48579830520660955	0.4752420898412498	0.7412987478386722	0.625584422935611	0.3572468530215736	0.6060361397170821	0.5403599064196226	0.8864079132860345	0.6695650010156876	0.5297986149924875	0.610606786736603	0.7329779926871249	0.6444874228452111	0.7287079106398012	0.5248402691509183	0.5636730493211921	0.5698667335578042	0.7200100795536054	0.8349486207855907	0.5360445108724823	0.8580476686022992	0.6160141574232845	0.5106780030372702	0.6593638017346554	0.4463887448879052	0.4318212867142588	0.6453514836627392	0.471347792562206	0.4071009043494958	0.4991691428906582	0.6224281792569307	0.40607524733192035	0.4477118232098089	0.4046286815607755	0.29052460334427616	0.1971118343670646	0.299267508564861	0.25968434280869085	0.16613326708876977	0.1418493481328226	0.21053114403088222	0.1082841644143634	0.17641871179284394	0.2508703915372164	0.1289159939490648	0.13654077922270136	0.2639263433086428	0.18609596122704564	0.33162146296372375	0.4075427601515359	0.32295482880000675	0.33671075784758286	0.2565359507991472	0.4688104411647242	0.312575847090121	0.4710751545195841	0.45054273276179907	0.5471024969300142	0.3753099234739894	0.5054165657819853	0.394351985307071	0.604605873481133	0.6780151699992742	0.5846927440044346	0.4973351853861554	0.3617525790506758	0.3656835047311893	0.35681768628778515	0.6202145954844762	0.44556631287967224	0.4517724732939696	0.49466842995289123	0.5355547209085263	0.521595344887155	0.4851415204522342	0.689735982299691	0.5356136572347799	0.4506013989597627	0.3054015247702224	0.28631841409010617	0.4301498001713843	0.5492163182778053	0.49831344295781166	0.5583932550429863	0.7167682812504039	0.31646553095413393	0.39680686690159467	0.37689795004390114	0.48497714648633594	0.348853986920122	0.419578757566591	0.48548596828827184	0.6899481801180665	0.7666476164460833	0.5887622282291504
0.4823959416503061	0.45619831827507606	0.4364213588991635	0.5867305973634513	0.3797066201038351	0.5836335403639463	0.42967791700903624	0.5680479464497575	0.4998818574121052	0.5157473346536243	0.3428672085828596	0.41136838161592415	0.4870460288828466	0.6271804785123751	0.588325061283506	0.4385156757820134	0.5731351154879706	0.5280712159491968	0.550729042377315	0.6264228130228697	0.8981886816209782	0.8787118593190397	0.8500982397253577	0.5973091021971426	0.8264654418065225	0.6723934521126375	0.4497332995856647	0.7564186733586801	0.4844878381828868	0.4986984841067232	0.5606775947201329	0.40584567778494557	0.40655516607470055	0.3565107139952882	0.5341343942213611	0.3237050877276775	0.2521794989125857	0.2784065096301248	0.35566138677439546	0.2838598335823072	0.251888498369375	0.21024442837500001	0.24297013262154943	0.2260204446702605	0.1561829626871752	0.17462026199893982	0.13742763720747656	0.1469851617820389	0.16138084440559625	0.17448042171261688	0.1401880813983218	0.15673376162389857	0.22002382579715582	0.2980677597972196	0.18364645904705545	0.3552206224877581	0.8138789192024101	0.5406849289662417	0.37558965951348394	0.6014340645100559	0.5527938473103748	0.333710728994504	0.685468499832327	0.3844816962913709	0.5862468152322712	0.4056483834350557	0.5036343665457033	0.5810192181946708	0.5348735638583396	0.48564513319012714	0.4165170115671992	0.554211781569373	0.5957391192809509	0.49726252527879544	0.487106585620188	0.5007205073283092	0.5614942502845428	0.6343961249698884	0.4195481346645389	0.4607997471860849	0.5355101563973674	0.44343060908086557	0.43433082557662744	0.41008659182127777	0.36512603429435886	0.44301050641927153	0.5131420037378722	0.3423502477077991	0.6222126819749534	0.5814065149450764	0.4252467508800936	0.4857426933020712	0.4675188232366821	0.2921395672421883	0.4437740207346127	0.35748588692726363	0.5791602349966347	0.4818536956913953	0.44707440476166965	0.6032875216495136
0.4416625070296283	0.4005041934025469	0.5282379576867927	0.3824993091797489	0.5924184675368368	0.4287286057285425	0.44091819249618586	0.6258881231829992	0.5294037329715414	0.6834933843540302	0.544234808576013	0.4836360236120993	0.4588579628793482	0.46549648104776165	0.43428871564250027	0.6016732634542414	0.44235291286035267	0.6087643961829803	0.5866883592254678	0.6226137662318542	0.8492945298326642	0.5579957727677802	0.654536684665618	1.0627912929059375	0.769966241723642	0.6818942441617185	0.9085403436831838	0.5551017189597662	0.5672638224514218	0.7486836598256995	0.454133264834101	0.5088492930498301	0.3913304145549958	0.3208374264626809	0.3462988069956383	0.2916180877619174	0.30765577008847744	0.30102822575812915	0.3555126423598725	0.3245637213198524	0.21523869726581307	0.1909353147524461	0.22187044998860067	0.17078490412743771	0.1045442149387049	0.23705220088551196	0.10159334517057192	0.09894629527395557	0.09768763843573329	0.12613994955144908	0.27167044386759526	0.185246521445696	0.5792908556476334	0.23851868140225355	0.5425954398929226	0.4133638245492786	0.2996525105574702	0.6283269581882148	0.4464365181813858	0.38860752849485164	0.3315634821175833	0.23736351316326712	0.28029906612750205	0.3047924895511499	0.41140281308425114	0.34184927914066304	0.38148765293442827	0.4434972690998157	0.35820724162041495	0.38867689704372616	0.5481237254968011	0.4159207060104079	0.5772090249685777	0.6082521061358934	0.44604016209476355	0.5585877612706747	0.4681574258710857	0.5599034778415577	0.5718294974648418	0.570655231040271	0.4837355993902668	0.4012712805882843	0.4464175567296656	0.49279860676336334	0.5484895553027987	0.5335290311869073	0.3822881144222639	0.6104560217542373	0.4691819782583081	0.6165236135647716	0.49461682396108	0.4213473601491076	0.6016880317814961	0.3069755139182398	0.5455060763805338	0.5332701250106534	0.3577965432714765	0.33242914585075056	0.560972625674281	0.6688245841647532
0.4359691330895655	0.42702306069173174	0.4512880357344373	0.4057048741594186	0.48266360077846615	0.47061248335293504	0.4376435664085661	0.5445580392660876	0.42931264270406355	0.5517047313159986	0.6712525592206813	0.8186687410716043	0.8020509293682829	0.43905275280504147	0.5626860119307824	0.4293428575667698	0.4453191715505764	0.3656852608201333	0.5038831403941734	0.5374309818120759	0.3568955554971829	0.692436650844997	0.5448997161883751	0.8158637849960029	0.866976326051922	0.9850338330249642	0.5670145222694973	0.7206174726549496	0.984827124708106	0.6130775260729858	0.7342733097636588	0.4142796855442726	0.42496839405756603	0.357146490015728	0.3534678925282396	0.30943104913699615	0.3121737421245081	0.28537542103234326	0.24940857904358144	0.2725524524092507	0.1931202370735075	0.16940001231241703	0.16121143267110022	0.12772011421488977	0.07180658931442352	0.11595533863311507	0.08000636019302353	0.09104445923952499	0.09191821862685888	0.04450655798184179	0.20234963455675775	0.17178118205617843	0.15683208332264362	0.4243688769952469	0.38441470162933344	0.5276109322822345	0.26323992730760404	0.2942251497636451	0.5076391964540006	0.4945390115459921	0.2815690281469302	0.18758465503477667	0.30818277520683707	0.31258751057818657	0.26627229449640655	0.3676244427400022	0.31259770989498037	0.23473982400869717	0.3999123211383763	0.42057277405726606	0.5339908586362672	0.49858371229745535	0.4797197677955003	0.6120776177578007	0.6619547973626454	0.6003750579509541	0.3832851257064181	0.6613916931955538	0.537166798512204	0.7875397594852565	0.504926925013991	0.7605231932255752	0.44188132401147934	0.3673246032882198	0.5026670572510151	0.3962926120105144	0.4517235948165694	0.3606374563687401	0.36471569298191125	0.481126294711957	0.43647209606486864	0.44201705385055273	0.5645050314677555	0.637112920587116	0.3710024437243066	0.4501337533844562	0.40265569625336756	0.43867712741532033	0.4846653500289909	0.43355607700868837
0.5124614897861508	0.485552442544586	0.4664338307548021	0.42479319810066934	0.5556058088078019	0.5154714653315847	0.4059836907035819	0.3545059286278765	0.7295978928041534	0.39237713943518815	0.39377451046380707	0.5372740072188716	0.592637493509914	0.38657248019547835	0.4967785963106042	0.49120833586906226	0.38384506987794437	0.4387885394742683	0.3917246895195473	0.4123254509144073	0.5120766112613166	0.40067249057698284	0.6175344371450964	1.0522332859797787	0.547935100719862	0.7143709635181505	0.8632143645775614	0.840544464178893	0.5619762936607056	0.9478547454966582	0.7433124976248473	0.46413882025843334	0.3496368355519125	0.24986075251989395	0.24713799191154784	0.40138821217721726	0.26254331480670545	0.2057743578282585	0.18301205026445863	0.2074619276764844	0.11987176810383675	0.1704812896668993	0.15257595585329142	0.15051234627783405	0.16803663637952249	0.09724931141398444	0.14194286259121738	0.10705496463447461	0.07884002411546732	0.042039860166096045	0.11978848591863517	0.1917074979915931	0.07659430047247708	0.2584234911335094	0.16105918871791466	0.573256207804135	0.43140014306281343	0.2671049867943324	0.2402950062438606	0.2482891544056647	0.22397343880891205	0.20450004053981413	0.3061261161915106	0.17534472238643514	0.2805709058172707	0.3517688664642898	0.28621965872671257	0.45288143224178534	0.4060038522658309	0.2587612945810129	0.4199393825574053	0.40552269782371164	0.28553392093781005	0.6637124087802279	0.6501698964480206	0.7092578595131978	0.5229414150418262	0.4247037883013583	0.51193627380876	0.3929684908244787	0.6449183629761299	0.44708570475875187	0.6588039400729172	0.4840907352733395	0.46295867991742673	0.4315471779894281	0.5057080901765871	0.4362569888339704	0.34305851605875826	0.4539209924262139	0.46579710959075343	0.5776751280060717	0.6634109110614539	0.540377539284723	0.3359434886489465	0.5237438301936427	0.5677527711024251	0.43527664367847435	0.34487761786273474	0.558318035764832
0.4961894379866807	0.40151938481447375	0.47296243139666255	0.5100055353674756	0.3887033169184083	0.5116631787953139	0.5381147831962083	0.3997362176406619	0.5074131825101179	0.41310637166623876	0.4847067897437517	0.5163554719569635	0.47437899132087014	0.5216458795974771	0.514134183389934	0.5361233538657599	0.3822146785494513	0.28526613087529995	0.33063567421395024	0.3653740181687357	0.4617686261476856	0.6266474798973621	0.7457239132440652	0.6870459045682858	0.830760421869397	1.0564308869588468	0.6732545965884565	0.8121116624228234	0.5712392539530059	0.7635601924942462	0.5798606682272885	0.33370838546621784	0.47195999411127226	0.3520101313490984	0.48530990949740116	0.520841112366591	0.17928866025865384	0.2422928383762133	0.22871403716209135	0.20735194645340094	0.20762764610101364	0.21119828279442165	0.12397839899458275	0.06582517249677586	0.12086871722294794	0.06539734782430828	0.08612729503098593	0.06301825186886194	0.1343530634026789	0.03378288851351353	0.10022269434668792	0.06957102988206898	0.15458538568348643	0.1115720207839692	0.3063591958578635	0.7212606712612253	0.4150511529856587	0.31552655138332053	0.2868149670894319	0.28309540303548075	0.2040552787523094	0.2129422606731651	0.19763661515710632	0.1918713929019232	0.24113759554077852	0.3503611058676944	0.2920940347577538	0.4226456600499787	0.3951577515385136	0.3899130860599323	0.5094522898477654	0.6111207748184257	0.7802062387387106	0.6500920433520516	0.7393342123087007	0.8667479948090586	0.6319367217131129	0.8354022938828641	0.5473789622558182	0.5316297582976797	0.615292472699941	0.7871516283872773	0.5133828640317788	0.6952997849783346	0.48619612278072993	0.40665330710696723	0.43183201192604226	0.595915815248369	0.3415570278737383	0.5283676182482014	0.5157509426490376	0.37165197120736515	0.3216490217619095	0.4418459243728952	0.4022495261306717	0.46763306791680687	0.5787551367940048	0.4445994710777778	0.5492427306612484	0.5298910625619172
0.6069397050325094	0.4136459040511758	0.4003346121543859	0.6482225240194681	0.5510787479069289	0.31646397436110363	0.35432574871953637	0.500244776379973	0.3232999835525136	0.4984988110747481	0.43541608356429334	0.2415475606446332	0.36698109514886496	0.4086797937992113	0.35956431926567795	0.41855166010449524	0.4257271562715584	0.4399021302750801	0.46603907341724643	0.3942363013849839	0.518029841522547	0.4199412869335189	0.6578596585022564	0.5333039713902484	0.7825710274570526	0.882864876834136	0.7768887377583696	1.0714814519278317	0.995377048711602	0.5719632927097779	0.5281102238333142	0.6714217094851097	0.5663180439372165	0.3568182599312291	0.27521807529140835	0.20470265338202598	0.21142141980931223	0.2912758818534863	0.26583136120226875	0.23595741578201293	0.23484619064860057	0.12006811891953433	0.10571356054779843	0.08025280276162006	0.12132863521258447	0.04808363854286688	0.04295892095662838	0.01293602165942016	0.03163641955460101	0.011952670558408308	0.02319522946597403	0.022290907841876467	0.11537944622763525	0.05646368688973763	0.2745247114343435	0.4042352550529505	0.2395559190079974	0.2796279766220096	0.2946765043704976	0.3193261986158577	0.18923498126751095	0.24032072714801045	0.22216037709796982	0.19798250339579426	0.23717006558279427	0.29122396600174644	0.22591228119791595	0.39142770713209984	0.2860804096246042	0.5361222329078653	0.38863901632971076	0.3520107902475159	0.5737202236990646	0.5082174989703249	0.6378204201580587	0.6744640508828222	0.7287298308483486	0.7033395387958724	0.9186082411968487	0.48842513166086005	0.8161597996266208	0.534560633230944	0.6044624241890115	0.4895838956734358	0.3940385054114474	0.398476093229216	0.4383635441308217	0.48448266913965987	0.4467013706376214	0.46509778560370124	0.4873317798843898	0.6470070189174777	0.641334123192796	0.4767077049329473	0.4056636402395427	0.4047146741463798	0.556604668583752	0.49686177195491776	0.5341765875948614	0.3537158649099522
0.659063135440323	0.43352741237606823	0.44886761263295016	0.5311552457610051	0.4333890563858724	0.6286232540576745	0.43146019372731986	0.38781751080021026	0.5742840267244451	0.35214585756304917	0.4158343248988244	0.4132921521074683	0.35889489423349874	0.4237240244282409	0.40556029254799847	0.5682993593872196	0.482192508922935	0.4162804458786824	0.2734805338450447	0.5496885855651431	0.49631591858724905	0.574154052046878	0.6264988571309718	0.6453477400888602	0.7721629612558958	0.8328876302738394	1.293291095577995	0.6944981589696193	0.7525559571204947	0.880863678139739	0.7652897502533625	0.577205536183752	0.5036692255799824	0.4754725739667646	0.2719855620577336	0.26722937034400396	0.2328902626915045	0.25525457491898934	0.24709503465465	0.32756286663468803	0.2656268322117315	0.15931797889279833	0.152350973166341	0.08604720587153647	0.06688141041033946	0.05117304915941059	0.042585711814275715	0.03541661992045088	0.015210864507042258	0.00013697750207547173	0.009601650311428572	0.0014844900301061576	0.17530794680888892	0.08234644649471551	0.12773369437845045	0.112055671392968	0.3179506434940195	0.27119742750839987	0.28089510782346516	0.29898881350376444	0.24049210567984103	0.18345050966230086	0.15342942597200612	0.3777276204807713	0.13875746283055904	0.18106461410571578	0.2664938207490578	0.27535072346811035	0.28923695227346097	0.3542162777574639	0.37989861546317066	0.25235385876100436	0.4362890405164228	0.4455200758805456	0.8925091623743115	0.9789932527369832	0.7915323488582141	0.9480491076066297	0.8761128164558174	0.7015680655708757	0.6360637459059364	1.2859059732636315	0.5657182621900507	0.43709441980384595	0.5217876893237404	0.5925432838940732	0.46436135358292246	0.5036701341994526	0.33055115446851074	0.6006419629561638	0.4331883435274015	0.5331950674908315	0.3678810646728959	0.3618338129566305	0.5401726445749724	0.4254190630285237	0.4197143853871552	0.4410152168159551	0.5286072997647725	0.49896695454598994
0.38852993286847104	0.39686127565211243	0.43976847930642626	0.7330522864574013	0.6009464943060814	0.4074390805855833	0.42466538427586265	0.3860964633592083	0.49237431566999257	0.37049322730032425	0.39167754242414915	0.39525622086877793	0.4621829540307781	0.423338213258853	0.5068896948182562	0.31668740289796665	0.5016331811089567	0.49349863031025437	0.3222314368329086	0.34364818153672144	0.44942345160377206	0.5645470268710903	0.731994885446707	0.8168975357361058	0.8617381793199285	0.5732053240756978	0.9070187352325173	0.6444767484377075	0.7128351187197584	0.5962562999140341	0.5131494972139176	0.4216982002982625	0.4075712996932079	0.3308551997739404	0.41271609542564064	0.22548420221698592	0.2451226605272851	0.25626666742390547	0.2960773461795929	0.20300707712362367	0.22592455003887704	0.20039477847977522	0.1664248433681669	0.06941824418338456	0.09861729682436317	0.03127670727656422	0.035284119932063394	0.020914367961966093	0.000971374628032079	0.003831594366491228	0.002639199465753425	0.0073255862136416185	0.06818360264866602	0.03789980339423818	0.07927430413009781	0.28523754507714033	0.20617521036943823	0.27250071085462074	0.24243362386311226	0.13121617238116548	0.2375404023129237	0.2996317515046873	0.19968467315969882	0.259640501633133	0.2369281486110286	0.1623776710872045	0.2740941242230177	0.15455902219509152	0.41613501048447676	0.442637170289667	0.33711489005582235	0.5296014803317027	0.4179410268977403	0.33913323396533934	0.390277101159244	0.8036074169451204	0.8650115754942926	0.9232222170108211	1.1291080445855475	0.9925843948859205	1.1352324481287634	0.9588263672645922	0.9686151314501166	0.5297710099349218	0.682802769269653	0.6701428949033192	0.5403831316670672	0.48928388105728227	0.4072577334423851	0.4730671070880801	0.6905524400431244	0.8442191526418673	0.4379993607952626	0.5743046861953055	0.43453454818090465	0.4968303384270871	0.44233597807299513	0.34795406190842787	0.34436449503624494	0.40128461645714436
0.6662830568430134	0.6293865977214981	0.4775529923767201	0.3903407382651193	0.5667673340612823	0.5275171348902599	0.45608948376993796	0.4985130922484238	0.43451212963081415	0.44292949564919537	0.6502689869646086	0.49000400068262784	0.41052565860590684	0.48157726269465195	0.4186555316532219	0.3190709220911877	0.27752462145053897	0.25937296815245303	0.2899497132719343	0.48918273603104423	0.605747609359372	0.4283843247054104	0.56359348100735	0.4531973506125056	0.4767489271399933	0.5059820501963299	0.952159802367419	0.5559959582396077	0.7010742041292978	0.6526886111856323	0.743757349359966	0.6983438144586691	0.3643534914736061	0.38992967456674416	0.3674782620865409	0.4016990828403663	0.3471898931515734	0.3524952293883825	0.20840919072750494	0.17651358898456246	0.2282411909067911	0.2370337823854037	0.17694381249897473	0.11169080701869723	0.08477087304148283	0.058387961110032305	0.05975283139849922	0.03152556585012186	0.040082713338673324	0.004878535577807849	0.03724755932332751	0.023994832929873717	0.04316515058280759	0.09243087158189181	0.1569099475596078	0.10689860668688447	0.17048013653153693	0.3990629408871871	0.14335728851034737	0.2841446334490941	0.2286526518194546	0.2407574932338333	0.3547862790013301	0.20258640338010764	0.29215163112218473	0.43212311674560916	0.2403758940145475	0.29076753422036483	0.30735587182369956	0.33422646257590904	0.3229247653785882	0.41964127298603277	0.477475373241399	0.6206511157212246	0.6763043961722446	0.5241288046103765	0.8691197294139476	0.6586346337965631	1.1272878591185944	0.9336478914579256	0.9880990812647888	1.1831253987152957	0.7915940358397466	0.4512534469436699	0.5753819746497405	0.8729880689907004	0.5891172099038412	0.500266410857796	0.48930228533858844	0.6084109702424993	0.37957305820914367	0.49430277129898936	0.6608662132535444	0.6612374735734015	0.67064640846311	0.4712231395616378	0.7232798731079824	0.44115441186698673	0.4237299252136544	0.5993451914309923
0.5143023707765702	0.6255814195945338	0.49004533709804227	0.552525935838487	0.415720511341598	0.8560032795716459	0.44219004926981037	0.5909889007600199	0.758805615440865	0.459748539277741	0.4608021102994312	0.42053878930538285	0.34356939329561004	0.5408263132854028	0.4258345495163939	0.3369314479481092	0.34641607006495584	0.44677334146971237	0.510755065011566	0.4238656497736215	0.45643984379253283	0.4316863720719557	0.4761920129136498	0.4153351514069519	0.540270767088363	0.4505121204143703	0.411940301717157	0.5705691518958648	0.5790617278545653	0.719658838191702	0.5076471438984004	0.5317113736717627	0.5353917465274004	0.5048524313148409	0.3321354353400446	0.466837752390616	0.2941199514981343	0.36083703689759306	0.4007355534238691	0.4090986544713754	0.22072076001966207	0.24252796022513526	0.2648039304937785	0.13620717887127473	0.17254966305221256	0.05735426466845077	0.0526967592298959	0.05005920492559951	0.030001019375692987	0.03500154226686413	0.022012938585810667	0.022272719660119917	0.042395104865873244	0.048742530822855	0.10422955500833461	0.07296667190964146	0.31982608367231014	0.46035400723866554	0.3103995502057709	0.19688997555468907	0.45065454929067666	0.30027731591139856	0.3135268660594327	0.28037259097212247	0.289313964016835	0.20275951793888614	0.3409914172618552	0.276500727777491	0.31379801045979633	0.36344050942711614	0.20788266347361142	0.49314666226627457	0.5069170723093832	0.3842295225339047	0.4105809401478512	0.8657133374627898	1.111152322889916	0.8550794665967261	1.14458857638733	1.2800919393932508	1.1118667420311739	1.008179140867223	0.4261146961121769	0.6462793636365454	0.5877504871253593	0.5244441008991703	0.5261180476727222	0.6100070691176667	0.6011542064864417	0.4535761574208341	0.477266340812633	0.7004650860435238	0.5037765932028127	0.6053920026887863	0.5317492119413544	0.39908800741885186	0.45283404823873424	0.5235448932966	0.29991172353090106	0.4122944225087711
0.7114846059432917	0.6893336245382738	0.5842987465408522	0.6828812453449973	1.1257024864710194	0.7251461148857595	0.7646259746875096	0.7786784883508673	0.6220786281032559	0.5153624055789862	0.5175887439865676	0.6714804694270476	0.32813872259720855	0.4706513238565279	0.40266652428333527	0.394741119812236	0.4919324741836767	0.3572742970560443	0.43767509565459606	0.5312766639360763	0.4116377934496284	0.5087426628386952	0.49882551039256245	0.6051118701964155	0.5319667955076396	0.564021027391395	0.4761152497700701	0.5609342747969007	0.49194817530156937	0.7659505339025984	0.6055859272242995	0.9815144034960636	0.4395717920805075	0.43951569957185604	0.6371888617421014	0.4770527191947609	0.35156971363688844	0.2673466020679884	0.4101035661207845	0.31779551069667605	0.23584554134948857	0.1451054910731718	0.14311565210550747	0.13888820626189177	0.15553324832049412	0.12777546596432687	0.08310423465384867	0.04387861318671852	0.033251532604137934	0.046251509858347174	0.03894613476419114	0.04268034014156836	0.01418915261374938	0.07313164029146592	0.18723211204677748	0.06479406939969405	0.1543977327315764	0.2713416654149815	0.2433917552849319	0.3563257779571281	0.33539659628782337	0.3266276797547408	0.23389715322573248	0.2908413481585365	0.37039661743315183	0.19569244734605	0.33429031967959716	0.35883345627123886	0.2706573350416237	0.3191924764475279	0.4605457393050128	0.46205100611114314	0.5602012312271077	0.6626046496379413	0.6313695000898328	0.6693899163585476	0.6335611626233111	0.8598776839932984	1.0387908293581565	1.0306207724096605	0.6169050948090193	0.9225155093728415	0.41506107877116993	0.573532865561404	0.5637644707961987	0.4412326604856973	0.8233549193716215	0.6589700580533271	0.38930160473705644	0.648161473420425	0.4896074582345488	0.5211472863508937	0.33751017594842025	0.6750758640250893	0.6073996355793593	0.41586719124712596	0.30505556148867724	0.43661251880233676	0.4583164586032004	0.8746153161596348
0.4199413511892192	0.7033139143656029	0.5555487650106646	0.8550159130997612	0.9208757411761908	1.0175565500480017	0.6942021979425749	0.8970210835867788	1.054594549440523	0.38344911419440103	0.438031941231106	0.3487181106740024	0.45506008843212425	0.33321433376525383	0.5661136912368911	0.4804037529806558	0.23948300019898003	0.41817882629968156	0.44807421618004967	0.33855236935687594	0.2866368440829784	0.3526863753436905	0.5744363876478897	0.41290057604606484	0.4146102623086482	0.4351854671296056	0.5503064400669486	0.6379467489747973	0.639698109568741	0.6721554528017321	0.6057935431786469	0.9203502353322425	0.4389017156040613	0.5713970468314832	0.613840487488256	0.36896072758456705	0.47474676729237497	0.3883971352420885	0.5074723130806025	0.3463445881156274	0.1966846939205224	0.3528093015671905	0.12168952027806593	0.10433451828358124	0.10378069846830856	0.192215438421764	0.06548810258834098	0.08284882770182327	0.10204891403713524	0.050431866653063796	0.05614093190144114	0.11920820152219232	0.13401362847021958	0.09565056962130145	0.16546173440492673	0.1106788847066219	0.21514511812125584	0.2680467262804679	0.20539232670744226	0.21592303196400098	0.28362964534301877	0.36573156502368376	0.43995875225708897	0.2724583470722194	0.410009183181435	0.4881827519312887	0.48291739685779117	0.30887466149568554	0.2756705825861255	0.3790429459822369	0.49810058741968277	0.3632565229053848	0.4346909136597786	0.3738703130635012	0.5202891935224959	0.6450126604439108	0.7354196737340725	0.955412074742688	0.9195243833636061	0.7709554336239027	1.0580383147984302	0.7272787550692059	0.8933410205262884	0.5216469455238367	0.48209326434399125	0.8431236169489725	0.5299844714704378	0.5120129480708968	0.5174223530836088	0.4575620285768346	0.5186334205006177	0.4727897225772375	0.48292279909668356	0.5369937867776595	0.36063370299745734	0.4575552297465257	0.3296145714181205	0.5022833703722209	0.6229846682258671	0.8023048612160814
0.6434055383843771	0.9674013057354953	1.188943180405243	0.761174533865501	1.0740317405465452	0.8836226637854397	0.6224270193304601	0.9757498731530008	0.49242527833923594	0.5725252356672951	0.7633605273246996	0.4802222548587296	0.6066106262533306	0.42240252959868996	0.327668480011083	0.5267721334253438	0.47102106533440585	0.6293982073232239	0.2871439490470357	0.44965226610947095	0.2662007401978292	0.39401298419208275	0.4808216294281619	0.3263574308128122	0.36025764748480593	0.6938850882114089	0.6968278271235525	0.7953317326576432	0.6008496689723272	0.47947466324895244	0.7438592895361107	0.4816150579272946	0.916011954077146	0.5621332278331814	0.6899732614958178	0.5329208472536165	0.515034564075409	0.4049433263521567	0.27480248488189174	0.34218226036816746	0.29478708976504286	0.258121421297802	0.3137234048081073	0.15821406445056088	0.1317287682823143	0.14983163576165007	0.1261083112596256	0.09298629170303882	0.10673147103975111	0.08191545812971798	0.1501683358039276	0.19465978211191248	0.13240503393549946	0.07578913738529187	0.13421513186835912	0.21849384559359072	0.30936161691390757	0.21713167698314556	0.21895835737435557	0.32063197058142134	0.3118218046768569	0.3893835849851344	0.6021084106554245	0.4865225820464712	0.43291040977744494	0.361060970396903	0.3678389303412499	0.7065902560984373	0.3580675628271886	0.4705619575634286	0.3678090450211889	0.4981364278600214	0.5140875023394246	0.5061113088294557	0.2611593764878064	0.7606475625374166	0.6883591541757311	0.7319967044712343	0.9959371789518044	0.8863586949266907	0.9030777914739119	0.47614845699444786	0.944377423800085	0.7757716659755372	0.47356974047149214	0.8408727121870886	0.4112307611072982	0.5027981561668053	0.480079629643002	0.641275985810571	0.42089926694883634	0.4580798282336872	0.48901590694745817	0.37819739074318137	0.4488913291821196	0.4103221109153103	0.4822555165583464	0.39079278509826504	0.6033936698260209	0.5337559601280908
0.7003581623601162	1.534430559421167	0.9061758867000222	0.7610168219161356	1.3966163220200003	1.1984897478355279	0.8528024476182563	0.7585787655855886	0.7604103373334256	0.5995423038688179	0.7235865408797344	0.5024109511049919	0.760339801121405	0.6884863958441697	0.5530884720589953	0.43949169762875145	0.43408296174306654	0.637661244836798	0.4133227725089423	0.6688248764510225	0.5457800380589373	0.3066919739512447	0.43295639096463207	0.39593439938143554	0.2764872366347297	0.6163753639590633	0.4389534316279743	0.6354883673907334	0.8871573913891094	0.514263340823921	0.5074257149733096	0.44728562541097294	0.3963477070149543	0.5150800970772921	0.6288078363324974	0.45291559110189833	0.3664877307024319	0.46221096628659797	0.6116324678112156	0.38872017147684645	0.5287439255035188	0.30271290059658895	0.1518057430724718	0.1541266204287895	0.17507585071342285	0.13935150467823784	0.07239048541127549	0.11135510768769856	0.10011591484789745	0.1465526083735543	0.09286871507340881	0.12945050463393973	0.1403943079363896	0.15580597839541468	0.17854795596393908	0.10333799026682951	0.36029316435778763	0.27201260919348325	0.4003059791302176	0.4224289823481305	0.4626413451621231	0.31132022048811303	0.4130772767425168	0.4218756919715515	0.3547935100005217	0.4085864868094942	0.45999668946804945	0.6343096292878633	0.3855397681309834	0.4816015365266621	0.4122118401198537	0.45100824220668506	0.6864960061506686	0.8181886687277506	0.6656057551118264	0.5765569884657654	0.796264882421736	0.9982680457932922	0.8681445765754855	1.0805766707587066	1.0454874746845895	0.8043841023356009	0.7841227147693448	0.6660751363040309	0.41100871645021186	0.535456887368888	0.4752096548235479	0.519337658056827	0.46047639028117743	0.4389863887788191	0.4851198300347997	0.34647626978849594	0.4516075976425839	0.5859875646527356	0.4560500102637917	0.6114138649838771	0.27502530548742266	0.5109647900538323	0.5122519620972376	0.4259641229070131
0.719939987743806	0.6799317103522196	1.0100855866570297	0.89623115387684	0.7559357873598275	1.3586289173320616	0.8726304253648121	0.7386315502908425	0.48018924588096207	0.5115373440556187	0.8562917955151748	0.3704875103146066	0.790787691231979	0.6430196852299157	0.4479146681650995	0.5072160182955652	0.3785962668332523	0.6318839060727499	0.5037630490613192	0.49510989205618405	0.43711501438033495	0.3565847500599253	0.39822705195645436	0.33822876949360337	0.443791257066416	0.48372315423536344	0.39061141184792053	0.44790091341641247	0.37502561965261383	0.46456178660377456	0.4502835575366934	0.5198812619248224	0.5823927930206528	0.6962743639082266	0.6411191085054025	0.7447938380835541	0.3950237015394218	0.3279332662515278	0.45775238685847763	0.22933193394584064	0.45320164544276276	0.3351668319550532	0.2312999596131526	0.2067842538454324	0.2662532128460529	0.14018097234123972	0.10190918621638022	0.2087612701170002	0.13808728873437248	0.10653613879109251	0.11351353265756468	0.11822893926720643	0.26486553558333775	0.19740908629704831	0.15504599865528332	0.17071727662149222	0.36175301749224725	0.17733366367367054	0.2670732959576706	0.34899607865729004	0.5328711778190653	0.40381009625766945	0.33398718335290056	0.5098343684071304	0.3509299382349636	0.5455543966489254	0.44675186334842415	0.44818725037899326	0.4556786962278394	0.5020090060108544	0.6515376496334284	0.4432387173867796	0.38510073093106023	0.49698030292137635	0.503255648069306	0.6774793513999197	0.7853755525480645	1.1157367997652077	0.9193378507685698	0.9482127356330823	0.684243434332442	0.7819040785418087	0.4580613575026688	0.5518936099490784	0.40781287862074883	0.8020103839051721	0.4967099486860918	0.6616384426159023	0.4613685629070907	0.3554013309400643	0.36169458345042144	0.3631288324440272	0.47396268414449527	0.34019417604256835	0.5397602110735045	0.45544914343394033	0.5320645891512749	0.47262874807186517	0.4710071201484476	0.8481685444806673
0.8086943684327852	0.8369542949286842	1.2013915216653703	0.8026623409081346	1.2476127520528586	1.1116388105033066	0.7988082020000016	0.8246415826005299	0.6404723656938981	0.5576272695807138	0.4714737019711606	0.744773350342601	0.516478165905499	0.6700058141857489	0.5568052660085544	0.4575481922694492	0.44209783381661377	0.44624292971602475	0.47424887231174234	0.412272649232468	0.26268907822452675	0.531443696258631	0.3508580542571074	0.371273065563804	0.45757396588536303	0.5340739439307374	0.4389757565746401	0.4012526639216935	0.3778347457055061	0.4291456898337193	0.4744938324839828	0.5245305197519761	0.48039672308005354	0.599829573311946	0.7616738628496029	0.5161104512758254	0.346476065532156	0.5815023556111186	0.37513483314922824	0.5479054700987612	0.29678382998189884	0.22835713375314245	0.31379741092950747	0.25154168385215797	0.28698370501316933	0.1657096615073395	0.157261826061393	0.3345408804862159	0.1922857929691525	0.15091572948536228	0.25371470871081825	0.14381041793863494	0.15565685535366777	0.21093663928385992	0.18561804402700732	0.23812105097774242	0.27218063809317994	0.46202066054735463	0.2958179016526648	0.341255035731764	0.8005342613719708	0.42014930752037133	0.5520984460353943	0.43636083861904335	0.5309809851740591	0.49766318003158483	0.5364087961714674	0.5554961110449813	0.6550474541610529	0.5461635011440912	0.4537505844007202	0.48551063497769187	0.46914321845426205	0.6851667131088618	0.7700967221775987	0.5558147108952383	0.8652248875727541	0.9166457411843038	0.6041457090871785	0.7433641078111285	0.7746510456453443	0.7248765726282046	0.6021465366817748	0.44675436871146973	0.421142870341719	0.598917817757291	0.4717900498450974	0.8261093840079338	0.41367169594203906	0.36177767542883693	0.41049143330698606	0.3990427636260111	0.3016722582726679	0.38980772905787286	0.579705844760306	0.5261688089736936	0.3811565751974115	0.4391934635411283	0.6406151329672968	0.5087729789603282
0.8620889182585443	0.8492310784542974	0.8732098975506654	0.9365372042697582	0.8329706587332624	0.9065171472780389	0.7501667500405502	0.564852409826763	0.6098619155317194	0.7265742932435332	0.5634151930689807	0.7809344217377445	0.4431154252515108	0.4554026364114969	0.6044076042049243	0.5557506994474622	0.3365943769420732	0.5302676219437104	0.542509377465817	0.3064342078969035	0.5309809525656043	0.476017426118913	0.37895485285943187	0.4277328670314793	0.5850990794660199	0.36413663373942545	0.3898384367643938	0.34997259620978144	0.3550147919449419	0.4551317405399108	0.32790597950915973	0.4409436021019943	0.5024785009689755	0.40856277653776846	0.5224872326582356	0.5923063223296153	0.3341393564965037	0.37729859752691314	0.3967017137557377	0.2755526290957501	0.3010730117065857	0.4035116112403923	0.2510190578325008	0.3507845393245381	0.24362061950502156	0.15807623709843258	0.18826126240738064	0.10072517646662961	0.1108564957762092	0.09949967905689297	0.08157334658057049	0.14896475254433258	0.12685857824995003	0.23336866493309677	0.21969587549110184	0.22529945549372415	0.404139245016408	0.33737545265036845	0.4862559814373898	0.4007349658998837	0.5891499274629414	0.3331984809896562	0.2942424365962793	0.3177865871143848	0.5128335533787103	0.4204739208142925	0.3775873278796217	0.49631129742232016	0.41436229107865064	0.4540861902652919	0.28075374465733577	0.6677968881468165	0.5377327264841698	0.4325978001252551	0.5734124428828145	0.6375066173356033	0.5785509683521657	0.7573377349988827	0.6697822107171627	0.4755096798959426	0.47123734356710756	0.5429760695007521	0.6225527486277037	0.5787670272714771	0.43018586195418085	0.4310470830978715	0.579108526469859	0.34918202216951977	0.2767892821841929	0.2623054171328516	0.3751805650134667	0.32781948277797607	0.5166465230927185	0.3692877741011995	0.4447364077524906	0.3389315305383348	0.4158574681560945	0.7426662776669042	0.8632949886745709	0.7682860453233891
1.458197477614196	0.9972479240781688	0.8546318422541086	0.8880844306625125	0.6568021339334228	0.590828781298049	0.6627164576326922	0.7190685675263674	0.5728895251392753	0.5518172227496259	0.6010277876549244	0.49359787616460316	0.4929357146838995	0.6522391662401265	0.9126100213927347	0.5809308746667505	0.7227463885488431	0.480165980187066	0.6156659389086595	0.5667334458654937	0.38526501337828584	0.43737283473082367	0.44601935181235025	0.45235775141805673	0.4234872895622373	0.45557304706849533	0.21608831246350602	0.5000196726956755	0.38863773015291686	0.3523507332263588	0.40268889062094515	0.42731927694441874	0.4912405213904278	0.4763068899546183	0.42701338139797373	0.4008991190514946	0.5747187306069859	0.4844856524974906	0.36851748436734455	0.45979997998737054	0.27620947229239756	0.21828686610542133	0.36472163192028356	0.34039068947660234	0.29136932428353113	0.29955642654903103	0.1658790295638696	0.23856086642244362	0.18588151897512645	0.2729796838406761	0.16565495850234366	0.2282014735883345	0.19507731812475212	0.22386908883975043	0.3570567325559803	0.2536123701154539	0.4166201589886391	0.33496946695129487	0.298710226208727	0.44128819189757496	0.4235245744114617	0.42243567127225445	0.40022244198083784	0.5341869907494954	0.5368248487453225	0.42909862872333765	0.5542428401517706	0.4804598584206253	0.558788484118046	0.34824509623658995	0.3499833378359109	0.3506234565307819	0.45388875488535796	0.38771961409095423	0.5223419858784605	0.3564456629799263	0.4386257375419968	0.7772353048563071	0.8041661683968762	0.675035127572177	0.4462473622030405	0.5279707627123563	0.4207213610375385	0.6080620734763442	0.4178437363382987	0.4101625208672467	0.3958384750303496	0.46735604632921235	0.3266608204170975	0.4253169232014097	0.6281425500033958	0.32467766033653506	0.3548939660506476	0.5512288218074071	0.3351080694787822	0.5033038939288924	0.5505160115806281	0.5398876079466103	0.6153374780728703	1.0576308512141324
0.7611897494065342	0.874338035962291	0.9464327327999107	0.6362315578956459	0.7548756853841313	1.029170043016231	0.7545634204582422	0.593538711271533	0.5363953809970926	0.602509221848404	0.682384953958768	0.46645831214298134	0.6421826257888296	0.4607195324615368	0.5082661317848031	0.721551943129154	0.6731081371136706	0.716040037327865	0.8844114007836689	0.6591163262288092	0.47195474462871123	0.5048288300720194	0.7647667977098961	0.408957836769948	0.5151224095560448	0.44008974222894787	0.28646937216437063	0.47982823982601	0.4613542166458278	0.25857164921622344	0.45040298776150234	0.26517077716812404	0.44549322011573994	0.3949257020569242	0.34987324161894756	0.34267704245794645	0.3915961345360594	0.3061661750914431	0.3283256645039636	0.23645863578785065	0.2847704544191222	0.4045804886028997	0.39810966308250323	0.19052247454694304	0.26912931122819667	0.19167401247535307	0.14460410705244656	0.19694776909550726	0.26889161028845227	0.2382533385080998	0.24013761969957256	0.19587814784951255	0.25852101018789536	0.37892943491274617	0.40205590858538787	0.43882860422295444	0.5088851618828973	0.3592336277541206	0.47841576925617013	0.4124595035398488	0.5377207078200199	0.4470589402653612	0.6364745074238113	0.412764008253698	0.452222829032399	0.3820411032345489	0.4483481046451935	0.4197090426703013	0.33488572557887125	0.4972771498105113	0.351014145244647	0.553945937028123	0.34903682911126194	0.4699579415222068	0.3536773393954826	0.6058780686188051	0.48456512255782763	0.6815533805498691	0.46582998943351844	0.5599431169784151	0.48120951694699504	0.7870471065011665	0.5009522560315931	0.7321687108844785	0.6091380127933109	0.5665501927751408	0.4103585151602311	0.2843007505341123	0.2590921427951238	0.33661671523580106	0.4771881959618233	0.38784574417601336	0.5027119715385194	0.6981955020249999	0.4403805517071554	0.577938562628931	0.7063272644557431	0.682689129755698	0.7839565298125218	0.754301948549271
0.6838152215181892	0.6496797723023552	0.6938447198336843	0.6285624643587444	0.46560235113529086	0.579303893323019	0.5090459568300343	0.6839283793728546	0.5233830558707625	0.6172426884971719	0.6330600818040126	0.4716745330653817	0.5092994959188648	0.5927666448343121	0.8267930103237247	0.41292780661599343	0.5633704157690137	0.7817055724791782	0.8184484205028828	0.6299131707932373	0.7375873274377497	0.7219208122834975	0.6495650053252904	0.46206061320264785	0.46030632825151985	0.3922531508675634	0.4703936682589846	0.36308181839146875	0.6096822609118882	0.24469423476961377	0.4741101482600575	0.6117827775966943	0.5128518751229076	0.4963089272026851	0.48618631143116425	0.4265295917592584	0.2744768695424693	0.2519495659100097	0.31734833860858075	0.3700475392389144	0.342430574832328	0.28209124434539473	0.3094398192372809	0.3194042168645624	0.23660081675513503	0.35241484303564874	0.2803861757591185	0.2654370586391552	0.3854354763347054	0.23598148253426826	0.21163192977195852	0.31580507392583185	0.2643793567992982	0.23955612934514872	0.2885496093383376	0.20846174928156677	0.4716211380391824	0.5495504752491198	0.4926297110740858	0.46328307264112545	0.5385413618946052	0.5503949600904579	0.4655667678943342	0.5644759974884896	0.7371736115144885	0.5034800929996516	0.5295380978921501	0.5072596643972183	0.39038567944715935	0.449343534674987	0.305111888899227	0.2258814903413939	0.25512741004288364	0.4120921538089886	0.4744039081924623	0.31655734029416105	0.5568025954726384	0.4943042869162539	0.4683422926892556	0.4877320114412586	0.4605989932037319	0.5093817898346318	0.5249493918053474	0.5544911082881767	0.524777782091551	0.5063481742861141	0.6105804201632161	0.6329623274447911	0.4880155815810059	0.3849658264725539	0.4934938850284445	0.35848638194375865	0.3774186817023615	0.4750273444157266	0.4869041710758344	0.5922214928147073	0.6953251474071234	0.6670422683712658	0.6449033388507446	0.5357006425631141
0.806020441554306	0.9072384585614889	0.7216464648864503	0.8193716997831686	0.7150179258892498	0.5643774516960246	0.611394700234934	0.38778110922369036	0.6372615092727258	0.5014292025134337	0.5939179227140144	0.7692122481254922	0.3047624708694517	0.7213205476478917	0.6474123759685657	0.7890812720685432	0.9057980174129353	0.7841856918522696	0.5945575139505215	0.6840755434165589	0.8504528587339526	0.9930449135589307	0.5296433700444001	0.40332029551799353	0.33643415521098097	0.4457934408013994	0.6393300830237569	0.38835790722312213	0.4596599136507238	0.36636362880606105	0.42564506957827203	0.34584701366214354	0.38380468285052194	0.3874979885835501	0.35025903705492084	0.3234712796177368	0.3268143177889077	0.3439905272494525	0.5058223037214254	0.33440448962849734	0.2620489845625926	0.47939310647998346	0.32529948912253887	0.26875651509765563	0.4226748348333475	0.2638108430650223	0.19507367848689097	0.3155926553685524	0.2003904833073037	0.21111456839460865	0.2980053247163862	0.18581804164077717	0.20253446084185303	0.30663133814093374	0.24940294922391762	0.42818507838279635	0.6290124634985113	0.43469116830984184	0.41203508202433886	0.646796330138404	0.33563014458664403	0.5993743241949131	0.6365817963070863	0.4543057883622382	0.3260489890727504	0.48732445758722925	0.5314528721439359	0.5345953608671029	0.4387964924603514	0.6906412176010168	0.47334412287385974	0.2546426439376919	0.3173206056133602	0.38540817640194536	0.46201096609107495	0.4065956073268623	0.47612890556500503	0.39373191412968495	0.6032192530482917	0.5192494953376745	0.5319613893834729	0.5875342800281984	0.5694576044284134	0.36035810907013227	0.7962339453568708	0.443579377125474	0.4816229872511858	0.6800306165815996	0.4468063983061965	0.40290628305877524	0.4668688780517884	0.3201397815999391	0.4768404546552613	0.6169806039361371	0.42843023052909973	0.7806150377555195	0.46803770054514493	0.7913470791141479	0.9527764450603528	1.0904214943364894
0.8456850924226267	0.6403329933015605	0.6282982844648614	0.5416246391215048	0.7054963843581429	0.49757182241434406	0.3696065451252292	0.5319924375280722	0.312986951190262	0.4669105186603013	0.44954499200835435	0.6080774024466438	0.6855674748052886	0.7033595975305361	0.5068604943762721	0.8509226756038333	0.7940088316953788	0.8864555594628579	0.7390216663612779	1.0712073314891597	0.9108413047609335	0.5653911847538041	0.6776817863903847	0.7774554534887195	0.41391579749779095	0.7355231479410738	0.45943707439799486	0.6358512056818303	0.5475079347518041	0.5136554543080418	0.4414892870266273	0.44017890062489085	0.30430152562381146	0.34989212284379323	0.4130589038350515	0.4684021145069357	0.380756873214964	0.32940327388408525	0.22246640530585504	0.3427509160606847	0.3918302349831489	0.45262045509042614	0.23294184681267158	0.360250485354728	0.4515432495848271	0.261760303643838	0.24898557334533764	0.3134938396127022	0.30829137342530677	0.18477171218950386	0.32044708480927714	0.21604507572811865	0.2294793094905655	0.3469384022633185	0.35175983241566255	0.4399722726520804	0.4191272053949162	0.3650274547122218	0.6011458606859567	0.6281297434865789	0.4716442953504862	0.4410811044202529	0.42131437265996174	0.4848321648014008	0.3852180896848563	0.9658251580209818	0.45888960530354955	0.32527889651308783	0.5181455675401928	0.5636777858651297	0.343019891673621	0.39610098694607265	0.24158534585048977	0.32846260510472663	0.2808367967756897	0.5385954590812899	0.3523812238816535	0.5022692890097991	0.4924460796088741	0.6723051365132529	0.5482024563362372	0.5846226704527588	0.6574427421718635	0.5277858003093856	0.5118231710321257	0.6297014438340811	0.3188476379078526	0.35384195051257894	0.349100645206907	0.4238601392223766	0.44876176135048246	0.3676677276007626	0.3810701758981744	0.6842947472453951	0.6316923040968162	0.5577718948714869	0.5533348238792928	0.6949773273718329	0.9397638941700014	0.6843483442333416
0.6472973387322045	0.7959295114391248	0.621987239841744	0.47311265037065	0.46793408322421176	0.4923893693882769	0.2750437787008749	0.3118999994533058	0.35914728541289676	0.4070790744131052	0.5180062356943387	0.5039847626712898	0.5456724966999572	0.7279817031174007	0.7466614401322086	0.5662180167531106	0.6622546314402289	0.7778748093998247	1.2463169670513534	0.8849152572237896	0.8604413506604731	0.7648313467400147	0.8168442650169655	0.6632766056795691	0.814992699056501	0.5162725635327109	0.4358079298849184	0.6243713227414798	0.41870822762738463	0.3773338638393891	0.5269362225699692	0.47853356486290505	0.41860910475973856	0.45264545139302304	0.41383081433917585	0.4989726235380531	0.4990743616910389	0.27618237221524095	0.43369705368086653	0.3297452173388029	0.3554071849851949	0.3743667204411794	0.4266462909608098	0.4291376989700166	0.28534389087214374	0.3870804281200602	0.3096703881000534	0.33145142036547176	0.2538295877839835	0.2446395438179743	0.3801348535604645	0.28490525380442666	0.49034880622512744	0.41523816419246473	0.35315960155417897	0.4620175972566355	0.4558410407255441	0.48248220504629385	0.4119780187885252	0.5155040053735912	0.5586218387458111	0.3135278164012859	0.5176740184008344	0.7701549206302267	0.4566235724502265	0.711720967331792	0.7011593588261443	0.4900142902713164	0.5327796323424471	0.36970631320679775	0.45670690219763294	0.4794517300038975	0.29827008384178666	0.3439923111350289	0.33269906218551987	0.6383970273446917	0.34029721680083325	0.4019442754723213	0.46627541931728694	0.5428315118795243	0.5357707963707716	0.5858526705015886	0.6449909811576859	0.6291040942347994	0.5911238017726532	0.7533170940503642	0.48547898841993126	0.6044136673527987	0.3312447487483998	0.39012316669305747	0.40365806249915315	0.4510304261458943	0.49374555824597954	0.5177068125901148	0.38289730370536806	0.6498359959318519	0.9024016178707894	1.0060892292021288	0.8271789393698089	0.5510467060889584
0.5788320618483628	0.4610422149299658	0.25709307037531065	0.25131156974201474	0.2924524543105155	0.32670047453352663	0.2876336795447139	0.40965225428931085	0.3110875104521437	0.26398621601964617	0.4193231503148503	0.46671169847287314	0.3629949957623077	0.6374683642681911	0.6957650538357512	0.5995739736059431	0.9632813835650805	0.6877752453326598	0.8851431689366482	0.8415070088077526	1.0041374717638123	1.0997948216422508	0.4620799335899983	0.7215047512519772	0.5371509957165039	0.6751326911607926	0.7346112396333617	0.4828642886097897	0.42311637691080733	0.4817312723013303	0.47258407863640833	0.5141417274960426	0.5272234351218436	0.2643042842056224	0.35010320788233384	0.3915315116416593	0.364717581175689	0.4227201660337673	0.3174821716936041	0.49930124524703534	0.417392055385548	0.352155146756377	0.36151182744502725	0.33896826867570745	0.5321326879195556	0.28159884662639667	0.4746798406396407	0.41071100443993647	0.46244825478157153	0.42359562882160673	0.44548700457905005	0.5190996776477841	0.3895025636284731	0.46697821711067133	0.5850259548416059	0.5691144336904004	0.4592698938023232	0.6386686246793258	0.5777745001438699	0.4676146096504167	0.3478373372535557	0.41135466339218035	0.40921795003232686	0.3421443399820093	0.8597462199121751	0.5555377250382645	0.477526764258417	0.6197092511409537	0.3698604757985527	0.295675219986159	0.4032535748685009	0.48384935052713746	0.5231823898408005	0.538474417771591	0.3069201968204896	0.32856430933027714	0.41939975388000605	0.6460391950586422	0.8238470052694914	0.5804985759869394	0.8257579396337595	1.1429824918245957	0.6069086718359608	0.5594295262886126	0.3992449596209781	0.5122606297561506	0.4226661227008744	0.32039214908111446	0.510142169497006	0.5037953315118314	0.5259085873514423	0.4253449034803755	0.3934504260264572	0.5781991633159578	0.5165820137109688	0.3814850070841831	0.4795957056385414	0.6319132343297156	0.8245314229989243	0.6949715416803478
0.5058020444522267	0.31756796405993315	0.4576356194915817	0.3888961644521429	0.3621843434838977	0.30810365964328373	0.3680140258149831	0.27496303693079294	0.3025107321277357	0.31618256055742644	0.5894825632150151	0.3273551745053871	0.7099940392289605	0.49833617618770076	0.6783441952936243	0.6031116885802534	1.0134654744385678	0.5884867199543288	0.8533247635492975	0.9830530313752528	0.7244945005447577	0.9477288065258598	0.5298434125240068	0.7415157742715683	0.6411658223806614	0.4801092344387288	0.5099834199320579	0.7808580368433378	0.7349914202164501	0.434126003231199	0.32486379294054757	0.446827730693744	0.523898745103525	0.4441754473716543	0.3946343547998756	0.2947746071429117	0.4861477293639573	0.3171244708873739	0.2323263472760134	0.3177867550041177	0.39700127412646663	0.37160626351733683	0.40586488476544635	0.455257498507379	0.4056838828240748	0.31324603966491965	0.5466783231617757	0.3646966354456081	0.38759087707328926	0.4069070196209847	0.5890349564064004	0.4507466270575103	0.5765406609373579	0.5323331310567363	0.4621177968402161	0.3626842514526148	0.4832734969434592	0.3590371579968613	0.3414787052919148	0.4525931682585938	0.44963598703194324	0.27038302315332036	0.35031347827664494	0.4388590044049451	0.6915995286677844	0.7915052761726401	0.6398651349276182	0.6394248533479819	0.3914983149806898	0.4185476953312829	0.4565486959988778	0.413273025022819	0.5901577074720548	0.4097340043353431	0.47640637132179825	0.3317835194171524	0.3770566397615731	0.6118207323250485	0.4644932865770864	0.6270887315128617	0.7234699197685405	0.5876270170914929	0.7099197253124728	0.707893807185512	0.8347456350744795	0.5445455956143254	0.43804798945967627	0.4213017131722354	0.35430671628074567	0.5376290218264631	0.4184314378398446	0.35395662941921324	0.47996892468026736	0.5125889004479193	0.5013350183715138	0.38517120462108134	0.7138030192214301	0.8561953770006581	0.682491643536942	0.43687377923819715
0.590357778000938	0.44860783667164134	0.5352479399170968	0.43212789902052934	0.3493552435782575	0.3501505343853977	0.43952295532418995	0.3563265381189392	0.3846233604727821	0.39524056252206086	0.47887958362780475	0.39214980571497793	0.728776681534507	0.7057154420092818	0.7082706011777482	0.9760578670234368	1.3610757916966607	0.8846584204769157	1.4687554402675382	0.7153364473237851	0.9261722074599888	0.7005244505856845	0.9242078444660481	0.8638581540446859	0.46067825313063765	0.7039019963922799	0.5915267199060865	0.47395683237682695	0.6115950209581976	0.5530392189149442	0.4109341133143142	0.6406088551140668	0.5592394260850287	0.8127922429948847	0.41083004906253645	0.6538827905845354	0.37299880170616945	0.3426030390505418	0.20032006445847075	0.2913832606771177	0.32389164683081506	0.33174564444317695	0.4416987960307866	0.4881194969157865	0.5975991301952784	0.5611456104420891	0.6359835019942116	0.5360187407739514	0.4567337651250575	0.45103395184292155	0.4167237837323346	0.5520472869819171	0.551416500478886	0.659894476830722	0.449657801653583	0.4666977248863533	0.31474938920074985	0.6643689111288995	0.31164436196518247	0.3079704212447245	0.39165087654993497	0.3740290761115301	0.4397330791183383	0.42742866723293405	0.5595271928893503	0.5216975216397933	0.6154077103959912	0.27434714113009834	0.640610103673182	0.6196935065119666	0.6735301657613635	0.38973170922092515	0.4420517118463838	0.357590834461421	0.3756531143975744	0.4394799580957219	0.520189389730371	0.2892019911165518	0.33791052288100387	0.6477871626299609	0.5067372245541728	0.6995056150647979	0.6526695824917761	0.9037283668958551	0.4681542602500001	0.5986341275521807	0.49005819337624057	0.5708934168304913	0.3005688655259802	0.31886727105336293	0.5278386074215274	0.5734874564152779	0.33328840828644696	0.4456377967111326	0.5057385374589477	0.4052287280070474	0.5337359697400067	0.773620512271707	0.4776203532186067	0.6670549140191472
0.4584830390209707	0.40096440092801117	0.4232538979165791	0.4739492494254177	0.34165931815485007	0.3842514004950507	0.3581933148127822	0.39472892017883754	0.34144017358833884	0.31456959053932393	0.40316103426286154	0.7618318004863233	0.6271121565242365	0.743856244394141	0.6352966540316218	0.9385674784082895	0.9646595255740267	1.0607525290816453	1.0460569332988374	1.148731955776315	0.8242558044700915	0.5579378252643851	0.48642546760278016	0.7760483480661434	0.5571321118657429	0.7645746538973857	0.6674493437426545	0.8541554731863557	0.9077957962602025	0.5992943810222547	0.7725793216586199	0.6915865538407797	0.5208845485699263	0.37245737460996686	0.5461866241244709	0.5305734820888299	0.5115960767179583	0.24415472706116323	0.3322239023965453	0.31817909964590657	0.34250913495488905	0.27296771482184035	0.5008292402566132	0.6110076977024763	0.5156659060489742	0.5477468756944922	0.466659161911673	0.5193490956090899	0.4698606724566972	0.5029476129979711	0.49713595623648493	0.4976195082876083	0.6096934638028878	0.43672591551692663	0.3219742952928142	0.4071385773971752	0.38496230524300606	0.2989283685468003	0.25049416721791473	0.2728553413334057	0.3412678163274177	0.4066311407049936	0.40911326967510975	0.7720129332881945	0.62209905139114	0.661300858986804	0.6724382558275763	1.0237325630547898	0.5802524812006846	0.6054887085356436	0.7306770040336856	0.32699995931514436	0.40431215886157595	0.2984468526625144	0.4257125103405397	0.3823893925746454	0.46024672606406203	0.5828845961040295	0.39304115781730076	0.5231559315153034	0.5265623768108815	0.3677736754573149	0.4659577424960589	0.3500783453630813	0.4756988836376759	0.5004346889167917	0.5742704696759056	0.647753272288887	0.4771640778294308	0.39358291470050477	0.5492121331987411	0.5529157206106938	0.43994046964716627	0.6013868060604005	0.46175871704110916	0.6434963805546122	0.5522643182107423	0.42090336439306913	0.6629805619057686	0.660731103170026
0.5043616650559758	0.5559982850149644	0.4311779197482117	0.4092159554533077	0.3528524488742325	0.4530268182897698	0.33661176801881587	0.4834483811252886	0.42652554328444003	0.31403296840252576	0.4378884972239545	0.6438630420810068	0.5102857253719055	0.8314543520523985	0.8097093700589295	1.1556062113640535	0.8778560887142781	0.9727559596501406	0.9158741356293365	0.5834385152354854	0.6144945514676231	0.5606320875416105	0.5118333519718555	0.45432924657860674	0.37472997251745743	0.3921709758393314	0.40598555324430136	0.5894052850224352	0.5321127660589593	0.6511939083159142	0.5766719428751138	0.5433775382882718	0.6384139020432649	0.8999259375923708	0.7320629032600754	0.3990159104407674	0.3928891284932603	0.329696635599706	0.43151618155602817	0.5516398313759024	0.3914640436944743	0.5200813339081756	0.6056474020157929	0.7038682679362266	0.5529869256908492	0.4913273624502679	0.5154813792882509	0.641845803620687	0.9672214135384373	0.6447328462751934	0.4593567660607904	0.3916147607366996	0.5993189413574671	0.49553641177463814	0.4511923280928888	0.3564221072733485	0.4495233540472182	0.3138653310802747	0.2609312101396876	0.3291069442407962	0.42032761816996633	0.4813260949069111	0.33146998524881555	0.5786908235310447	0.6505983413307639	0.8095687567776528	0.8739989134701989	0.9417555357610503	0.7053718528286269	0.8148297862878017	0.5028718275037842	0.5265372548714536	0.2732942027619195	0.3963813440913742	0.43245997066681646	0.5549684800003738	0.4848133456784682	0.49271270425053887	0.523562437221094	0.62661574581126	0.5234890743163209	0.6067017213707685	0.5114645165299001	0.6232990653856778	0.4819899829581303	1.0252428945639942	0.42449213229498906	0.6752519632705226	0.3841744738399553	0.45437238040545924	0.4141982979159707	0.48398508451518485	0.8154942680172248	0.3737441431908355	0.4494812582153205	0.5833084275721849	0.5814205281581379	0.604896366468333	0.6415728555677579	0.526612962040311
0.439088397172968	0.6630156858639233	0.30312496406666944	0.5173739103697793	0.3072260620849153	0.4262055655306638	0.5978254554097846	0.48170158804421664	0.5266979290084627	0.5159504226684255	0.6709620687358946	0.7622873537283422	0.8807051728216051	0.6948647816742942	0.8172439734705739	0.8329302865743143	0.9753471032720148	1.0441940060189836	0.7521715674183973	0.4812284872666438	0.4371284085991414	0.5046554122012343	0.4396233052037897	0.24380986341872832	0.678394814797103	0.3667104287443888	0.5702550536913324	0.9528493833889341	0.4968016534053333	0.5886033275328816	0.5602261247223334	0.547734803807376	0.7688605000308619	0.6554464278451977	0.6110910979644463	0.6462775558491279	0.5643603340229174	0.4381456573167871	0.3784345082703919	0.38361153483872046	0.458625209215356	0.49439430776871246	0.7589833865451308	0.5838544680639669	0.5554109768693155	0.8747562191190128	0.5114306298139638	0.5188790578422341	0.922796572099459	0.7216125033673739	0.3537368422569052	0.7261336665090934	0.395691045212297	0.37245488124698883	0.24945508165405963	0.24241128723737637	0.3440037895582286	0.3240620849785793	0.2563194310368824	0.564747373359334	0.3732131300621785	0.4346624563094872	0.3994155529667735	0.41570092093510613	1.0130507459993499	0.7133766694723707	0.7422412785648654	0.46029136918529545	0.8024727641549483	0.773772147776372	0.581626298878484	0.5054286292138064	0.4548696574806052	0.5092630440757228	0.4163627040046059	0.33253034243717844	0.4084630656731827	0.42220403954136	0.6302722915868147	0.7142913431507477	0.8591500712056132	0.7410557324919472	0.5811514194184538	0.7076770755447809	0.5197637514912362	0.3813425299201957	0.3781963350125775	0.6152744448330981	0.5503303545332157	0.45866900567515995	0.5685741392206386	0.3957227494417315	0.35840837952281773	0.6355630663330571	0.6732672764426895	0.5025779147713033	0.5911997245580617	0.6563210097959928	0.8224650331350752	0.7587165858496959
0.49841794685604474	0.4824696267689309	0.6530048417844778	0.34246186444241794	0.509406869726742	0.3584202868015729	0.5244274060718243	0.4877910844557519	0.7097823747920328	0.8238592488580416	0.6348384128988318	0.7063527112747001	0.825289666198934	0.7028269689831119	0.9658201440599105	0.6741139913816512	0.5579151489710741	0.6043594443008542	0.6712760014459249	0.4323411984452773	0.3859980038454949	0.3660891416045802	0.3902536755402008	0.4485752888067257	0.44348532715943206	0.4709955339557458	0.5102715161915595	0.5689968569420103	0.5542733057269689	0.6430440568432427	0.6877794662402075	0.9991169185459469	0.8241670025821505	0.5322120774714993	0.43776672832396196	0.47997998149742827	0.5587585845388351	0.5031821868632989	0.7092405887609645	0.3314979602317707	0.56300805272389	0.3880690706306828	0.8517882456808499	0.5361205638434258	0.9108518509530066	0.8140153600488393	0.7037331336124583	0.5851251804516521	0.9688653223842492	0.653882704579235	0.40967340846460093	0.5507014516879654	0.47335737882576745	0.42186233594417855	0.4246840724304168	0.2485828426755828	0.28140525292528595	0.2957246974813919	0.40684258092852676	0.5240392769151329	0.3302656363618812	0.5126272024849136	0.5141485553793481	0.5766892085038903	0.7674759896870527	0.8546292316167817	0.9246562166696353	0.9878046236188934	0.6940400852257805	0.6486026680715729	0.4601365188720708	0.6721069780532443	0.46157556156489754	0.42570136289145594	0.4536384489059988	0.6875968829871584	0.40526846801585015	0.44486481465267197	0.4873989672388488	0.7450856089437227	0.6402645955499717	0.5473453506534943	0.6788944170447334	0.5639181685386094	0.7513720325949876	0.6538139414430156	0.6068322029577379	0.4908316126046951	0.6008505500618954	0.7383208239130592	0.5445516000783438	0.3773670682536172	0.48431310763223423	0.7044138336875316	0.8691116511776444	0.7201111174093884	0.8495668812892809	0.9130464088064019	0.4988575423973393	0.686314138243259
0.6156552291458097	0.7464693540806271	0.6244127349142903	0.4435345810952965	0.4131714824539929	0.5929134183327405	0.3676939326964585	0.5310650459299601	0.6311729549414012	1.1140034501414677	0.6175185916487238	0.8383905358418443	1.0607738382068232	0.6597726554129297	0.8594829012778523	0.780327671624143	0.5842503220369968	0.6168505927596809	0.33753373138325843	0.27407078191614886	0.3745442412228877	0.4271710711011482	0.3680874350508825	0.3421171552804791	0.28396215941260833	0.5128378512376889	0.35206614176659917	0.497244628662025	0.5800268877748322	0.7924661874512087	0.749612439324954	0.8913100996368488	0.8026356283468078	0.6437000668784406	0.5234693004751988	0.5427569059864904	0.4174444593111909	0.4448395271336979	0.38786340962949434	0.479450500263116	0.5510518715626688	0.33543627455056413	0.5828411418380385	0.8988203394122704	0.7086202242472868	0.4329795115699616	0.7813938783255004	0.7191672207788411	0.7922445699091083	0.4181512887376498	0.5539334511317258	0.3462559846266264	0.4075644198971301	0.4706498061371289	0.30549013209059195	0.23779818312268983	0.33609477962938733	0.3295866920977462	0.3238314185913071	0.2628890455012106	0.39156929000484364	0.47340014572350747	0.5416448140668311	0.680878753029159	0.8123807705392175	1.0037576652771287	0.5982843660007083	0.7041645902491191	0.5508661894799718	0.45360603451727466	0.6287015629894012	0.8018002127080038	0.63195490383217	0.5732452843380542	0.6929563346721526	0.6405242280527361	0.4541013862951455	0.8804317695347391	0.6169437828513473	0.6934874696107163	0.6214573589955706	0.7305052628150549	0.5105438316733676	0.44651298986792015	0.39954658009007965	0.3641662964996197	0.742288758200004	0.4900514058495661	0.5685295073052876	0.5904369540324124	0.6374707259802377	0.6301041775386881	0.4924469789992415	0.6793681259775832	0.9722176714157826	0.9595156389561792	0.8083566781572226	0.8166413256989199	0.5462852125498545	0.6487854817837712
0.609242167376951	0.4736800883869917	0.5966469893636421	0.43260689386633316	0.5072185664249491	0.7973076190167975	0.5008562563136036	0.4686053048767669	0.40837989272791986	0.724690004586554	0.6093065477713121	0.7709686567502556	1.0157723404500274	1.2391929022086776	0.793364814997944	0.9199887796406474	0.5462096992355533	0.4950655514450542	0.603289754502983	0.31678770249274246	0.3988292354151762	0.34466676538201785	0.2682088207780718	0.3163011579852757	0.29394913972650627	0.3122693151060118	0.26790739535439945	0.3901043787113247	0.3018627694531299	0.6490798354056259	0.8222439257335243	0.674112748097745	0.6899566042140327	0.7838737162713669	0.46137331887230953	0.4056685415630293	0.7646139099966361	0.5694728493415803	0.5158483672740475	0.37908389369044254	0.5483281442856397	0.5583054319233277	0.693327810660577	0.7787206595382952	0.6816632733687951	0.6864878710482849	0.7763435605084377	0.6218261890473442	0.5658631621940081	0.5458263524348014	0.5131258964023585	0.38329884401474507	0.4016053970176599	0.2915751796711381	0.285107181341747	0.3135287960223311	0.23426553871938605	0.2398908243336972	0.251842204607781	0.3330623534373636	0.31221354850386523	0.5598896015006606	0.7350058747282181	0.6977296802203627	0.8819801690748074	0.7910469959979819	0.9919005401760019	0.759787019112636	0.901258947625447	0.6633932641532775	0.5798792779628664	0.6213806396081257	0.7438035076397028	0.47914044272434686	0.5495970830518303	0.6735704923497268	0.6734542321335942	1.0457211070617238	0.6684015706422107	0.9161656545649272	0.6754463283883051	0.5402012773964242	0.7277675225289729	0.6746437022271247	0.5464540520184078	0.7703413328757662	0.4507162726469823	0.4548808092080435	0.36339758403157046	0.48998915681504696	0.525628900357559	0.5468323554054055	0.3788853157663233	0.6010468143895826	0.8049251469636642	0.7392902410338377	1.1656593964476527	0.8826407374805967	0.6387878662487182	0.7008288868076573
