0.5444472058186923	0.5738618307174872	0.6531243032033587	0.5409598636938794	0.4046476472218249	0.45698296405781635	0.3880370964421731	0.3523162985682248	0.4923267481194249	0.4008828910791651	0.71872020436564	0.5624725039129412	0.5621684050752225	0.5646287057264326	0.5315496130683577	0.42275376840567735	0.5782683085550709	0.4245205068739203	0.4794123551044087	0.5937540838617829	0.47748729477931395	0.7600642956438288	0.35595789549319645	0.46245351651162303	0.578449272893677	0.4718660437314829	0.5646993441067156	0.5967577048070433	0.5163452905863853	0.6680076524272047	0.5896097418666149	0.591293038122085	0.5379761648787522	0.6227598142567284	0.6269702508601034	0.4251680013384906	0.41302439972351035	0.5493389080918784	0.4007908050795225	0.6039595388211738	0.5126573693406624	0.5358764261894067	0.7020180984471798	0.4259786921900699	0.40236218383999334	0.5488642732794033	0.398874587466976	0.3670162208812734	0.42566825558669497	0.6774871064473107	0.25718297112026656	0.4839077889679071	0.4323015430141026	0.4880099090112676	0.3833057725071485	0.5168600273073073	0.4035059302352011	0.3164327351167249	0.5641182620606076	0.42378714058248645	0.5778641120201256	0.5147201925948899	0.47487832847388856	0.37359722994873024	0.5898619637269646	0.550691073452627	0.5298284196972025	0.5416390740594562	0.4793911782123039	0.43707256982914233	0.6985995477406942	0.543351653070617	0.6495182232171319	0.4789827922048635	0.4923995701051196	0.5460311047365728	0.39448329717004715	0.3492228211346592	0.4549017631271314	0.5751329622922039	0.4544604098566889	0.35848533717230624	0.5025394483693127	0.5499102444776486	0.45139981611379887	0.4021227740516584	0.36532487997011864	0.3255957125677801	0.3043186587348895	0.4509788393244474	0.5780725168607665	0.5246181914361064	0.49828288872501514	0.45807052629565803	0.4915913794921325	0.49411227741745745	0.4871642156027275	0.5272620261119406	0.48200147121252634	0.545690836860548
0.6522743143855714	0.5425494718193554	0.5493370116927716	0.5553681802538937	0.418857983773823	0.5600183880076347	0.4974223773773766	0.4808247293045159	0.5447161231840468	0.6487556671589342	0.6634744109057231	0.3790515836231907	0.614472549818867	0.4783058913917255	0.3994977949447399	0.377810153842872	0.5830892394384966	0.2933809770239332	0.4276583533753793	0.42514791912615457	0.4649809169931072	0.38584543536661287	0.530151662487217	0.6210536412815751	0.6464826709661364	0.5824659895860319	0.4967660766895835	0.5049702520371783	0.602370229672753	0.6009889745966169	0.46318290873529055	0.5652473435364697	0.4535702944118791	0.3382642085402773	0.47328511352805236	0.40461835034123417	0.6237723897366642	0.5887389128001785	0.4316408868862364	0.3792554541083554	0.6515784014525398	0.5721619201751889	0.4227328033870762	0.6034329458131537	0.3794058961000255	0.3490351258873402	0.6080329458131536	0.31626439922643057	0.5383454494915131	0.3418933571094155	0.4903977407992891	0.44688727830026376	0.37486227094354485	0.4074121608870305	0.5297245103685623	0.5048078901963589	0.41816409671815036	0.7051180878535046	0.41999523938362193	0.6836784685458159	0.43802425847450793	0.3905659683986816	0.5853158418631168	0.5486492823102772	0.4370765074075831	0.4947620861427666	0.46412858331063045	0.5240306374377899	0.4617432329280008	0.31949127355538054	0.4167245892325886	0.503968255586695	0.46171200080482777	0.6067121655953305	0.38949565253695406	0.43655402618510697	0.3933227399164827	0.45773952134796403	0.3675748169966051	0.43091027861282405	0.4237935395560437	0.47960805380978666	0.5590289999951875	0.5560581685746012	0.5536686769795521	0.37596436391418	0.5325247693250668	0.6795103692476007	0.5249644027576557	0.6749619825601648	0.5459973841455579	0.5538619307688641	0.5867119913882275	0.5414910922858275	0.5688681673060685	0.4043746910495778	0.5341015983366285	0.4776429633778212	0.4173909004225992	0.5357533234713197
0.43991380892330784	0.5727494965379308	0.5923037454527145	0.5998184492155357	0.5564620861427667	0.7979203232502172	0.5248099455005933	0.4978828581210645	0.6455347162652332	0.4578097395124648	0.5065848557486231	0.3124996289588706	0.6547725592354673	0.5235081526840885	0.5309915007308595	0.5171061362233296	0.5372122409281318	0.3979291412441901	0.5917980409534191	0.46076248281704846	0.43678520651697905	0.5284766039277348	0.6044870970307106	0.6987139572347604	0.4563053652391914	0.5637743579373471	0.5890223926793517	0.5810910051822761	0.4411870876141104	0.6091267281091495	0.43336223563129417	0.7468266527763482	0.445124553920338	0.38528711350976097	0.39619141009608294	0.31846627208403677	0.5103807121820536	0.5514264102988939	0.3694887144630375	0.5045846568229446	0.45634939413240394	0.4524953547369739	0.44821624089154877	0.3821309069879695	0.503812078491779	0.529632976417104	0.4194121761890057	0.44079143363758333	0.4590142573888907	0.34505810854377506	0.30149773255976386	0.38035186258997056	0.46628102999230914	0.6350913100447063	0.571620253802791	0.5069641131972006	0.48077867217979453	0.36309509931169454	0.4778660366690327	0.4140992781905145	0.5199534482412718	0.4496680448902664	0.5373825120610087	0.5504013817548248	0.5475744579887237	0.5022120620127287	0.5235974618325093	0.3632787522208959	0.6440808675559562	0.389960129712834	0.5213058961000256	0.4487723685493139	0.4460578495872707	0.6984642638628032	0.5736851511944532	0.4394227528643079	0.553474814642455	0.4852187069949654	0.36028125128241284	0.44020632573240803	0.5197894112914496	0.29698311943171907	0.43632285056153475	0.35254574493734314	0.45009763603961217	0.40200805851808685	0.5023808263583305	0.46553899048712977	0.7022557318980602	0.4876889887215172	0.3798786274509437	0.509159782475703	0.44100146415007613	0.6460118454309249	0.6376848310300476	0.3556598224962537	0.6150159536852439	0.5768658189101539	0.7614281713343735	0.5606617671554361
0.5553762967111545	0.5555473882653204	0.5596660943457087	0.5997349516802373	0.45450576426762324	0.3748620096328904	0.4124142032434396	0.44493917057960786	0.7107161067049964	0.41323069276031577	0.543957869597546	0.4270120255234032	0.5518996595628212	0.5201121785431557	0.6221476307427746	0.6436373094927519	0.3654352082825916	0.48272702473205453	0.5006396743677166	0.38306871229180284	0.4467206916746983	0.41671205024197855	0.6713430810853233	0.4290846179794689	0.5707012946512734	0.6899722484876618	0.5709596941950764	0.6754326668463738	0.5320225021473287	0.48625786371217095	0.4197122056158813	0.49611001847924463	0.46537040505693106	0.5363809475970578	0.5562495506833817	0.6708306103650645	0.6860659377947311	0.3627597271531771	0.5301804979543999	0.5216743026148213	0.5436827604238379	0.550876548605209	0.5299244538689613	0.718141320049844	0.3433307492599168	0.46457471576815323	0.3654496813387089	0.5222184044866851	0.4559475389309231	0.6423163091618999	0.41725375428077716	0.6681079678833103	0.5644788616888726	0.4756473247032693	0.46022646797557	0.6103369351828953	0.4558661202413592	0.6442909533909751	0.5810555718158574	0.4265035594748612	0.38794732117204433	0.3928515436026401	0.5281515553733903	0.5505411634988663	0.5785494459237049	0.4043953464974487	0.38665169191409254	0.5144745498005754	0.43882664453682296	0.6781953771013992	0.5719495518604567	0.5015848439778727	0.6099746251333767	0.44362472577329093	0.57113929534956	0.4775954959859763	0.6432226728232067	0.5158289164228611	0.47088322536847094	0.6263415695897483	0.41801446808531917	0.4349977066641134	0.48060206445833653	0.4375832312538461	0.45053509763753974	0.736860016713632	0.6194080008414109	0.49941818319658127	0.4310868474908064	0.43288067098442795	0.5736285644774302	0.6288326362424232	0.7232784450043156	0.5342847474577213	0.4259034299966091	0.6612282972814005	0.49690122520384705	0.7057679001100388	0.5244740589602921	0.5344470245491393
0.4707429245343456	0.6175991899098879	0.46562011255378843	0.5878869345943579	0.5237391599859327	0.48354746124397174	0.4260787122003451	0.5564411952798918	0.3604347915980344	0.46983483632688516	0.6266243914839852	0.35913707996312283	0.5397537142602264	0.6516183880076348	0.4520620520075911	0.6387975936649115	0.6500412965083434	0.5269706545968353	0.3385332306653085	0.40135809206472484	0.5053662873860121	0.5289474953791474	0.37537022614152793	0.536888738004538	0.6334116512135466	0.40268254031080913	0.6608138866102593	0.5629347398067337	0.5920328469388518	0.6580599343183805	0.7074995171367436	0.4540996195422704	0.5860224950848786	0.5099932888390643	0.5944954077053498	0.44509103814037654	0.6020493399869531	0.5737202432091157	0.46558050148562496	0.6327971499076288	0.37716802252584103	0.45433916116300765	0.6221515871544159	0.4520184244969604	0.5319703332553549	0.5615121491162803	0.3847017960852319	0.5714766498336606	0.6003639813647983	0.6905432446987511	0.4817577695461692	0.5087742990835962	0.5720890605230935	0.42324106815578955	0.6140117524419985	0.6045806474429274	0.5278911334834532	0.35245791079517175	0.6864431705430248	0.6116306303753398	0.5414683285653463	0.4760246763361401	0.37688292639141574	0.45708702287498437	0.5608159383832686	0.4652098795843922	0.5064433082608022	0.46821400667191126	0.519191062858952	0.5601870534789348	0.447778525045417	0.44915998728675655	0.46331215029335526	0.4669163809634761	0.4576518272777199	0.37608722650896287	0.5771436672686833	0.3948540191226567	0.47851237393760904	0.6158747487262539	0.5709601556084845	0.3933393883384866	0.5082103186333747	0.611185254777055	0.5082539649772058	0.5215912429514301	0.4161183291538837	0.5073287834133839	0.4867973923850829	0.6939389916642049	0.75101183954555	0.4787533846792208	0.4686428962845451	0.5473264397257696	0.5651095358784862	0.4819095558887616	0.5918199877838364	0.5313242160998071	0.6557615246779821	0.5229595223421235
0.4964472046416173	0.5763742802503957	0.5925222384825242	0.5769326680234488	0.4912681932017189	0.583343175251325	0.3996642615086532	0.7093933394532902	0.6360826897993367	0.5469369245892203	0.528157690682143	0.6703535518238736	0.3927389257480037	0.48813711056707343	0.4108724144552397	0.4397435813422068	0.47395372249975165	0.48947253569396676	0.46904152839212254	0.5547246422009645	0.45207041682768123	0.49982457157646343	0.5092079196232343	0.5246617977593868	0.5336617506763859	0.6162182161546819	0.49253701169277164	0.5821972334799554	0.5915910416716015	0.5521369328287453	0.4582119219408014	0.47190561477909576	0.5438931982042878	0.5847244962436622	0.6086577836710695	0.500055549451432	0.6051659801694318	0.5937824967590335	0.40858256385230957	0.6092035830163617	0.45812874574698326	0.5204663097504375	0.4795933112034897	0.5229767899055882	0.5714933170888649	0.40873717295204937	0.35451851042343696	0.4954788499181224	0.6928743602914973	0.4723367539133422	0.5569159419144936	0.5192116653384469	0.5390367809860678	0.48518060742237684	0.5119781754541359	0.6672826897993368	0.4697890181483927	0.4574765486052088	0.6826764450226072	0.4250869581358582	0.4896037419214895	0.5009456754899169	0.37362868336200716	0.4623786345133939	0.414009634752788	0.6037221949307485	0.5387348339727351	0.45712446681678653	0.579236748027967	0.5383014217753754	0.6210158289152916	0.5460325538471719	0.44294749537914735	0.5624538825819544	0.5094788934698982	0.6171893642084488	0.3641750712448094	0.3500811547622613	0.6453705875035592	0.5171892959380975	0.4129016889714051	0.5630662108761357	0.3530559425944889	0.566491634917412	0.38722287057180993	0.4592412494253427	0.6924077854366821	0.670916430400627	0.56045183198602	0.52314736236967	0.5511492705395269	0.39098046735044945	0.51827422963617	0.5021285173944292	0.6683054558739681	0.5693013876401998	0.5324033228827822	0.5161949945520177	0.5454158453943421	0.5572575600268157
0.5454076842082304	0.39148478041582174	0.55238885806619	0.5910055441545944	0.5336430916789984	0.5633993323359654	0.6524536601147756	0.5765181208116053	0.6940057430802731	0.49093064096901484	0.5862535541780238	0.3545014735666764	0.4323036701199132	0.6025703379636549	0.6316974359368587	0.5886349658051374	0.4212537766452026	0.5755016536591544	0.44952687642060196	0.4457873453935399	0.4660182632376827	0.3435351635537408	0.6468432717714765	0.5749224209291522	0.4636184127262102	0.4946518072674446	0.6858431811367	0.4450930769655607	0.42615143531173816	0.5508182703001326	0.3976557224814601	0.39638680158488054	0.5370660225441326	0.5837327268771999	0.5990619731435648	0.6179514176556129	0.3494930816738607	0.5626680025155655	0.5876097477519898	0.4809161420172471	0.7084516730808922	0.555530765738967	0.6641933135576398	0.3196226316255809	0.5434703720988304	0.4428018702409583	0.38874558367806533	0.5561954583195756	0.523945159931058	0.4849157571137155	0.6914010509967441	0.6562802907891964	0.49935325873219355	0.5401721919880609	0.41058679569950546	0.5466053240415657	0.5802243679424848	0.5213058972771006	0.635237085848498	0.5211203526770928	0.5409348975347863	0.5140640978952254	0.4879411081763402	0.5179099101883426	0.5107535259282232	0.6641869993334839	0.5465661932200105	0.6211784838477912	0.5224117759834987	0.48204938589287893	0.5891784520667658	0.34072008783521307	0.717145331784011	0.36002883520468476	0.46563500700276317	0.684299708999972	0.5658499167537131	0.33470401500289404	0.6243894842701009	0.4488602615452364	0.6867518625899706	0.4555976466332874	0.5148350788043392	0.4560852171106542	0.4525517801947191	0.4146078054469574	0.5380201714075394	0.501803658349163	0.3633996948750716	0.7585266751407734	0.4698409586878126	0.5927343431324517	0.3392743002606712	0.6164492258106761	0.5615345550059554	0.4950180266456035	0.5529013205469238	0.48295980954842843	0.48078071218205365	0.626488969888317
0.3982078654777834	0.5404455165847892	0.6902785403473921	0.4312951428634703	0.30638692870898265	0.5775035477041112	0.4924534270539215	0.49316774709028627	0.4558409516253625	0.5691263879344686	0.5234243561717346	0.5351100055314193	0.5407494859442556	0.7363410646245645	0.4748640825932501	0.5214203844581182	0.6383100114167944	0.4072768299261387	0.5405769499877908	0.5708788605117978	0.36654538239823686	0.45863736010697775	0.4920769087901652	0.5478642532691279	0.5691642391442278	0.42570577368422347	0.46839324528728854	0.566482707455462	0.6525201937719649	0.38645778249399454	0.5471140043177614	0.48668476275969647	0.3614909722241754	0.5698139843074859	0.37041215500165536	0.3510474847854721	0.548720320896067	0.6111243773590849	0.35966199315384006	0.4123410822806899	0.5859911358376032	0.4058869805002836	0.4440619378313141	0.4871933700572407	0.5536141255564883	0.3762266951510489	0.5078932841307642	0.6017098831156172	0.5773286386331564	0.49027419903221947	0.47357424729229525	0.5860928297798065	0.5363470221949891	0.5694784226398901	0.6036140219738866	0.4863305597508385	0.5110474129838959	0.5071162350061736	0.38269526057097236	0.628624318505334	0.41404522113895903	0.4776931134548863	0.5404765486052088	0.3160681072752424	0.37318481925929736	0.4528703532656301	0.6070058501940998	0.6497077583639567	0.25009936647114106	0.4328328210432014	0.5351681590665434	0.5074055523941197	0.6325723238204631	0.532520378572743	0.6683371647125244	0.5060913418257318	0.4544604051483886	0.3635688205827047	0.5215770029561667	0.5019977737573896	0.6219352541885174	0.4418624074842473	0.37931041986182645	0.505601913792734	0.49927063340948485	0.5820266327660728	0.5565203126565419	0.5305182255712819	0.6049660696271333	0.4698930746114106	0.6734678247772377	0.6178300288900045	0.6511741048662179	0.5488576035785915	0.5282326692005238	0.431684914602374	0.3474264844546202	0.716151485925964	0.41981815730093086	0.4883265009336706
0.4313806474429275	0.6695430822623982	0.5849931040382862	0.5237472599641433	0.5925846556458695	0.558526293768467	0.4436242090373571	0.4887615564590076	0.4823511551678834	0.5015637565434694	0.5386847050830204	0.541688978127842	0.4725890228566928	0.5243099160737179	0.7619472705578183	0.4737745792274509	0.7081977819969149	0.45449782437161546	0.6054145916781964	0.5343413377059693	0.460089031096218	0.5572769064360151	0.451266463947265	0.467143528373831	0.4408849969976254	0.6728495989434574	0.5311995806987948	0.43589548774645126	0.4286701378609014	0.3810597094970517	0.40846610729353394	0.49990772658293103	0.5950160231326701	0.581074589821126	0.4936144410125939	0.4871497178280346	0.4659788063663468	0.4569683591692968	0.5099371753061995	0.5691828910791651	0.6636474847854722	0.6223163221097251	0.2718705027541577	0.4118392317875089	0.3359244185567106	0.4762661426057846	0.7891805968287016	0.6640847062600954	0.5501430575438229	0.5986430269398724	0.6165178618551006	0.5324241760792565	0.6079344702565539	0.6334450740045816	0.5112868463137314	0.36170986192826693	0.5876826627266112	0.6505137618403072	0.5319243632341848	0.530661929591789	0.5064618707380381	0.5311599237247056	0.4540576671406426	0.4496245445037379	0.5709349752217375	0.7753162185271234	0.5403661743868101	0.5067621803087684	0.5676245162539373	0.3234973711977327	0.48406613907455953	0.5871325844511223	0.5378972381882554	0.3620059090478508	0.5706435778109819	0.5534205292383456	0.5027958879519581	0.4376041644914217	0.5558665039678158	0.47909778670521475	0.48965392966495513	0.5616062645245068	0.5181646358185097	0.4956542251107853	0.49956036983613805	0.6814495942351574	0.47629322056871315	0.5854932417560637	0.58611003378122	0.49847631554435484	0.6067283184687509	0.6743969262633751	0.40093671860109165	0.39578486751937325	0.5641179666147775	0.47965569423165955	0.48727642265818166	0.5007575918078413	0.5992119372427768	0.5560577283485436
0.7118660931686338	0.5793325385451965	0.517615910133468	0.44596599194018194	0.6296137065177811	0.5566637400644192	0.5742429421904709	0.7618761695870524	0.5328885555579097	0.4834554529312804	0.6041867450852797	0.6312743508748969	0.4307682214515194	0.3123829640578164	0.544905863141925	0.5964580037840984	0.42910816798606366	0.7459184645175111	0.4896332106550332	0.5800120902625293	0.36130779838450733	0.6155184268511104	0.5203642014778271	0.6439705086395328	0.44532666690124845	0.6375433270940024	0.5091955395377521	0.5077435001240305	0.7403514164785379	0.8260826497787861	0.43379751715503523	0.48712878459045894	0.41245173311171834	0.4441706110450597	0.5730977761115396	0.4693497660881104	0.605624552743263	0.47984742122342106	0.3700057972257238	0.4615118854514757	0.549228738684533	0.5788662332405613	0.541109980812844	0.4077765415427588	0.7802180972701047	0.5544097206792644	0.7071492976122523	0.7161741590116687	0.4838177559183489	0.5399262101961405	0.5073261042593886	0.5015885802764852	0.45406583303505427	0.39330557593562	0.5811639519379229	0.6438055182589442	0.5499200972518132	0.4833326680234489	0.5829098277930914	0.3961619484249893	0.2997868698552316	0.5585431552410495	0.4769909792866255	0.41687453214445	0.45297450742587475	0.5577120361170783	0.5167807569109045	0.45077464632072706	0.4705474883166971	0.47070370660923877	0.5960972370111803	0.5191430528355228	0.4697766003965098	0.5541829911305419	0.5247831606293448	0.48175610738499175	0.512458332188029	0.3892749076313816	0.5061330894163061	0.7309976478103625	0.49833101174764627	0.35878947367642555	0.45483745780420426	0.6039789052406485	0.4658102491859485	0.7124079772999103	0.49861215500165534	0.5325119890340775	0.7125808263583306	0.4776076912706804	0.3996181455301806	0.3867785215141919	0.4609720366141581	0.4415619802060149	0.3321618213008872	0.6015766404170604	0.6510787533979709	0.5265183103206834	0.5867829581724414	0.7247912029308794
0.6042807380777041	0.5267932582351139	0.5534994394497923	0.5039036901301884	0.5290700672364002	0.5729907438716214	0.4512345102771046	0.5739012699326977	0.7374658530453297	0.5536659142532308	0.5386056689245466	0.5195911405459034	0.5140515871544158	0.43872866452880677	0.4295038384416411	0.624447764929327	0.42633924120410915	0.5626308940401443	0.5154745003634245	0.6533265456625214	0.3991597094970517	0.4850245068373372	0.533774582758676	0.6034911028795027	0.5874494471007798	0.5651142055975898	0.5883414142158455	0.49531218913683106	0.7206723779659141	0.5128434400932044	0.3741538225511283	0.43650610797352907	0.4728249352926446	0.4083769335087405	0.43703947073373806	0.502480960544883	0.35379970899997193	0.6341914136273081	0.4882370776089727	0.4457098007203658	0.4264307398433166	0.5527349163679866	0.5215766674897858	0.6470433165003272	0.6797160443200203	0.6245826309455856	0.45968452263639226	0.5036364784777876	0.825872021312183	0.5805470092471638	0.5235135546751035	0.586865751816878	0.41278459679211854	0.6802470810487402	0.45319502751011825	0.5268013252552238	0.4731430022212969	0.46031584421726696	0.5868264738609451	0.6557513870516622	0.5902681331708928	0.5458702120166277	0.5914724226947649	0.4508869569587832	0.5261993299818155	0.6345995230221187	0.3176912276494548	0.4250330129064297	0.5626391764649828	0.6277141749936392	0.5545076547813548	0.8004618978107636	0.698555723658535	0.5571911935142793	0.4094497013489843	0.5027310070393461	0.5340601603167846	0.6384686381360767	0.35638738305994055	0.6692208317466259	0.6750562215612687	0.38107711242414366	0.534110332758275	0.4172955701417026	0.5688393306618106	0.5957391952981833	0.5850392188396836	0.4733473129325191	0.5246328622408272	0.5790161102362216	0.5205808063480553	0.4024329093238279	0.5255119113471262	0.4175411858632916	0.49873078104094226	0.4038913218154564	0.6275203668019927	0.5063556636277091	0.4440433270940025	0.5284598613397293
0.5597932617663388	0.47347040152570585	0.341582995838842	0.5438452941176104	0.5172137865588825	0.5773492105087009	0.6617574434963889	0.5508139442869352	0.5466723061643378	0.6384220819315465	0.46492853622762964	0.7557787298564704	0.7190787227940203	0.5719140890671628	0.3464141938268396	0.5334018266891823	0.49916010734840865	0.6188350423150139	0.60210795140426	0.5434911146502529	0.6365159372061935	0.6597534753139974	0.4883681567123933	0.5637889345760663	0.5928222632010995	0.7329076147608042	0.32604749067084715	0.485597214646755	0.4638140584632122	0.43414535297136136	0.4632142467952154	0.4694393377242606	0.6114749582456074	0.5763104151535264	0.5445916525735371	0.39959761838348684	0.5141433600521029	0.6213079278627597	0.6217224315228275	0.5252035677143864	0.4690202231988404	0.6216368057046431	0.6188639236881223	0.6004535494697235	0.6339745133112498	0.40944326824025146	0.6469431105121988	0.493480444986024	0.5405326315341232	0.4804345208707797	0.663884444949441	0.5291740436583168	0.5962803602366226	0.45116999543482406	0.5619554658791057	0.5923116782862722	0.5607366420912154	0.578026296122617	0.5620284126347526	0.3464411623217911	0.47741840213253495	0.5613246445551145	0.6839954336010002	0.5795017466480811	0.5089913465340319	0.4493935572121689	0.43207881107464685	0.586737095265098	0.6317245609827881	0.4472620720178664	0.47108487811304833	0.6641286562892816	0.6055724992046412	0.5423912594304803	0.5877913088676311	0.5657453129508108	0.5973974641866592	0.4591145245849201	0.5800978785170664	0.5416207528825996	0.3645355025513466	0.46568344548149976	0.36426043575233924	0.59384527293026	0.5899119537218269	0.33276221091271885	0.4687497272446347	0.5531035265167606	0.5100640908327752	0.5399787239710955	0.496047527160173	0.5877643180082542	0.5093225551157046	0.434089145272495	0.5026933241513148	0.3974413212269189	0.34593505997113905	0.6615077877908322	0.6342766886771364	0.3792579131493218
0.4788599237247054	0.5247516259978915	0.48434132358106896	0.5158931923189127	0.7265513164271611	0.6033679577867148	0.6891596930180015	0.5985910899316774	0.7390075194177275	0.6036970663353025	0.512634885764036	0.3877891641056952	0.47190796199793517	0.4958932970785894	0.5380660813978836	0.5093913488881818	0.5179602215246856	0.4624287528094333	0.5133766651356358	0.49661619263147294	0.529645102254382	0.511976268461354	0.6028658612848548	0.669005570050245	0.5842222314200741	0.613199191086963	0.6545453647421117	0.5359181266969804	0.5058619448937643	0.27454757424317366	0.5662811253353858	0.3307956725472293	0.5601017807832566	0.624939414234137	0.45137063929486	0.39410387493096677	0.5147371705978994	0.6168204456660193	0.4717743956037478	0.548245211722359	0.5537848639881482	0.4279931487671369	0.6545576377137672	0.3924474494732214	0.4778975854253864	0.45750996551086864	0.5625306680417403	0.5806327103981496	0.4929431293453991	0.6545782625576875	0.5443241207567305	0.5491222114097987	0.6744387291764752	0.5092969992420262	0.5565158218528417	0.49972629141431696	0.5790074276058759	0.6194305209073628	0.6598825379566591	0.6559413789035949	0.6105332294882334	0.37127472518475346	0.4471371588271491	0.5290786780651696	0.46496001789070707	0.6233808616705813	0.4073329481673037	0.5126120843771542	0.6005889863673672	0.7189619625498896	0.4751266092245724	0.4152037819420402	0.5662559578964641	0.41435579192888616	0.36304969075530913	0.5501560344063405	0.689809987875294	0.5010913630130821	0.625320606925297	0.6798685357305498	0.3841707169818114	0.4101270388569548	0.4735454789183886	0.5022513223125362	0.5266286445185314	0.5158057901632737	0.42794334121890276	0.609253573011224	0.38719533001839845	0.6269225280429792	0.510012069075179	0.5739704956917077	0.5138185092463619	0.47080598320357714	0.5012892217823712	0.42805384138432867	0.39486218972536846	0.3213287528094333	0.7177788734596229	0.5739474070985209
0.5377869322402079	0.5038473894423955	0.718603604203712	0.5039931958501377	0.5885661308350344	0.5448305715215886	0.5743848086656222	0.4434098984175925	0.5037368280690685	0.585847184631342	0.5763744544574987	0.5582474388795463	0.6073079372793596	0.42837061928458475	0.38473916940253283	0.5041640884786251	0.5283226186777557	0.580770518056133	0.5137244350357609	0.5299182950187082	0.6799471575586165	0.4677117477336984	0.48303881039465163	0.6389451034314573	0.6663679836823655	0.5699451940662337	0.5367329222716531	0.5084765427198338	0.4149078478216581	0.43295796611769777	0.3851540132372816	0.6939997384268475	0.6286934300880667	0.4820663686041885	0.4706789228967737	0.5328352683134177	0.6547039337847177	0.4511476978360507	0.6339140078489863	0.5390702402664282	0.5840473388281696	0.6394973005732315	0.6722035900788118	0.7873933347449901	0.43932478698119204	0.5506120996791295	0.6535930816738607	0.6916929392477833	0.4541451387437077	0.5987804508713992	0.4913678012357372	0.40523451498540464	0.45622635144514295	0.4293805579852259	0.6549555047225812	0.523884736864046	0.49940540290559204	0.692026297299692	0.5372784767853411	0.4302745898211261	0.5708352753758678	0.5031497343070849	0.5689684498040734	0.5987016301176541	0.506082939339241	0.5735912629617054	0.6913162149958983	0.37093476570238393	0.5077992546490142	0.46437843794186545	0.5935369669639209	0.5115391952981833	0.503637152941774	0.4898225045014787	0.543199656031596	0.5541953300183984	0.7059161149445216	0.5149766380629104	0.5779640555205245	0.4707954830381512	0.3936789899900499	0.4764080208516861	0.5189451587539831	0.5469450610567563	0.7227410610933395	0.5142681461187182	0.3954890075547175	0.6550160266638951	0.5737619719664897	0.45600787371730855	0.3809057689759233	0.5938413553620946	0.5671704462545567	0.4672705098166079	0.4286455236472393	0.47158494638339954	0.4637976442791374	0.28765824390740247	0.7676706475343853	0.4338828157463638
0.6250994064916917	0.8095450634109063	0.7709889122116409	0.5166867674497051	0.5118328104495263	0.4196015418370276	0.44994744476492143	0.6918349198992116	0.4367597765903279	0.6401367692153175	0.6235201031371884	0.4564223962105768	0.5525829758285666	0.613839119965382	0.43472449153536186	0.507187121749286	0.4677621685380182	0.5916891370329698	0.503918219685907	0.635422345596351	0.5302242831930832	0.5367534176373212	0.5568117724522739	0.5811784320564904	0.6626618507277626	0.3811683391590214	0.6306496354327832	0.5520995324387189	0.5159663556563633	0.5974164292235521	0.44336872053132803	0.4755685863447756	0.48893495285731225	0.5765496825157841	0.574081147699811	0.35904995442011356	0.4630456884377421	0.47758305940089296	0.4179121997305061	0.5128139937240861	0.6064368833915944	0.445474469759474	0.4047808769725565	0.5028953982887497	0.5347810747211599	0.5516412800292931	0.4091722367169116	0.658615905425168	0.6698512799378356	0.6216096488776881	0.4838886026409106	0.6245096041488376	0.6479971710949792	0.6441200242731621	0.4976368280690685	0.699124322036559	0.6422868239493059	0.5345784532438407	0.5442057207158476	0.5252872559358384	0.5068997784473982	0.3042123280316833	0.5468748629025307	0.5176078984358841	0.4156411799779165	0.4945973170522817	0.5522015383058023	0.44753896341440436	0.5357345550059553	0.6789180960930299	0.5952432541153512	0.6452683921273974	0.6560577777856944	0.41259958305294475	0.3493974818427845	0.49084313405369917	0.6111741931468442	0.5558015900971034	0.5076600049428819	0.5787662732611117	0.57339541712195	0.45513275865822533	0.4829596212164252	0.5764595411753237	0.5474534294080716	0.4259285680086552	0.6212993900126415	0.5168473706091952	0.5037638789592715	0.509897337062557	0.38167469458080294	0.5614787863560715	0.39273505290868893	0.6082122209178565	0.46566201787241557	0.46798514648615297	0.36840616094190515	0.36044790735540444	0.41222270578130715	0.5466285903730806
0.5896888121602641	0.7458097854183905	0.529838998726655	0.5800950534057687	0.4922535577092487	0.48188487929012336	0.48251619263147294	0.3985662038136857	0.38201195607597693	0.5598911005253526	0.3661911064107277	0.5276725804228175	0.6259393047661602	0.5006432494070512	0.5231097842413156	0.6587600473175826	0.7311308387176184	0.34530571247632236	0.6179202337925155	0.47394319290745024	0.5940263420285428	0.3627451658164332	0.5589973770831077	0.45742226437817457	0.6340162149958984	0.43261623382909864	0.6468037631088397	0.5269369857971212	0.4965476707633253	0.36116856515742535	0.49756012618160883	0.5489808604935063	0.5052829781827167	0.44022702590912954	0.40274989321221255	0.3592518720065706	0.5817309258211699	0.377443355343803	0.4047412835605182	0.4444724827255908	0.4569307610306669	0.4159098148452661	0.4016807675045795	0.41881213734553	0.5002372577014509	0.5078683309194962	0.721045157576908	0.5540785591805926	0.6656702355581281	0.49247000838264915	0.7234802531227957	0.48477421433419465	0.4580763614502807	0.6154095582429118	0.6410909063079742	0.5280702190790779	0.7002951263844202	0.6928867097730289	0.7120890405128182	0.5189890687626186	0.37136229095382023	0.284279113582927	0.5768497213592596	0.5106244609314113	0.6191077371766063	0.3520681308167428	0.763084805134397	0.5579826309455856	0.5027660955227837	0.4800160525595456	0.6148765509593588	0.5754827839653384	0.5219180749056793	0.43434094809413754	0.4180015547848527	0.6337013311405988	0.634386708595954	0.40448496286244984	0.5140871088014608	0.5756391976523333	0.436474583935751	0.45530158421172817	0.6208429739714963	0.5154201549284892	0.4115826380080358	0.49319307696556064	0.49676603313780765	0.5451201961261148	0.7105304620536118	0.5523680990357173	0.26127674635381226	0.5778288905272108	0.3920018184496572	0.5968268222751512	0.6609765768550093	0.7134579990757982	0.5768291141714645	0.6539915019079346	0.5536349811071127	0.5883012664014727
0.5816242902555333	0.5115432023240503	0.6580390928926566	0.5600910357862264	0.5704117877542492	0.8138557436688104	0.4716954547883506	0.6410452211389591	0.5043264338403943	0.5575390234452303	0.4043516860287175	0.47006009557765827	0.461997444176384	0.49632244211650267	0.503870229672753	0.45113917175668283	0.4663475813056238	0.44662859155015555	0.5254329340424033	0.5332890216796178	0.6771869098757823	0.4375242973179836	0.5757286633517318	0.46525144119711326	0.640034938732412	0.5703119713779523	0.6863744415096735	0.4831370623069976	0.4234894254163498	0.7459289011208858	0.5226142244307901	0.42099341125486645	0.6836561344577172	0.4735917608644389	0.5027603533570879	0.4781018878970834	0.5329828133922139	0.5142661343662596	0.424972608672618	0.46539330178688953	0.5635912194099296	0.543186713304254	0.5850159207271434	0.42579742063488346	0.4531994853557181	0.5322160572678456	0.5282681614206934	0.5092619460708394	0.626961982560165	0.7222617294890356	0.6677304067310859	0.301207547667528	0.6457493034976274	0.650955548274357	0.48035132466668634	0.44398277572581324	0.649232789262176	0.5024347480462587	0.4444556518569589	0.5361600214219321	0.41036433566437946	0.49699348187936776	0.5949560308751155	0.44881833268510873	0.5249410822806898	0.4542243385156093	0.6388889463468165	0.6231305726986636	0.5092868969279571	0.5501307210101164	0.6129410081249635	0.6153410446142891	0.46069312993393663	0.6860389893100547	0.5205180066353283	0.4747451752330333	0.5060993099715401	0.4203057984027988	0.585116305630675	0.6320579767113729	0.5541516154042163	0.6701430210544972	0.626640860990586	0.5224616247293588	0.7198491634257	0.5527762755238042	0.6620471234234411	0.42475761770349163	0.5643719530418316	0.460893095798761	0.506868323857046	0.42795592729251364	0.5999060726612786	0.6335517672468939	0.35278505232015134	0.5312809122848071	0.32299354661849367	0.3192538613946039	0.4246640154999739	0.5234887968582889
0.5611973711977327	0.35047452625907505	0.41645975775712757	0.6998117995249993	0.5934806804010281	0.7509369999220215	0.4524452894093103	0.6240181125720801	0.5057765132929584	0.5408641108430506	0.5033746863412777	0.40470179726230693	0.7517348822328109	0.3753661920429354	0.5823264538506696	0.41576413320747596	0.43219755599851084	0.6340829852451668	0.3897997254790222	0.3583952276128717	0.4764847709992216	0.6398619154668888	0.47718479571779704	0.4860618542589877	0.6351994029604666	0.4552911028795026	0.68515362362545	0.502966276792337	0.42079341243194146	0.6206371882540247	0.6672393777448113	0.5922936937528713	0.5521768876028147	0.425283520814301	0.4664041939182971	0.5761789723339247	0.5819038137230658	0.655068203795394	0.43369129474273094	0.49058276513213794	0.6884430069295969	0.6465597612883527	0.6375806615678278	0.5925223879710518	0.7020930463616102	0.5567993429296407	0.4521702355581281	0.7072952735187974	0.47767012962137634	0.5671411823320665	0.5003158571650921	0.585622176097548	0.5972263243724176	0.5501554246814799	0.5217764155957316	0.385245331784011	0.35325166837259225	0.6381536412815753	0.5647223020445753	0.5599764662099574	0.6479143103572665	0.45905592611543855	0.49052882107978457	0.5371370575986975	0.6574556801067594	0.5493827957360886	0.49243078810339247	0.6429515212382146	0.5419327704289756	0.5311266680783234	0.5370350411379388	0.4681786662944194	0.38033062684411456	0.4524183326851088	0.5073889604717168	0.697551296416886	0.5815639684169731	0.7169431528868996	0.44454106580163943	0.5307951781757209	0.667493099329986	0.5022803720073727	0.5120804520484742	0.47950134055719906	0.6392720001248327	0.6441095382326364	0.6047615588131576	0.42210752294895265	0.521859951974506	0.476803891410017	0.3954225727718299	0.44396219796489367	0.6229997454892976	0.5448956548911041	0.4620037666400648	0.6436351670849659	0.5143100326041448	0.5426411835091415	0.5012576471303672	0.5805535553550988
0.663657748358819	0.4277826391851109	0.5296659060137054	0.5928139548806105	0.5127431905533002	0.4282370446508723	0.7278706028055345	0.46189764898743746	0.556712073783479	0.42965805557539927	0.44552878576753396	0.6589119996277528	0.5182473341198696	0.5806014700354514	0.5458723709034639	0.5172765450739839	0.6155870558330849	0.4203078537070333	0.7388224527101779	0.5106119266491015	0.6768056183103207	0.4578639413442477	0.4892848392695728	0.4472787380959956	0.3902890605230934	0.6293951558112953	0.37727860508651834	0.3768787875331464	0.43193306587480573	0.4244434577493298	0.6205082021212391	0.4495916219695867	0.36039996913355143	0.4897625663893749	0.5463708299810134	0.41412492116774424	0.5563039231910426	0.5228016960338552	0.4027517531219936	0.5620682379305698	0.5942911087648777	0.5739786474612191	0.6278223656066264	0.6379535294594484	0.43139315582958704	0.521345154045683	0.5390661496682347	0.6317639201568974	0.6018533493669702	0.7042137983296327	0.586026516235646	0.6602388857274528	0.5079387068120498	0.5916118371914	0.4501391529234826	0.37923718589987465	0.4774913206383813	0.47587874986674594	0.5152849593312248	0.6839119890340775	0.44416633800023797	0.48191640568205174	0.5035726192662933	0.5436015253579771	0.40000144767102586	0.48648083459785574	0.4866850440806263	0.6288410552079644	0.6361265421312962	0.5222621720692432	0.4780869369485079	0.7236515553733903	0.5534473882653204	0.3483307551452919	0.6558327621894504	0.763613819516983	0.502713872485359	0.500561811884287	0.6554244515148112	0.48403880804050164	0.6671868027619556	0.6200826815598117	0.6321326903878741	0.6561868274805309	0.4531930593094353	0.5037763579190557	0.6613679589637897	0.5798617624471363	0.534870342671955	0.5314332071238081	0.4828830770570183	0.38262489291794377	0.6552185575064376	0.3950830217344924	0.6159224562414028	0.5948036195056872	0.4934455106994141	0.4799766827917612	0.39189750303013493	0.50806199079969
0.5242474930249972	0.5279493223308278	0.6774576742030928	0.511345211722359	0.5604287127888827	0.6353203173648421	0.4612434083121789	0.37366233332852095	0.5690163374117004	0.4636790335418256	0.4514330317396301	0.6068203479687926	0.4592099631567187	0.5470329316882534	0.4718058172359991	0.46429321586041306	0.593438831582002	0.450676381460556	0.597391066390177	0.5208555788783076	0.3215431046268237	0.5307555729929325	0.6842098407409165	0.45015999199505663	0.7692118995763759	0.5129785415244671	0.5908598083713534	0.4246934924730429	0.482508186819264	0.4187997089999719	0.5105079784769854	0.5996956749013794	0.5675979832767432	0.23758146080176645	0.5026938856160996	0.39965627688379457	0.4727143221280167	0.6313952935290729	0.4799036936614137	0.5581911970455044	0.47449147483520915	0.48778291932896567	0.5303432776568517	0.4276328410534769	0.6428849040086989	0.4924160914030212	0.5347869899168838	0.4785014617959261	0.6140326244716732	0.5129408892403864	0.6061430151691221	0.5276179171776267	0.48748880509781406	0.4772495247877312	0.60311630680775	0.41016202611194064	0.4686976183834868	0.38432875987188353	0.6230808675559563	0.5461600508488076	0.5423558837407378	0.5675061256296545	0.4233185422044624	0.5545662450113112	0.4756514706239887	0.5075328951989277	0.5394828192775889	0.7395307928116926	0.4415161608504474	0.523209980812844	0.6578121338143049	0.5146473164637442	0.4463786604090443	0.6357598142567286	0.6213098784073171	0.3770722814457623	0.6489119219408014	0.45217644149138203	0.749703480610835	0.5027929851537091	0.46047641912695664	0.5974742084488196	0.5465180654890793	0.7037222455449743	0.40498069099470324	0.5475369010477197	0.7054410752182396	0.4276223526588011	0.43631831856020864	0.523656121509892	0.6579227422706329	0.3108165798891547	0.5351102068112479	0.6562058537253249	0.503260012005332	0.3277120502419786	0.49198913821004486	0.5325015924512533	0.4698455271784643	0.34583918470450814
0.44234112700954065	0.5660618118842868	0.44833081164489286	0.39333914468395736	0.45256213793406763	0.6195891970637958	0.7489850170079008	0.6098892971151725	0.3920228364366344	0.5354041809704719	0.46281836564320944	0.3811412152901671	0.44938914527249496	0.5621184798194864	0.46870595848500163	0.5372119101700512	0.5698491787276754	0.4999430540125978	0.6182306845207907	0.46995570482533466	0.5690473188178943	0.47007241092401464	0.6300932076208878	0.4564577259943936	0.6169785297537169	0.43337001309094925	0.6515577354109937	0.3465246092428639	0.45556624854253647	0.4353057819237486	0.5364955218816267	0.5409810029195836	0.42844161784982404	0.49183749664768006	0.6310123668751592	0.5529934936501179	0.6020412294150674	0.6198099078341928	0.3972474942020723	0.6902223832627516	0.3946850452577013	0.5322891464495699	0.4713620967364418	0.5135786262738687	0.713838884550378	0.5547825285400588	0.5874598166108785	0.3976224939078036	0.5412600849839833	0.5295078737173086	0.6546013723382247	0.5162429527841461	0.48234937765335373	0.4159810135132588	0.6186745533318004	0.6324471669752167	0.41900137116114955	0.5998514435512632	0.6097642097173522	0.6276392223709087	0.4841809829093082	0.6333996489691458	0.5324413106332437	0.3724684804080238	0.48598705701016	0.45344745888982163	0.48661192900325145	0.4621434765825301	0.40667655331350905	0.5006744297389234	0.4327057831008235	0.4904849169565241	0.7100618083530621	0.6299347268589084	0.7012495824644072	0.4561016077532286	0.5660224244603773	0.6509222467220493	0.47069089924552415	0.5386763543878306	0.4168806839322532	0.5602514176556128	0.6806410434372142	0.6096328257515017	0.5084265503708215	0.6351055888834451	0.5068036795365134	0.5950454247729375	0.4567142032434396	0.5500560379375655	0.4072789805734498	0.5662144221793933	0.597120545717396	0.47508918529304567	0.3675266339431479	0.5736473882653204	0.6361743767705476	0.41922032795851727	0.5907263961739939	0.4665597954235282
0.6845094358271097	0.4082575282457902	0.578882713340837	0.5130141396813885	0.5734639719481981	0.4875119537218269	0.4385370623069975	0.660826936451428	0.5013371753061996	0.564226755181875	0.34202043389526904	0.4833683803566472	0.5648932441102137	0.4476641073118255	0.4532870111042342	0.4664244938895119	0.6182723132267879	0.5736743037918963	0.5083702873494291	0.6498287751738588	0.519049511839906	0.4708952276128717	0.5227932240999381	0.43558492990434927	0.4295870205208343	0.6745930134035096	0.632395179352796	0.5165035806622117	0.5242599213705553	0.5643225409908043	0.39843116359032393	0.4072914218668331	0.6875829887763919	0.5559849699248999	0.7424558837407378	0.6474308045824427	0.3228557472000354	0.663020136095289	0.4884202243759155	0.394828560946205	0.6419911323063782	0.40320368071358836	0.5206640755307999	0.5657890416898931	0.6033306480314651	0.6479617083016853	0.5949931205173364	0.5697975301028603	0.5654080432161116	0.5033037878274152	0.4583390905385064	0.6431660602105331	0.6262475483475233	0.5255975289257853	0.5092622120897938	0.6004536648230755	0.5919283443644014	0.5216078431133581	0.5086393188910605	0.408193557212169	0.5636226222089807	0.6519641261450259	0.45742878929875896	0.535508018497536	0.579760010828257	0.47980808912203743	0.6299247398981912	0.5452351835640161	0.5514683532839217	0.5274537895930278	0.6278893383127983	0.621324608065789	0.7404619060502885	0.42710153948287743	0.6463765062305081	0.41191215382458035	0.5077391011321817	0.5210389975495798	0.5702264020593689	0.4538803107994717	0.5577367009449663	0.537726409121819	0.5282702096624776	0.49025988252707964	0.5241932935473644	0.6167724038615645	0.47170573130952276	0.6414557919288862	0.6484372894824765	0.4601102892064992	0.33687274639039533	0.31077895467779926	0.523847587190999	0.41982868924738226	0.6981599095998053	0.6069120278775533	0.5756202102510153	0.6704827086325371	0.5614242725994081	0.49293675509041723
0.6318347139110831	0.7324826074040852	0.5371932087979628	0.6549891146685445	0.3412600543800326	0.49134555542826486	0.6405639954896986	0.393647537753848	0.3902724191635397	0.5356452847010102	0.6243662497196114	0.49908927121952196	0.4617349705134375	0.6086683827107972	0.5916785674201176	0.7543097042002141	0.3119889804819921	0.5604932770683142	0.4146119866799275	0.5753309999768962	0.5365038149001407	0.5597475977846741	0.5819412364775174	0.5074098254389412	0.4872015912741784	0.3884808016397552	0.7212766639585608	0.5190057854549737	0.6047786003782182	0.4836745133112499	0.5436475648265735	0.5458247257732909	0.6010578860765964	0.4880576494845173	0.4889348563371605	0.4780265079961207	0.4716222832113749	0.4546576200576417	0.60039094515145	0.4745827180491372	0.5979265974538222	0.476466163793135	0.5001264208925692	0.6218972476048554	0.5004891064290193	0.41831195489890194	0.6355057348407478	0.4911412058735669	0.3578581367935756	0.6152811017938854	0.4671643956952054	0.5318620896739918	0.42515391789420487	0.4811497790359356	0.532349630724483	0.6201160301951203	0.596903535933361	0.6352640519892997	0.3641308634361937	0.4974956984428798	0.42827684993641413	0.5145475848368489	0.6729267869629005	0.40275407444518263	0.5741475813056237	0.390981026461084	0.5037663650729636	0.5295163103389748	0.5295392423811842	0.39983507645018934	0.3935601685563096	0.3381205257071206	0.5990099949377441	0.4510223420651258	0.4776138101003829	0.5328662049907608	0.44372864569560655	0.42195985310020423	0.6435410257810888	0.6973053416976911	0.5522238888729516	0.6902074099497506	0.5187679942760405	0.5973035606519363	0.49028280162146365	0.49887438501007264	0.43898904992941823	0.6362891229080695	0.6307455142306391	0.477241564881448	0.36945188966269604	0.473212253875957	0.437520429186969	0.54897242622599	0.3095974747803345	0.6854537013124012	0.4783411799779165	0.7525265503708215	0.5902015100560019	0.5737347821814343
0.5479848369154227	0.49322645973604484	0.4155119290032515	0.4254788075434217	0.41100189495953365	0.44430183257455746	0.6349955183504018	0.43036650161366574	0.46843926945390957	0.5687102032800228	0.4929767628328626	0.45908501700790083	0.62440168779433	0.727987008750084	0.4719368904540445	0.4921639848960234	0.6393452764614851	0.5361099243132429	0.6156891146685444	0.6732121444079803	0.5356101350096716	0.48594130945616876	0.6449411670300913	0.42075783310822046	0.5188619507791394	0.48909107816092723	0.42589739120800796	0.5279078478216582	0.5053492893727272	0.44422228438845	0.5335286362790063	0.4325267857858255	0.5471517978508443	0.5513494176739043	0.5279975442277607	0.5162183114977584	0.6253513505623368	0.43164307990824824	0.6754887285879378	0.6412075170635776	0.4889868439595813	0.4820389728310045	0.5542742990835963	0.4913535353448233	0.678828792829984	0.4161850923407021	0.3896830511613679	0.4766621249862424	0.4683517284034182	0.3829810076278838	0.4763041150542707	0.4894687299479281	0.5517956478286541	0.5259789276050739	0.6189724073927895	0.5321015889200283	0.5088224668350781	0.469989034627443	0.48166415910312643	0.5387976560498876	0.47162463749266437	0.37801849865268666	0.5094081420904132	0.4696122656467072	0.5890223585441763	0.555928729267933	0.533524550389113	0.581609983166994	0.49434556131363994	0.5746663839061638	0.5294684144918228	0.4593288858189106	0.5945727122552197	0.4642871170409859	0.5774888957325907	0.5474931063924362	0.5416640072604488	0.47177432968754673	0.5588556565652588	0.5773637082833938	0.8119072910651735	0.7222366444453654	0.6559764120645065	0.5459430398876977	0.6179868074702557	0.4043661296579594	0.4974933629947905	0.550510156197022	0.562426524475171	0.3775474765459469	0.4437496931094592	0.6536245456808129	0.688041207050642	0.7169913630130821	0.6317454012314373	0.5816723426536634	0.5900847309786708	0.29917440737449796	0.5991370646611475	0.701659777767403
0.536072264966712	0.5481263938198437	0.36338072866110394	0.6057038560977663	0.37693940717168695	0.48898717942596204	0.4122830476301429	0.41574757777439864	0.5144288328505349	0.45201013618674657	0.5239038149001407	0.4537831476815196	0.46266209909059186	0.5289452693990351	0.4606369551931707	0.5512391223195321	0.5814347868897344	0.6154680719629919	0.5293909592763502	0.4816371258690485	0.4842746251333768	0.5384410622704143	0.46968897577369195	0.437624314974109	0.4145805167876003	0.378939003434955	0.48421199609652776	0.6684785733054929	0.6131909439743748	0.6046285091549043	0.5794518343401701	0.352395532475302	0.648068425085498	0.38878301231789225	0.5839245127227123	0.5487535800736741	0.5693305526883883	0.6617179089381016	0.6272157465200402	0.5223407256269588	0.5690638742509715	0.6895930675489605	0.5376784920873163	0.5496306856978657	0.5319349563885372	0.5241538131345281	0.3390644780904569	0.50713929064126	0.388718522194187	0.5772457002084924	0.3347854513485833	0.6020249411780196	0.4270788181370969	0.5742142350244652	0.5460974594783593	0.4795996442608459	0.5763746074772514	0.56025780956672	0.4342516742579673	0.6168933123805647	0.5839266833802986	0.469008006726786	0.5802497613798103	0.6150184292052604	0.568041271789768	0.6761580850022748	0.36892455038911287	0.5730537966554778	0.6231642167798024	0.630174699289103	0.4963581038354751	0.513947642513525	0.6602849746332	0.60205572248146	0.5746806109536019	0.5551243137970339	0.6433806321409523	0.4699660284295076	0.5276973441250071	0.5353638059806204	0.6010345020375796	0.4384761884202527	0.8647449621824548	0.6265762990653048	0.6330411258324656	0.4096641496865262	0.45370987605316715	0.5522557542624856	0.5736932770683141	0.4336869651983084	0.49176611788720914	0.4153683426902465	0.48906203905976586	0.39389337829676585	0.4548288022465843	0.3956935301394434	0.535603601849562	0.6444370882026481	0.37712859508138064	0.5198638824904965
0.586134760994084	0.4620390493408808	0.6417557071794848	0.42690787136315855	0.5138185963499133	0.5819894642598253	0.3692543122143367	0.43740792197738443	0.6518954265385503	0.6322164774836279	0.41097678402021287	0.5726453647421116	0.5849620119870405	0.5836078183947826	0.4830973864997079	0.5897702755786788	0.44584507400458157	0.5891909781095506	0.6059743320416968	0.453851657778917	0.546510103228646	0.5119163185785001	0.5984493788304287	0.5933970145440015	0.6937658094935539	0.5047263691012682	0.5748930487157602	0.7059639484066977	0.45539111465025284	0.7572223503046511	0.48598294640169115	0.40361218678268096	0.4019141561604388	0.5039037313278142	0.4824847498118712	0.4876970851685028	0.6396116759321221	0.5691303984915607	0.6676595870812497	0.6735074876367021	0.4570137818505824	0.531840865698886	0.6148763308463301	0.4013515235923647	0.5776037489839395	0.6637331011870563	0.47300403619024445	0.5778790488438009	0.34609768076846303	0.3981060820778788	0.44862065753952285	0.4857914348146585	0.32844549068913875	0.4430308340093182	0.2890620990905919	0.6074160384346453	0.5586827922048635	0.7394514200097629	0.4988161114132965	0.4383890793562938	0.5690848945920985	0.5784161679128976	0.5849891888242706	0.5033496413181582	0.550276676906386	0.4725786568778192	0.60805571071071	0.3152995630426694	0.505622519803454	0.6743247834499669	0.49271851395466204	0.49003940481753683	0.31845574602296045	0.5665492858415022	0.2711493964865541	0.44340766655210506	0.46468678157460525	0.4199618754463381	0.6100265491937464	0.6811702332039782	0.5785492658312268	0.47416371181461875	0.5834804908919498	0.449730590354789	0.386443360052103	0.5439642085402772	0.6024661708555851	0.6390307386662416	0.5645829346309409	0.43337239562203933	0.6499933088493396	0.5490161796836477	0.604778587430393	0.5354475283372478	0.5041915372201852	0.47098531833910606	0.5279182373420322	0.46962856565450517	0.617766108470609	0.5964929710288088
0.537278465014591	0.5785680696088418	0.6232243938381352	0.5280475142123477	0.40816647807216533	0.47473103175792164	0.35905198029747254	0.6214976407479124	0.4946830805882433	0.43641253519688694	0.4577788075434217	0.6588955148191766	0.5753661943970855	0.784705860787775	0.5266267022134989	0.5407827922048635	0.45675778484814467	0.53198287813134	0.4777433741770032	0.6217974382910089	0.5095601485460344	0.4036454106480374	0.30573073984331656	0.4759014865145016	0.5353263844032434	0.45281185602460017	0.316468143764568	0.40629306990311054	0.43103711998367356	0.4673350576169889	0.6847580332109737	0.49124140833047036	0.5161454506685881	0.4974203538541677	0.5756348704620607	0.4739743226250966	0.6408678812768387	0.4009408656988861	0.6133554270356298	0.688809590023937	0.5231533458357451	0.5866387833219262	0.5608639331047225	0.3398848639881481	0.5062620602471163	0.43506432624777924	0.37140602086997765	0.6000683874190973	0.603547766106402	0.5140289776307624	0.341712313906783	0.3967206316438724	0.5852789028864985	0.6343619201751889	0.6536037454527144	0.6210848263217474	0.5955618118842869	0.5587847298015959	0.31414945063200495	0.5059078160406325	0.5580932864849143	0.54062049039487	0.6188141938268394	0.39094966956795874	0.479482994661767	0.4404164398172272	0.4137184256740355	0.45514948712133063	0.5423056948201971	0.446451773132269	0.46776448044460706	0.5439059973284773	0.43679319938136285	0.5970557271897601	0.5852286868932322	0.41740365128671286	0.605345222316034	0.6303284867904788	0.5704183456329339	0.6204599119539552	0.5787160961113214	0.5396327904392508	0.52161393369326	0.5680868933967321	0.4676205669047463	0.4059498790873123	0.40757266046391893	0.3617058101735491	0.5197932488185135	0.46329739003093295	0.6553765697925593	0.40697665454196064	0.6312118560246003	0.45318296052659135	0.32333095171682014	0.48185985898557926	0.558949569516582	0.4674079325710597	0.6422534588349471	0.4813075782714785
0.4686826062270102	0.46426597899235683	0.4939683379819464	0.41489357133706917	0.5609330658748056	0.5326874289658663	0.39207930073785535	0.6008685639803504	0.5165644157054807	0.4243729300140985	0.5557602850867366	0.5459332177174834	0.5679954912776763	0.6099017631271314	0.46683707760897275	0.6053348304415102	0.5320079054983342	0.44901411613988806	0.323435003471538	0.7355661414287096	0.6086703226616796	0.5372703261929047	0.6049682661803701	0.45884548009546355	0.3690473494218448	0.5531787204398704	0.6364495824644072	0.4063870252291344	0.36805599438578973	0.6100666087274925	0.4093582215429771	0.6193706804924857	0.47837878517899635	0.5884889545863418	0.4967451740559583	0.6345348104312347	0.4658659389718061	0.5414241042776802	0.569651189303059	0.6240284608948283	0.5361639943126235	0.6398576989216682	0.4274661814492603	0.5520827239345123	0.4932827368823375	0.4587455177618641	0.4753849922893254	0.5505851123509775	0.4920997643224978	0.4712018384599326	0.6307290400157384	0.43947275227577043	0.6555350952833895	0.4633745368527502	0.5825850664450516	0.48365574366881037	0.5883387303535503	0.6448700389865998	0.6695098548658168	0.44393486457668563	0.5163599990575068	0.4680371964935499	0.44151429976359136	0.5585997278331724	0.6329851617881284	0.4612309905602958	0.537928791652909	0.4683663026879874	0.34978076750457954	0.41190787371730864	0.5065080608722369	0.3037122079700313	0.5306183079665334	0.5917137571320069	0.5635138336418835	0.40775785311849577	0.49233071630181624	0.537070111965251	0.45782660098504724	0.5073809158160321	0.5491225633552296	0.35069541712194996	0.444587002864709	0.5044433365106026	0.4545663250524128	0.47229360782639473	0.5534039055349173	0.5256807780982546	0.2943392306104339	0.3541600273073072	0.44020576662177324	0.6587098419179915	0.5098765956882095	0.540505920818601	0.633307664197955	0.44584518229548337	0.4448474353483213	0.3105080326224363	0.5664619543103643	0.4871680036926406
0.7547807015883785	0.5667161055279215	0.4334348316185851	0.5263413435913442	0.5119266621929482	0.5359248423037181	0.2929832206601708	0.3964122868340576	0.4004666087274926	0.2944479591467053	0.4860270741692053	0.4686518637670456	0.4487642885813786	0.45465378017642755	0.614797446530534	0.3612911099419528	0.5958266986822739	0.434943528373831	0.49728091581603207	0.3735683956586223	0.5354578625350959	0.5235496577972086	0.5071955336523769	0.5254685628032753	0.5118579107951717	0.6020015795034281	0.37859124883680517	0.5748163480053757	0.5267726781200441	0.5673769240921404	0.35150831041214115	0.47044372965365944	0.6065162503081488	0.5386827368823375	0.4344326715546739	0.5220994123770669	0.5425034029238835	0.8127783896817895	0.5913386726768742	0.6623536142088499	0.4678766616044109	0.5961035100377103	0.6263245503891129	0.604009919604943	0.5518808357749309	0.515697626623012	0.6973808628476563	0.4889352224074919	0.5593017713666564	0.5467100832183708	0.46588725005046316	0.37658526301658	0.47013514001224055	0.5397557989913364	0.5153828710688898	0.6162138983810093	0.46250346530885966	0.5156137936213325	0.6115241913812317	0.49393061742751454	0.4732851052885274	0.5538581073667002	0.3500101915092725	0.5646350199505883	0.5001413012166435	0.5610975418736106	0.4615267234008493	0.2844182173317569	0.4148911052336527	0.5467244974207371	0.4836806427346274	0.5851848804671983	0.4249703462031801	0.5900139890157861	0.5092931970272129	0.5894473882653204	0.6022077854366821	0.5161700425178248	0.43778885806618995	0.43142049745732003	0.3808746922266528	0.48597036385930537	0.4626869946251839	0.5238515683212156	0.3877640331560992	0.4068413318205941	0.3648705710245089	0.7463183891847098	0.5279080549868617	0.6506225562927795	0.5770265597874216	0.449966282677712	0.5731559331778887	0.5095579143263967	0.5500829193289657	0.4918078231030828	0.49848287930841495	0.45357858625331793	0.573291007536426	0.5368224256374524
0.3519078937275839	0.6026744744677742	0.5156098560428918	0.6651683038467707	0.44594323881337594	0.5500538037179279	0.4145747451950288	0.45738724651923823	0.4786081738714387	0.32666655458204163	0.4310519449852219	0.2913789817505248	0.5763329010843028	0.47960573719489774	0.34944328354222676	0.4216955018713514	0.5067536506981754	0.6005119760862523	0.5316119749091773	0.5060806556824526	0.5686890899499689	0.48047665218781066	0.35971012441599637	0.3682538331448034	0.6009141337960134	0.5866368410168938	0.5667995088972186	0.45944961189128275	0.5557432035011253	0.5532911605561787	0.6063477531585767	0.5099810676587098	0.5723809864405333	0.5974681308167429	0.5126366997678913	0.4503076724374802	0.4808619519562144	0.7140950957804695	0.5434304455745615	0.43036608257495856	0.5191911005253527	0.5187889675341669	0.3386183844764097	0.612772488610966	0.5023559920316397	0.520443542498731	0.39556225681864465	0.4894039361388677	0.6092206022169969	0.5789266621929482	0.5872889957839674	0.46197467103930256	0.5526061091506042	0.5535226139694556	0.5184535412301985	0.5280200125024117	0.7920491057490241	0.5894991969723382	0.7602469621641632	0.5714097583456651	0.6909370010990966	0.5571808840350067	0.5202080526327116	0.5344704674419071	0.46462889641258576	0.48759973607269735	0.5704894112914496	0.6402162102875982	0.4792036795365133	0.6491764061791314	0.5529407067937584	0.6070763991166813	0.5148326950961741	0.5469910287237763	0.7293244632855614	0.629182823985889	0.5606995289074939	0.6632868027619556	0.5630200230960869	0.7328827686633631	0.5846015194726021	0.44025567422138423	0.4869640190311989	0.4835495706936571	0.3964245703993884	0.5138372459307007	0.36754145894469625	0.37329764663328735	0.5377559072822383	0.3553640908327752	0.4771494153197544	0.5893787675228711	0.5340143927525178	0.35321841154913514	0.3861850323098761	0.43292637498664344	0.4649826697890614	0.529932679794199	0.5601576624323426	0.46410566892454663
0.6915680519527165	0.4033765415427588	0.4588306268441146	0.5045494365071048	0.5801598260274787	0.5171120773147041	0.5950351670849657	0.4298684933558491	0.5978788004809718	0.331864314477029	0.5616808993369818	0.4575476036700492	0.4299912641387804	0.5207933453386654	0.4455932758912391	0.45979118762890414	0.4005952876436977	0.7897786109718935	0.2978765321261586	0.4132119125242012	0.4666098948863674	0.5119306492085401	0.5346494259134297	0.5695953441432987	0.5388620166953405	0.5353785556493673	0.5404556259613084	0.37072459511796374	0.5507744226764731	0.5305306327294899	0.47902262103190574	0.5237205315924957	0.6339162903286997	0.6132308457800685	0.5912202573340161	0.49573286106375225	0.5260704097652311	0.5701681826080438	0.6542870711350601	0.6067808228271055	0.4397620061016654	0.7183724886109659	0.6775184303823354	0.46311232685460824	0.4630685816364757	0.5123269423368031	0.6684288999438109	0.5248205433632459	0.6554975348111605	0.3520766474795106	0.4521412918000435	0.3705812336262876	0.49463330011273476	0.6676351317727153	0.6275431128663487	0.7078325279515214	0.636370007205574	0.5933220948793716	0.5707386997495998	0.608459836621154	0.5962432494070511	0.501464024916574	0.5342684144918227	0.44632243740820254	0.40287668750006134	0.412022581011355	0.6764787663457961	0.5315245103685623	0.490749510662831	0.4945285374047047	0.6282408915945366	0.5711848274988226	0.6633118819202506	0.5654847674679966	0.5547847298015959	0.6655994347414922	0.5497515224152897	0.5847347586399338	0.4993908674644986	0.5675285915501556	0.6315890993665692	0.4933287057264325	0.6726495742248823	0.5029182432274073	0.5216119913882276	0.4025350140652132	0.6389099996460441	0.4099535847819743	0.4084494812359555	0.6813181490614058	0.7024493882470288	0.58735571541901	0.564228788121684	0.4173997348956223	0.570355894334413	0.5398890699396938	0.4651787533979709	0.534632796324626	0.5031077583639566	0.6512326998044743
0.6279200454605123	0.4339179054068764	0.4976367327259919	0.5857867344916045	0.6485848875296485	0.546641212936017	0.5008915313348101	0.47580783134260785	0.5017014406085758	0.5337120102214279	0.5041890075547174	0.37090365834916295	0.4071161161215966	0.38297877458532115	0.47524538475238687	0.5885058019340239	0.3923579649406227	0.6422724697777656	0.5314807722128797	0.5124639707711232	0.6810930710801856	0.5508682132119942	0.6816222643781745	0.435826524475171	0.644526409121819	0.5758493494035533	0.44931808432227954	0.6359786921900699	0.6267702685162286	0.6287369834429711	0.5022786851276196	0.4759433706457782	0.5543037077863139	0.3540037960669403	0.6557579567010976	0.554301801970607	0.6905101326555214	0.32778918764719567	0.5057621744233932	0.3804851594339782	0.4534643851015303	0.4684872335714131	0.494351651893542	0.5733767804889879	0.5163622732976949	0.4144040573775948	0.4672747993404799	0.510464254446203	0.5165287822363088	0.5758453835753119	0.6846498378896866	0.5819751312756355	0.5380270353257297	0.3826290941611892	0.5452162938599247	0.32597865687781913	0.610320313833617	0.5019159207271433	0.5780614987823316	0.5341847733533717	0.551864127322101	0.6093869569587832	0.5118141326189385	0.5759538296135784	0.3289392164855336	0.5493372247433503	0.5615348633996108	0.6630973806143328	0.5529036112661622	0.5506450810670317	0.6328493729450537	0.5961328386993268	0.6297056712786968	0.5890828169234389	0.40773704347379724	0.5141079984872607	0.5461598895895299	0.7163409363233872	0.6058784226398901	0.47787653683445863	0.6108306762812656	0.6481202773442912	0.42863503172133854	0.4193037525151646	0.5414409021882118	0.2639120467107535	0.5275869922710339	0.4443931063924362	0.4945743779476225	0.5756138336418835	0.5600910475569767	0.6831890052005675	0.5375161479026221	0.48263722592042535	0.5752434377390543	0.5063995512719194	0.5528849428521746	0.3780847274474458	0.65833482573321	0.536288909857491
0.6000948827298909	0.41413232902584296	0.4766657706500782	0.4653409633961127	0.3838848722276733	0.4991015182955272	0.5914537189685266	0.5245659001283304	0.7627095594199866	0.45486169182263486	0.5725097242104895	0.47271384894385854	0.42417226496671206	0.4657351141165901	0.6298203279585173	0.47402659509967215	0.44802481640806746	0.7460393777448115	0.6035100820412957	0.4803745156653998	0.5055682096807693	0.399443362406253	0.4440370611299226	0.5171660896374087	0.3564681508270182	0.5080369340058203	0.5433411270095405	0.5032954477259004	0.5013078537070333	0.492284968747825	0.5290370929109481	0.46392867629955703	0.4719452493887596	0.4239369493077956	0.4558726687034441	0.6507206516541478	0.5467351035229148	0.48517268282834425	0.4826186069435885	0.42561858457916324	0.6187519908911477	0.49667479816340476	0.364243418905854	0.5899601756187599	0.495197631331312	0.5718225951362553	0.5307039020036923	0.4782267151613242	0.45334121529016713	0.6043224503560278	0.5643602015144102	0.5411686475526767	0.44799986084264953	0.5366186634431895	0.47925597437551437	0.43872884462128503	0.45522251744930387	0.6932369881512713	0.4980827415906375	0.3570993417525656	0.6576724038615644	0.4907413271122939	0.52032675635895	0.4796082327251898	0.41313923884995907	0.5465310435286718	0.5653600944005834	0.6034787957726716	0.5603036913072634	0.6861888898472157	0.5499036924843385	0.5924493788304287	0.3595076759687052	0.40707238855958916	0.6748183609349092	0.5240600061199568	0.4392536083234746	0.6790200984288883	0.7355972205321302	0.46635990018320506	0.5767432458758261	0.414365933086431	0.5905432211572508	0.45268285929813956	0.8051472576099932	0.5143036865989634	0.607920312656542	0.391555600065658	0.5510807121820536	0.5829055818209952	0.42996192252933885	0.6264744579887239	0.47474949536085576	0.45389759837321153	0.5064329140321282	0.7299223667837013	0.4957118654412004	0.5972825803313597	0.6838825238317587	0.436290828621023
0.5434135652687787	0.51972200542167	0.6558576777343177	0.6462556271383835	0.47012015257433915	0.5480807039425284	0.5452162173500484	0.6276472729119684	0.4698159489769438	0.48048882393101444	0.535320141980664	0.5186974100412084	0.6793370105156965	0.5457204644992196	0.36145583665773695	0.46486201080996536	0.705851547133865	0.5468141443896886	0.4630141961809896	0.5358015830346531	0.31835162599789146	0.5805557931059613	0.5885599296100806	0.49055581664746173	0.621945330606936	0.5152787639916461	0.46468291932896555	0.5466370705465227	0.4350787745853212	0.45248085696228113	0.6953641897070769	0.42337877105409616	0.44940999376066915	0.5552224221062274	0.47561621264174836	0.5237642673940281	0.584358154449701	0.6432186210684888	0.3955643745078551	0.45442879165290906	0.5930288893501359	0.7350101868009724	0.5625850040600756	0.42816004143220754	0.5541891982408709	0.48592884462128494	0.49503083165516815	0.5796663850832389	0.6125309069879695	0.42742250685562877	0.6020455683760901	0.460399648969146	0.5110371470563991	0.34354361430030733	0.368447478900097	0.5571848592798481	0.4086828322254141	0.5321307963429176	0.5411911746810789	0.5640286303936313	0.5737953888721494	0.5562331047182814	0.4844580920647248	0.5724851511944531	0.5050060361719528	0.3573397120341172	0.4202623144953207	0.5316016195239789	0.612818219685907	0.4341681826080438	0.5224953818096993	0.5165787734082461	0.584393219391638	0.6528890546377185	0.5860518060903696	0.45437469104957795	0.49410354534996104	0.41828895340926664	0.32993895752902913	0.5484349610968373	0.4280600284843823	0.5349537789993526	0.45871827383135777	0.51229750656136	0.44231411143158805	0.5137495730478072	0.25326408377032517	0.44413265154439846	0.49170581959014936	0.4655785980240682	0.3601599437349807	0.38547859684699315	0.6584516883828676	0.30804961777665796	0.37455580605378647	0.4296826003416352	0.6544013229010737	0.5075388056863516	0.611028320822901	0.5484906732471202
0.6074676929448353	0.66446767058041	0.6369908639332735	0.6122972782088061	0.4882534647203221	0.5957222702635496	0.7141242514120579	0.39056389308417183	0.6180412329462924	0.5123681790768188	0.618547247016318	0.49614950948575587	0.48962242799160227	0.5483452564512097	0.5950722202378613	0.7000765156471083	0.5135015147643022	0.6295412706126929	0.45254759072222395	0.4939934395046669	0.4701287669343336	0.2873287245596329	0.4768370187552218	0.48343289284477775	0.5759954406634504	0.5737224397623526	0.4973370034532466	0.44654341772877904	0.3323497707964105	0.5012497001719092	0.36617044036918167	0.34001199256530257	0.5090996089485952	0.5258328339910268	0.4449037678171399	0.5363790005837251	0.36093115535079867	0.4868248199392927	0.666080851076906	0.4833600025887319	0.5330476531072	0.6817477343253764	0.568836861027169	0.6831077501244316	0.5000620720178665	0.4710724980275661	0.4627058784439002	0.48138511588220234	0.455512189136831	0.4693912594304803	0.502959959036956	0.6513952593938973	0.40663497169051255	0.5750745662796258	0.3800347939521844	0.45495982955870384	0.6288806533283027	0.4842724132781647	0.5290222478991242	0.406528676299557	0.5412477025443508	0.4801560473541657	0.4958330011356794	0.4824663815520137	0.4264728123065965	0.5785937102319215	0.5288915242723599	0.5087830335052426	0.42334328118807674	0.5862349834612627	0.4819974794886345	0.5951078784256086	0.5423890322732929	0.5059869192923826	0.5136870558330848	0.32526206142419134	0.4792308151761179	0.4678225515844795	0.4536161938085479	0.5632768193324637	0.6163766474795106	0.42158081341050546	0.44435383903017855	0.5425163703698009	0.4519745203737	0.4742725321627417	0.5407850429035512	0.6269911593791035	0.6702976160293368	0.5419330046669047	0.5230681296396679	0.5035367115386414	0.55525572248146	0.7103995277304188	0.5461828133922138	0.3965245574515631	0.5846180772598295	0.6018993476379408	0.4686970098357014	0.7526738753365888
0.4321865473366762	0.6616865779406267	0.5307470269032892	0.582519963065261	0.5361117206609729	0.5742868239493059	0.6046763414400054	0.49183679393389285	0.5863076830311553	0.47880149828525176	0.46990350297526035	0.5064140066719114	0.6127013193698487	0.5246199736589361	0.5541721990505108	0.5938951970089212	0.464089094658269	0.5186370140469218	0.5256873018417643	0.40321449162681966	0.4509728299627217	0.4396976866538381	0.5144101656136221	0.6201309317065449	0.5380787816477715	0.4466181349365054	0.6099265091731957	0.5757850017059255	0.5890225751259799	0.37459957481341966	0.6544702461518033	0.5544307469057669	0.4604371258690486	0.4910975607068109	0.5749244774104616	0.44608511235097736	0.4963206316438724	0.43652690937870253	0.5660664192184143	0.5470394342444125	0.556841264727318	0.5827058890375755	0.5477703779842057	0.32257860861774335	0.5483476213261744	0.272701745471006	0.5636266527763482	0.6541663744895636	0.4088164033279016	0.3605478073040277	0.5897350140652132	0.5881266033391973	0.47154956009998195	0.6274641096659757	0.4257285927272305	0.6068223950335018	0.5477495294960313	0.5008765415427587	0.5872140266821866	0.6369077571868815	0.6314746051231013	0.45807038857788074	0.5779434965928054	0.5212226222089807	0.4202748028717048	0.5445040361902446	0.4319727993587713	0.46623324949850875	0.6256225680635299	0.5503871511761614	0.6574537177914515	0.5085225492303294	0.4422851241217276	0.3524809440658325	0.4645163115160499	0.4337767075103366	0.5948622944850451	0.5607622250376192	0.45523098349784585	0.5756810676587099	0.47908717236351184	0.4792725333398168	0.44814342479122915	0.4559392388499591	0.48143924708948416	0.45633714823347404	0.5168498908580627	0.48283730478445175	0.558406091494479	0.6977872241548129	0.37082879282998404	0.44705143295758815	0.59687243564259	0.5481911181814779	0.483674472113624	0.5570743520519721	0.5815869240006827	0.6074931275797865	0.6163262160815157	0.588132323140468
0.6098158383318919	0.6106905873206439	0.7885865861801519	0.5441095076286858	0.5879283384790261	0.7248511869489088	0.4167887768480136	0.41937842028574013	0.4047765792091593	0.6022079290398346	0.6446912005767294	0.688718227925432	0.6149409598648876	0.5026430257627974	0.5030556612735589	0.6251203750415181	0.7071182632376826	0.6356870322915844	0.7019934830564426	0.5780435413216561	0.4915167811689831	0.4324292989722428	0.5532248681993684	0.4720955642563275	0.6339266986822739	0.6293122009075812	0.4017847427494211	0.5805265409542213	0.6644162609018242	0.4978266833802988	0.5730161855690228	0.7268619637269647	0.5053765650842591	0.5150120537732037	0.3344933688801657	0.5986017030963052	0.4431101514887219	0.5677642673940282	0.4933519838286977	0.37329576553615595	0.5232558625533874	0.5388370399425721	0.3746663050421374	0.5612017442939309	0.40223732597180206	0.35271220797003133	0.39304764251352486	0.691060069682008	0.4629997843327731	0.48912902706791317	0.37556228506844513	0.4085828981416153	0.6282121538245803	0.5374764050020564	0.5551929498414585	0.5218617600929861	0.32613689398526957	0.6060576730260177	0.6636181255199052	0.3975472729119685	0.4222954818610761	0.46072270578130725	0.6280289293706864	0.40969546420495073	0.57214764604475	0.4187581214916003	0.40231036453930047	0.43506244279649786	0.5557975042072101	0.49467678990558817	0.4988871205722111	0.5113163350575504	0.513760256836936	0.4283395048689137	0.5670351564912908	0.7138080255599861	0.45183933890133576	0.5762810982626603	0.470310211519548	0.7152225456991045	0.6369308610820436	0.5788557966371863	0.6185828722459648	0.42743298583370426	0.6802453388464612	0.4906663580105134	0.45851021505077294	0.5817707028569111	0.4379310529452719	0.45065416390288415	0.38855600733361495	0.37271008204129563	0.48938091699310715	0.4369453541484364	0.6271974806657095	0.6741576177034917	0.43275360832347465	0.6535345926723559	0.4901511787093838	0.6698221125354971
0.6277076441876797	0.6452261666443649	0.7017991698996127	0.7068323855254439	0.707490773298497	0.5338845473549678	0.4804868368971311	0.5974764226581817	0.5704661178872091	0.5664455836780653	0.6617747687365293	0.7213685051265994	0.7499474600668967	0.6618205068739202	0.49506212380916736	0.5399182467586323	0.5771494412154049	0.5928306751041906	0.4345098842926922	0.5509478143664778	0.4637770947680183	0.38079165963598716	0.35197476520530413	0.6213786239197187	0.6379743673539473	0.5221056806952968	0.5102992546490142	0.6204058195901492	0.4807412764980682	0.5533911299522282	0.49214732705741937	0.5090224091584021	0.5381953723930991	0.6684953182476482	0.5549433023754271	0.7374495859956324	0.6200246469092647	0.40182664218267294	0.6222392718080597	0.4990476342739998	0.48243103411207167	0.4835915360431102	0.3761455566053399	0.6001662508966864	0.5464247599084665	0.4201060232241278	0.4682184397989356	0.4466936007639447	0.5681539473210804	0.619735233001167	0.5482413071020188	0.4459642050090522	0.45006416498850144	0.5410786321592439	0.43364308932484835	0.4915471763918168	0.665084742749421	0.6618368786832944	0.38817653683445863	0.4853327398250251	0.35757250155879117	0.5639100149480194	0.48166637095833853	0.48628312531709406	0.6256204809782697	0.3289142173683399	0.5179956360579038	0.5499582745113532	0.562460253305711	0.43430175371053115	0.5181808616705813	0.6813328292827265	0.3822685298451747	0.5486414306948957	0.39845798024259793	0.5191164339318521	0.4516165222124787	0.6483976984245883	0.710445507168189	0.38602038681226825	0.42735162128959137	0.5431411693842412	0.514636856318869	0.5231995536260693	0.4786453412006111	0.45592250920977884	0.5931642650398783	0.5912726275058183	0.5087060420573282	0.41279150426208455	0.4097456601879417	0.4290580285026737	0.5822435695714566	0.6000789052406484	0.38856416381142644	0.3648349752217376	0.5571348210249099	0.5844140078489862	0.45591197255502725	0.4879430846165483
0.4969077124580308	0.4688282949272504	0.5204949510002419	0.5456510527623566	0.6396405773155063	0.5120574164236633	0.5588869216465325	0.5426723885595892	0.5303973405937821	0.45305999199505653	0.5043933406303651	0.3180765803862343	0.7115538107803782	0.5762246257219141	0.5666223079299503	0.5637473011617689	0.5006390257993804	0.5326015924512535	0.6161975348111606	0.659097503030135	0.6745099184278678	0.4209204162391438	0.45024961306835776	0.6707808110563553	0.5001911746810788	0.6871409257297122	0.49150342175708395	0.5914180902076547	0.6157350234818135	0.6197413165186189	0.45762682462930115	0.4538165163271034	0.5243622956621203	0.36836217324631815	0.43272886345448525	0.6092516271749665	0.35537250509001617	0.5488328940218526	0.5126744568116488	0.43457652977200856	0.48971635035952576	0.5686580602836994	0.5601704780355824	0.4923099914065191	0.4198415072047721	0.4408562215612687	0.4340602109310103	0.42787466515392747	0.5096204456660192	0.49981853985031244	0.5858724850797409	0.5391994912410932	0.48009728997955625	0.5467391682254579	0.5563200890122881	0.4473241666626563	0.551440981052238	0.4691032840393065	0.6206075782714786	0.5924597742361779	0.4789619284147141	0.5997641037806005	0.4999661814492603	0.48634956480828206	0.5162559002197881	0.3243455389492146	0.7224413942055702	0.5970767969680382	0.6621226198548306	0.45779361371176985	0.5083185928186883	0.4823808946286817	0.647189332427423	0.4531706110450596	0.5237141243794132	0.5024100855725208	0.5388767651870127	0.5281286916015322	0.5263099125424926	0.40564523055555923	0.5265160078306949	0.45474529764883553	0.5408993888355664	0.5510097406895398	0.5706387409472256	0.3618054888320686	0.5108764826890078	0.4184225256888291	0.500031048236972	0.5051789793963747	0.4254205845608716	0.4030663179899626	0.5098768205095385	0.3378912276494548	0.3382869863856587	0.7288743037918963	0.7246015241809022	0.7644016112844537	0.5513141067232881	0.643805638320596
0.5040472587870684	0.5578867792204552	0.47107835672368903	0.6195241101630555	0.7095219383283939	0.5098470657467649	0.6816285833106305	0.5497413565391696	0.623162104975967	0.49495164836231687	0.6305472328914179	0.5818514741552139	0.3113411364261407	0.4537494023719292	0.4713326150550729	0.6981452529199845	0.518276562730109	0.6179517072160678	0.4707809758468582	0.522516255016449	0.6518432953129769	0.5251390399242806	0.5925079266856845	0.5509078537070332	0.7533889051491909	0.6411847533430962	0.7210826862681117	0.27726188486293823	0.536932971708804	0.42523943777563744	0.35351658106622963	0.4547561968426933	0.4481580567524742	0.5868410116561886	0.43800156773267795	0.5716807639733544	0.5609786250967936	0.5081204256557438	0.6074330517499054	0.3988371258690486	0.5573391011321815	0.5171539367274053	0.38383918705865816	0.5296017231065806	0.46882472224206595	0.4067895760819523	0.32103720473307507	0.45614939413240396	0.6093078819568337	0.4605725109753913	0.4153120502419785	0.3612619943309151	0.436168200264169	0.6326204009371684	0.46518680276195556	0.6198950133852181	0.5940762284408032	0.5959239465496275	0.6318135994039542	0.6184159030710179	0.5686284444157781	0.48556596839868155	0.5786679942760405	0.4691451775871834	0.5666662038136856	0.4947663215211877	0.5854601544314094	0.6120416331517993	0.5275520332658484	0.4207624345569727	0.40657077701263744	0.5023017501793062	0.5407453800440868	0.576718333862184	0.4425015971595534	0.6077621567672679	0.45214348011375505	0.5651954194761	0.5406742731879457	0.7155534788452222	0.4738555141391814	0.5119367692153175	0.45084943768417973	0.46821393369326003	0.5947741837302443	0.6144951334468702	0.3920474365253963	0.38767051334783287	0.4800976066127367	0.44343092464409484	0.5743829887763919	0.4667705545454587	0.48150393496179267	0.53001212792893	0.4538056924660471	0.525319964242336	0.4407638318762707	0.7446202490944908	0.6481452529199847	0.47294108934313994
0.5549035936100369	0.35913673390306683	0.5512241501836062	0.45029910280633645	0.5170910145988763	0.5400034017468085	0.41735346118909716	0.4691493847158039	0.4534184339135605	0.35792875987188355	0.557480670984428	0.5154972852712562	0.6080555600451072	0.7663305503342384	0.45893670094496636	0.5455744803531493	0.7741996254276456	0.38921018326974743	0.48122869748690755	0.4611161479026221	0.7020496542659835	0.5220558543138624	0.5296394683795879	0.5420309658417205	0.6699224727204531	0.5906932429331385	0.5918556930545845	0.5663848333841977	0.5119537719369024	0.5137810099820338	0.5034186163601887	0.6272164668899527	0.3126122162095565	0.40830578192374856	0.541622530397129	0.7520265915684471	0.5026202855838166	0.4346059114020008	0.535343416551704	0.46291003260414476	0.4190850217162009	0.4757496248391079	0.36730370072386376	0.5519641967695269	0.5138870193437594	0.39376632034411263	0.5517638365845708	0.6294700637051751	0.4935599201934804	0.4908598507460543	0.5042475200977227	0.6026972652609808	0.556792987507859	0.3286202526257159	0.5738201090225635	0.5050574234861134	0.5387053075625154	0.6387613010337281	0.5050841895241616	0.544228212531999	0.5319595329357987	0.41274700924716395	0.7334762001910029	0.757401395879725	0.5337181820195063	0.5696306762812655	0.5287998008118234	0.620276967643916	0.597177192465245	0.6059313060164012	0.38688737364334047	0.4212891829388955	0.5576934289109917	0.7269974535929841	0.48715985074605417	0.5119705651391337	0.4803894242392748	0.34585602028144014	0.5984660908144837	0.6196847968948721	0.3781722955706627	0.5075911040565777	0.7237578283999202	0.6882890299191429	0.5639160454970954	0.6786597977776783	0.5620952123108964	0.6794786286280187	0.4415016595445296	0.766122520980529	0.52375989665198	0.42395998964090653	0.507549677807484	0.33530797729991035	0.5764223467734261	0.5419180454788038	0.5648244009005854	0.5324348516288604	0.5052807121820537	0.5189911652644787
0.6022889616487918	0.51227841086914	0.6115761213269766	0.6974866638671031	0.6278783943900896	0.6210346785988324	0.620374347343672	0.5714078548841084	0.7132203208960671	0.6262454589081131	0.5905119195866513	0.4933326586068486	0.592678528576642	0.5548118007020744	0.5419766003965099	0.700987179425962	0.5100827945590135	0.4409806521512276	0.5307056865806721	0.5387204503743193	0.2114413000395685	0.4961226857710319	0.4420644168825557	0.5094581685746012	0.46218733715401483	0.5856787651687211	0.456312021992178	0.5446411893945166	0.46729137125260733	0.40641843862186067	0.5263477249087761	0.41299755482143585	0.3390287127888827	0.6160057230699975	0.4463099537401184	0.6345911888059791	0.5343141137857381	0.5045476036700491	0.39735584842848715	0.6680496012976075	0.3874432811880767	0.5590205398320209	0.4887142362015403	0.47954120469649186	0.5154243879527602	0.5109493658826035	0.5981785226912668	0.4284075559070531	0.5250200913664381	0.5474513870516622	0.636943185845	0.541886828657606	0.577276387345931	0.4904948862611158	0.6369657176817023	0.554376087191801	0.5845949356982667	0.6942134852276773	0.6238259583020862	0.6243593057603198	0.49096969410361885	0.5782239441954774	0.5050199536486608	0.5901201160850136	0.45807423081324494	0.6031325868052726	0.4134265068190457	0.5624100667393204	0.4576996795730963	0.4177936254825202	0.6684186964012901	0.4812082739228154	0.42401237393760915	0.6909642191339525	0.6040433812394536	0.44400378194204015	0.5198976407479122	0.5328829346309408	0.46521616085044737	0.5705264644443448	0.4758014594417761	0.6048681472957932	0.5609620437680659	0.6803222938050502	0.41961403845293677	0.35363282692857656	0.7704306339065649	0.6978538319677285	0.7339391952981834	0.3795454589081132	0.5324973829684827	0.3786329069696779	0.5876850111225257	0.5909429786797965	0.5493577601295692	0.4718974218119585	0.5433473600155199	0.5116516742579673	0.4368599790472314	0.4014328022100011
0.6655472964534688	0.4652514223639129	0.4198388115717267	0.6182261972483153	0.677140909250662	0.4846868569074065	0.5613223926793517	0.5164327527728503	0.4941725286315167	0.5401309140504196	0.5137766710210111	0.5661016913255551	0.3692642297276276	0.5054746663310025	0.38604758248269877	0.5539371235148985	0.5415182220400568	0.47767864039876895	0.5434035665373114	0.4701538190199034	0.5764142879928411	0.5589185269024871	0.5329726628180689	0.5586309458314452	0.48280396321159325	0.4795600814527581	0.518372372080539	0.5124288116631843	0.5282225527615545	0.6342015618473029	0.43300378311911514	0.4557475165664977	0.29642466456538996	0.47415994020375574	0.5209141279106383	0.6548682202744442	0.5518953229559485	0.4728161996939231	0.6389143174197166	0.4639245998262639	0.5726142373786154	0.4252391458610324	0.5383599119539552	0.46470358183928673	0.5622741625428938	0.5116658883575802	0.4452367621528674	0.4628617871657116	0.6700554682332556	0.4174054405719927	0.6570908568708235	0.4666574305485635	0.5977886202970359	0.5312906497056199	0.5617552716617273	0.7750845508861929	0.6374907591735967	0.5230780777569093	0.6740572798829609	0.5178593398954954	0.49326778004838684	0.637192985153709	0.48230129700542335	0.6161596894867762	0.57398885806619	0.5471722626125619	0.4390763355546302	0.5033806874634782	0.6235183220914337	0.6329018737721832	0.5399917926454646	0.3502835773139019	0.4666333330708352	0.5157538390301787	0.5942204515513944	0.47735172134096804	0.7037329269799532	0.5784952746958726	0.5836097136168144	0.5861681272855178	0.5715035582977863	0.551709697137764	0.524493100507061	0.5966263832261687	0.4706182220400569	0.6358869275319077	0.4265161408401721	0.5039995712821946	0.7670746192480017	0.6847684933558492	0.4318808757954815	0.6192078701860835	0.5062785073892917	0.3993970757519026	0.4505306221358145	0.5356995606885194	0.5257932711829391	0.4389267916712005	0.6081578860765963	0.6086076865623804
0.6733807192445038	0.5363389822476047	0.5167472069957673	0.6340720731034837	0.5103701920063524	0.6791807098279037	0.430866340354388	0.5012246115970139	0.5240789228967738	0.6606351223561151	0.5868414295178207	0.5688455836780653	0.629453803717928	0.40933311766610647	0.44766016502508454	0.521812140876755	0.42621209261667925	0.5813348622225356	0.4270536660001506	0.41575598614626463	0.49729571727608	0.5621288293193096	0.6102662579591366	0.3438183244455837	0.45637897704222474	0.5775081573923885	0.5347913182842314	0.4000473894423954	0.5661453953460621	0.47456009086935824	0.48859132887790646	0.535845328252786	0.5071849593312248	0.36685789784734646	0.676651478863514	0.5666973052815315	0.47435363304205	0.598822513918079	0.5970705533683835	0.38149551128795167	0.5293162314749487	0.4031724827255908	0.6493034570693346	0.6676595753104995	0.6207429080552953	0.48408882863931446	0.5767283526039265	0.44599279682170584	0.5544323113697176	0.656542719723292	0.6146324020044942	0.6194115664641453	0.5498906191016693	0.508961574115133	0.5236366538619655	0.490347243485093	0.5094201784699897	0.37007408956424254	0.4930094523061598	0.4898617271348855	0.6968637989181701	0.6983909698700252	0.43772422433933234	0.4717054370407676	0.5539576565469674	0.6056576506615923	0.5186681272855177	0.5790931970272127	0.5566390728823811	0.46652063046679737	0.48611879998389174	0.3170917326146384	0.5043894148226745	0.4254017913769318	0.293116371546876	0.5302537919471779	0.4417098619282669	0.5718660578563832	0.5997910887546025	0.530722180805848	0.6879493070288525	0.5095825485503342	0.43768052031882526	0.5234971287202784	0.602528617445806	0.5892408668759611	0.6107241407670059	0.666365991940182	0.5863911935142792	0.488795470090326	0.4185787227940204	0.4062849028316239	0.5530034099863337	0.511499306440315	0.6355554388063802	0.3698389528207291	0.5339410316664639	0.5867953735701743	0.5777494259134296	0.577855608305183
0.579076501522208	0.6669221737433979	0.5980430281169473	0.6339576730260177	0.6720888863159904	0.6498766086360349	0.4251371611812993	0.5494206540082979	0.41166032510728734	0.531843529550906	0.44821220914710624	0.5681288199027095	0.6342307551452919	0.4252474153380459	0.40787873574184563	0.5776475989617491	0.7800308646132689	0.5118310211642465	0.399503886701717	0.5691809358263075	0.5028809464199827	0.6418893583230735	0.44530202326071067	0.5002331259056316	0.6452310552994219	0.4665725662979173	0.6302079596437851	0.475276615698485	0.4624264938712205	0.5051642979979787	0.5397683909503223	0.48482655154789644	0.44223272923134993	0.42798929122979745	0.5592016277635039	0.6078910958170525	0.40613500817983816	0.5551079337481346	0.568876788728513	0.45529750185305995	0.5079849075399239	0.3685140302134118	0.39474293395094573	0.5476803731844477	0.43145962003935023	0.3540638707197465	0.502655371713104	0.5314532010555175	0.6004051992716135	0.5446488185427192	0.48717403895001665	0.5307198900866097	0.6099115229123695	0.4784220113070452	0.47236573651490266	0.5174429598465962	0.4381409528024376	0.5507470645696899	0.6432243126199589	0.45270138646312486	0.4318535365218984	0.5634764768036327	0.6612597542259024	0.5367701260901512	0.6352203291355923	0.3913536577606255	0.5561994500434675	0.38174723406849276	0.6026203456146426	0.3073622050273437	0.4837539849874811	0.5441182961957832	0.5576932711829391	0.5876245962950387	0.6783579425761973	0.3689601520772593	0.5489451693476581	0.6515534046894962	0.809843307083727	0.3751285044466041	0.540584678010295	0.6353637553663944	0.5082199159822601	0.5988263373202427	0.5938098501575167	0.5895116335574213	0.5837638271679706	0.4687660660959082	0.4577203597395427	0.5075244185567107	0.633816073746896	0.5448409940000634	0.5441240713195798	0.552974166074119	0.6528533187630197	0.3691284114576775	0.4704411717383914	0.5701828404649393	0.7735368657354692	0.5642869240006826
0.5459929816224841	0.4901930039869094	0.7979137877359576	0.38244933527865305	0.4949347821814343	0.5612243232136341	0.5294245656910882	0.4894392082460084	0.283533083530931	0.41631433036754184	0.469620319718992	0.6439994912410932	0.4749993841272663	0.73418288283964	0.5422163044535998	0.5357454141792624	0.5134685180744245	0.5652475836597739	0.46438937362504873	0.45746840742937256	0.5883663721354135	0.43620402206534425	0.589593556035094	0.4928372023789248	0.4843078796026836	0.5853620002162901	0.7073663921456887	0.5947205221758955	0.644603599495412	0.6736431881991501	0.4857680743171419	0.4265390811219063	0.5487661496682348	0.3112891252622195	0.5650704391921065	0.45894335416672793	0.30991635506782567	0.42578727712318876	0.393174528613225	0.3798454247729376	0.5764808110563553	0.5070139466410853	0.5716180537183289	0.44489302164303474	0.5286764332518568	0.48339521231089644	0.6989491952067256	0.637015728863915	0.5827510056793557	0.5546635729197663	0.5604970251376766	0.6199407091479083	0.566415668833089	0.541801219318472	0.6723762978882295	0.6010657624105529	0.5302387256452501	0.44555333759621996	0.435549278779052	0.4667890746479937	0.5324014335461256	0.3545409351463123	0.5415284503011532	0.5025970886997277	0.6493325197119963	0.5321430481272226	0.6442034935586601	0.5552305256156629	0.4996431905533001	0.4743997031145968	0.40364555542826486	0.6150974123953584	0.4205286845390822	0.6756287563406584	0.4249870993848607	0.40537876634579617	0.5452827039242369	0.5365348563371606	0.5935119819716275	0.4723701437462765	0.557451308187636	0.7045721143011094	0.5547304632306869	0.4951576035785914	0.4434848675193732	0.3497159030710179	0.5000679860365154	0.5865306362607149	0.5100141114315881	0.6176034782566849	0.6226973311771821	0.7261261984253904	0.5980365832374643	0.5289388657171776	0.5646264161842691	0.523149334101578	0.5220347303901334	0.47556821792029436	0.5368452411492346	0.5004452093682089
0.5897326574297737	0.6457849404980245	0.4892681826080437	0.5777825214776087	0.49511595250816887	0.6594577742544695	0.5419369351828953	0.5102203409063424	0.6591953782784743	0.4331787322106204	0.4684328422305518	0.42785991195395523	0.32771819614440645	0.4790537648744523	0.5986850534972263	0.5589600449634325	0.35255804733587404	0.6461997443122225	0.5407455212930893	0.499370347380255	0.4077827792570382	0.3411933994841162	0.5653768981964898	0.3525663733124885	0.5043847863011969	0.35398905699186844	0.49040377370251487	0.48479537003894924	0.6295515730295155	0.3426411352490657	0.4783284432387031	0.47128495697707484	0.6365121020332796	0.543080787514855	0.6661682214515193	0.6141537107290013	0.36229546420495073	0.6653623439221962	0.49010375840053966	0.20903491165968646	0.7670454224187877	0.5221932288082383	0.654638998726655	0.5505223373568258	0.47208689457380715	0.4667555729929325	0.6484514447283385	0.3939304232101361	0.5952490245308477	0.49144702690328923	0.48988040731962335	0.6043199324613103	0.42591153939141974	0.5161200113253368	0.4358325844511224	0.5983139230995849	0.4242659248469058	0.5484804014342481	0.43998254384203417	0.42222214902482263	0.553655551805582	0.6608327198147498	0.5814430869706984	0.6117220430880708	0.6630220277860954	0.5032370081615466	0.46426012147330875	0.5432578754829211	0.699735003471538	0.3668808357749307	0.5328371329314987	0.7770806227243521	0.4473952688104974	0.42111839742423496	0.3448226339797309	0.6899662414800862	0.5906307904575425	0.4510141691082641	0.7483638518865462	0.6599200748873879	0.5580721001762092	0.706272088405459	0.6706952605709723	0.5946161396630971	0.4256015124101521	0.6097199877838364	0.5418428539098444	0.7347888027436642	0.6293597012575267	0.4849284055723024	0.5192285880189306	0.5605347880668095	0.4962639954896987	0.4562680342965912	0.5193451917120835	0.5033515259465147	0.7649305114907625	0.39093897165392943	0.5330325879823474	0.44026583068090425
0.45833062213581455	0.5624472222977426	0.5592803625907726	0.4614389080918784	0.6244244232650108	0.6524974135724334	0.5457558107620867	0.4041742614171955	0.4713721719777855	0.408193096975836	0.6354015147643021	0.489257870774621	0.4277370093386216	0.5042910145988762	0.5228286715912569	0.5532286327477813	0.5042266056933473	0.5235016301176542	0.594288971065392	0.5385576447762173	0.3886619119356637	0.44644542712708757	0.4829226845939568	0.4776289964639626	0.4478995347928689	0.43229721582382996	0.462295358268199	0.4325182173317569	0.5076367951109679	0.6376597860069281	0.4334575941619913	0.4234160855176461	0.4768807580879795	0.3776078219260077	0.5528620508305162	0.5024746321958268	0.5133706534197603	0.5091684709914237	0.3962704038798559	0.626993272360014	0.5195243502863596	0.45526801781754084	0.4254327833768008	0.5576160996425464	0.7308138866102591	0.41765559418028286	0.36286173419733564	0.5069137853818074	0.5201260536451628	0.5163552222245764	0.380961756561761	0.41338034022634723	0.5072823237290054	0.44273471037985807	0.47762035620831766	0.581934889295261	0.4759306751041905	0.5348535165116229	0.4566389563519542	0.5205743238021716	0.5571931723086374	0.5041950298642683	0.6654889298677662	0.40093055504253844	0.6480452493887595	0.6085016548362295	0.7448247610855417	0.5621954453717504	0.596168320325821	0.5321452223160341	0.616757806035495	0.42943904345550565	0.6069391541005577	0.6042162797350243	0.36213083165516813	0.5247911017024275	0.4098785791908679	0.6265034806108348	0.4466514682698387	0.552101337025974	0.4525659566279314	0.5534867427311294	0.44924109875974017	0.6254681272855177	0.6040868251263809	0.4874096241591128	0.5817805073710001	0.5518181867278064	0.42489722053213	0.6468619260605638	0.5705660543251581	0.4878661261267343	0.48366191664396385	0.510597275854656	0.5765765509593588	0.5591473305886444	0.5688346585885572	0.43790755590705316	0.5274867368457545	0.6001431693659498
0.5841055959458954	0.49714718580841694	0.6110034088092587	0.6714909510368251	0.41421604549709534	0.5186743508748971	0.5493847097913206	0.5968013429113491	0.5000992723051394	0.6797222431908243	0.710945217607734	0.5825495365584814	0.39689108875460244	0.4735513576247868	0.4935764720953325	0.3870202396778907	0.49184117762376633	0.473551478863514	0.5328702367352031	0.6310076995102055	0.5489912194099297	0.5490183397475589	0.6801579249200721	0.5928870464164847	0.508820315010692	0.580530525615663	0.626011781868874	0.7436681155147675	0.5377825956333351	0.48229513344687014	0.5323576294742418	0.39992865864343174	0.5312682285139696	0.526951769601044	0.5858850334869512	0.5228079443418099	0.35102469516934043	0.4997287575177335	0.4955183891847097	0.49585156596706537	0.5847702944118791	0.4931327468874751	0.41350344059028427	0.2959058419545746	0.43157647091825757	0.5028930028098344	0.432938657374899	0.5574345985577311	0.4570927544470051	0.4938262561020663	0.3734658695243799	0.4857533187630196	0.5924762366803284	0.414472319112163	0.49157255452716697	0.273105919641526	0.4074058148818491	0.5903037572234647	0.6952535435843485	0.5609910346091516	0.5981908239127227	0.5529847156766956	0.43147225908133696	0.36460987958439217	0.3510580720544495	0.5173455413033646	0.5786641979466022	0.3153433977185037	0.39272037268736804	0.4509307833950923	0.5426348892952612	0.4726389704768543	0.4800245115456374	0.45488700875008414	0.4571286986639824	0.5365995347928688	0.373430531501038	0.5843595953207747	0.40601782183455004	0.42965563302375853	0.5188160219555951	0.5797452270243343	0.7779327186376748	0.7466346574114822	0.5114054923632936	0.39394303164817246	0.4049575882766162	0.45506815200409323	0.4205889098574908	0.5880286692371071	0.3381474482961464	0.5753098795843921	0.7476598236733287	0.6642284797280287	0.6756242749535581	0.4651971193036783	0.6086575011730646	0.4299533670230955	0.48980336996578305	0.5676431717200998
0.7786513081876361	0.4623617883427865	0.3408596424037756	0.5625471434337164	0.28957450389464967	0.6170494094343791	0.5691576589011175	0.5833409422087623	0.5762931452359118	0.6373327457104002	0.55809750891551	0.4723015865658783	0.5046285950813807	0.41945360832347456	0.45910167837772986	0.526761868383888	0.5787202314383656	0.5225013593903993	0.7432887815563136	0.349676435606007	0.5849890028464174	0.6029036618803879	0.5111183621119842	0.5547015842117282	0.5559493717679785	0.48103683042321854	0.520551482394739	0.497688975773692	0.49984510107730706	0.45683057976111385	0.49727640264790635	0.6044723814971391	0.5588764285435568	0.5347308328322432	0.44709543124685025	0.5944786780651695	0.44778905110649325	0.4384474659522718	0.4366037160258389	0.46435344824127184	0.573082652132936	0.5966763626273557	0.3931158336235918	0.4576679483701147	0.5080617165412104	0.4038055017798937	0.5002803025599466	0.5120677953503621	0.48255531285935305	0.4667490068747223	0.42690132407814874	0.36272836084345156	0.3455596141539751	0.34252230086750024	0.42289949359524326	0.5258432917817517	0.5281598966519799	0.28411817848828114	0.7085511775323088	0.5126949568856171	0.4891011534022708	0.49839715932422907	0.47372228909674996	0.5023724168093897	0.49349315818373707	0.5373411517281159	0.49751823381080706	0.5282829052040654	0.6344475106811226	0.5001454424290628	0.5398827251115873	0.5177326291799731	0.37664939295532895	0.5081326256487481	0.5177035371104358	0.5200890734709187	0.5761015124101522	0.5837493129142276	0.540909462899835	0.5393680307653661	0.4561472858597937	0.6181119278261764	0.6399326880337242	0.5988282772711251	0.7103658530453296	0.4768804649962993	0.4945680684317668	0.6748973217605818	0.5259641532177514	0.5964163056306748	0.5628433506355028	0.4692517048619178	0.6126888674827901	0.517280672161503	0.6037618307174872	0.6091659048366307	0.47752629494554205	0.6456763414400053	0.4850471987562422	0.4223096806587137
0.3448159395603436	0.40355558829490773	0.5103722190607862	0.7220119101700513	0.5530514953425643	0.4702286786537071	0.5312432329280008	0.4759056606850215	0.7395265550791216	0.712805574758545	0.6540766545419606	0.5105140690568873	0.5922848969462488	0.6401472682036684	0.5001015724409781	0.6673159525081689	0.6261282666774499	0.7660615152613819	0.5801927956446309	0.5794866921169037	0.7323470963507155	0.6234534800222975	0.510178578013793	0.5475515082903895	0.5073617153641353	0.538784508511492	0.5100035347562858	0.4523701508087267	0.5346096971377639	0.5511241313504057	0.5361263337890176	0.3987701790585271	0.6002035735997615	0.5050642591545033	0.4839203467917176	0.43416628738601204	0.5460848792901234	0.6558264420799196	0.5810723673722388	0.41518682041808086	0.3382763755751809	0.4782033629033329	0.4726615964795583	0.5739240677883546	0.4929803308097471	0.543067854204113	0.5604656223386255	0.38046358586759155	0.3868302960860339	0.4968969062530997	0.563138712697425	0.4640241148713555	0.5994282254798242	0.3464514765093639	0.4961202196676153	0.6151722449564367	0.45946394487547276	0.5404555518055821	0.4492387550721257	0.5024240524863794	0.4340865120244255	0.5062699707162486	0.6244035547665613	0.590643129345399	0.7228432552924263	0.360016077278121	0.4753121138040296	0.4658035630060864	0.47563871034327493	0.5401473823799453	0.49569526527927243	0.5255681955558691	0.5837452576282848	0.6045222549615743	0.5583263655700432	0.5214471916937922	0.5817430493042977	0.5144387550721257	0.5713512964168859	0.6613972982190813	0.6599806851093283	0.5006993876584913	0.5452638813134216	0.5566972817400311	0.556474405020348	0.550337037588422	0.4682599731618563	0.46112029029211654	0.6400809676073331	0.528777080643118	0.5573165104417284	0.5965038325562659	0.6161703203075295	0.43873704700502225	0.5178577989730447	0.4649055064881938	0.48336381304307047	0.5303138430584835	0.5974180949159547	0.5794763602732056
0.4868994688766678	0.6021659542737814	0.7352868745635319	0.4223599825784565	0.5605994323873421	0.4796243102658089	0.5545348033687847	0.5517767510621123	0.5464056418518212	0.4909390893614315	0.7233015948054033	0.6304306727500405	0.45711409848376283	0.4201015006394019	0.3541454024085122	0.569836682111766	0.522990834506398	0.4789241207567305	0.6080593646140708	0.50721155116217	0.3336450834211817	0.5978762931799295	0.49568877331678857	0.6912471916937921	0.4924970569187022	0.5684678777456136	0.47013055033423834	0.4835952476231471	0.5542411423115159	0.45344106580163945	0.584863951937923	0.39704532001326076	0.5875203821039682	0.4328391387985824	0.5566951899464712	0.4058242867243084	0.3638724568299404	0.5980473623696702	0.549411896045151	0.5187056265498459	0.6527182185088318	0.5520138395272582	0.47882414782945604	0.4032823896452065	0.4018323949420441	0.6699010262781686	0.5499341653941237	0.3708967803060725	0.6403175687634206	0.4659885049436839	0.4371114275692929	0.36462829492725046	0.46817832611973853	0.37325150122793926	0.42193687044376926	0.5304555953573579	0.622505570050245	0.4369492564146267	0.3410950816555692	0.42493858439624776	0.49626153762580727	0.5651720589785836	0.5601181055096298	0.6914973688435826	0.4521785768367178	0.6613660484397829	0.43337455097765054	0.4729473258803444	0.5064346091514063	0.47213257621159727	0.48014943297587964	0.523782828694189	0.5333432600007263	0.6211326621380737	0.7063011557564209	0.8681470845799653	0.567267908349564	0.59306170712461	0.3840555070767313	0.5935159124876181	0.4889680931503421	0.586205627726921	0.5613975807170863	0.5902264750380202	0.5518889263365411	0.5533162691413492	0.6273995759904946	0.5098745109570997	0.601810034958295	0.5504247669709168	0.42304151426722225	0.64132049510317	0.4485725168607665	0.5725453423776862	0.4495265103502707	0.6418513434998865	0.46670763006277943	0.5125035194543106	0.47878064862000247	0.5742307233642664
0.531595241737772	0.46958909112704394	0.5453472705578184	0.49693271392937466	0.6164244715250867	0.542049336455728	0.6128660060650821	0.38654939766362906	0.5251889545863416	0.5824994147312169	0.5103808169417305	0.6199766451253607	0.5920454447832129	0.5367932005584379	0.5643558790324378	0.6602139395786351	0.5970992052118632	0.5389346950778826	0.698082357864181	0.829065531703849	0.766461457584706	0.5367116147242211	0.6358197617854324	0.4444991534205624	0.5966428044726935	0.5861574764544892	0.43540757120902845	0.624255494128906	0.6457598083713534	0.3568703320782798	0.5031014111817003	0.7214264667984949	0.5359264314862444	0.5759431128663488	0.4264807215986538	0.2742597671737277	0.463012017283878	0.3531788287307722	0.39590587255852505	0.35733686220424415	0.3562889027950407	0.3424408845320863	0.6618096559401384	0.4062449539429295	0.6541949345211917	0.31822177589204115	0.5422112863202904	0.4714841412640857	0.4605800118224166	0.7189175146179698	0.5731821330428521	0.43967604717125025	0.4203969992420263	0.4788951193219698	0.4908431834908501	0.48864309050192345	0.41007431438557135	0.4951388680713276	0.4731762555135289	0.5377742272820198	0.5977283561351514	0.5652136547264802	0.45457648386608274	0.49184107168701463	0.6142181031554799	0.4517368763291443	0.6653972676151307	0.545820091366438	0.6659553823067792	0.6970118442538502	0.5761972428965554	0.532734942263637	0.6236557483771105	0.5487597636425026	0.49106367532529305	0.6140702179020028	0.4726597118512018	0.4601328010329261	0.5238765450739838	0.6194681731914436	0.5656077348224562	0.6191890405128182	0.3580953406120737	0.5385911605561785	0.5640621473506677	0.46485993549545557	0.5152184256740355	0.48988502877865103	0.3634058372462745	0.4888516624872171	0.33234961542250774	0.48944966839088366	0.583326633943148	0.5133266574846483	0.6466037289736642	0.4174849216648241	0.5352369634326959	0.6476495365584816	0.6441494659339803	0.5340432035011252
0.8482825356025092	0.45313677627776766	0.5791241654855812	0.4345096100342125	0.6551532752112439	0.4806264844546202	0.5368076394793795	0.6728096771274887	0.7321079631750101	0.6563286692371069	0.6057619649040397	0.45664963778693324	0.5678121502933553	0.5008412953312684	0.5584224432935777	0.5438805885891764	0.6188928968730826	0.5820681979100191	0.4246139089746846	0.5768824284886821	0.49335317045156707	0.6381741849073191	0.4981096100342125	0.5143532928673692	0.7229511987196591	0.5156034170487839	0.5520949898437175	0.5826700684134751	0.5326222231805489	0.4843765050534331	0.6311263137787424	0.523059844860679	0.6343805356208005	0.5026765733237842	0.37936197902893987	0.5880681402333431	0.39546812493136774	0.3215516695496672	0.44774949300670575	0.4145305950630891	0.37873466329685723	0.5731908227356479	0.4613574717461892	0.46824723053726774	0.3503657318066025	0.6715030627492027	0.5669280383248961	0.6089260901344884	0.6080155840836874	0.5710217040904649	0.4402697105826691	0.5431428138892935	0.5209386456041489	0.46513887513377783	0.3713119266491014	0.5366243373385342	0.48525985427727925	0.604049391778254	0.5531075347197028	0.4840971393139537	0.5680701884751272	0.49608250382148344	0.5192411022909652	0.266182994661767	0.6216662085219857	0.3470161926314729	0.3099223197007005	0.4865575694434159	0.38776382245967056	0.5419930322367099	0.6292949792500424	0.5692972016989297	0.430540921021412	0.5502304926575625	0.6948324290772196	0.5593722261232364	0.5275139996094613	0.5095368539647189	0.6533410022395884	0.45596206142419127	0.6073204609679945	0.4287516330603416	0.5439787145544952	0.5801995312616439	0.6170078619465584	0.5653182973728581	0.5596599955262817	0.514566223823961	0.47787258395404264	0.5627329234487282	0.41090178431448166	0.5688851935691538	0.4550287551635833	0.47423084695714346	0.6088495424438566	0.567049513016981	0.584572548641792	0.6658765132929583	0.524537026994747	0.41006819202464384
0.5657659201386058	0.594513930162035	0.4917263149558174	0.5314909110162742	0.5873553893692294	0.5629036395159627	0.7242242219851822	0.6651472034645424	0.49716394958377286	0.5955516177583664	0.5692640284477991	0.6146077089268058	0.4998348563371604	0.37175585666801236	0.49183091993579475	0.3761680754942169	0.6442450045571553	0.6517744144369482	0.5126826062270102	0.6715907509340717	0.6212263231953425	0.5164805956516266	0.4891055111964939	0.4828846132711689	0.41502417490218146	0.5146679942760405	0.5869511740010837	0.4751742449381452	0.5512597636425025	0.5137785521181425	0.49324923758142636	0.39719942061659197	0.5013285986126058	0.623434945794862	0.4257410422601391	0.4333346609427071	0.525474405020348	0.3593766969166614	0.34573705406747235	0.4111828557669145	0.496691072275552	0.4979575294228652	0.5279471446107912	0.4954366562161156	0.4634407986056099	0.6008468162068608	0.38370098625761795	0.5038508173473526	0.5702469244977625	0.4325824120096319	0.4869511810635338	0.5458344985063543	0.4367909957656758	0.3740390634657811	0.38501814435310566	0.43574526351365983	0.46644939177825395	0.7245658071394039	0.4111095358784863	0.6390199783672362	0.39583463386998163	0.49892209841059676	0.6785846697707698	0.47417245565286537	0.29212663276607276	0.6392598613397293	0.4951640519892996	0.439082761600913	0.5860618471965376	0.4217556412632837	0.6081782778596627	0.5780428974616201	0.4807679530784148	0.5149200054399616	0.508384503803192	0.5188512940627359	0.5050348739932857	0.41706183307163736	0.5161096735962637	0.41258083930615574	0.4593725274544417	0.6841307845721675	0.4807808357749307	0.45659754422776055	0.5134411352490656	0.5165329740629542	0.5551057901632738	0.46115985427727924	0.3801579366908222	0.3821537672286024	0.4129704697960571	0.6590474294629463	0.4855766439482856	0.5777224986161036	0.43404961306835776	0.551843361229178	0.4881267163383992	0.6295600885152083	0.5969975159779601	0.6460787074920451
0.5733302925548089	0.6440242431725327	0.43250137822359974	0.440590946328525	0.5848387939156012	0.5174869463651082	0.5087306751041906	0.6515159395603436	0.474570054288575	0.7115369434224206	0.448822460949703	0.597353512980398	0.5777888227539394	0.5993888674827902	0.6538973229376569	0.35532857507110527	0.4042203609166177	0.5329536954270261	0.5608200336897622	0.4516305738757388	0.5793555977115078	0.6016993911897166	0.4783826227060605	0.6544263290807175	0.5994242467037576	0.49345124227143483	0.5813406397004821	0.6217593916867963	0.40850760416712895	0.5709992828988146	0.5068741036891429	0.5746784944414665	0.5669347150881581	0.4881537943013279	0.5576370705465226	0.5295097971891408	0.5040640484580744	0.3494807510255292	0.6033536153859247	0.42996189427953835	0.6621763049506797	0.5454158701129173	0.44639514874884534	0.3448035065064854	0.4207783484841639	0.4551531798681673	0.4787240065804536	0.5385364278635616	0.6989302925548089	0.4063532175345678	0.591465938971806	0.40511183719139987	0.33386397312527316	0.473828497384154	0.4076014382544257	0.4865660190129074	0.42725157538366554	0.507761757738836	0.42887417078241896	0.6536949827812675	0.43135975422590256	0.5696408951257615	0.4516556400862086	0.5581036724740632	0.404113990192861	0.5377118466080002	0.4590389022065032	0.42065153065481475	0.5301889075033408	0.44807428613577094	0.7184719141983561	0.4606741684282689	0.5633158654046173	0.3960680731400668	0.3235638354074959	0.6191204315411191	0.4713641202596507	0.48409109699412756	0.5039431116892737	0.5387953170705733	0.4563682308681195	0.5886308446029933	0.5926807463172291	0.599816137308947	0.5633764132415815	0.5464890416898932	0.5680451634622832	0.4395036712969882	0.5213454447832129	0.6276474800771722	0.5465911982225793	0.47881190193052603	0.5703766357087603	0.5722871323429612	0.3906641202596507	0.42995578957473624	0.6639516930911676	0.5968014158900004	0.5804763261380301	0.5632450127966806
0.6457221537331228	0.5065075453133779	0.6471388657171775	0.6517721790402355	0.5926243361614592	0.6983744050203479	0.6649305209073627	0.6395325303056716	0.42945946231129756	0.7441594423010223	0.539857695390443	0.523530417324761	0.5791741460638435	0.5878575411936154	0.5596367291947668	0.6141868945738072	0.598382773371663	0.5426597247990269	0.7095784838477912	0.6353805685789011	0.3901931958501377	0.5251494082573043	0.5789222420137492	0.3711159972370196	0.6371970863455778	0.48876584480580443	0.49783886807132766	0.5282013923484998	0.58872019259489	0.5483304538140867	0.6623219465679191	0.37695146356153875	0.5127140313904867	0.49813072218719134	0.642620252625716	0.5123472305372678	0.47646168005188466	0.4845993370442655	0.46481405257783703	0.3497264420799195	0.5219410775723896	0.36647845912921584	0.4876826909764117	0.3054304808868122	0.5882176935333727	0.5658699224561728	0.38046362471106715	0.5354843966893652	0.4005510021481307	0.4641721743319355	0.4082472658495183	0.44873284340762687	0.39460362303691243	0.35971604667417034	0.308257577682941	0.487711728900498	0.47829325234973863	0.5096348457434855	0.4361930463616102	0.3644806168389769	0.4227847639367714	0.5938950628223688	0.32182011373086356	0.39326387660512147	0.40114725407876817	0.4543534341163716	0.4529971663866792	0.5334951722903458	0.41755132584376126	0.587017715897798	0.5641886391302362	0.3264012593390227	0.5405241160484305	0.5610657706500781	0.6308117700981237	0.5382931958501377	0.5195472893910187	0.4799806403804774	0.5738721966963609	0.5260263749866434	0.547303660703313	0.47854121764431723	0.6447848757588984	0.5664931887876875	0.6840346456407319	0.43142835613515157	0.6434576683177176	0.5262161290694218	0.5890055382692194	0.5201825473732592	0.5119639107402972	0.704545214076509	0.48477851327466676	0.4192224256374524	0.5175181737799811	0.6251869110528575	0.34536000494288177	0.5741348645766857	0.38589940649169174	0.48542858095648045
0.5912805273812753	0.6616054876549934	0.5835783225885134	0.5568597612883526	0.5767451811184083	0.6380449433492543	0.637384736864046	0.4612741896156192	0.5100803837781229	0.6199804438089491	0.567817820657475	0.6145844061059653	0.5859928262485814	0.6862533293566948	0.5577262666957414	0.5738930687260356	0.5587409422087624	0.5441450139737556	0.48331590307101796	0.48552641029889404	0.5793223809086017	0.46405355417802374	0.5231785285766422	0.3697555647534073	0.6267326256487481	0.6184848345612727	0.38653903757013053	0.49305985663142926	0.43048055092277576	0.39333664562244036	0.5109491422383496	0.5009180984471797	0.5716825991645602	0.5591763779293311	0.48906174949931086	0.5046576188805667	0.49254704691356455	0.5298054240929425	0.4538075994588289	0.466674235521545	0.4389888298163895	0.4738680166404659	0.4650931558295871	0.5466846944893452	0.3423825956333351	0.4958679589637898	0.42006984830044647	0.41978241083255685	0.6083596035603	0.5796095570658366	0.3708845967921185	0.3172681225772177	0.3630619178210388	0.17193904816380579	0.33565975187175245	0.4408638530636211	0.3207430069295969	0.5014245186080875	0.3977849087169989	0.43756392133397237	0.359549279956127	0.5939741837302441	0.4021013582133244	0.5723866167841024	0.3673118371913999	0.6449576235888668	0.28835135527063677	0.7231199312842354	0.6485199159822601	0.5751344890897543	0.5062408209700353	0.4819680531297915	0.47426172007243544	0.6702781577980106	0.5396678377250628	0.504661637677184	0.6378117088902228	0.5143786050865184	0.45474923169605125	0.6486618024676869	0.4412096841899388	0.5570036877760384	0.48288087814963143	0.5041222384825241	0.6395784520667658	0.45031593838326855	0.37778693812558284	0.6318535012096479	0.7448390469867309	0.49480757003195336	0.4581847156766956	0.48142640912181905	0.6037681461187181	0.5450412164672422	0.5254139901928611	0.5086515153528395	0.46286817436851857	0.6333972652609807	0.44698055680815096	0.5579868969279571
0.48930790432125904	0.39812243152282745	0.5237056383205961	0.5137327362938	0.5565534093977962	0.6639449715990549	0.47463457383915564	0.6332992746592895	0.5654366621014906	0.5909573728718875	0.5538364784777876	0.5619719471564565	0.4759761307435767	0.6072219724635697	0.6154721296030847	0.5095076571355048	0.6107409445629124	0.6335449869010301	0.588295074593119	0.39692232911730074	0.5654079808311355	0.615174233167395	0.6763200054399616	0.3420952229045716	0.5594933512240403	0.4411475636494985	0.5309808157646555	0.7799076677291801	0.664759551768999	0.4292533481898951	0.5181199983775115	0.25460553709214434	0.34037221435248627	0.44965744467346375	0.4821574470276137	0.5529971275432035	0.46316800604679076	0.4560763049506797	0.5818888027436642	0.4001929015813826	0.5912532469614435	0.45227427671917075	0.40666193076886403	0.30861600312239473	0.4990929074667577	0.41370958531563706	0.5435156311666882	0.3905136700284555	0.3502805109022251	0.35731594897694374	0.3663117759834988	0.3301743720622474	0.3729826639036863	0.42218266743491134	0.4819722367169116	0.47780551943601907	0.3934285809564805	0.3782474070985208	0.32967445916579896	0.5162681555353182	0.4991119042846761	0.45944075740798423	0.4252094699622851	0.5213783414217138	0.5532721613841103	0.43067647915778273	0.42317851092051667	0.4656033617262578	0.5277533081693445	0.36621583715481676	0.5531533646689455	0.6461450080883804	0.6639846250419191	0.6059823919993566	0.4791865226181008	0.5106074405537011	0.7437115393914198	0.6159949757188173	0.46794083744908554	0.6353139195683597	0.3947891876471957	0.37149548421522616	0.6313872182694377	0.5251537036665513	0.5951141196711132	0.5340098960634424	0.6040618224779621	0.6008471799230418	0.5774680943274172	0.6247013546820994	0.6273472764431935	0.6387825968104102	0.7792742084488196	0.5434223679607764	0.6083514647386137	0.550743069314573	0.5335329846566292	0.7072891229080694	0.513009868990717	0.6214452258472591
0.4286893183025229	0.5504578919619715	0.7418661473140846	0.6983889039721158	0.8064596435808506	0.5558575494331406	0.5536013511508742	0.4773137312363565	0.5573180384163536	0.7006137029865562	0.7645824120096318	0.5511783155260632	0.5405139183912847	0.63807631907558	0.6341241807875566	0.569632564440847	0.41915339056459583	0.4814033876219084	0.45698053679787565	0.4985096641796635	0.4674119137012762	0.5779639154485974	0.4530138501209336	0.35700152888920234	0.3902953429662237	0.549470406234006	0.5950890228566929	0.43438885100373986	0.8140136382474299	0.5459367209552417	0.4935972876254062	0.6960222196493238	0.4137116771091971	0.476467910703714	0.34673047500143706	0.3795431564181245	0.4821930687260355	0.4520432529382762	0.5267221125354971	0.594180386132273	0.5209825226546838	0.5751306386148648	0.4018598342670039	0.4618785556493674	0.5975805297354255	0.5723345867869808	0.3822740825017924	0.5448638106889205	0.4305347751189842	0.3727952923519978	0.4462723308829132	0.4857243561717346	0.3702453000029855	0.30003697755759606	0.34676202022656555	0.3441431611264246	0.3001765780320843	0.428970114319401	0.37314519524330864	0.4971056394976713	0.37031387601658405	0.5836449139223789	0.5469594564259225	0.5234596506433008	0.3408285068007541	0.6760180160519285	0.5945722049358861	0.6156408315637105	0.5287951169678199	0.6271470445594146	0.5451866991793538	0.6653013075990983	0.6223243655883348	0.47843897753930453	0.47343684454811874	0.7190844449494409	0.6113240159970538	0.6472428303683438	0.5929430504813727	0.28820998434406897	0.57233301761473	0.3358768475822641	0.5998142691596408	0.42045360832347456	0.41554519524330863	0.4297118677953504	0.4699493046747025	0.5474429657319713	0.6058554752957058	0.50403662914339	0.45535951527967344	0.7297367186010917	0.6161554752957058	0.6559680413590412	0.6225161584962974	0.5101432211572507	0.6889579178576218	0.5476682956072457	0.5417285750711053	0.5991370540674724
0.5581434612805547	0.4797327786685007	0.6175159560393939	0.7210262831747918	0.6452555106079565	0.6944639660628231	0.5951055641648699	0.6352367221323166	0.6154241760792565	0.5380533634918703	0.5268012075477218	0.5452053581767413	0.5245013994109501	0.45847031913045455	0.4958764426684571	0.5210262666957415	0.39252217845169807	0.3935826662578362	0.6595512964168859	0.5531324314313698	0.54089721111553	0.5022368233607684	0.6378993923667916	0.5301827451218628	0.6853013864631249	0.5440348139624597	0.616674409728648	0.6517743073231214	0.5717595082172233	0.5725471210692908	0.5579368421939687	0.513190768590197	0.4963701425692015	0.3981658824722051	0.5290805662247511	0.5641827886736384	0.4280078289884578	0.3795724109240146	0.6089722084671111	0.4610928097695311	0.5296639884272485	0.34011174891077334	0.4714555894719828	0.402682762777988	0.3367909204328745	0.4415136041122543	0.37898470508302046	0.42914721641236747	0.44015356477169887	0.40537009077790054	0.22702861038335598	0.4173513823433622	0.38095572012730994	0.12465368012505085	0.36835153183188984	0.6013994559288426	0.39786824381594477	0.4694410257810888	0.47470990901126764	0.42735580134548645	0.41885774835881895	0.4433055594565697	0.4065597377468523	0.4824909910573757	0.3087930804967857	0.529865981346507	0.6168492175711511	0.5783346103284812	0.43946589777418044	0.5585325550242468	0.6023097501061401	0.4415764414913821	0.40558072395280376	0.5018140690568874	0.5143662073449108	0.4407388115717266	0.5800595682480494	0.5773595600085242	0.47563691988092005	0.4719579284512969	0.526735061148214	0.645828739861608	0.46342873750745806	0.4810057866320486	0.6456826344768107	0.5018971887511046	0.3427095570658366	0.7793073875853253	0.6184031580922794	0.6024927061869292	0.609438770374101	0.6829408256783355	0.710436737434292	0.630703653640863	0.48128304880721795	0.5619891911784207	0.5216412023423419	0.494666104939384	0.5082431058038988	0.5070183350392589
0.5976453670962617	0.3970015665556029	0.48667635909613066	0.5801283643746766	0.5881846709478448	0.4940888321705395	0.5729407256269587	0.524815787717666	0.6668929439560833	0.5157825720918346	0.3974865649928015	0.44203873623892537	0.500443118751724	0.5280014794520513	0.47663264565902347	0.7137263337890176	0.3832200407522122	0.6805472670265934	0.6197074852825519	0.6471636800335931	0.6506263479139179	0.43937016728777695	0.5398746027689514	0.5150682261598196	0.5732805674018261	0.35005544233760516	0.49767855682644246	0.6275973511874572	0.6661116147242211	0.544953283450769	0.3635928839252574	0.5712678600894883	0.5458574952876897	0.5928555329723819	0.6770952076025964	0.43638706995798515	0.3914015547848527	0.5252474871396221	0.47627853799324216	0.47752416901680644	0.4072661025852339	0.5958472175894425	0.4098242879013834	0.2687306703958904	0.1838451681705831	0.4558948897923409	0.4273616894684849	0.35851605138247056	0.39289717109497924	0.40003261740922297	0.4227784485355406	0.1765326668463738	0.2691327233459748	0.30396616967851	0.23501832679973367	0.48389732882303194	0.3938035218084607	0.41766618380341025	0.45881620204807316	0.4592786886588447	0.48547026969330365	0.5744618295404124	0.5286451811184083	0.43766817554559356	0.55511602548682	0.3285286421643815	0.31003277749142566	0.5628079043212592	0.4818909969427509	0.46741176303567367	0.4132928450817817	0.5950201137308635	0.4613099043029676	0.392604010294594	0.35687070403398624	0.4305370364113471	0.47644740827559584	0.6752952429148469	0.4641203844581182	0.5116307845721674	0.5022537648744524	0.3695932076208879	0.5492515047591645	0.4188703720988304	0.582965997825557	0.5634263526222181	0.5674013464425742	0.6133574493817638	0.772836512612963	0.5178407562309091	0.6441386244167985	0.5114428127122186	0.6312826980388617	0.5481995018347684	0.35130366305746297	0.4398350411379387	0.47688082047295544	0.4455244974207371	0.4823971522617789	0.5244889016179657
0.503445332961086	0.7227453258986359	0.629686995802259	0.4463557001170346	0.5984011792979212	0.5270846050316436	0.7230846485834195	0.61831573945759	0.6038616188439836	0.5979491916755006	0.6351491999150257	0.5740261972483153	0.5716493152683776	0.5630992134513884	0.8115263808720186	0.6971367244864667	0.4900368398398187	0.608361747145161	0.4934367138927916	0.4533491928525755	0.6181117912854742	0.42556190251906356	0.5539433247398525	0.5516745121341747	0.42863898107052956	0.45387416489704385	0.5772180019270282	0.4191931723086373	0.5017159207271433	0.6299929898620091	0.4446200348668372	0.4137596094456751	0.23694301752327218	0.4493265209439459	0.41155770127581814	0.5050242196310323	0.3184013676299245	0.4773723367682884	0.5140139077976096	0.4841305515113134	0.34717839321301464	0.29474915518617484	0.31994307637702313	0.35398262859143564	0.28500740994975066	0.37046776121518643	0.31376149760525657	0.30357628140917925	0.30894711282976567	0.2811846721249199	0.18659718639695444	0.4252409975312884	0.24583888808160304	0.15609111229610284	0.18048071453620362	0.3460183409246339	0.3543160749239709	0.2774245315559126	0.407955774272761	0.23428893104484116	0.3540202796984414	0.36510347943375987	0.4569845909067435	0.278128498561229	0.5871911464312785	0.5588890487523434	0.3268393012349351	0.5270392635685345	0.5413974736032594	0.43384951301698105	0.42954715520446646	0.3357743132084963	0.5014328375222518	0.5350954324239252	0.4654246857527403	0.5163496707450338	0.4101911676186287	0.4682869004591822	0.3946431116892737	0.5226954194761	0.4998328422305518	0.5546079243315344	0.40157679461388807	0.5578913100447064	0.7248513976453375	0.4827369528390206	0.4333200760644628	0.5984011863603715	0.6574635376075157	0.7351802142793201	0.6912405596593808	0.7033261984253905	0.4310118195352746	0.5487264244237944	0.5570848051343971	0.672159950797431	0.308664374507855	0.41789758660246135	0.5806787004295949	0.6100014429627257
0.5943952252587217	0.44727855800351757	0.45667876987702116	0.5025679860365153	0.5586575506102156	0.6379074982303772	0.6439177759286243	0.646759438769797	0.6799718647612052	0.5048574964647646	0.49648277337166313	0.46135768597384286	0.5263640319790241	0.3823179466045022	0.5360721154781845	0.6411742437610702	0.40610780780110756	0.4589516895599426	0.399755718950235	0.6368409916459132	0.6176284891446289	0.4900911617332535	0.3200766463024356	0.5316889451697415	0.6556387962697514	0.5118888309934646	0.7315015571390029	0.5283265150585708	0.4934347033174079	0.422157634182542	0.47827649681390805	0.5627950545828437	0.5549220831086216	0.5411950263330434	0.5562513764579872	0.5425117854000991	0.41103264801317346	0.5922533776167707	0.4187679248286143	0.4393845014490419	0.3780284208742777	0.34838660265920207	0.23475535758820376	0.4051094534832348	0.4790279665233198	0.38110099449714313	0.3286551704332755	0.2787282219485992	0.23222212430624717	0.3006157547595654	0.20938664385682781	0.3288221007647467	0.1628408857091614	0.31445967536187613	0.2809931440588368	0.31228267920566155	0.4282366726951658	0.40639301104935954	0.40688691929238263	0.45805368365627586	0.3914575717975659	0.2825638813134216	0.3769201608138643	0.43191369003873087	0.4262804132049985	0.38225568363798434	0.5395975924878366	0.4877579131493217	0.7704183632890594	0.571105695997272	0.5580513823433622	0.34589937117944103	0.5797099172507928	0.49632245388725293	0.5184600414322076	0.38984762838862463	0.4854454330124629	0.579914099660838	0.46268062507850216	0.5394370187552219	0.3116557224814601	0.5989579449303474	0.5100476837111504	0.7050475306913978	0.4889575859224662	0.4023096724191886	0.47240963122156293	0.5410741225223432	0.6953969933566512	0.7090343666739521	0.3719822589898793	0.5219553587652788	0.5350409963542133	0.47681194665937676	0.6493140796505626	0.5177038125459907	0.4437559272925137	0.5622830499842929	0.6164161396630972	0.453482766309213
0.7734222373054491	0.3696599095998052	0.4518660931686337	0.516486939302658	0.5829014665042263	0.5075554717644808	0.6992052969688403	0.572742833899569	0.6296366491536654	0.598745039869406	0.5103368174753933	0.5758263973510687	0.5216868345429811	0.49009936411699107	0.5529016760235798	0.5165328704803525	0.5121723391224383	0.5353328163349014	0.6317432364592259	0.5461160125389949	0.46002853151932954	0.6214119890340775	0.5727557919288863	0.5708847239162207	0.5557637165229189	0.6097490692596985	0.540882703924237	0.46974310580389866	0.6336095947322372	0.3348556188988583	0.47978878155631366	0.7504345620684054	0.5314260654159131	0.4985260854261884	0.5648033464242825	0.4590451881808585	0.36181391603713475	0.2661806945259283	0.4414742673025706	0.4071887850875387	0.3846219712864945	0.33879063793486963	0.3737010027366683	0.31654670556180864	0.3721925849482022	0.3642260454056377	0.3095717729493536	0.29659263673950303	0.3026281301367476	0.21421744281639343	0.26466757641440825	0.17937392595081475	0.23223875271797562	0.3084199724818611	0.22871586305046732	0.2522929404248583	0.23333265272147352	0.2932346432865819	0.44795136233308697	0.3221201455118891	0.37049508400971926	0.4222367339030669	0.3377222420137492	0.41014298338809657	0.4512929510185335	0.42406593190935593	0.4335057642676232	0.5777412094047919	0.5353993535233158	0.5283118042332993	0.491328379676652	0.38030350297526033	0.5482057254241476	0.48554115055104086	0.4282222679093996	0.5718120420024534	0.37506627208403676	0.45213709291094806	0.658584848686173	0.6315932688287889	0.46950775365565656	0.47842033737511735	0.7140910969941275	0.613453336419145	0.6444992134513883	0.3351990792648361	0.3597448527144778	0.6185990769106862	0.5515116300261963	0.6280303702417603	0.5837094746705851	0.6960636411901175	0.6010117524419983	0.462574347343672	0.5218078148635575	0.6849246822215151	0.5044745403839753	0.514820433895269	0.5153972264175052	0.5503056665703966
0.5568492081545507	0.5377888710140153	0.6074075723861034	0.48957211900940956	0.5422992817217396	0.5988824308428324	0.5568365514564386	0.48841777710569934	0.5315386479582989	0.44065757179756593	0.5243451316812577	0.5470244232650109	0.5320662367717863	0.8782849605083	0.36131013736382167	0.5198852229960294	0.28337885227227266	0.5468120278775532	0.6927306256670397	0.4489890522835682	0.5306598060172034	0.450959954328656	0.5683826344768108	0.49256810845231747	0.6109949910207927	0.6685470433823395	0.5758115805890456	0.5332656753070015	0.4523409363233873	0.4634577295256187	0.4417409280838621	0.4871531739827921	0.4143990674940859	0.3951324749831455	0.2516284844363287	0.4023138795478091	0.5478118018791494	0.5404699071541975	0.5952572928307861	0.45705934578087054	0.45976982122772103	0.3364322772345421	0.3753550409550233	0.24396737866580492	0.24534649839660516	0.2497841553889859	0.17398605649639265	0.2860878963958984	0.30234616646144946	0.28027348337060715	0.203865237435094	0.15947166583552674	0.19857165171062652	0.17635918334451767	0.2534968038475729	0.19812817368852342	0.2959969356799751	0.325767731788311	0.388394948646092	0.40125113515760796	0.37844071738743357	0.42230130171372343	0.49935754943314054	0.3751783755568894	0.40376776592348657	0.4711075029386772	0.32059546538202577	0.2419310105705712	0.560872255550112	0.31874726114121826	0.47094739415069553	0.38930171251290546	0.40369112524392803	0.6090993099715402	0.40327014492335156	0.5350223797315267	0.5589538343218786	0.6374663203441127	0.434920435072344	0.46345563655498356	0.5519973994475331	0.5723784956185416	0.5361011945998965	0.5177992299304386	0.4637552669534272	0.5730323690463937	0.5892031875191548	0.4512822742918546	0.5343949356982667	0.6939366020706645	0.5510469915910385	0.5712135193628528	0.4896781707458359	0.48866597546113166	0.5056162114646734	0.5741141302647884	0.5796600473175825	0.7055726310370435	0.47105567775260937	0.6775265362459213
0.6389325962218726	0.47685318104524227	0.5792094405354098	0.6078283031667757	0.6829034076321836	0.6441825214776087	0.5982657223900023	0.548361408147555	0.45696575770225295	0.4650971110641532	0.5877639001466219	0.572276728697687	0.5525974359368587	0.36869548539230124	0.6152329093238279	0.42723097172709557	0.34173304586453024	0.39753928946418493	0.4248182585293825	0.6605182114463818	0.4896451634622831	0.4900909663388002	0.6469888074519641	0.5714242184539571	0.48459924523241393	0.5348637930327952	0.35282207840032137	0.5181532481385185	0.6344097654081153	0.5637202679276913	0.5323473282344945	0.5025700189763245	0.45948025312279567	0.45062001956486186	0.42985956707097434	0.4548014394315007	0.4060637789078948	0.32948223780252894	0.41651964290085547	0.2497572704663607	0.28288008597814285	0.4366070615355446	0.31662169114263977	0.2069799011773646	0.34450668134031304	0.1863566065960493	0.2733106577622296	0.2798062728952811	0.2439603923318125	0.18111062833535407	0.12754606876422275	0.15902536387920102	0.22545246891485504	0.09591916971669728	0.3042026731373711	0.3014507055252256	0.29198836134053147	0.23549876851703072	0.25606966349966825	0.2593008249983402	0.21927381530576284	0.2765366597473406	0.2957533682001705	0.3124930746114106	0.4782117736293488	0.54032229851335	0.47698073454647893	0.410935117647815	0.4257016442425543	0.5265120278775532	0.4969142597430407	0.5007413530079444	0.5958933594635656	0.6097139642972106	0.4611117700981238	0.4815055241443191	0.4209599496203559	0.4758141997122146	0.5984579425761972	0.5650244609314113	0.5936887945041389	0.568499131056137	0.6667823225519305	0.48373652202956324	0.7037842883984633	0.6117385832191727	0.6319988803391577	0.8254886155887358	0.6749907556423718	0.5442678318396876	0.6395157076765647	0.7152677188404857	0.6045991357644371	0.5355889687112418	0.6015682332222696	0.4817516907370175	0.45062054571739596	0.5973914524707836	0.513657927274222	0.41024949300670566
0.4278097065543642	0.7279302089824825	0.7197574140695131	0.6432573210805866	0.5959053228644906	0.4733159466227937	0.6513325044100211	0.8196699024458973	0.4998761519309271	0.8079637212312188	0.5316722802686873	0.5803392047147834	0.6021600567341827	0.5439038737538917	0.47640175606468116	0.7130349869924877	0.4670078419362831	0.5165497142968095	0.48606011205670874	0.41731825264400746	0.6371326303570484	0.6123158536338671	0.5171743155626464	0.5718140278592615	0.35910986428241687	0.6313056371435211	0.5557720931137592	0.37371571473901477	0.6705679730886902	0.33852649387122047	0.4529431446473743	0.47044723759971785	0.5889678836309886	0.5130034676630096	0.4284618330716373	0.5241201820012147	0.4012992381699639	0.7462383960642447	0.3158863896086235	0.3884739953982409	0.24158424602376255	0.3113694575115397	0.12004235718418577	0.2766443606971193	0.22185652890909796	0.20701477778729865	0.22545213815677428	0.14440811868016185	0.14390391625984145	0.06207283833349597	0.17188094419708166	0.2525560286522143	0.14907915608887679	0.21812514965154728	0.21687722084629446	0.2809004047825579	0.1978610161815732	0.2648964012879159	0.2448694916467153	0.24353605002248008	0.40250909329827866	0.30751780300134973	0.35266164120840904	0.2837161278923468	0.5341661508453098	0.29198699933348393	0.3295286056750558	0.3560515565504653	0.35505792138884695	0.5448641096659756	0.4630413176956939	0.3877227034271571	0.43756644393698974	0.46096428034185344	0.33215362362544987	0.3376513729267621	0.34538480866562227	0.49865586490753744	0.4989474930249973	0.5275742296361698	0.5727554105565797	0.6577031416132291	0.8030718965422308	0.7016676541013597	0.7011487231996425	0.6688988815162327	0.6188531163061162	0.6623408798237863	0.8612512363860598	0.5395824402594325	0.6989344008091276	0.5581868545532565	0.6342952040713713	0.635111903107601	0.3867515848002657	0.5674494059031543	0.543778652169519	0.6277974924364597	0.439205750142723	0.616459844860679
0.43142635850759314	0.5704218653497427	0.6704468844772118	0.4853949074484662	0.6023031663318045	0.4975637318248941	0.5493221843370732	0.4457886791507869	0.5007928486130068	0.5452972876254062	0.6054390669970061	0.3675558248869869	0.5074495212565062	0.6512140878900877	0.5388765745008592	0.4101579519927975	0.33457025909962856	0.3885455212930893	0.6757288328505349	0.37292658097477194	0.4817493093830026	0.4982930157576596	0.4748912005767293	0.38716829913847073	0.5844058866834253	0.5403891535120201	0.4484408162617352	0.4704846462292694	0.3801596412267006	0.43184510813975713	0.5536639119173721	0.5405054652905681	0.642751361156012	0.41158893339899133	0.2881909616305002	0.3365555188474816	0.48314482799590236	0.39491964054670536	0.30053433724707657	0.33402390299785184	0.48807375056663665	0.37052773934784095	0.20101501791060267	0.28733577458692533	0.1104605665389155	0.17470420817444648	0.1568435532236554	0.177376609944359	0.13854941898222844	0.06678065934492672	0.102024376313259	0.16992860462922985	0.16561201035267695	0.22685391449422893	0.18100395863454216	0.19369578567768037	0.2642105329922774	0.25563583344067636	0.395113235687773	0.21705903150184003	0.4004715551904749	0.334717765334949	0.35936598016943183	0.23767664512536057	0.3626244397440611	0.48492014433481406	0.45612020201148995	0.5030846991976453	0.5274307939887675	0.3655829758285666	0.5080601214733088	0.40319765840403754	0.6405518884856211	0.5460581167833004	0.5333518496421453	0.46922879989243416	0.38270366423453817	0.5300910122447262	0.36280131348447353	0.6724888345246895	0.5713887686084884	0.5852780989442596	0.45445102333548115	0.6201343219451014	0.596124023059504	0.5741426773485913	0.640907309898374	0.5648969768776009	0.5982826309455856	0.7446805485686259	0.4432868710323067	0.505488979304917	0.38621810786377997	0.6414118689724255	0.4429535953756494	0.46711807490567936	0.6903618224779622	0.4950119031076009	0.5298140184426615	0.4994370258176718
0.628109818376491	0.6037888545349649	0.6675658918888054	0.6572429633778213	0.5517886991610621	0.3632094982120856	0.48806783772506285	0.6377511751781586	0.5256825532586344	0.5975410093020386	0.335376556844734	0.565689145272495	0.3931118171811246	0.6893057513197981	0.6190223820856765	0.5060891323246697	0.4304702108395526	0.42986624030301124	0.5277744909468245	0.5075494094343792	0.3260869546046331	0.48153067392711546	0.26906407317664993	0.5796244585772613	0.5442098760531672	0.46506399666677367	0.5856554105565797	0.7023181302282054	0.5002306327294899	0.45301794778157717	0.5007406573566076	0.6371260842491135	0.25352429496383355	0.5648096453464632	0.5086991063375617	0.5554489421355961	0.37592181355844184	0.4059946826271374	0.24410085795644076	0.27337163170035117	0.3033340853530222	0.25992768991069004	0.2290566807517756	0.30491472364184763	0.05055827111137695	0.23159560087690217	0.1123077832137811	0.16297627918627827	0.10579064630564383	0.11596563424062489	0.07859489580896503	0.12893246334364433	0.06215346720572121	0.1650555648846564	0.14487034044905397	0.18740388683296594	0.22284561559033994	0.2162543594285865	0.1969546278016912	0.30653400295777083	0.2751424595897125	0.2888051757301131	0.4318638012723202	0.36831180894159943	0.31028466859369475	0.4013471057673156	0.39194930349762747	0.5597869793232086	0.19121829737285823	0.4407623509846462	0.4902203856351933	0.4081768628842394	0.47975192615202167	0.6592308599049685	0.42734764839889994	0.40691217618900577	0.43519974313514753	0.4991827957360886	0.5243741072203678	0.4010262902372419	0.6346741072203679	0.679615666478939	0.4701425525786392	0.6990133863533757	0.5716739024093143	0.5755261242696641	0.39323243731674484	0.6073491975608757	0.6392595894353997	0.6048159819350444	0.4274703509114801	0.555170342671955	0.38488500406007553	0.5134141337960135	0.5887848616339981	0.4712263208411925	0.5683200407522122	0.5388723744346889	0.6140369916824964	0.4057724050386394
0.6571911252439281	0.6267098407409164	0.6270243090887337	0.6176387491867508	0.6729969804088259	0.5435199230447101	0.6944844908553667	0.565436798642193	0.6843368245378435	0.41541807843690437	0.39204322351140075	0.6975534882618225	0.46224517876425836	0.5332767851972878	0.5809622250376192	0.48908714293663635	0.5624744674053239	0.5181057348407478	0.47644317525132496	0.4608933194430148	0.3435347174423081	0.423149337632803	0.5477742143341946	0.5426429327738708	0.4043136900387308	0.44584090454236175	0.47840137469237465	0.625038891612828	0.5530054523427429	0.6495803296326719	0.5368218312145672	0.6124758588392472	0.5268449633595297	0.45429703690842693	0.34789487449036566	0.35091553346946164	0.5958696517289179	0.45433419835222416	0.39170285558399914	0.3446300159421791	0.20556738455118	0.2638402724530758	0.20554407231373933	0.15972915903156437	0.1593787652999701	0.09521809740135379	0.08518045453387321	0.035171874309054385	0.11211540412245839	0.1103695353297401	0.0469758801578464	0.02987173541420199	0.05398227442310358	0.10035939417219533	0.14558248276538213	0.1746640403497984	0.24159144671665767	0.23568136912116394	0.3104168825286838	0.27717755866682536	0.3199237028950984	0.38806786008948824	0.4240283078750757	0.4344576494845173	0.43019100518227593	0.48440758297977865	0.5154867768663052	0.39059534532037377	0.5006725698291423	0.4036830064325171	0.41532234441927596	0.5022454412519878	0.5869246057116388	0.46384756129534843	0.494380847545681	0.4171788510951975	0.48414763780522463	0.41164738355702035	0.5647617812803363	0.4169012616931727	0.7191218594643676	0.8458113487052666	0.6122757858605956	0.6467778717687808	0.4763573587469872	0.38180143590027565	0.6383576683177177	0.7010869722607586	0.6557431952616002	0.5799117759834989	0.6332660555022331	0.6811994653454427	0.5365016442425543	0.5042767557704124	0.5176620790803166	0.5916451787642583	0.536095067530669	0.4827431222829489	0.5370993676482161	0.7341431999699002
0.29963081988441786	0.45514541535633746	0.40663036553346016	0.527474002460691	0.6526532210657929	0.9122657883062035	0.5650491822589004	0.6606389563519542	0.5724764826890079	0.6076183668202844	0.6593393224222855	0.5014828746001148	0.5447161490796972	0.5198622273917692	0.4497789440841241	0.36675378959302773	0.4949973688435827	0.4939658989512554	0.35377648504315784	0.4791163044535999	0.6130244515148112	0.5352826627266112	0.512038893966978	0.5284721319572347	0.358722117243797	0.3340283902703271	0.4962450339840309	0.4887994241478171	0.4609139372244851	0.5884387468326006	0.4842677835796118	0.568003132196629	0.5340863849003235	0.522253050389915	0.39639467438761217	0.299971914198356	0.5509614281578303	0.4980925225632261	0.34094451136272186	0.3501009379975421	0.18392563225230557	0.23882133566598351	0.09450440239182478	0.13764348613037924	0.064057807343819	0.09493881641127577	0.09462395138917665	0.05331745471839275	0.04407557058711607	0.08162761706328783	0.042706769752188636	0.019213119288595037	0.0767778130462787	0.11214046680170323	0.1611447598568002	0.17375336715434453	0.1591433695999522	0.23739997985847566	0.2149897739618048	0.1934754033112141	0.30813200886143743	0.2851697682593451	0.3596426832339664	0.3066344996834294	0.24956170123923505	0.38018673213745435	0.40546806607761676	0.3984494129656043	0.4475703214846046	0.37895998257845653	0.4977056406747462	0.46910379018156523	0.4721956360579037	0.43295793786789727	0.35140605265100333	0.5353102079883229	0.5139142668054909	0.49620165483622947	0.6010974630095842	0.41813472568183324	0.7270801836753696	0.6878426608695412	0.42992581587600875	0.5867926626351536	0.40976574122320264	0.5937845779589181	0.5501868510220314	0.5120099525630434	0.5730223985647269	0.49545989429783	0.5302494859442557	0.4700098030745159	0.48972860332090573	0.49589135712770704	0.47993094465437003	0.5547327468874752	0.658180672161503	0.5118389587061043	0.6108221396082223	0.5265307068852161
0.34318699580225887	0.3769264526735947	0.5196305597508385	0.4130346644739323	0.5464367068303414	0.7553554199731798	0.49815550236843126	0.49042443856698614	0.6687015618473029	0.4054082244856647	0.5696768487593391	0.608541388320195	0.5417557813352112	0.4682851606110532	0.5010144880955947	0.5626538496238539	0.41253697049514604	0.4284619707894146	0.5365182444044821	0.4841746321958268	0.530891178212304	0.5572390328618306	0.5402075712090284	0.459649219925301	0.5689305491571633	0.3762639590003729	0.45416606727298325	0.5087016465967042	0.31707646856410754	0.47215554709728197	0.5102073287315743	0.42543250205587096	0.45151367709090556	0.49859274503040496	0.5791759800779741	0.4181490504264981	0.5433491316446744	0.5149446926322749	0.30520705918139457	0.2862653939860717	0.31932156166438747	0.1660087990295236	0.1421730419674745	0.1432788112058959	0.0643430200086712	0.053774009654390165	0.06752582306970793	0.030438084270613175	0.05704832194830959	0.08011487090747421	0.021006541399634704	0.054656541988172214	0.012902563800643169	0.07889238497669779	0.0973050911119607	0.07918239566183066	0.10654729776179292	0.2755872843168879	0.23520198101725914	0.23902107788655408	0.2883089132058005	0.3044280230229208	0.31964058673210627	0.3095926779371288	0.375865698848502	0.5678888415871396	0.2908264985795205	0.4497160549136956	0.481597455947134	0.2575328881364777	0.38632645502774476	0.498011961961352	0.29818301231789224	0.4368787757623962	0.3798934218485416	0.5320893406669484	0.5019413200498438	0.41617441090572305	0.48377026616207863	0.47145965888282587	0.7227553234530282	0.553063676502368	0.6938781024754845	0.6184532081179677	0.6450470386740395	0.5221805226729754	0.5593765356573837	0.323774639258277	0.5807203950517933	0.4443183256226587	0.5238912029308793	0.4186765085846582	0.5018100220104696	0.6244016618986796	0.534241329466444	0.6027119902111525	0.6382286092062809	0.6681036854218884	0.3794264667984949	0.6469618177696621
0.36185576956446086	0.6056118689724255	0.5207783649632143	0.5230367845172927	0.5686554658791056	0.629120019564862	0.5451970204293766	0.6408932288082383	0.705197393562158	0.517358156803851	0.5518788981781985	0.5846142397327654	0.5669809193472573	0.648457981419673	0.38228747958009224	0.5729914312834334	0.5242203726873681	0.6313392459124091	0.4195997078228969	0.519499540678244	0.5068536577606256	0.44951612436112176	0.4144952817583226	0.6618116759321221	0.5962013723382247	0.22214726702659338	0.4344285821335555	0.47600351121478546	0.4259430999185236	0.5462450610567564	0.3893219665781944	0.3753282843335753	0.4149989803905344	0.32375746115251397	0.4803762755238042	0.28482616429021473	0.3659053158020405	0.4570989203597083	0.3073965849116191	0.16114660904165706	0.2692340665198219	0.19545680199050264	0.24061694373658488	0.12467460407727543	0.0792095418951104	0.1295238183796994	0.0030902343293867235	0.038890023632958105	0.00030025189405433195	0.007168874990653714	-0.0035040682337680977	0.012671018575514649	0.02119825662064595	0.05851100395353458	0.16121328054787282	0.14979265217272736	0.11478466637079376	0.2411392531061083	0.40254359795250616	0.27376472540746016	0.29103174872785803	0.44098207536617606	0.43944881854271917	0.3606531033582909	0.19055545881665548	0.3374930169347346	0.30593475863993386	0.6077932029125879	0.5024993688252911	0.4272056171332458	0.31718260269578524	0.46490346177763464	0.6503097971891408	0.48417245329871517	0.4282743697080973	0.5694496660367337	0.4927601026401085	0.39441816083215586	0.583372263789637	0.44150969478361396	0.573403302872507	0.49898453323006753	0.5035595223421236	0.4368367868714428	0.40160752412602757	0.4829244832958368	0.4575390634657811	0.47168282045466403	0.5234600355468324	0.3550934924730429	0.559278937021674	0.3070371941393998	0.4024081397362632	0.45880190555320877	0.577280962899033	0.4824015536077777	0.6079889534092666	0.5603972993961563	0.5714930875592359	0.6255576035785915
0.5442725262773664	0.6351306103650645	0.490922112535497	0.48808475216602126	0.5910554788269309	0.592034706848633	0.5863764014708315	0.544816191454398	0.3655851005802272	0.40697902412522546	0.4355225880738052	0.4266977149036386	0.5207373553986776	0.4063852300584795	0.4850061268067296	0.3990226139694556	0.5986539449669304	0.41137481228830486	0.5243727040156946	0.6208954359551503	0.437697387676783	0.39324741533804586	0.4361680766712919	0.5212555953573578	0.45457014963165165	0.6663262855289418	0.4894451658164331	0.4653306362607148	0.569165938971806	0.43362839733277725	0.588376207253453	0.4289846438751194	0.6635886673800369	0.4352117100672977	0.551755375244329	0.398199074556536	0.40288864854683637	0.38774885385496966	0.3907298664536516	0.35296113742030033	0.15388190351322312	0.17913997229894568	0.09075842413112961	0.1402141845414884	0.08591374549250583	0.0658945509259841	0.026079691789260076	0.0033878435587715375	0.017316803795906527	0.0063229449900343414	0.0016271085668790805	0.0023001165304270058	0.019206573180660255	0.047542198410307074	0.0344548704103944	0.15949060628509312	0.15267212855725876	0.171320373995692	0.19638106661288374	0.27712725439293256	0.1994754233214895	0.1895881706543781	0.5098862577762212	0.3252656541196512	0.36428662384655247	0.5039345608913304	0.5534661143559843	0.44963685631886896	0.34408665327342797	0.5521803131536218	0.6152554140878046	0.42229925347193914	0.47378899813811737	0.39604929054980226	0.5377429916276216	0.5352825367795839	0.5333620037475154	0.4038723591327137	0.46584731057836914	0.4131869687295334	0.4998201937719649	0.6213305585737634	0.6517743202709464	0.5384806180160521	0.433565990763107	0.47517012255892616	0.354040979875163	0.638234771587759	0.5229495447980066	0.4833934442129669	0.2307852065169791	0.5544059408288763	0.42934158724587346	0.5012040338360945	0.5409747416638038	0.5861285891960055	0.5149285727169554	0.6550910616818769	0.4082014806291264	0.2974534835535225
0.6306182444044822	0.5370118889827007	0.6188575941619914	0.6343535023867228	0.6934305114907626	0.3564388421756772	0.5325492587687767	0.309947478900097	0.3512144433667438	0.6845769276233655	0.5833165539935041	0.398912308021408	0.5833977031328883	0.5173331894676827	0.48444148719449687	0.37087056160790866	0.48453918823573305	0.5944580049611734	0.4658537330934268	0.6063662191156609	0.31203706583822255	0.4959911499625036	0.45482636557004325	0.36995344353297177	0.42358464858341943	0.5648074299600261	0.47317210606158433	0.5638284879675539	0.5209658718785299	0.38168678392875527	0.327895184061096	0.5108574835169394	0.4532033864448333	0.47236163532303393	0.4627534529495719	0.42878039201764806	0.43834486095400294	0.4226113581218666	0.2920090803504535	0.3320111109361124	0.2188859964655666	0.24302925084341598	0.14555816164340007	0.09403080235954167	0.07662422329350632	0.07645295400101239	0.027271450562047078	-0.010593335007488172	0.003993922367923279	-0.0009687255021261412	0.005645867615643299	0.006985572849808417	-0.0009392296958569343	0.008998489681499966	0.05346332704233611	0.11728447215341545	0.12543264225904738	0.11895999918875574	0.26488317841671916	0.20298559743713485	0.39839635773614024	0.3560838328704304	0.45955292797411296	0.49575952469627355	0.4795073381481744	0.49303652085248817	0.4025472352455678	0.5754826686119865	0.4546387856760763	0.4728823543329559	0.4893638106889205	0.48535746939203916	0.4856659825235818	0.5680200948976633	0.41248051914175027	0.47623244555627	0.5194032322480057	0.5555534623661722	0.6678740825017925	0.49200973362708966	0.5383846662395447	0.5624345667767054	0.590703371142858	0.43612014198066396	0.4371453235444859	0.5033888816076904	0.5123723626639387	0.7052910122447262	0.47172234677342606	0.5326101208847712	0.2809165010251282	0.4265394212965872	0.4449060079221525	0.41900175724175626	0.6073016536591545	0.4473995571572943	0.5478722802686873	0.4334764626787323	0.5173827168720622	0.5883160266638952
0.5547077513015065	0.4916494011948541	0.5149095876697871	0.585797154615929	0.7796993335130405	0.7156973570728326	0.7784431340536992	0.5125162149958983	0.5749163527136757	0.6159706239928848	0.3034834348878245	0.5913019608757348	0.6879313001310263	0.28714993911813835	0.651258283927953	0.3927581662204511	0.49384139420557027	0.42750802085168615	0.7035767557704125	0.3965370528903973	0.5759473482447699	0.5187014182441503	0.6866616741665095	0.5541576789113929	0.3901055382692194	0.7398866744607784	0.4537950463433186	0.44350340527803367	0.4999429680861213	0.41809286156083203	0.4347702096624776	0.4004952888207727	0.391859720090727	0.303828495030004	0.2471493235079028	0.3744702226103028	0.42632216668094786	0.25958247557168307	0.23140301331205188	0.18342579704280848	0.22917969165801105	0.10432930852009192	0.15985813103944957	0.09272050582809432	0.08418471109964454	0.00425527061590128	0.03391528170665628	0.008606706190137536	-0.002678909034371603	0.02370219419908681	0.009168883230178854	-0.0036267931107736504	-0.01757661713805813	0.024675690648768137	0.050480095525992	0.07220325238953001	0.16763057636113782	0.2144621957419926	0.15322093310632667	0.2042419993533796	0.3273755469143667	0.42943198178871206	0.3411197241190318	0.4675282313651994	0.48763649260268777	0.6155075253031026	0.3113681543582433	0.601255777803986	0.5492575341311652	0.46054291629482036	0.4581118677953504	0.5115866897627536	0.4044660143046073	0.5785556883462843	0.4945472787973436	0.5007075582612033	0.43268659677382704	0.5940657741813034	0.5430408609905861	0.5374742826045458	0.7188116206095962	0.7039698965605222	0.639347139902491	0.5583659001283304	0.47208283457956424	0.6522099478547433	0.7626557330751352	0.5977078548841084	0.48688692635483266	0.6124434448015045	0.3213707946687627	0.5374124021874097	0.413926935274353	0.6586269082016275	0.45136604137733294	0.7144284703114284	0.6187784944414665	0.7865598413294541	0.44883914350688237	0.5767994453351674
0.6769887215254876	0.3559034606005595	0.6169180925618047	0.48540559476882034	0.5840767169269369	0.44688735598721496	0.6045808687330313	0.546951651893542	0.585659955505731	0.3518874148409661	0.39397078525216256	0.37801670701325674	0.5594956937345799	0.37753529656321805	0.46353305292698044	0.5062746427895021	0.327791300628106	0.5178015912741784	0.4776058313608994	0.6343431905533001	0.6542846285731441	0.6290076347710796	0.6973764214811067	0.5733411152387905	0.6546702167249278	0.4225014770979014	0.6381680872649671	0.5494722885082124	0.3805951369780951	0.4539972676151309	0.416774465051174	0.5215058819751254	0.2832723744346889	0.37874935882015337	0.36111194548230174	0.4100015277121273	0.4168409057194367	0.27514927289367686	0.3897990569004107	0.21270722514897245	0.18209218003439526	0.2472064565189842	0.2568269683637026	0.19670801274341004	0.1469410306206379	0.09956371430001779	0.05708219085077712	0.017658955123212777	0.029923375799491767	0.041719073327794634	0.011512846207190335	0.0207775741000496	0.006859064591189679	0.04577384015558725	0.024570027347098566	0.0795847440577451	0.14033282235152547	0.24357895716319838	0.12841061538752885	0.16528801763462553	0.24810903209037755	0.31852383355042563	0.4843843602000395	0.41186163885425897	0.3954659036595555	0.4741326491902485	0.3513453753357868	0.45379320291258785	0.3652243926610603	0.5207577189319434	0.5605867721580051	0.5051054029055921	0.5865866285548527	0.4736450127966805	0.43723660089358957	0.6564638354074959	0.4944344514233536	0.4314364302177116	0.5704219242034937	0.5542345091000296	0.6631448397666526	0.7353344690794789	0.5488514459054132	0.3931076912706804	0.47305778720229463	0.4640787192627953	0.5407786545236691	0.5936121232206298	0.4463998243533239	0.3060979573810927	0.4324541827360844	0.47288327480562176	0.39029776787201453	0.45631861989141376	0.5429308587278937	0.6516723073414128	0.5457619366542391	0.5409620378826909	0.5307638589489962	0.5017033805594582
0.6594635540865661	0.6273429845651715	0.5741806344951021	0.6479118101186745	0.4133932511726637	0.3349578472331207	0.6264705157019829	0.44890178784570667	0.5256539002380797	0.6294685498554501	0.45861233980243354	0.6468186846305398	0.42576455577740824	0.5607768511134892	0.4741726687034441	0.5022727310884201	0.7123016724923547	0.3933849946434754	0.39060361362031215	0.42923046676191184	0.6315012711097728	0.626201391171425	0.4887659895860319	0.5082723497161135	0.5446537943013279	0.5826369716722211	0.5342452882322354	0.5444015241809023	0.49594727173489345	0.5527557213043851	0.4332392565060844	0.5119599672764812	0.4863368986935698	0.3675619425396143	0.25719937235651613	0.2923452858780853	0.2432619154668888	0.3464867027105788	0.42284702808036423	0.27049700748155137	0.31588407887910963	0.13698985400290614	0.09480407634204419	0.12696012278163288	0.19520988913224138	0.11575335302944428	0.0793386363187977	0.06654677160925887	0.025219488835276763	0.0007653070137692286	-0.029220201096913083	0.01311122288948835	0.032084347383463274	0.04380112528371935	0.06230352900215977	0.033359947397454875	0.14824139198266917	0.12217700779571583	0.2245815974737178	0.23394646426142957	0.251023854737776	0.2998698918522222	0.271680386132273	0.2355097936579157	0.4257765627301091	0.4755142091288147	0.2884099113654177	0.39003503525256356	0.5091911534937285	0.470595125207345	0.443563846001171	0.3829574399651636	0.4289823484475808	0.5037781083608598	0.5289677353195361	0.440378295515788	0.5627491504778748	0.4782052322297141	0.5904031416132292	0.7486616176669085	0.5585846580000198	0.5772931075695111	0.6414327268771998	0.5486162149958983	0.6178164362860021	0.7701288752252354	0.6739685157202745	0.48577053924348335	0.42211848335071145	0.36942722012650786	0.5742812371575127	0.5189894948637759	0.44290804086196145	0.4752039408471679	0.559266222646886	0.43763693400582027	0.5498847556972463	0.46924308697069833	0.6148366762263908	0.6273075288343277
0.5819867862829051	0.5754410799265397	0.5052682402847198	0.6059140360987868	0.3764056183103207	0.5180015936283283	0.5002973759060327	0.3556142420869153	0.4518329940732294	0.42222663982852293	0.47255174723661864	0.477093497181343	0.5446496778074839	0.47658516885057844	0.37630392319104256	0.5058037230882892	0.49845981778795356	0.37423891515432844	0.5520158371548167	0.4476803979030232	0.6135970157210766	0.4920950228018182	0.4741432011469753	0.48098480278024713	0.5755681567123934	0.5660827274657373	0.3872808028168302	0.4882223526588011	0.6296494423924799	0.48914719522501715	0.47030778779083215	0.46676207554909155	0.3356098419179916	0.36159536768479916	0.4090933594635656	0.351512133814305	0.23030378900449022	0.16626596604453153	0.3883180078124033	0.28211164179694653	0.2626822354483789	0.10396929625226192	0.21340013170115324	0.2085749783871319	0.11277270767816877	0.1114389694310284	0.08035768610509189	0.09330533476648986	-0.03408020277106792	0.05106349889528905	0.01745516350207446	0.028530231478156864	0.012738824650800923	0.0669098408721655	0.09745583796606105	0.14090812338846193	0.2114978480443649	0.18008965154600265	0.2780316769262818	0.22064033130682686	0.2750406526483074	0.33532412075673057	0.2913013075990985	0.34069729351078126	0.4451494106114543	0.4081141749936391	0.4037641532177513	0.41235372603097664	0.40762457157646337	0.4763306668646653	0.35112849973830396	0.34980349120451015	0.6162615717609827	0.5193510963141323	0.6386032699144064	0.525315786540591	0.7181282949272505	0.7335220595671212	0.505555376421404	0.5787951993630711	0.45737241916353977	0.6161264738609452	0.5139536612918505	0.5382185539752126	0.4071352447719172	0.4391622356312942	0.5711476036700491	0.4687831323795443	0.5365121691265556	0.47865809324179975	0.420531287183201	0.555533196530133	0.5170747251847535	0.524803836087491	0.6383413694869948	0.6397475212747976	0.5341869039904074	0.65978050030855	0.6471824896965834	0.8351262337376408
0.6395075323655528	0.6018514447283385	0.45117665925026085	0.4935098160223411	0.7736388904357531	0.4697828157463638	0.5639496060059077	0.37344323645922595	0.4867225551157046	0.6279537789993526	0.4017016642528296	0.47042462219068926	0.6768308257697931	0.47545157773781554	0.5409724474133402	0.6626681932017189	0.6673786027323683	0.6889013287864489	0.47301989597198474	0.6115635740968413	0.4417719977706825	0.3708970098357014	0.6293805238500504	0.4914764497309072	0.3458826897993367	0.5931994594600676	0.4436641249679508	0.38963693282874523	0.4527559108134632	0.437249680161634	0.6281994947723183	0.4708307386662416	0.5247202526257159	0.2849972793858811	0.41431200669020274	0.40427034855733013	0.3090953818096994	0.3287139784221108	0.28804517641010835	0.2897845603027929	0.15796768823653523	0.240840337192202	0.2050252650048992	0.24318151272431643	0.08752497426736927	0.21197679356806215	0.10374951903360516	0.09516600266510622	0.06578888997846455	0.07339937366484017	0.051788985321541164	0.0037743721934964114	0.1038619650352886	0.09654957906443123	0.1311915750178348	0.14664800636095515	0.3051064541648342	0.27436497377028946	0.15549654724521844	0.2598758388289717	0.3132991063375616	0.3022367339030669	0.3556742296361699	0.3601118230664997	0.3523096853670138	0.37963690340186973	0.4823516189354412	0.3690849981747004	0.45255378606180263	0.36615371661437657	0.6211785509410674	0.5137266280577728	0.551178526222492	0.6174971157724534	0.593280326101447	0.6136698106340457	0.5627947968034143	0.5645803555283224	0.4216326374194983	0.45038494285217456	0.5482496554430586	0.5069870581872349	0.6270538555092289	0.46107898175052486	0.6164206799039483	0.4243205975086968	0.4103580249714487	0.4892412659043929	0.6569307280725664	0.4358744862385243	0.4928997490205227	0.3961579107951717	0.5874954536112758	0.5868974288744088	0.587443527196756	0.5527038360874911	0.5082056300810709	0.5356825744459847	0.4306951522800704	0.4957326268258231
0.5479097406895397	0.5712452705761101	0.359022405627177	0.4430680884420421	0.5932660260753575	0.5465808287124806	0.5420641226138007	0.41090161363860367	0.5061620225807155	0.5585580661690744	0.5408332200716333	0.48769362548252015	0.5543142409098404	0.4625620861427666	0.7026409610419628	0.4658472164123674	0.4745325703262221	0.5033158089050163	0.5679345279332298	0.628134363142727	0.4410553199218032	0.7128135876332042	0.4832219559845193	0.6513928980501575	0.5151659118990807	0.5129306009484642	0.38604122941506736	0.4288369398911954	0.466724551566188	0.4756433718228532	0.4660016230552039	0.4095806615678277	0.5877639460525479	0.5206305821152639	0.4479701060798759	0.346509634752788	0.4627013664528495	0.3685054923632936	0.43865341292902127	0.36863460326603115	0.24643649142561264	0.16938205300175074	0.27940474256650566	0.19416914205543434	0.2013294050402436	0.157243762743009	0.17449151263285878	0.06340177738328057	0.10833302363135394	0.11637051936445703	0.05828525137707885	0.06784345081812865	0.1188164081674507	0.10105208283424838	0.303610620095829	0.18974629005432653	0.272487929353999	0.31614226772648424	0.23514030305702632	0.3463738306077381	0.29923856203182236	0.2732701249130762	0.3614701767043771	0.5383200560541874	0.47983679275681784	0.4668930922675359	0.3247307951658426	0.3791328904906277	0.45149768900798815	0.5497391894128082	0.5555577648378691	0.4440391293819821	0.33217238032006413	0.2986201596367893	0.5203886697341868	0.5906844425952908	0.5400240654342046	0.49568874035868793	0.5349201325640638	0.46490577956959855	0.5913455495428898	0.4411665569361918	0.3875914630644589	0.40370627040988194	0.43032082115295056	0.39274992028493805	0.3925850782158019	0.4719639460525477	0.6071534164602462	0.5958242302247074	0.6212890287420679	0.5945265715581718	0.5993161796836477	0.5639809770239331	0.5884578848995212	0.6210161773294978	0.4931159372061935	0.5284470763404401	0.6725035359333609	0.5388306421460898
0.6746513741038371	0.4257680696088417	0.5010034806108349	0.6254097701164154	0.5091431517098244	0.4331599955262816	0.41491212557477986	0.6093849534458498	0.5320348881181861	0.5817328316368766	0.247591295919806	0.4399705863264841	0.3750704015257059	0.45582629847676714	0.5811637930327952	0.6261699966118991	0.6140054052597421	0.4893219112556685	0.6194678236001625	0.5902385514381472	0.6629156994370395	0.4196366103101898	0.5720534246997714	0.5534408868862366	0.6235951628737456	0.5608139760679607	0.42128911937684443	0.49620981366819117	0.40799940413754177	0.43025378488472765	0.5595559461257139	0.5881307728014171	0.28972023850081563	0.26445135409356174	0.4556535082720979	0.2926824849882832	0.39554934704940314	0.3182888498266648	0.39843464564073194	0.3071200548771125	0.34043250558709603	0.3004925625837768	0.25338825893500466	0.2946088308105491	0.20657120442211885	0.16916082784956998	0.1854377769227839	0.11315451127126419	0.07670428115309774	0.06874167094944894	0.20548756681489272	0.08877933735842997	0.1718314203239273	0.0844107578136063	0.2234880588322512	0.08017968224141092	0.2180486855332418	0.19620084265446547	0.30877383649311313	0.30774280800391857	0.24763858321917276	0.4027325220661463	0.40413684807934386	0.40185958237294955	0.4834305679903636	0.3147701884751273	0.3966974347597837	0.42386617674096017	0.58434944474663	0.35543480101463465	0.5423367927568179	0.3908995489177691	0.5788453588567366	0.44870346295470964	0.5305804108508484	0.6207034476527343	0.5811972334799553	0.3895909545680501	0.4577975595297359	0.5664536577606255	0.5952060338178029	0.46058115711641134	0.3081415625272981	0.5133749770788079	0.3643372988990766	0.46091023035274814	0.4606850087683756	0.5085035747768364	0.34651607845519605	0.46048486751937323	0.5381306786354156	0.4927119960965277	0.4205953935804496	0.613328799892434	0.6520306162504396	0.5311076230003292	0.4727325467847217	0.6710534658973972	0.5037597000804517	0.4756661779180352
0.3180222726176997	0.6428389810705295	0.6811472611412184	0.5620411399573659	0.49340563714352104	0.5664348104312347	0.4160514459054134	0.5568742461152202	0.5670095476492365	0.5593075676778032	0.4820535188657731	0.5190244373899111	0.5202453459089114	0.624495076947269	0.45665116811570855	0.6383906909032455	0.5311031710401046	0.6462654022255969	0.6315153486686835	0.46222588885466	0.5237635823363666	0.5052719859999323	0.4604159324978934	0.5204617071246103	0.46002637380956835	0.5068639319276473	0.6507681520040933	0.6072556883462845	0.41707862038849364	0.45401202787755324	0.6343641838217018	0.3694599743389313	0.2934161620275224	0.454691118181478	0.407330650385615	0.35561818084243113	0.4610598166108786	0.3755953111851982	0.4137100384895199	0.4614682650032951	0.37033864442707376	0.2765967449938218	0.18748226252110434	0.4413007885090146	0.221254791415119	0.24361519800308085	0.1946443348014688	0.14798588817466485	0.1447943789417821	0.12760052602128502	0.05346495258293904	0.14204634419977752	0.16519641423574116	0.22125072671257595	0.28553423131032474	0.2645820812515512	0.22502597007283637	0.30079486507376546	0.22777623314910345	0.14317213901968484	0.37412621372736565	0.3014242667140331	0.4362846733019949	0.25316188015463814	0.35540967359626363	0.5180910546194268	0.3325995500948441	0.27835784370189565	0.4658347080257079	0.402251307010561	0.6124823978847317	0.6081972240633551	0.598184743926496	0.50718885571204	0.5226346950778826	0.4437702908806541	0.4098849864039503	0.40128073101525397	0.47567454038397516	0.3176080620493119	0.39583073631209154	0.3460953982887497	0.4368499956177393	0.32970611268182926	0.4249184939443865	0.5098873112583644	0.5415434518639547	0.5252412494253427	0.5253850252474259	0.5048223973876519	0.3208807404318541	0.24587034620318005	0.4238910204842512	0.4250307257184164	0.8165785344620172	0.5055556153676332	0.632134656234407	0.581603358195033	0.45343248793097074	0.6863430069295969
0.7307680590151666	0.5691201078454884	0.444613817162833	0.6432911064107278	0.4934598107255035	0.6614263820490935	0.5341117018277726	0.6819429374821708	0.5171282396047245	0.5903804002571733	0.5753554340980801	0.6116513752809123	0.7598596918409265	0.6059368410168937	0.47651592778959345	0.7163593952180213	0.769767564643658	0.6202925260944513	0.6722093145883825	0.5413988826933077	0.6472823437392807	0.7716219654011195	0.5809345361727549	0.5857596082686001	0.514743013992047	0.5705222055244236	0.5702806133077519	0.42094104579136415	0.3827889510551167	0.39716404021854934	0.759493209975038	0.5237016218781289	0.47555782251454526	0.45176008380690813	0.5627307127705911	0.40224131416446873	0.4027745721650008	0.3040745686337758	0.37940184434530766	0.39359543830930044	0.39419706986652747	0.31512181473551676	0.3783135699770788	0.282965356319671	0.2605465596045061	0.3242068955679667	0.18593826658599227	0.07049031423923907	0.12349247783437534	0.20713204535076307	0.12073833956464358	0.12354047373290428	0.11819059320601888	0.12233857851087271	0.14752199011969486	0.2425115311518946	0.39700740641852555	0.3021700684134752	0.28271585245679215	0.33908048736072477	0.25508460620871876	0.21841183954554988	0.3999014417856508	0.4543909004225992	0.4365388433527522	0.41239732882303193	0.5219764603245823	0.5294179006985764	0.37723666563271574	0.5656699989660491	0.4408345809016058	0.5615242325788574	0.5901034217570839	0.45364737060919513	0.6233641496865263	0.49923083165516813	0.5253808334207807	0.4323620061016653	0.5336411799779164	0.4924935065979431	0.5097558107620866	0.4140039055349173	0.45950387963926687	0.4722079690603852	0.5089703344324298	0.5663974983218347	0.3980059490684015	0.5742724603611655	0.4784619531332893	0.5263933559323404	0.6547410658016394	0.5939533940958208	0.46085765419281727	0.3439661402516345	0.56190557593562	0.569038886904528	0.5029534388246717	0.7143971746262043	0.5470908556937484	0.5184366691639407
0.4368180148748534	0.4948117006506975	0.6369659507425565	0.754053461189097	0.44708458502136833	0.6853137818505826	0.7263804296840488	0.8274116794633473	0.5931742449381452	0.5647990510150356	0.35785122108408446	0.47814520112868375	0.5112242761306331	0.42211605020539555	0.6216450751816567	0.6837552151621262	0.6593051851467133	0.49708645434774956	0.6923386950412997	0.6597406962000831	0.5241116488593967	0.5504158701129174	0.42913450203757947	0.5615492623000018	0.5944534188143964	0.5452619354771642	0.4545807569109044	0.37872669279689886	0.5677433918331285	0.4799662002824605	0.4813015324204274	0.5466430810853232	0.3899452588053598	0.35959117114985384	0.5408264891629203	0.3871994641683677	0.49861821380053184	0.4759057171846225	0.4664785956699181	0.2075951405093202	0.40694289039917	0.23488457913599325	0.3741510527623566	0.2963926696976037	0.36271132280961604	0.3586008179358901	0.33658637195249813	0.3546926049584776	0.2693114028507175	0.17508867561956187	0.20245137292676213	0.3292011675271711	0.20879260260432742	0.22237818369366102	0.3194658330350542	0.19298890044089068	0.2406722296544615	0.3298596859555513	0.3319846485834194	0.36780548294669346	0.4079471610898415	0.35257216138411024	0.4887972899795563	0.38791176185859866	0.5698700837154506	0.408547247016318	0.510555671867234	0.5103826697890612	0.5146262843518669	0.4514327339396499	0.4962096147425126	0.5141013134844736	0.5260472305372679	0.5091307457286917	0.4459433824165284	0.39030387022266655	0.557141265904393	0.5305079443418099	0.4925515024050142	0.5155473753174953	0.4855932582351138	0.39729757718586123	0.3260392988807851	0.4447871617698367	0.5873890040234926	0.5375493505806284	0.5470994476893174	0.5414932311623883	0.66669512403027	0.7181055359150694	0.5626056689245467	0.6840660095963074	0.7311138819019591	0.5707493070288525	0.6603033982155835	0.578943179959625	0.5171993040861649	0.6768180207602283	0.4314450763587316	0.4524117135985228
0.6177492469980264	0.5755908792352489	0.5081764579704323	0.41737443797844853	0.5850616211981337	0.6541429257114204	0.6566096630025886	0.6067284797280288	0.4679054076138921	0.5738802778413711	0.5504325338368966	0.4587452847010103	0.36302651152734566	0.5750119242949515	0.4280263679241933	0.6165741331160184	0.6155656600050261	0.6223866897627537	0.7392991228166119	0.5834304220330611	0.7618387880302263	0.47664077270995947	0.4064324502645701	0.45375328815906907	0.5103951322697952	0.4476245621598631	0.48412255864692966	0.4665456707816169	0.47469768312261307	0.4232850923407021	0.49732029500041675	0.46281410436913806	0.6075266127557974	0.3524620190494906	0.480405813704774	0.41311831856020864	0.40190792668568454	0.33800359007881176	0.31897876163749594	0.2333265715581717	0.3705348681079107	0.3883785897845431	0.41782010431426336	0.3641575258916401	0.4251240689654297	0.2625075382509278	0.37987210135328425	0.4849114770064437	0.34508256973768464	0.2636326503673235	0.3206846933122702	0.27911163826572144	0.35103442670477814	0.5280448444749527	0.4352638589489963	0.3041037325048892	0.2847452894093103	0.25221189015977574	0.36986376478299465	0.4180950734160441	0.5181285079778293	0.28993045616823676	0.5182056241956958	0.35072453744128773	0.4432411634988662	0.5211388433527522	0.4716076371252296	0.3915848651652232	0.5953055888834453	0.5423181502384807	0.6318180360622037	0.6223077548327316	0.40491196078427705	0.5025183538724591	0.4924035818392867	0.345320545717396	0.4844017737208064	0.34237038151543064	0.5326202643964661	0.47023680570464316	0.5510995595114443	0.4554413377059692	0.5122059608391517	0.44982649269414543	0.6256533870333707	0.649028324354126	0.5084763379087802	0.5375284667802034	0.5963575576726656	0.5513262372688661	0.4556347504004087	0.5132660543251579	0.5015492717166019	0.7011307445516166	0.5674306197816645	0.46168900520056744	0.588330584469414	0.5670305868235641	0.5182638989695469	0.5569680025155657
0.4922034476527344	0.4529305432717882	0.5073369081101698	0.5448161490796972	0.4511763073048297	0.7199283573122266	0.511288803920739	0.6379699165707977	0.3676553281613283	0.5566802495915708	0.33189285685253184	0.4034452376180093	0.3689951240302699	0.5250848392695728	0.5004034770796099	0.804509581784412	0.5234075135323524	0.4384660649188332	0.5136262902372419	0.5354510904287573	0.3921887568377383	0.24134091042773687	0.6232367115386416	0.32518453558421745	0.5158973005732314	0.5917141549833638	0.5087162644330492	0.5374746651539275	0.4232621238091674	0.510197563060961	0.5554434365619793	0.47110601851582756	0.4864517884342442	0.46775986487095444	0.5225475118581977	0.4702787734082461	0.3355289105374861	0.5135162667871991	0.5134099996460442	0.43247233088291315	0.4318744885926744	0.377836913995545	0.2976033346535324	0.4363428562639944	0.13784083156371046	0.298191066390177	0.2579764097103565	0.3186304691160619	0.34654739768192067	0.30811405964028726	0.3023577212860935	0.37696396253159803	0.33130770304143065	0.16858063920340238	0.2327848993003988	0.2870640884786252	0.38274947181935537	0.42393683513151864	0.3671035559436362	0.3975451775871834	0.4066473176408193	0.47631592425836833	0.36916811904599256	0.4217473753174952	0.4377681673060685	0.5222576647864925	0.5701243079116588	0.4064096135654376	0.47763904816380576	0.6110368151212433	0.38638269097641176	0.3744953876950745	0.46373500817983815	0.35629951831381856	0.5592080420390365	0.4178496330786332	0.47956426621695314	0.5032348539830105	0.4122243844215351	0.6080015877429534	0.4289912123474795	0.5248786745339445	0.5527660001797071	0.5672139595889104	0.5417950804784943	0.6457867168354791	0.6386574658608142	0.5290304314496613	0.5736742637713457	0.545622229065924	0.47923472803598327	0.5315576671406426	0.6413202196676153	0.45741826206060765	0.6270848074885471	0.738793095798761	0.49610147356667633	0.51063065156269	0.6383785391703171	0.6622867827516803
0.6749806380263275	0.786403377028233	0.6806991793162129	0.6967222737947747	0.669857574151716	0.5272031722171796	0.6999741413555435	0.5208596059144499	0.5468344949751293	0.6059845014490419	0.696776149576777	0.585859787184003	0.6033576647864924	0.5239741931468442	0.44642632084119244	0.6271056359664461	0.36727243093428996	0.5128994347414924	0.5472449680678299	0.5069739989294659	0.41018675097065466	0.54740557358147	0.6569889063262657	0.2740807192445037	0.5453806274326523	0.4945661838034102	0.5197954088824249	0.36553708820264796	0.4565308022282927	0.5844932017355128	0.48291407847348755	0.53740377958789	0.6215370717235977	0.539695239383622	0.6559223703149264	0.4440891170226945	0.37032879871535906	0.31614958364148227	0.4072996913438466	0.4882349599197623	0.4795723556014887	0.4019742873128459	0.45781373005928155	0.347955252828527	0.36411586658169226	0.28583046205361173	0.4665117018277725	0.4661825191234588	0.3907098689907169	0.4097577412963689	0.36472882578808463	0.26527874162722065	0.17514116114471612	0.36525154595679	0.3406994476893175	0.28826619322001046	0.3199726063184679	0.3614662979796872	0.41384533884646113	0.26457035797393014	0.43759529941444797	0.5217806392034025	0.26285774247344385	0.4697306574480651	0.4619161125903716	0.37095146003031365	0.6044221890453734	0.542230523261513	0.5413618519048378	0.504743119928799	0.5146223938564267	0.625826578620622	0.5204581132520754	0.40178723945678807	0.39549983376992415	0.4394810005654336	0.5041120902625292	0.5580246221906892	0.49855576014786074	0.44500778779083205	0.45032851504027926	0.5184451705247332	0.3750097571685901	0.48860789137343386	0.4496621967878186	0.6130702226103029	0.6011117371400231	0.6441368739749942	0.4869850040600755	0.540618163186306	0.5712972240633551	0.6971804885377997	0.5481848498632479	0.6224494412154048	0.5451848698735233	0.6517494000177791	0.6394244456294361	0.46320789961295905	0.48829756188388596	0.5134662932713872
0.46120989017806735	0.568832567972072	0.5471158383318919	0.739759660059901	0.6690616788748096	0.582594946291942	0.6023345856099058	0.5174013240781488	0.5890991651913124	0.5402680413590413	0.609847128131741	0.6090493611743034	0.37936186720681286	0.6445951946547712	0.32710559830004543	0.5221077948532823	0.4354851170592775	0.4980224491789528	0.7538325067641711	0.4710304561682367	0.6027679165890891	0.6536640967181504	0.7394119737321023	0.5284807074737535	0.47307232852876313	0.49868891927409104	0.4832743308646217	0.5411516483623169	0.4386871076243858	0.4424599660994061	0.49332643384039443	0.599659786006928	0.48703705995284763	0.4336807110049786	0.5122556918775096	0.4209223656066263	0.517418170248756	0.25320155360777763	0.3203266751407735	0.38103291050090293	0.29691598782041945	0.3962366114872648	0.37704067618980786	0.5008136617889303	0.43098866973418676	0.4050221337228473	0.39472413252748073	0.36039908279606114	0.194555603596883	0.4132910864004523	0.2846390234452303	0.33901816436338095	0.391491127598078	0.3095162244124985	0.30539754893606075	0.336782881662565	0.41029121470162955	0.4255601426606591	0.3713370010990965	0.31278902638791795	0.37710368189066346	0.4311473011617689	0.5724348575142356	0.48774727526611844	0.6243222832113748	0.5520869298860578	0.34962431379703385	0.36948913114759474	0.41505148828011407	0.3329014723896013	0.4006182914874832	0.4646868957508822	0.45370592434982604	0.4873434365619794	0.46574349423865535	0.4302497060572844	0.51370376781714	0.42658924179264657	0.5302910958170526	0.48068063214095225	0.5143014841603516	0.4929470445594145	0.5603554352751552	0.5179433482813529	0.3547559308237387	0.4758141938268394	0.6876116759321221	0.46701385600630874	0.6493015512536278	0.5282826639036863	0.5139868121785556	0.6259513305520612	0.6021868451366563	0.6129786039094433	0.5016433824165285	0.4437496695679587	0.48479967251064626	0.4795892170740712	0.49329148307473425	0.5309225633552296
0.3850371199836735	0.539768202618319	0.48823477982728425	0.5987826191748356	0.6273721213635596	0.6812221266603972	0.5285929463102335	0.5630200336897622	0.6677532940444443	0.49468267920566156	0.6905013323176741	0.5765597942464532	0.63395571777316	0.5636826733202864	0.3667889981381174	0.5447911181814781	0.5181204068225436	0.6013725498188669	0.5598597518717525	0.4599221619726478	0.5856411128846403	0.5449662426571612	0.28511192782617645	0.5930160560907706	0.32147031795337955	0.7244930534240602	0.6705472576099931	0.5674390305076803	0.5376785685971928	0.560934942263637	0.39366606962713324	0.5259263255494924	0.44701396194306053	0.49564729880761893	0.3762785615347426	0.46103693518289535	0.4790596200393502	0.4508784650145909	0.40730160893030365	0.3303599413808308	0.3758639331047225	0.338609691252389	0.611948982156147	0.4982052922605401	0.3007554093795047	0.4068762331491035	0.4252595694251243	0.3645095947322373	0.4866680272341411	0.5876285350505547	0.3565141079003631	0.30146210733011714	0.29668066863027787	0.4311431599493496	0.3010204833324198	0.34649139126288264	0.4245038078376905	0.40357472989305354	0.4437538131345281	0.48199519583184613	0.48175574837711055	0.49288695578170816	0.3664036771823632	0.5174867992307304	0.41327023202690305	0.48995558240953263	0.6283515848002659	0.5677433788853032	0.4912077771971569	0.45012028676089144	0.6478701025486509	0.5231431293453991	0.6398973076356814	0.45836199668506517	0.3381995971778451	0.37564749184792223	0.7173641661655764	0.5348016489508545	0.44148669211690367	0.6050535577092487	0.6673097230334144	0.5669385184800466	0.7579971193036783	0.4609347562857838	0.5359515271235898	0.5215327245230499	0.5727097465749149	0.5437701861209772	0.6651099290215431	0.7436117300775731	0.6480783849734895	0.6511762355032534	0.5815263208411925	0.6554181949673314	0.5515932135062631	0.4401328704803523	0.5131058925688005	0.5973164810148529	0.46778740307021593	0.580362215621019
0.5140787369189207	0.6861016101073787	0.4438472705578184	0.40416388484464666	0.5637638707197463	0.6748535165116231	0.5318636741482181	0.45266369533556844	0.699480389663498	0.48112021378224024	0.5464805426832506	0.4634639825418734	0.5272828993186903	0.4828182938416331	0.5153306056567643	0.32547228379991244	0.545199486532793	0.5137308210614931	0.5404118866285508	0.5317160525595455	0.5387223667837012	0.4389202997087167	0.5207618495506875	0.4667283714371268	0.5007431387619992	0.487618226748357	0.5158098160223412	0.5735535294594484	0.640480442631874	0.37380557475854503	0.45321188192025064	0.4617345550059554	0.5585844743763165	0.7012616023649334	0.404001457087626	0.35857843558771546	0.6140554682332557	0.4417929733829589	0.4050284809051037	0.5075660001797072	0.5235054382178427	0.3403616141356836	0.48976360940909197	0.5369929310082582	0.4823617918740117	0.5263449633595297	0.5673991993264882	0.5334658400975043	0.4964472328914178	0.3399429692631963	0.46770772305170605	0.5197224562414028	0.38993688927696957	0.41340146415007617	0.527909872521942	0.36071618556902285	0.5066140431612369	0.5111307115935162	0.3280369952137213	0.4825306327294898	0.4408203326668173	0.20558494049802445	0.39690988900099233	0.6104222749718499	0.5088494835901055	0.5161515530192403	0.45367036739053035	0.49015374957247715	0.5040476236803244	0.5768661496682348	0.4527013711611496	0.5585576753801678	0.4077263949969187	0.5271702026000276	0.506495242914847	0.3733973264688819	0.5836121090957296	0.6657370199322967	0.49757019200635233	0.4761577424734439	0.6175846462292693	0.48396985653997165	0.5145533576064952	0.5034307268954914	0.3374661002310839	0.45705142942636307	0.5222078054469574	0.5121682485242449	0.45503701169277155	0.6043682473471698	0.5142911087648778	0.6155222526074244	0.47617232028923795	0.4496933888904411	0.5805598107255034	0.7106826627266112	0.4790767263435368	0.3785332141862582	0.4274516707267423	0.3472162432456989
0.5013829099123656	0.45274304812722266	0.7410807439630792	0.5484974112182832	0.7251077112809559	0.5904618648526628	0.49053450086050443	0.7373512234382344	0.3439889298677662	0.7165056406747461	0.6405179760313777	0.5518867439082045	0.329457808389645	0.44277257806866743	0.5121994312102671	0.3911246010033389	0.6536681755455936	0.4883889722424669	0.4901014512022509	0.5313743649997973	0.5480056194873957	0.7265699707162486	0.59367841322329	0.5187930604865105	0.49632852445687947	0.46652638911154365	0.537930584469414	0.6487077018643556	0.5482011392773705	0.5377971416681037	0.4998950769472691	0.5799970686894524	0.41693019838880735	0.6075968627013238	0.5413491304675995	0.4348159454457187	0.36516377890789486	0.5763366868200661	0.5268346374012067	0.6007013005366484	0.5662323349112182	0.5544301760243819	0.6653489692083217	0.5353492116857759	0.4973720931137591	0.6689115111416193	0.5846052604795146	0.37786786597486327	0.5218429527841459	0.4088972311258052	0.27794930349762736	0.5402993499920907	0.3896930687260356	0.4466014205983005	0.47281584657141706	0.5168179889792028	0.5428159219042183	0.524267969557465	0.4464555659304823	0.38814736001551986	0.41073709997339813	0.2823953147164232	0.5794037466297896	0.4162599931721316	0.33855785076434575	0.44878888160769037	0.5831702485059533	0.48584532236741085	0.4362515330089648	0.5361223114611753	0.5344743908954477	0.4713431352307742	0.5428785038580667	0.5169784344106404	0.5004286645288069	0.5729870193437593	0.49612880342365917	0.6851494412154048	0.517588974596617	0.5551119654925772	0.5740784414730906	0.5603616506250091	0.588040855105211	0.6544868957508821	0.5966848839984235	0.6282555376806818	0.4985618024676868	0.3705473376510946	0.5457431623034996	0.48237040858815605	0.7139184021325351	0.563303721911214	0.48831207613762895	0.539464130853326	0.4218807321923289	0.5073057925174237	0.44829531589349825	0.5029120620127289	0.5659307751555671	0.6082349187221368
0.4280225868967301	0.6699348704620608	0.5014514517907884	0.5328827969131634	0.6463368751520694	0.544768018994616	0.34116175773883606	0.5046263102475173	0.525088859243265	0.6235305197302878	0.6121990368901353	0.5031472446621679	0.7187139701825856	0.5353391517464076	0.5808788075434218	0.42631632210972514	0.3762578590038709	0.5527763296692552	0.6102285997896808	0.48088507233042666	0.6258452458575345	0.5278452623365849	0.4400765509593588	0.4136743120314213	0.5460868675010816	0.4263033523096577	0.667401216964322	0.6535511457512831	0.5338178677404758	0.5226513811662873	0.5539989756822343	0.44187619312855275	0.4834180007499531	0.480207316960824	0.37677184475092984	0.5653991039834114	0.6991260253953624	0.48777213078015974	0.39931168299457226	0.31558872034841257	0.6075365738208641	0.6342699012688224	0.4584949816041925	0.4790805815267264	0.6300179112922515	0.527311489954269	0.4883803990800983	0.4419555882949077	0.6290033523096579	0.5345721343113848	0.49281591837299316	0.5025035382875109	0.49224523055555924	0.5003097701164152	0.5119929133521328	0.5807720460307584	0.4038407785953345	0.4838615293862821	0.5905073475647746	0.6203263008309172	0.44505147650936394	0.3947598095484285	0.6784869534275582	0.5643140266821867	0.48398479807194705	0.3335472317143427	0.5221367821631426	0.3610429869193217	0.49103054915716327	0.3184221902224482	0.499063900146622	0.6436659166073806	0.4853887827333887	0.5466660884603336	0.5176784732541161	0.49360778425960705	0.5663537636973772	0.3727286092062809	0.4238098501575167	0.6200410940514399	0.5796535412301984	0.5204534458871217	0.5863013593903994	0.6099598789958548	0.5037204127079187	0.574743126991249	0.43409926641976426	0.5694555494514321	0.600943234105076	0.4390517354658683	0.6443267339945246	0.626503599495412	0.44709128885735583	0.5105455483658148	0.4829308457800684	0.49622239621057673	0.5958892382614215	0.42972471753376584	0.41838507586165186	0.5528787934185216
0.5858123786459093	0.5112079690603853	0.6141014935769517	0.5826556636277092	0.7062783849734895	0.5016805344437256	0.5260409292609372	0.6399348080770848	0.5322909734012504	0.607424317328259	0.5080534046894962	0.5043763532107555	0.6804181926131814	0.47681203376292836	0.5617037019009388	0.5961285326964045	0.6533620790803165	0.5962452847010102	0.41089313464223665	0.6598682744198954	0.5464161443713971	0.360980673338578	0.557705688934822	0.36839944415809234	0.5091287269137829	0.5342348127853846	0.5227116641613719	0.5352659483884064	0.5345139183912847	0.5521887521294381	0.5416053193332656	0.4786428845137949	0.6440241089859804	0.5647387597804258	0.6713531904618424	0.4626427974102434	0.6329490104059474	0.5258575211833401	0.6032075311884778	0.40987410839744287	0.6634595859041748	0.6499534341163717	0.4397159348520435	0.4040911170044028	0.5770534188143965	0.4749804602879993	0.5699429869193217	0.38540767479163013	0.3005929945703093	0.4570992122743133	0.4838888898472155	0.4470766204067851	0.4557661790951102	0.5083412035194168	0.5414805250271255	0.5087012028394218	0.5337865732323266	0.5646802872579713	0.4703842683881879	0.48584079154315984	0.38785128229198557	0.5662867898141304	0.4505263243724175	0.5261763214297299	0.3615742496464453	0.48857633320048016	0.6011264915170703	0.43309101577595116	0.48854506341090637	0.5298159195500682	0.7003096994919141	0.4046680142863159	0.5776699542371984	0.42334714814201635	0.6281991793162129	0.5534222443678992	0.5435890534606432	0.526513923099585	0.5362306550939151	0.4880432917817519	0.42454741298389587	0.3751493647055285	0.6622952688104975	0.5058953476745238	0.45828306999456836	0.5253932817766143	0.5107911381917533	0.5934182549981574	0.613124612774089	0.590530878738169	0.4394705745557339	0.605435175324491	0.5870038619831416	0.4270332341965336	0.42597488408988116	0.6099955619021774	0.5164329375736284	0.4307225727718299	0.43071218325145577	0.6278788110746468
0.48856633682316297	0.43568716765521187	0.5440868769176819	0.6353679789740653	0.5956263726324933	0.7089657047338771	0.3888510409916064	0.5256368210066185	0.6016265032878207	0.5874953370808486	0.7580347963063344	0.5707703462031801	0.4676972476048556	0.5529827910277885	0.4341621485277428	0.5203765921569845	0.35121415616043883	0.620539066997006	0.7272160655073707	0.5687618836858633	0.5582495636312069	0.5964577189319435	0.5184013099532485	0.6250181208116052	0.42838278278826325	0.49140157244097815	0.5665661579077598	0.5231556718672342	0.4314827204032873	0.48369927230513937	0.4927782625576875	0.5396388739567028	0.47403471155693305	0.702153281096619	0.48841577594691576	0.38257417902194407	0.35537397656504055	0.4052783367134137	0.4539179677918525	0.48476581891015397	0.46270547470716833	0.5050450539943062	0.49146381186599547	0.6431784426501654	0.4445116053076209	0.5151991216395369	0.502276322606805	0.47776605197100797	0.5179804026113233	0.4841243973693603	0.3837682402847198	0.45120791962323437	0.4347433965414287	0.558178527399567	0.5646471622669166	0.5186281713343733	0.6436407362206339	0.5373864931912252	0.505384447303591	0.5455449033287036	0.4203158654046173	0.5247450010259302	0.43414714343371624	0.5466846685936947	0.5149136300079049	0.5557867168354792	0.6043639848960235	0.5677118501392252	0.5952953406120738	0.5139202043656401	0.5955889098574909	0.54279721111553	0.48165756944341587	0.5334700754759253	0.711834655057332	0.6505241690168064	0.5932472046416173	0.5906452894093104	0.5766181961444065	0.4849953194247232	0.5428954394863753	0.4805182138005317	0.479457866066321	0.44115992607885546	0.5171287210284078	0.5169912923885809	0.5074537095519263	0.4049619813830899	0.6403724132781646	0.5741477802313022	0.4986558672616874	0.6992370705465227	0.53464556602194	0.4580477908249774	0.7007790358959757	0.40977881578294695	0.6159705168790579	0.6154433506355028	0.4891662508966864	0.5557995347928689
0.5738456519484166	0.39785790961809675	0.4846306386148649	0.500963898969547	0.4668805850579514	0.4685888545349649	0.5839784426501655	0.48173471508815807	0.6378182302795822	0.5722764909285328	0.6228408456886108	0.5278326256487481	0.49522231381532544	0.5855618883941632	0.6486164080362016	0.6970829722973415	0.5278954241844002	0.503126576266472	0.5660621638297181	0.5798390811219063	0.6377098748760921	0.5469826615495362	0.5371285397588547	0.43898894752389156	0.5987806180160519	0.4230495459750817	0.5652536295108249	0.40504524232630945	0.6363199383466855	0.5184117606815235	0.5213597483405275	0.4641659636903815	0.5628865426283761	0.32845755296436563	0.48762855741498	0.5426908874747739	0.3476615564590076	0.47213673743429196	0.5753094758476602	0.3267679813282153	0.5603472152352926	0.4364054711759432	0.5234721143011094	0.6660449150994538	0.5733386338333988	0.30338455324034275	0.5125805874121016	0.536111961961352	0.4329640143228989	0.428907721874631	0.532457801327195	0.35393285517837714	0.574507831342608	0.46944945298615504	0.3797931770169374	0.4391283926244772	0.5164323572756435	0.5780927709260555	0.47480961827373774	0.4763513199583862	0.45494513285833266	0.5521659895860319	0.683720129032839	0.47827640264790644	0.5829470304345143	0.5069785015039165	0.6005598330899289	0.5326952393836218	0.4609744709365491	0.6282932499955886	0.4940576612552674	0.6449013464425741	0.4476158147903914	0.4314473341198696	0.34811606079907065	0.4202388939669781	0.5094222890967499	0.5255286833620073	0.2805330211459549	0.46429333356791513	0.5629184927673115	0.48151848805901143	0.5929956101622532	0.49620585843362475	0.48485364010450005	0.5767183515183092	0.5254724768402158	0.612249567162432	0.752516250308149	0.4293768263949137	0.604357987305048	0.46023311648903154	0.48858312649416924	0.4334956019227282	0.5879017937310819	0.5412080502785616	0.45017237090346396	0.5571390717053061	0.4396264997565955	0.5293099560942685
0.5639995030118434	0.5928390775906812	0.45887879106437146	0.48993484103518525	0.5276765274178586	0.4807847874782718	0.6662785544722923	0.6208077089268058	0.5244703826925056	0.567191239420205	0.5756096724191886	0.5625013252552239	0.5870679212973893	0.47814105756211434	0.5259411387802908	0.45232666219294826	0.46558476393677145	0.3986556977628847	0.5878871511761615	0.5332455236472394	0.35189339242166606	0.5795452658678097	0.6849639307505726	0.4916016324718041	0.5596598166108785	0.49271185837875026	0.4554346750676074	0.5777493046747026	0.5232681178689176	0.3924618825087881	0.43253472450475833	0.8941575494331404	0.7100762025451529	0.5085325255973714	0.44446176362421114	0.47878243555113237	0.6082011734125463	0.534686592065527	0.5737324537957953	0.598376380283481	0.5639513741038371	0.49622830669800067	0.5885407656475092	0.5070762955340795	0.47761587835244257	0.5168013558591743	0.4927951664049707	0.3945681602436183	0.6437577883793697	0.5516016112844536	0.5237284208742776	0.5484347174423082	0.4679661508453097	0.30028286753766475	0.5383078796026837	0.517101455910551	0.568688740358688	0.5409157747698407	0.49310329934128183	0.5606367503821171	0.4894034935586602	0.5367325844511223	0.4055867827516802	0.7289555753470824	0.5783263549763682	0.6213284761968036	0.5436390152057052	0.6654117630356736	0.4368869275319077	0.27144949182963063	0.6121868345429812	0.5804720613327337	0.4771386856246995	0.4290327716060506	0.4193767392913621	0.5563702838182039	0.4234100278958447	0.5758725863081926	0.4352205151134455	0.6309078501758082	0.3430539002380797	0.6689204468430944	0.4010498143481862	0.5553829722973416	0.6427559626047643	0.5162830076095921	0.46746230037042047	0.4436413718411447	0.6044662414800863	0.46545168955994254	0.7146934053694913	0.4700372835971014	0.5568580791168996	0.6916123939478844	0.5908746110084766	0.6399498119940362	0.40440182668918245	0.4852578484101956	0.4059162279437236	0.650209989052369
0.34896406140589964	0.5584577930876697	0.5321286433414565	0.44709123235775483	0.5215662167615108	0.6003056983514221	0.5792597812986281	0.5352681649519184	0.4129934524524922	0.4217620767261666	0.4374682037953941	0.5761992369928888	0.4491431658347247	0.66261422443079	0.5613057171846225	0.6539203456146425	0.5537119172325013	0.5264243973693604	0.5490536353962001	0.4198162114646733	0.3628016312947291	0.6100244538689613	0.551311836014325	0.6042264350174694	0.9000388409986022	0.4832199548257358	0.6138199818984613	0.5318846050316437	0.6315242690681832	0.5925910110676511	0.5956700542885751	0.45459928996126475	0.5871076453647548	0.3534034041009586	0.46372416548558126	0.4591888298163895	0.6217636200027672	0.5120991781391377	0.5533929839766342	0.4035138018608577	0.5048177971159746	0.5111992617114642	0.47412633732024273	0.49367838026518945	0.5473616223752088	0.5251181726029062	0.6571182349878822	0.6322724568299404	0.3117849452063246	0.6277723402995135	0.5399742543547452	0.5073972546673057	0.37565166484136714	0.5686786992525199	0.5136870181666843	0.3464077983845073	0.474724317328259	0.47967214843628514	0.5833742155112697	0.5749930357679349	0.7578389128001786	0.43348890397211576	0.48719720169892977	0.5384764520850573	0.44789097222417534	0.38848888513891544	0.49768688633428204	0.4549763991166813	0.4022016477737793	0.5357225445220293	0.5155244574001863	0.5738868651469317	0.6725429939817718	0.5843181137491551	0.45460791256078437	0.448524608065789	0.48810772187463103	0.3656598542772792	0.4987163115160499	0.5758724521216403	0.40623705171332236	0.3026661814492603	0.3940520073701981	0.44106034864878774	0.4654790170627754	0.5916185292566373	0.6122101491345718	0.5009747098827783	0.4145371199836736	0.5244245762847634	0.6000309458314451	0.47521616320459736	0.6548327845538758	0.34218099821128356	0.48973089874844433	0.5126955183504017	0.5717976172064118	0.44829149602255935	0.4433204021142435	0.511357697744593
0.6410992205138385	0.7040889286906912	0.46367018612097727	0.49592447858753663	0.5764224986161035	0.5262037325048892	0.6023661743868102	0.4621391858815831	0.4698661473140847	0.6481307151247412	0.4153660755125085	0.5648244938895118	0.6412848651652231	0.45897467692467764	0.46651416439996407	0.5642496024746827	0.6788537330934268	0.465820317364842	0.4327099902294441	0.4277809687844081	0.4075934830564427	0.49520809971571245	0.5314703779842055	0.5836410952285149	0.5027888663057152	0.5109304208559862	0.6608095970863873	0.7164994182624419	0.5392804967773248	0.40820128052637306	0.5918013358488989	0.5974889122116409	0.5152555435660571	0.5283263314348676	0.4130513905828874	0.4730077301141561	0.6605096700650386	0.4557931287568616	0.7753470987048654	0.5673324326084448	0.6149656140991004	0.32038663208607765	0.3814015041706269	0.472649571870732	0.6159057642676232	0.47824953302725637	0.44182032560436724	0.3687558166474617	0.3431370022761715	0.5335099655108687	0.5031142432639905	0.34254126590439293	0.5156516012793161	0.7838327045127745	0.4574099301986181	0.44688705465600986	0.5442495989434576	0.5218785038580666	0.571111957253052	0.5117224880224285	0.4363307669160421	0.4978326986273993	0.4340409351463122	0.6581533634918704	0.4961888992638157	0.5269327209918246	0.5835202126051653	0.6166952028942962	0.5053682791281953	0.46881828089380795	0.5337640661141998	0.6083495330272565	0.48828467330199493	0.3730410481455142	0.5773413094561687	0.5115497684422604	0.4699745568630256	0.463720671664423	0.4636873112583644	0.4295456060424907	0.4821079973101856	0.5458393330159607	0.4978561426972422	0.28590432457362436	0.708064432184531	0.5268143951066679	0.29046032628436236	0.44668741484096597	0.4229061173901294	0.5727184103720602	0.4348453788670118	0.5276079443418098	0.6646496142454327	0.40523531892764353	0.4131620284660906	0.5913392141313836	0.5473371564729991	0.4646081161947627	0.5854100337812198	0.5106846709478449
