0.5459999073300372	0.5769852467146891	0.666447985953952	0.5413789263029469	0.41446038112496053	0.46001104970142204	0.3978736659737641	0.36831651582109415	0.4934871100944948	0.4084651552713762	0.7423969256122828	0.5629229008897644	0.5623728596780662	0.565388148244104	0.5315557823213714	0.42850846647793034	0.5794915999209733	0.43105607317536254	0.4829717073466082	0.593858063526589	0.48058929222139946	0.7802963629292405	0.36996898045774024	0.46308484429325225	0.582740592170169	0.47231151144287437	0.5669974614970283	0.601335874689099	0.5163503545075292	0.6834223882984823	0.5941910378364703	0.5966226252072908	0.5412876730651937	0.6296674350166215	0.6340018262652788	0.4269538348805661	0.4172102570592434	0.5508674265785722	0.40320216439762047	0.614225817117514	0.51458825378497	0.5366397853800414	0.7229837315710997	0.4304604503761756	0.4117182708782059	0.5488678503072683	0.40715452172967853	0.3791387215145494	0.42994349014090705	0.6870884609094119	0.2939590321499494	0.4843172788686722	0.43550893068202995	0.48844652098452046	0.3925600673222627	0.517011137196511	0.412655144376837	0.3340761102720458	0.5650154892438257	0.42995150665071086	0.5792899712407696	0.5148400912708784	0.474885165069012	0.3807988897551002	0.5926580933753769	0.551679003601721	0.5309031218773568	0.5419120239479509	0.48021461914090124	0.44205166513111	0.7127712297256108	0.543448328812899	0.6582460183549063	0.47955800449716945	0.4930360055685983	0.5462709217776099	0.40997423205681627	0.3716141582650483	0.45859758187823635	0.5757940829271679	0.4621439381397416	0.37943735333586914	0.5045836311112791	0.5500189129357493	0.4570138794288302	0.41445567099835284	0.38413835925113365	0.3522793158456103	0.3365435762854895	0.45492579739293754	0.5790095636449799	0.5247105260090199	0.49867455321174964	0.46164744507284033	0.493107503482408	0.4959655654543441	0.4883607004545001	0.5272712436823588	0.48222676725225616	0.5485271921404467
0.6651587757323085	0.5429128744234205	0.5497270957535275	0.5564100136518111	0.42569954633199714	0.5602289987740708	0.49754993991929464	0.4830975246711352	0.5452057856494118	0.6585936394813834	0.6756262403544697	0.38851096144720476	0.6171879564661745	0.48002483403993934	0.4125977833957604	0.3916526992541996	0.583896693967528	0.3235504582031148	0.4391605998219571	0.4367015935913268	0.467771340302669	0.39607632789058494	0.5301516874239033	0.6264479353827755	0.6578643821772684	0.586416818241192	0.4968122165974677	0.5049738229731421	0.6071171805880159	0.6056785597048961	0.4652799900364342	0.5668118092231217	0.45532783664728865	0.35663679819852123	0.475771638321791	0.4123895153511963	0.6294737538971599	0.5931739072222608	0.43283790115517795	0.3842883690222764	0.6665721823278329	0.5741965244005016	0.42686004964699403	0.6056144703605857	0.3913283065360878	0.3672136149077039	0.6105180673824953	0.3434519622645494	0.5383489134327628	0.35922113663955973	0.49286460175386815	0.45247069567604215	0.38982552870066367	0.4157623279103494	0.529764119702182	0.5050461880091764	0.4232447400727725	0.7271047145993241	0.4236398016431201	0.7025527041715298	0.43916062549863616	0.3957111616072944	0.591958876228842	0.5505106069503329	0.439579535084869	0.4953926390187971	0.4650499707681773	0.5242454549913069	0.46320740772544045	0.34108297502958596	0.42295068218829635	0.504091291887674	0.4633079338880989	0.6086046719379559	0.4030423227798244	0.4443726754645678	0.40635670239291827	0.4642954075095534	0.3846855612670334	0.4394407081493765	0.43209427329415295	0.4818838680977705	0.5590527940118925	0.5561075886461205	0.5539594044483215	0.3909340148270466	0.5328003063069864	0.683481542119874	0.5256533373135791	0.6870798195395028	0.5464772639233	0.5548334257771923	0.5889938360863567	0.5420214488609396	0.5707255995095245	0.41358407656739427	0.5341802106268883	0.4776434322439329	0.41952333901831124	0.5380098795923831
0.44076356713686315	0.5741583969875066	0.594114315848249	0.6010742589487694	0.5567582774603501	0.8358237579987429	0.5248110981402708	0.49817705469454926	0.6577307879136088	0.45847574950470976	0.5065925486018727	0.33603524733898177	0.6609464788029992	0.5242485409864255	0.5315471696163159	0.5185093784278385	0.5373290076012384	0.41306899700632527	0.5919003797399944	0.4676011564627483	0.44358387691797296	0.5284961349968296	0.6068903346080887	0.7181449938750983	0.45634322872945016	0.5658723468244077	0.591622737530552	0.5847117280366416	0.44502978719777975	0.6113613128254567	0.43978840573482947	0.7692486476402359	0.44829093656005503	0.395790566282323	0.4073857683301294	0.3402309418246732	0.5103864650813141	0.5530541920891806	0.374573714332409	0.5048401377088527	0.45748397197394486	0.4548217344569388	0.4513487498699213	0.39384465984721084	0.5041425453169698	0.5296774925427011	0.42655779519623976	0.44685035441204596	0.4623204384187443	0.36539554389637713	0.3320243609764223	0.3945869153680915	0.4701119979809999	0.6393280237503091	0.5736179401281294	0.507093183220261	0.48151660099683125	0.37086970083184706	0.4781278687180026	0.4168808245798762	0.5204682123911328	0.4505031914325289	0.5395239604834747	0.5522216794199627	0.5481491799833668	0.5025258572215369	0.5235993111467523	0.37656113538076424	0.649549412154196	0.40152032362897133	0.5214653276540681	0.45074534748849054	0.4487846410278052	0.7093101009673523	0.5738905549246078	0.44657687174129457	0.5535214109727795	0.4893866371867751	0.38266556561651216	0.4509256782673159	0.5207174262286715	0.32780925105062353	0.4452870879576011	0.37444524497709075	0.45465369781507114	0.41208687137784444	0.5027402872803132	0.46634889365363014	0.7189336554483392	0.4878507201956891	0.3885850028192459	0.5092001446452716	0.44287153280985164	0.6571315232376174	0.6460991396739368	0.36680669261117727	0.6231320459347773	0.5829487852206783	0.8157594317313629	0.5635123272510665
0.5584562158433923	0.5563392594185432	0.5609303817810843	0.6024612937595025	0.45663901513716515	0.38505410500133325	0.4195535703436866	0.448465581804511	0.7303039999825444	0.41791322522100277	0.544141962470575	0.43139861858107087	0.5519470372383294	0.5203842619076203	0.6245497659475244	0.6465249928316472	0.38240172383221444	0.48693484490925165	0.5049727931270218	0.40044182961492486	0.45337796483882603	0.42241561886836954	0.6869947233561348	0.4302822906474532	0.5751641117226629	0.7090863382762695	0.5745156414568481	0.6917459764018803	0.5320227633250566	0.48691937999611423	0.427250072679687	0.49676817721452926	0.46730246119453045	0.5364339601958381	0.5566741519465233	0.6855419441372652	0.7064657783086322	0.3712859024166656	0.5313079140649682	0.5221461415095319	0.5442788496058236	0.5515284637311914	0.5300701089910859	0.7326623870916894	0.3582054605139838	0.4678720988054924	0.3802173099742335	0.5223822362395685	0.4589701774900744	0.6472305486043782	0.42340071455013284	0.6759436680833271	0.5646219580988078	0.47610695697444344	0.46112930452792916	0.6152723736528901	0.4574359562164028	0.6566242979503946	0.5848962626465657	0.42948232387209356	0.39479715693926465	0.3999432525624779	0.5282327600885518	0.5510290112314918	0.5807455201859534	0.4109234240507496	0.3968815480113818	0.5145401507992212	0.44257938261006846	0.6893090419490621	0.5729296274736909	0.5016110022605691	0.6124616540016062	0.44886836207161024	0.5713585231122186	0.47952019593196765	0.6466906626515389	0.5165044222000236	0.4755703644318126	0.6274312743031799	0.42857099659416936	0.4419967869887864	0.48544799027268937	0.4458478300450299	0.4546125425586128	0.7562755890053472	0.6221040704660321	0.49947018652046643	0.4333082575606684	0.43565673658756915	0.5759816676656796	0.6384629341158072	0.7517004337008953	0.5350553343010744	0.4277417586078779	0.681455741796718	0.49733273718178594	0.73545077110557	0.5269864011929957	0.537149367493696
0.47074583660055436	0.6282554611465301	0.4658747596166264	0.5908677977496403	0.5237578115198888	0.4843842250837128	0.4307915751431799	0.5569683505762593	0.3703505236022911	0.47054438920105146	0.6341091904901274	0.3729750506010929	0.5398447781367751	0.6575339410659069	0.4546956034467085	0.6429051630413279	0.6559254602515662	0.5275996534386411	0.3629155934969889	0.4120879335272569	0.505811427958643	0.5289483823425553	0.38357698203122226	0.5392474495508534	0.6476588037697489	0.40562655582174234	0.675431853263258	0.5653297616683418	0.5944466806924955	0.6669741740741343	0.724063176527026	0.4572352845388953	0.5874875317403199	0.5100959741580734	0.5964766297971759	0.4466495408223276	0.6076569015131309	0.5759566846364507	0.46575549019420825	0.6446999845149407	0.3833570899226611	0.4570523099474269	0.6271991788597455	0.4558974116206557	0.5320493199045825	0.5617205893184466	0.39703206463394847	0.5723465410686259	0.6048934318687174	0.7048294594614049	0.4821525994450299	0.5089402532486177	0.5736164721804378	0.4265670393839673	0.6227241592688115	0.6095274146846511	0.5279785906703393	0.36734621522336275	0.7021292307459991	0.6175875790757832	0.5415271486096507	0.47815645836558407	0.38823359748771763	0.45912921960704217	0.5636252452135201	0.466364240360581	0.5066519463961228	0.4690050629071842	0.5192983746563185	0.560717804897301	0.4490988942529406	0.45218458103654463	0.4660649002769928	0.4700204045824183	0.46181827796651914	0.390001444212056	0.577144202509009	0.4081889149317804	0.4823413576199777	0.617579381477523	0.5711058742149534	0.4060395016382103	0.510209837125939	0.6120441283004888	0.509512331273666	0.5216244022659637	0.4222724404158017	0.5077045428338309	0.48720333636069724	0.711347351803883	0.7836428409149073	0.4787535115848984	0.468643003029812	0.5485046290052492	0.5704670587096934	0.4820115489184859	0.599677602787228	0.5327545380732082	0.67876086625203	0.5248773509478982
0.49647439880635286	0.5803694829314914	0.5974405977800202	0.5802546959943828	0.49146117823017227	0.5860899908783661	0.40928450290939716	0.7242122656750004	0.645520702341907	0.5476634160811108	0.5285843607710657	0.6842905019197063	0.39819388205817996	0.4891562130292237	0.4164912212795713	0.44679341521638377	0.47529240073414347	0.4904833800640778	0.47354364363448453	0.5548348070987572	0.455003246917544	0.5002351624892744	0.5094394515779397	0.5252552376616259	0.5349425971448803	0.6212585671503823	0.4929212417650171	0.5862085392716839	0.5956394878562319	0.5530218455191545	0.4594374937635405	0.47230101921938683	0.5443950144853843	0.5868294512757154	0.6132049848401839	0.5000993966551922	0.611575420279259	0.6017083576959144	0.41130949760260566	0.6143177507654337	0.46058880556045995	0.5206330408656337	0.48069579728716083	0.5232719635454468	0.5723603693145506	0.41710859878230994	0.3727787086132163	0.4966090381181116	0.7116147897643721	0.47241099868698383	0.5593984043348079	0.5204033927123884	0.5403622184662618	0.4852760963125353	0.5141401670915097	0.6815000485302755	0.47057952008756454	0.45904385666507164	0.6994504748868774	0.42887270470525857	0.4903672510730399	0.5029036711379999	0.38411553269506227	0.4637045136560907	0.41623037568761384	0.6106121668609218	0.5392165380378017	0.45872276673642287	0.583976274136699	0.5391901201032347	0.6328963687308964	0.5483329987346262	0.44654618187039	0.5625273197970363	0.5102715749463437	0.6187067461983431	0.3873565201298528	0.3723102185784598	0.6490350330920687	0.5176579319126658	0.4197804716830833	0.5637400346748024	0.3701660943306655	0.5666455139625177	0.4037208828357287	0.46165880387646047	0.7082187232475154	0.6767955204228334	0.5604684491142854	0.5232138295150288	0.5532840039977394	0.3950367782026497	0.5190006906442919	0.5021369159033585	0.6873598850202732	0.5723832227477225	0.5344396990020701	0.5172688897230043	0.548131492209511	0.5603250626458294
0.546533002512061	0.3973611348490333	0.5545639257009664	0.5962075486251228	0.5343278282674228	0.565730261508502	0.6611423875678176	0.5793735051270422	0.7089179493876695	0.4910120218260924	0.5896764199005917	0.3655412199890232	0.4359751129417347	0.6058627719823726	0.6374719399917513	0.5904912776953988	0.4272755748821881	0.5765175512938846	0.4550352054888023	0.4523688767063753	0.46747125508524673	0.3635443211212945	0.6542734330279094	0.5763850434556055	0.46646664265142024	0.49608668079584733	0.701117265411394	0.44633542509890506	0.42875733250903547	0.5512146443010472	0.404368079244327	0.4009516274472357	0.5378012307716757	0.5868775726289908	0.6024595807900215	0.625486832873679	0.3602288319594216	0.5658530347579594	0.5919151116290583	0.48150215709932986	0.723105764282045	0.5560892276554334	0.6729505849778732	0.34368262182217274	0.5436389177793696	0.4489148438351692	0.40114805182949925	0.55636934855209	0.5243797733804417	0.48522104983360664	0.7259362842646938	0.6787701899288401	0.500133162530935	0.5416028595328186	0.4138227565875059	0.5507999497158312	0.5834012763011917	0.5214681557064215	0.6403171576115846	0.5211206536176406	0.5412247384494429	0.51408876751958	0.4881988698649712	0.517909968220557	0.5108198319760892	0.6743280909256586	0.5468331914909242	0.6294677200726494	0.5230384923490828	0.48226789360252487	0.5943331384307275	0.3513761360290982	0.7360677644796085	0.37544778521638766	0.46770265576722325	0.6926680730328902	0.5659156896614072	0.3587405459003166	0.6254082379100669	0.45510834404971284	0.6940872187650332	0.4597855770910568	0.5151786759233019	0.4610510848011939	0.45663258001079887	0.41952018144588527	0.5388992909759514	0.5019302050886981	0.37877350125807535	0.7825958255426814	0.47004280803323467	0.6064074165073624	0.35098157030336496	0.6260894666143835	0.5662118118643824	0.49504663493817536	0.5555114213085476	0.4831795378145966	0.481311807211925	0.6340529642714989
0.4057283458981706	0.5404555425893737	0.7080913383767288	0.43317951744807376	0.32656273411716485	0.5803159901802295	0.4924801859992842	0.4943080329783138	0.4563941288123001	0.5721908298085547	0.5237280379976214	0.5351152922158472	0.5410179298077468	0.7629127910687152	0.4758052368265743	0.5214322219801207	0.6435564127140038	0.4170018138279709	0.5409845168305975	0.571147985224853	0.37864547662512876	0.4640910180464427	0.49444540974536083	0.5478741122819523	0.5695245257124487	0.4301909238281343	0.4696041088894047	0.5685980873072383	0.6642548520098496	0.3941508794322014	0.5478674704924171	0.48674227833667355	0.370104644157608	0.5718832022467648	0.38387566918905797	0.3659877410068289	0.5491939017393075	0.6170777691879253	0.3717883704233755	0.416778490909568	0.5884517169161201	0.4118008541032083	0.44621573417224053	0.4883119604552651	0.5539997572186154	0.38800742295409935	0.5080171578686989	0.6054125338038855	0.5792013818600179	0.49037287671303564	0.47362410145796363	0.5947847328649936	0.5392246240627151	0.5731930138421953	0.6078613632050176	0.48634827253481955	0.5110752922780072	0.5073395378891482	0.3905166961580222	0.6378776387654727	0.41800135153969703	0.4779384390126495	0.54081075713594	0.33282847168146507	0.3818297945096131	0.4551588743921053	0.6095480274708799	0.6595016079791881	0.28137464422738634	0.43629091207288967	0.5355797032264022	0.507539307936215	0.6404837230385192	0.5325432933261831	0.6756348919654259	0.5067509288067754	0.4620766006213926	0.3868547492034443	0.5229814713083335	0.5040111673179984	0.6232676812986477	0.44976161821507094	0.398181844031346	0.5072114099333683	0.5010033325741529	0.5835088378076373	0.5573057863613216	0.5306244529696923	0.6098661397199852	0.4701953283730598	0.6985302983218107	0.6419894047691678	0.6702385234969086	0.5508460924721174	0.5287585477454185	0.4353482196006283	0.3597411273704728	0.7381268698604856	0.4234915569254747	0.48850772268856096
0.4340402942497091	0.6848419096137561	0.5887442377979477	0.524107512064929	0.5988999798146433	0.5619019176472684	0.4442414114161602	0.48933625118965546	0.4826600371897799	0.5019980127617873	0.5399352907492919	0.5423828441368502	0.4732968361786181	0.5243230383854761	0.7967585788317312	0.4752855096843823	0.7164522918315053	0.46099061718794976	0.605500618350068	0.5343790243159439	0.46139414470748175	0.5573027790628655	0.4566560966944894	0.4708861770165096	0.4446733014133842	0.6819958615089409	0.5311997498441476	0.4410036865085238	0.43067786078864395	0.38709903243220195	0.4135885575816433	0.499916273486953	0.5996505667346604	0.5822115307946312	0.49616223228339773	0.4889461573483463	0.4684490777578648	0.45978879891592644	0.5104702738799982	0.570012488266576	0.6722414767807038	0.6253571131696573	0.3057459462644572	0.41946379328472316	0.3504459704450055	0.47702245903632223	0.8319384257584957	0.6796763360493322	0.5518656340331312	0.6049663205836591	0.6290099154054936	0.5342700021092108	0.6205969180591712	0.645258625679275	0.5113835864912353	0.3726666160253128	0.5920193100997361	0.6670236166437813	0.5324402595755475	0.5308879737922774	0.5064774698814992	0.5312179349043397	0.4549299112511089	0.4523617611701959	0.5718305969704747	0.8047079478136031	0.5405602912048343	0.5074229140756003	0.5686455293541667	0.34095823163308814	0.48453846967092556	0.5926343311016729	0.5388769421407821	0.3769072358554403	0.5706548674071404	0.5534398881225336	0.5065634590709721	0.4474071187126382	0.5559205130862618	0.48283788846188336	0.4916563723035986	0.561997051273146	0.5207920811764416	0.5000525119553054	0.5025684649912233	0.6918628265985418	0.47702075450596587	0.5876912948626836	0.5872931572491065	0.4986303414620186	0.6166936663552235	0.7024535545965602	0.4041419733794925	0.4024012312986396	0.5678946077541669	0.480144639630836	0.48731855927428197	0.5008859831772482	0.6030859527404137	0.5573852565094283
0.7321352559778196	0.584769564008655	0.5182416810826159	0.4471537887686159	0.6440122521141238	0.5606016284333615	0.5793588602206973	0.8111461051555282	0.5372885970363982	0.48347654307222443	0.6117770329672466	0.6401820982539005	0.43422229381825767	0.33598439671485575	0.5449499208122716	0.5977578415334542	0.4374447269874886	0.7634607291413478	0.492638583959216	0.5810974858680438	0.3726762702741236	0.6178539894920991	0.5204768328122752	0.6485637721363828	0.4487828675403712	0.6429887307173467	0.5098952147153768	0.5087327803055822	0.7705847926885692	0.8822591964560011	0.438447452948911	0.4882371780317531	0.4200232579804611	0.45002128230140276	0.5731017993742828	0.4727871049824457	0.6085858738553646	0.4806158357951527	0.38155391049427495	0.4623655971932811	0.5494149593184616	0.5800612051282169	0.5411881659053036	0.4131958966152591	0.8203659677007035	0.5564279640552469	0.7310676109235401	0.7481151474082892	0.48448409008916543	0.5428290588961808	0.5090622549389092	0.5031946154957464	0.4542349653949147	0.3984852295883597	0.5844080001370081	0.6565474537933731	0.5520396395884694	0.4834106385035782	0.5857842863536568	0.40270102937678587	0.3199491481809552	0.559920494274217	0.4771152913407294	0.42232448787654675	0.45514793753837823	0.558244743656481	0.5167862212531638	0.4544521901877677	0.4721788818551546	0.4720992143507538	0.6014026031780498	0.5195387901853887	0.47106335575260644	0.554257054873698	0.5255166633600712	0.4851555576263769	0.5149943352014681	0.40452910496537464	0.5072270717574116	0.7455269956135647	0.49983799339793816	0.3790294037456561	0.4619787312139229	0.6051559901575752	0.4702646943867593	0.7262511777375045	0.499447003616361	0.5326190804934332	0.7283080998035988	0.4778382039021081	0.4050581879373	0.39305023641411013	0.46098238642429773	0.44427148483044104	0.34539908212652193	0.604195599394124	0.6578102519196097	0.5265189887745859	0.5879440185728639	0.7439560516253885
0.6079201312176915	0.5268132660985244	0.554400493009574	0.5040690910632918	0.530245171505973	0.5800249373279279	0.451293058540686	0.5790725734692406	0.7738049231768201	0.5562166806766107	0.5390761837349035	0.5195993554277154	0.5140670163515623	0.441823288989005	0.435480996445981	0.6258250063291091	0.4324646547883911	0.5628773157049439	0.5154812748744785	0.6627927501630355	0.40335646909961725	0.4856172532280887	0.5337784954180826	0.607761486442628	0.5902541182894422	0.5654961290036296	0.588866432017015	0.4964865733937768	0.741521319825969	0.5133494587270104	0.3870499205877333	0.4443077575417635	0.4778439864403181	0.41968299231690964	0.4452122702928036	0.5034658183185262	0.3711168176203124	0.6370823343685386	0.4890659626490475	0.4473280618876035	0.43045626556866545	0.5532786958465253	0.5216192701936256	0.6536794540337896	0.6954757678936587	0.6337431090345657	0.4596918990556979	0.5055449632254084	0.89686532852696	0.5882262437180205	0.527042349960084	0.5955450177349592	0.4147539165102324	0.7033103987516708	0.4534651784675668	0.5278118925959921	0.47320489356788026	0.4604078595240085	0.590258465198589	0.6694969638191249	0.5940880835586284	0.5468288376043344	0.593926314639873	0.452771624399985	0.5266876784683455	0.6406199732971739	0.33860286501889436	0.4315957803578374	0.5630697015034634	0.6320043152551077	0.5563674810111764	0.8437903368930362	0.7148182973631753	0.5577508352087674	0.4181721728923044	0.5039873103930225	0.5342338504492978	0.6402710501767119	0.3769223132085232	0.6718983729629374	0.6784443569982668	0.40017116148013226	0.5349467868462869	0.42558913461270265	0.5689360863244978	0.597461496310638	0.5860510294230485	0.47382781143177666	0.5246337533742584	0.5812663817267552	0.5206012878547932	0.4101020123109065	0.5256880046649413	0.42275736091068417	0.4990253686407627	0.4125940982691599	0.6326426361847839	0.5063558345220142	0.44753520154211096	0.5286031538775445
0.5605215808365964	0.4749191861132338	0.3601378846021806	0.544289923899296	0.5180546471575449	0.5824903863372193	0.6828348010837036	0.5521325757658914	0.5475965143041186	0.6531378392222469	0.46556760582003953	0.7803128292636311	0.7365546161557897	0.5732105355802581	0.363006916924459	0.5335866246758256	0.5001717979708963	0.6219556885794485	0.6041533940434243	0.5439814166370794	0.6480478489258097	0.6740369505866085	0.4885211588971137	0.5659539047984671	0.5973940987993869	0.7635641472030806	0.34561456667477053	0.48560981385385665	0.4651168906395751	0.4378384286852817	0.4660988841913909	0.47275073041181737	0.6117967022116707	0.5763870529657351	0.5453919059906158	0.40961380641694084	0.5143420052283947	0.6250053690953896	0.6265611063106828	0.5254023254962977	0.4696131594128294	0.6302265984015435	0.6263935599657967	0.6052186008613052	0.6400918427283167	0.41548742316912063	0.657836679032209	0.49364118905545207	0.5418031136175716	0.4805961227947391	0.6886053492449085	0.5322359992922939	0.6057104427789489	0.4513855694297954	0.5655523410391984	0.599747635588058	0.5652768067773768	0.5832007669893915	0.5652429612738834	0.36072329002726894	0.47927078790963573	0.5615424445487985	0.6946295137596292	0.5801398179976025	0.5095747426833045	0.4550950278976363	0.43743690452572886	0.5881094538691533	0.6368393353540869	0.4504459995654045	0.47196928739301414	0.674482040491074	0.608201169724092	0.5424390029573256	0.5888809279768319	0.5669297408726387	0.5998273463582676	0.46556832515378666	0.5801064271401487	0.542210961701404	0.38797379214600813	0.47379049970429465	0.3862676225713961	0.5972363441588817	0.5928253285262637	0.3540608931912647	0.4718434275907746	0.5545512735223067	0.5101138114914253	0.5400550844927109	0.49675021233581973	0.5883302410529951	0.5097251288219341	0.4382604048753124	0.5030368950527062	0.4069716855837545	0.3632919870372207	0.6723011624338976	0.6389750435480636	0.39003444188361003
0.4796802290711308	0.5247517282194296	0.48584429219437264	0.5159048735501948	0.7577676806226521	0.6116181037048414	0.7100126353486038	0.6025999081126254	0.7757891825460815	0.6132750805018617	0.5126371589836365	0.3973997998827209	0.4739028576731936	0.49631966590059473	0.5385387992266419	0.5099722095256634	0.5188358242965871	0.46466498009714535	0.5135189452634875	0.49694527214605105	0.5306037696324647	0.5127125366728935	0.6113290397395509	0.6845688385311459	0.5884476752422159	0.6231791267897169	0.6627292899193599	0.5365010469100813	0.5058767843865825	0.30744594383701707	0.5662970493327307	0.35542923465580695	0.5601786484120913	0.6264723098647024	0.45685905666775706	0.40498872949176223	0.5151133332587466	0.6199422119817183	0.4723017261461191	0.5493124409593008	0.5546495355052902	0.430917572719331	0.6680861397710708	0.4006843281459844	0.4798528264866033	0.45974495645953317	0.5640185182101237	0.5837316343048438	0.492984789675481	0.6746579717975937	0.5476632009685088	0.5508984966880682	0.6969286439387851	0.5106138270886784	0.5604620267709347	0.49997689462359773	0.5864550037563014	0.6284743310647458	0.6773318841041788	0.6611251916130824	0.6110737279110922	0.3859384306852199	0.45126108239350154	0.5291116739931132	0.4671617901725049	0.6270322137118493	0.41499487101260846	0.5127733418932519	0.6050664834751903	0.739425328103308	0.4762151702043603	0.4219593246044986	0.5663978412081414	0.42019583874477556	0.37840077494006363	0.5501945841410083	0.70198619938606	0.5020536258404156	0.6273566880813425	0.6863267829327573	0.3997959553805126	0.42302732255484415	0.4755777830335779	0.5024594453106168	0.5266829822210739	0.5158448455550441	0.43303953032859305	0.6145307909797887	0.395530856715204	0.6308762231624045	0.510181658009761	0.5744370193264849	0.5146142248992084	0.4738049345733057	0.5019413309624621	0.43422362794107666	0.40532578208949444	0.34208535644535903	0.730847760274225	0.57546838613077
0.538177276456604	0.5039112353992112	0.7398535944366738	0.5040207880098234	0.5912626485648985	0.5461434016990956	0.5768509949221244	0.4460015770612789	0.5037769097573868	0.5909393945622416	0.578349772267041	0.5588652776856011	0.6098318044678676	0.43607062042583494	0.39485372353112264	0.5042831973601375	0.528495356637764	0.5813463474777487	0.5137313245946823	0.5299273789733432	0.7001502438255208	0.4678399124444622	0.48304209058461545	0.6508652805520829	0.6841205509733105	0.5724323534448367	0.5367445155109966	0.5084884587918987	0.4203294169880667	0.438083040240722	0.3999023227503927	0.7029970470688882	0.6319336264311586	0.4840364437497885	0.4739136092871292	0.5334088267656979	0.6589888955483778	0.4563486457945266	0.6416488261944141	0.5396106972274771	0.5868811339337963	0.6487982274787333	0.685410882210223	0.8182912949312042	0.445807510568903	0.5507527966100106	0.6662328571229896	0.7163579019687131	0.45485934655710863	0.6065792405713496	0.4920684942988387	0.40699546190383235	0.45669251206659595	0.4313722071948351	0.6699592897926123	0.5243456286031674	0.4998644372699975	0.7157999709763031	0.5383063939471329	0.43512807143829807	0.5708356077905675	0.5042453671142907	0.5691796064355062	0.6012286850009387	0.5064525005244477	0.5743716623363191	0.7043023852190583	0.3790175652955831	0.5080809913557627	0.46463635231473893	0.5965726621362824	0.5117969853848042	0.5042765742684202	0.4906437180451239	0.5432013812051958	0.5548024129225739	0.7243108605895661	0.5150443538929702	0.57987328563002	0.4730350445929212	0.4066602366217136	0.47860916802638065	0.5192484097294057	0.5492331400210945	0.7464154856829166	0.5143157698228463	0.4017625085400631	0.667147638532973	0.5754258517584039	0.4582678810663881	0.3904237978217948	0.594894284735006	0.5676490313120816	0.4699868052205953	0.4349630418953784	0.47286647078636396	0.46727722021273804	0.32398944175652006	0.7861299359971543	0.4372001302964819
0.6321163363647654	0.865668549849419	0.8094783656781611	0.5171631748612924	0.511840960029257	0.4238773739525235	0.4525083556050395	0.7061017218320795	0.43872052005766105	0.6522670258108269	0.6331550162395252	0.45815724091815785	0.5526641392992434	0.6176563171124017	0.4380695974846288	0.5075852035616887	0.4703708382753489	0.5936888031814516	0.503976582433553	0.6432568647427538	0.5311163146366795	0.5381958680269933	0.5593171294653781	0.5858432274882875	0.6762657097496666	0.3918346915224464	0.6346057743912679	0.5524826820943177	0.5163775953741252	0.5981742396790208	0.4520261784654121	0.47923956762553166	0.48953126025569116	0.5770057742959884	0.5740820044801255	0.38063687914379835	0.4680165855076896	0.480040063099208	0.4255754849927022	0.5128337590407227	0.6117928535814469	0.4478141929439097	0.41293602679186736	0.503202483474699	0.5351891102535697	0.5517671529617917	0.4127898596408816	0.6747550648407104	0.6895350512857149	0.6318426742286873	0.48448399060515634	0.6362883028186587	0.661809594970095	0.6590869778772916	0.4976408088263301	0.7204239365937728	0.6533723522840938	0.5356427183284785	0.5446189810786624	0.5256957562109351	0.5080960435553161	0.3344156337397122	0.5471206366902416	0.5176629234053938	0.4209730534658322	0.4946515984425826	0.55295846454605	0.449026043735843	0.5381880760516519	0.6954825251638037	0.5979840616998517	0.6504740762320032	0.6663021923141641	0.4191931435141217	0.3645577062573458	0.49091371340190043	0.6208153903897065	0.556413136110024	0.5079311487412473	0.5796928604131264	0.5742400639111043	0.45653799072635726	0.48297615862187143	0.5830043639168021	0.5494244403193166	0.42903855226268833	0.6281763687854569	0.5168559513970817	0.5038572014555384	0.5098992954716951	0.39413145479845907	0.5617786282936257	0.4025951200185341	0.6097273147726896	0.4671670727381811	0.4711619069967196	0.3873119909089307	0.38256502493394734	0.4219845440369252	0.5473483455810488
0.595856731806469	0.7758406550647506	0.5300917523450014	0.5853666162379759	0.4923191097334988	0.4823829520727362	0.48329407002527114	0.40611846823909553	0.39036844672022697	0.5611210843804147	0.3764067354348329	0.5277720264141944	0.6285218108868099	0.5008071350765703	0.5233668990724337	0.6655773860918477	0.7498235655518951	0.3591279679316125	0.6242226893533555	0.4746181695900308	0.600152655177274	0.37163187700734135	0.5600019694408108	0.45823371136664204	0.6395596680853671	0.4369803600614426	0.6528986372344279	0.526983165878692	0.4980943210311447	0.3793748738041914	0.49875793115311967	0.549074609167824	0.5058311737713929	0.44884371824127006	0.4156308525975487	0.37724993967389664	0.5823826882243494	0.3889293246549487	0.41274764039688083	0.4478144321048011	0.45888525294972093	0.4198195170865304	0.4085786691617245	0.4254746167650517	0.5016193839936132	0.5081124595657992	0.7470516105563096	0.5553248981153422	0.678389190825971	0.492666953076736	0.7655006823797355	0.48479331895026717	0.4585278868443007	0.6269401538263556	0.6541591152363055	0.5283826934612642	0.7228919104120181	0.7170154880334683	0.7313793499461883	0.5189907741029773	0.3873000827978646	0.3224402217538347	0.5771646140707862	0.5106288933863379	0.6254835180079533	0.3633010794447161	0.7965810552328355	0.5603024068848242	0.5027857996753955	0.4802789940724842	0.619762657779415	0.5774385029153856	0.5223015029336604	0.43582774425165993	0.42258013096731806	0.6453727234410053	0.6471944347714398	0.4114738874083255	0.51428349700152	0.5763967938011383	0.44068605976882	0.4572732802189361	0.6311594165604444	0.5156542801044375	0.41483255377524897	0.4931941847253066	0.4967721592982646	0.5461501058377768	0.7386883294250772	0.5538636004048291	0.2976754147765484	0.5781586963324533	0.40365341221404644	0.5976949041316728	0.6708022794984081	0.7269006118733845	0.5768430987926947	0.6573578104428226	0.5539387605720415	0.5951516839573456
0.5859612577092593	0.5115435803615891	0.6671209450571913	0.5618558449601311	0.5737893242442198	0.855998432676999	0.4736451089935568	0.650471740763091	0.5043464820136271	0.5586132605895261	0.4121905431899648	0.4726047286502113	0.4637800773088903	0.4966571318615438	0.5038704239930595	0.45419031791072967	0.46901908973659984	0.44851280845691066	0.5254629343845417	0.5335446229098856	0.6915840977058729	0.4389534462619038	0.5772959019019419	0.465823652627399	0.6466699839323011	0.5717902654234915	0.7014431814217881	0.4840898856115133	0.4326378215912004	0.7628851751206882	0.5227410497155992	0.4277480289248266	0.6889341209547829	0.48056430145130863	0.5053947611546605	0.4812536876354851	0.5331167501148277	0.5142661886909111	0.43171498327883173	0.4671667109550084	0.5642393048744985	0.5453671396890497	0.5902463645222518	0.4300420957071526	0.455173638072887	0.5326201209528332	0.5284991627269919	0.5092644779777733	0.6328438103412126	0.7525552591406894	0.6883821800931459	0.3176641109891515	0.6578785881469471	0.6640567272073016	0.4803538261500594	0.44618114452765106	0.6582872669404651	0.5024604521469962	0.44628599160015514	0.5361621922886253	0.4197764569193787	0.4983641333377901	0.5955360839140332	0.451989656590783	0.5250957663479562	0.45511648348706885	0.6485692164048438	0.6315589323232671	0.509297874897995	0.5507273906071407	0.6197385266578348	0.6217520916175355	0.4615497183552363	0.7020829733756336	0.5211791327747815	0.4749896924813634	0.5061964741084866	0.42561782335977943	0.5861094095534054	0.6360301421853868	0.5545938331877813	0.6874157268887606	0.6385789972296652	0.5241694149288417	0.7525460479666914	0.5559079939408602	0.6798431212796263	0.42684568010606305	0.5711446166060199	0.46156084497752015	0.507112913744053	0.43417090437406175	0.6004496517262968	0.6371298986524235	0.3687802511336437	0.5313354125038465	0.3482662776049111	0.3429178310764746	0.4282007818004721	0.5245407981510761
0.5623424577245806	0.3646877030174282	0.41969843245491456	0.7220672576419269	0.59695744555576	0.7768051699358888	0.45422975009175987	0.6317481197194491	0.505782459475012	0.5410154569927915	0.5041901287075556	0.4142366866714891	0.779139232133244	0.38575659253053207	0.5856408879296682	0.42156191548126454	0.4374795570594008	0.6381165034807326	0.40160241744095754	0.3689367895494137	0.47672888507598793	0.6485358894338932	0.47749263729826136	0.4861399113998876	0.6435284232655838	0.45676551825651357	0.6995809296028038	0.5034390478710025	0.4275869354806136	0.6232003483951677	0.6722836076169398	0.592339153029067	0.5522220616034069	0.4401128261135604	0.47323996352655584	0.5762626968853483	0.5827168978164333	0.6649623082762207	0.43868682508529144	0.49075867387459	0.7098392904463477	0.657781311865179	0.6460391872349001	0.5954307572751424	0.724954328771298	0.5586023290919199	0.4535683005990142	0.726214152266419	0.4777518445268526	0.5681447330489727	0.5006436432929285	0.59082843901376	0.6040451482879629	0.5532920052362101	0.5221268590009647	0.3938579273265753	0.36815662535726384	0.6454388259297545	0.5666193873986601	0.561614571914222	0.652145367674085	0.4623798457330598	0.4917076487613728	0.5371826581325139	0.6682340480122605	0.5499970508920475	0.4929230388209755	0.6515601390248383	0.5424240357992157	0.531126669103184	0.5370350672418136	0.4694284489533401	0.38767476456326155	0.45531751684434135	0.5074046477841312	0.722607333194752	0.5846399090740153	0.7390733845184986	0.44634455329020206	0.5313625057589877	0.6819465789544076	0.503000633298853	0.5127259662494448	0.47951581130027415	0.6566932642847254	0.6612217125999119	0.6167609388801953	0.4235918449272721	0.521862504543802	0.47930140682086325	0.40524823586913494	0.44883193454260983	0.6251525911717765	0.5450693671227981	0.46438848805386723	0.647205849977574	0.5145214049469378	0.5428542305256236	0.5012938575614844	0.583508706886477
0.6757337983396148	0.4298588645646135	0.5308305170029856	0.5970218390588542	0.5127451218588783	0.4327372479602586	0.7409168834062367	0.4655796504543606	0.5570585063532669	0.43630352706067227	0.44934936291023514	0.6683228198975895	0.5183043831464177	0.5835835610168968	0.5464091355403584	0.5172825735529828	0.6193026083128855	0.4252657518651594	0.7607714741205799	0.5106135611414508	0.6923261870294479	0.45871446894126033	0.4894611214322774	0.4504554151744214	0.39793970866815725	0.6386664593285126	0.3859649188762453	0.38872469132548704	0.4384718040296227	0.43146707126606404	0.6215637043067214	0.4572887356768107	0.38205086784058495	0.494773637287139	0.5471595404720541	0.4258389234339546	0.5563042168995873	0.5228727194237172	0.41183190673338044	0.5630293850403122	0.5976872991052354	0.5755804366633622	0.6343795857061857	0.6475089701984047	0.43413234069599266	0.5217296239913338	0.5393067047482237	0.6410433671131046	0.6104372104970589	0.7307387050149077	0.5888860850347252	0.6747830352995419	0.5088888333642998	0.5962066820553357	0.45308010273759786	0.3919054890676792	0.4793537999127581	0.47730700170841606	0.5153318955895831	0.6972675909769215	0.4486995507468339	0.48420172642520115	0.5044676621534349	0.5441226634345808	0.40499817304199964	0.48742009290012084	0.4878732425672367	0.6366567271776084	0.6434688984100339	0.5224703698749326	0.4785936680291014	0.7447329203549542	0.5541590656770845	0.36248575826376345	0.6664054943318722	0.8048159857059022	0.5028055356407549	0.5005944888116466	0.6654194306262357	0.48404650206295796	0.6829400841858928	0.6276082607133012	0.6410225928017355	0.6693566918145596	0.4539648820480953	0.5039163713062972	0.678961549336428	0.5844427236672666	0.5349695808430087	0.5321558945661626	0.4851464241526262	0.3986887297250425	0.6590201946735273	0.4054937402089676	0.6198800355863566	0.5981082680122489	0.49463281481285926	0.48130754053190283	0.40105329522395095	0.5081084421928922
0.5242630258124039	0.5285319836198763	0.69391528792278	0.5113891300465441	0.5610021158630991	0.6421010950734948	0.4642233209956606	0.3900546937300239	0.5693194309865238	0.4687321525948654	0.45562849022776775	0.6103325619753842	0.4613157226373281	0.5471239630365721	0.4733361377114053	0.46551064586243107	0.5996848148917955	0.45148821964827107	0.6016192995822035	0.5211947018523411	0.33726026189352726	0.5314349838995929	0.6994042803397951	0.4531556627897376	0.803785210207822	0.5130447472969898	0.5946171573402645	0.43218789074191594	0.4858108479651928	0.42649490888856334	0.5109033902706005	0.6001512120837512	0.5680198606291904	0.29651208922813677	0.5073468164124294	0.4155220284524621	0.47562736798562844	0.6381573691587814	0.4807913544559732	0.5587667644791958	0.47795619730748956	0.4886759865696527	0.530368421142436	0.4317562595241361	0.6504958402774916	0.4925435438406801	0.5349272051191952	0.47877565771316244	0.6219387106670837	0.5135098707591139	0.6135786973781779	0.5292533056840811	0.4875197874830331	0.47823686842973856	0.6050219598439703	0.41623588304038683	0.4715489116889659	0.3946207207764315	0.62663365708589	0.5461896827865964	0.5423642560320483	0.5675164186823973	0.43171744562809883	0.5548446184144574	0.4760289229371003	0.5077299823029494	0.5397231806837866	0.7613887401533409	0.4443634217772132	0.5232220342484429	0.6644676603784324	0.5146935260154594	0.4488729077956026	0.6442720583781811	0.6269388391649788	0.38463088217606184	0.6586644965302678	0.4532788990173569	0.78317550971987	0.5030244826401761	0.4611098338930186	0.6049548637418689	0.5479677114301333	0.7257389499014628	0.4104629686146533	0.5484254948047397	0.7250404443750257	0.4309571043156465	0.4403683624775232	0.5246685959864369	0.661718749313426	0.34163705522677307	0.5353923695739604	0.6632153160428369	0.5036660501579253	0.34644342528426103	0.4925688276795921	0.5325711829859593	0.4725414047341028	0.3623457837638115
0.4448101561751106	0.5688056210865455	0.4513293088953906	0.40190962800789504	0.45600582138979473	0.6229091889330217	0.7707727988157418	0.6115517182736838	0.4070653197750312	0.5367566455467663	0.4652876310158688	0.39112161222341457	0.45231127931953524	0.5621675248287054	0.47162110469706364	0.537678883028908	0.5747299161211855	0.49997997779850906	0.6239842157819715	0.47084971669614273	0.5710565701463515	0.47119700396366176	0.6367528601057835	0.45757779461209747	0.6238482347146039	0.4342337245099121	0.6621397335678991	0.3630722104924867	0.4582299243499138	0.4390353035490702	0.5365357796904827	0.541069352285029	0.43869202524236933	0.49588211867274545	0.6325825157816826	0.5529937022407014	0.6046325149496726	0.6248207138585614	0.40557705122298504	0.7052375857767835	0.40415797475234305	0.5322974108752268	0.47313709134420784	0.5135786337506586	0.7391148410115018	0.5580407777582056	0.5908253609064578	0.405900555962263	0.5412614893181209	0.5295180210996531	0.668562681369555	0.5170462198248947	0.482538825731952	0.4248498646905262	0.6226873831037975	0.6438616425680266	0.4215151609847154	0.6049047561768902	0.6122241237725979	0.631295831173211	0.48627284523601605	0.6374132601666892	0.5324647821670336	0.3870386367628853	0.48679423349236806	0.45589513761825295	0.48686072844243233	0.4657448557857075	0.4123654523140802	0.5007103283703453	0.43667117381878856	0.4908823545841761	0.7342135399912674	0.6395547528885148	0.7149238089740296	0.458218900084241	0.5670279411793192	0.6631806662321151	0.47074946150993385	0.5400608345611612	0.4211162969577848	0.5623518760698073	0.6965913587619912	0.6136755573966692	0.5084445138018167	0.6448011715056826	0.5069003361963449	0.5969056459402626	0.4596566671930132	0.5500996900930147	0.4181208549315129	0.5662148098666016	0.5981637759103183	0.47669371663633364	0.37950638755492655	0.575307885952524	0.6451815245480527	0.4239651873423497	0.5956050572249282	0.4671855314722449
0.7147053510000584	0.41066614070539453	0.5818112715658063	0.5131089386178074	0.5759016737218279	0.48781943371270586	0.44232636464862857	0.6645166896021303	0.5021734812156865	0.5644242347310794	0.35918868943667975	0.484737579558435	0.5659385019799985	0.4503483338838858	0.4554717402435402	0.4677229404472089	0.6246831804528313	0.5771187599498437	0.5083792736499038	0.6560453540504455	0.5190510686761669	0.4714453641019688	0.5228189717379187	0.43908940533255747	0.4336835630015463	0.6929646732598976	0.6415590527737896	0.5165481500679319	0.5242693160914796	0.5646759144087073	0.4123432591718331	0.41715489211198314	0.6974838593604247	0.5563916079216781	0.7618556623513637	0.6543234766053715	0.34135373554659065	0.6780361055314319	0.48853679738559513	0.4007602559064345	0.6499157286533896	0.40987836697662816	0.5206673246519075	0.567132100860524	0.6081454921216846	0.6630968590991887	0.5994180697335616	0.570355467817972	0.5655322849305626	0.503812197572589	0.4601778555352586	0.6527570030601525	0.629882407620341	0.5256394447116242	0.5099884365047641	0.6036569376720462	0.5993280608518277	0.5216083716040816	0.5095108409465412	0.41879648618638554	0.5637299932841816	0.6596083345511549	0.4603448219215784	0.5355527994660854	0.5808082979873541	0.48237965795448606	0.6325893364993546	0.5452969398380442	0.5516145837525657	0.5274925906383379	0.6302631539365633	0.6248527341762228	0.7676588822779322	0.43069464713395106	0.6557600721488832	0.41960777796001664	0.507832424802989	0.5211357956813194	0.5732080608895693	0.4538855885915977	0.5611686894288381	0.5386707456843911	0.5286230046914331	0.49054172799049395	0.5241939193453411	0.6215479100301707	0.47267808984682885	0.6479002117682986	0.6519150295859906	0.4655752255695557	0.36003897864390816	0.33849924506268736	0.5240220422332174	0.42486102401037695	0.7137893946383659	0.6102673133011921	0.5783393781873042	0.6847141781765466	0.5642696843778379	0.49297351313392884
0.6420216301361509	0.7633597351427304	0.5374703007306036	0.6632300812084315	0.35934707612359407	0.4929408409362516	0.6493999233743224	0.40313591036004925	0.39831188493751946	0.5359115218688619	0.6284767587741075	0.5000877464962912	0.46374391991286423	0.6109914779715917	0.5953866547771938	0.7902648924325054	0.3303710849581451	0.5611649901072793	0.4197070044336468	0.5755253223434832	0.5365100114345496	0.559849861539711	0.5832627134752806	0.507410481910362	0.4877279235226808	0.3975244430675832	0.7384091968904192	0.5190186241107979	0.6092035772280854	0.4843450644729164	0.5436532187542876	0.5458375504081696	0.6036866670830663	0.4880707563412633	0.48916533444439114	0.4784832618187451	0.47203262223205483	0.4552597621938191	0.6068866640696389	0.4749799901165286	0.6007524577623827	0.4773284846917373	0.5001342936203989	0.629995935478274	0.5007197661292618	0.42266352457040907	0.6422931233831869	0.4916785831607274	0.37641743810547384	0.6162228114220077	0.4712741273713479	0.5318620897133789	0.4327223034884275	0.48383980197470594	0.5323628598416803	0.6273500736633781	0.601528509805266	0.6423196228624913	0.37780563082156854	0.49985346863750557	0.43570600355236666	0.5149199376815468	0.6800458016047126	0.4158978286823903	0.5746095618412768	0.40351955276027646	0.5046307980587892	0.5295626546846363	0.5296074267800224	0.409134453267392	0.40528027595801974	0.35797075345687973	0.6012386417913725	0.4526524938775975	0.477618102921844	0.532898764299005	0.4462725864914728	0.42577308737905717	0.6539706434789071	0.7274712745670228	0.5604868501778105	0.7192521809544093	0.5194315150388422	0.6016053154742002	0.49057201405682777	0.4988824103338104	0.44175586668798866	0.6422129817089566	0.6341361578411545	0.481440185900367	0.38602209483877425	0.4762336918812861	0.44177571713039115	0.5493610269801962	0.3320845874354744	0.697876236290181	0.4792167033837316	0.7800545692197166	0.593457441340352	0.5764427611752417
0.5487764832637464	0.49326201730671493	0.4198147994956515	0.4314675313357025	0.4212957941389696	0.4497737246392849	0.6386776565276847	0.43855552634346173	0.47116258796720817	0.568746008788008	0.4941996629937129	0.4616722777558048	0.6282309643593933	0.7486854604920721	0.4724365066452995	0.4922485384356808	0.6473870867445909	0.536230693232601	0.6197371590061284	0.6814802330936296	0.5357054206137412	0.4872654757144955	0.6525507841614048	0.4254191175074381	0.5188835821576817	0.4892430807877035	0.4297965019617998	0.5279292655992244	0.5054800516850709	0.44580134312257785	0.5336976560788201	0.4385947585477813	0.5471544103394025	0.5522958185179668	0.5280372591770218	0.5162827361435226	0.6353051896555842	0.43367581222292545	0.6982315401386993	0.6558721969498382	0.48901978449650096	0.4822682378426757	0.5563316726435471	0.4913960480084947	0.6881878463010801	0.4236977463442129	0.4013676723347081	0.47835020848876186	0.47071070874676674	0.39639559383014195	0.48115774645540715	0.49352999027679273	0.5518585430496042	0.5263873588521671	0.6239078693910565	0.5321724085335783	0.508967200042074	0.47086176718456096	0.4827619734316939	0.5388897203118803	0.47370919947655615	0.392044899535415	0.510678593873305	0.4730245006311217	0.5920051601238887	0.5562970249035285	0.5335492826857733	0.5829395186957292	0.49582411676898336	0.57494446738104	0.5295462578322143	0.4630812944693598	0.595074156449721	0.4666699630184877	0.5811450452903237	0.5486794094164735	0.5422080235242368	0.4720481233350457	0.560239013792948	0.5840077654676866	0.8890678226750426	0.756478754135121	0.6690784407373203	0.5475747776519626	0.6260647349509296	0.4102059324474818	0.49815659578297683	0.5505131642020591	0.5637288667429993	0.3882228377475724	0.4485807937164016	0.6614147799375732	0.7007188703373511	0.7302028646325587	0.6367569757237981	0.5842897255068384	0.5948771481521326	0.32031878495304633	0.6015094931360505	0.7221128442745476
0.5368121067169362	0.5497066480996844	0.3746851596998564	0.6073361986222691	0.3925922095794897	0.4904059368161036	0.4208510929510783	0.4230983602289696	0.5147971333618347	0.4563955243906772	0.524026165168656	0.4591399175736129	0.46499527483711967	0.5291189232410016	0.4619649222293972	0.5515748570681905	0.584680704494459	0.6229397173075242	0.5301906220765702	0.48306387147379837	0.4855638007471069	0.5390156746550612	0.47027109915879317	0.439178029619512	0.4172147677465198	0.38712080929573756	0.4847827413940585	0.6815301304648996	0.6212718860284183	0.6104708523004484	0.5797276153509545	0.36975828824095874	0.6530492345337022	0.3999181429159211	0.5858260320366236	0.5496169563313641	0.5724343255910239	0.6810530620877739	0.6424799202152253	0.5246973357784592	0.572290873977856	0.7091106119659029	0.5386231101981142	0.5503977883556939	0.531959218452024	0.524268807319529	0.3632781289982155	0.5079200053724815	0.40152065022931765	0.5772621207068261	0.363215415471213	0.6022035199592661	0.433040417863924	0.5747350847332366	0.5463046072458603	0.4812675848670802	0.577199158633295	0.5612153878189148	0.43874571388686606	0.6206341892703288	0.5851262063424741	0.47157487165694145	0.5805100987498389	0.6172983226943874	0.5685818552533157	0.6827935726492821	0.38069036043240895	0.57363902313598	0.626528643328245	0.6333045317999676	0.4980332020513169	0.5145755046633538	0.6686580765025875	0.6057093067336204	0.5775106304672349	0.5570942431940525	0.6532571691356058	0.4704054844826216	0.5278708745155136	0.536966170076018	0.6117625831827029	0.4388075895715586	0.9496649984758074	0.6379566555250971	0.640012337826318	0.41635126252743626	0.4554461191739249	0.5527631019753595	0.5749213333521054	0.4368419789250248	0.4919712330050847	0.4217898454020372	0.489667329184676	0.40346688952810894	0.4580697500703832	0.40760065730694106	0.5359250398458236	0.650417388211209	0.3856741788809114	0.5202961039342195
0.5901183658306429	0.4633696234027568	0.6498190075255524	0.4314525015513182	0.515120454574996	0.5820238535123083	0.3930995530077347	0.44159043263640607	0.6586041055862943	0.6343319286114494	0.41949736635185936	0.5737928346436922	0.5869335241717539	0.5857491440094685	0.48358853397014023	0.5928061702473968	0.44653958513431335	0.5939393583090974	0.6121453894531576	0.4565678579737852	0.5465104912398285	0.5122989642886338	0.6030802692393987	0.602701307289705	0.7208140185276323	0.5048554333734343	0.5785069135430443	0.7271572930446947	0.4569458770536672	0.7872495984079264	0.4871137338570474	0.41285236413920007	0.40959827826051465	0.5041860471189885	0.4825708482070977	0.4878236306644188	0.6542240464305066	0.5744273226625676	0.6878098148912366	0.6954774762751569	0.4572127255770583	0.5334440611925665	0.6238124894214454	0.407206255642306	0.5786341279142797	0.6688356698559214	0.4772475743867085	0.5778882419774762	0.36599556018925355	0.410581278147844	0.4546209765542224	0.4880758118666778	0.34939500779258753	0.4466794867622992	0.3170089456401016	0.6130648916485446	0.5596835766703555	0.7693098577310931	0.498892923827386	0.44149137799838317	0.5704475891756157	0.5800955507581954	0.5862008331394499	0.5039450224509578	0.5504263427026326	0.4735654920072515	0.6123974267494983	0.3367368734337335	0.5059937895854073	0.680237769219005	0.4945486443593896	0.4925068024763281	0.3377679569371347	0.5696366639851401	0.29813586835341915	0.44477973405149157	0.4649709939101196	0.4232790133131466	0.6144768598463791	0.6965352960334651	0.5829535042519502	0.4741946129946155	0.588765539561801	0.45083510613340305	0.3967269298809841	0.5439874289214438	0.6057556851229328	0.6461567851579573	0.5650351639482584	0.43669452811812126	0.6571036316978215	0.5493923407434894	0.6093926088386725	0.5354476279606593	0.5061812174078754	0.47577579150329047	0.5279718811437569	0.47024360332007464	0.6233505503944028	0.6036054848204604
0.5383877055210297	0.5822216763252313	0.6302564125302916	0.5280589530041954	0.4188435340623571	0.4779117160448582	0.3793856239159458	0.6237592455884873	0.496280164227367	0.44697445771293964	0.46084703398115956	0.6648609413732411	0.5766717302617624	0.8138828685140419	0.5266677385837506	0.541149271023345	0.4582636753783158	0.5320027661627232	0.4793654146429656	0.6265426602243156	0.5103761236436644	0.4111890335836379	0.32743398515517536	0.47633376751813	0.5363264783759149	0.4538713334195957	0.33393265654170756	0.4101596715020543	0.4361901368346846	0.4697253574580207	0.6933641515144239	0.4929864133387316	0.5163254776658416	0.49771153581309624	0.5775706591681451	0.47417844535469666	0.6570586159208857	0.40394055772807386	0.6236919311402099	0.7134471238076676	0.5244414927600901	0.5929781333511791	0.5628543382484674	0.3543097071801307	0.5064798822922357	0.44140651629125677	0.38693940121296494	0.601820269974056	0.6040831100722901	0.5151023969784736	0.36355477182095064	0.4087988576326496	0.5857613909255355	0.6422378548856778	0.6607674594300169	0.6275803075691787	0.6009491439280285	0.5609995858027605	0.3332918121986069	0.5059644334595825	0.5586364841639808	0.540620780294972	0.6221121167269006	0.40161603830070347	0.48128667538246883	0.4465967251666715	0.42152373570039825	0.4570190936593319	0.5427738454675094	0.4509932463523088	0.4727982967831855	0.5439537437193749	0.43955541162358525	0.6002436044365247	0.5871409354369268	0.42219996435806584	0.6105004334529107	0.6397805000759571	0.5710854674674093	0.6254716336803274	0.5810898581835134	0.5399757837227053	0.5218942006299313	0.5701187699191473	0.4708625458043927	0.4181065016070859	0.4172131150477401	0.3747588922004979	0.5197935467811757	0.4646142993229543	0.6645968846456907	0.41403958115659617	0.6400011785679979	0.45646681164817643	0.3463153474697434	0.48227548193105124	0.5593729740278908	0.4694389400553754	0.6541261102894336	0.48130916595908607
0.4688551690752033	0.46467343666353955	0.49463540038567166	0.4248258250573982	0.5609683938453125	0.5336488730501836	0.41138890655401406	0.601483595191417	0.5176537259932096	0.43622203056078945	0.5558664910038924	0.5462668374372497	0.5683186483813878	0.6118573044127396	0.4687280824529531	0.6101066524340681	0.5320111367834447	0.4516847909452219	0.34379216635806226	0.7590265870342717	0.6126701887255616	0.5374464723266223	0.6083111479413096	0.46189142012200174	0.3787450576015382	0.5535092485814851	0.6417011482846956	0.41286219420751596	0.3836274232796565	0.6104107687694069	0.42118179093302327	0.6205166800220612	0.47992507697445186	0.5923137568418645	0.4967451817565412	0.6429675896003472	0.4660938269973663	0.5447319409451102	0.5757439521170116	0.6331876388203772	0.5365962370257041	0.6496151181363771	0.4316860052107954	0.5532453786387538	0.4933567618677948	0.46217928663414176	0.47678619585146603	0.550591382603655	0.4939683903750693	0.47438579981863055	0.6322344838197266	0.44661294898465853	0.6611996418527234	0.4651495189887787	0.5834090825479973	0.4842339435775343	0.5959023953006235	0.6595370843584656	0.6819056772677992	0.4461845141230603	0.516458743714191	0.47088662898525785	0.44684783436708797	0.5586230095613711	0.6358094971745583	0.4650561515757635	0.5379293124865984	0.47064580330891254	0.36393765898476205	0.417987904588682	0.5074214594841406	0.33104453944880197	0.5306232738588161	0.5991644086339607	0.5667956292639353	0.41400607110669974	0.49256748065025263	0.5383126555814763	0.459780128626273	0.5079540630056983	0.5491615693042986	0.3660066670275387	0.44729298790716476	0.5047857753986805	0.4580628701322726	0.4764681347366069	0.5534039807207415	0.525683832613989	0.3222835026348332	0.36941937792208596	0.4433758939515433	0.6697874842577504	0.5099351609109256	0.5405096706413529	0.6429328909121469	0.4472002125408524	0.4476858978940014	0.3361359198994005	0.5678710700220311	0.48717225371271555
0.7834676611723258	0.568262730051665	0.43611226573883327	0.5264882665240994	0.512086489459932	0.5363678888287317	0.3273811093399176	0.40833266723065836	0.4145915709448541	0.3325884977434152	0.49050161784235935	0.4722936832788844	0.45327629124518826	0.45768749675756454	0.6187872180850835	0.3722740395329794	0.5975253284887472	0.44178593830405194	0.498229300592445	0.3863659410301008	0.5355283752127572	0.5236986954540439	0.5079386323157336	0.5261091138532809	0.5120155624827682	0.6053519951796312	0.3895039212276193	0.5752283707591005	0.527161757076776	0.5673769250305891	0.3750827702025654	0.4762376748376712	0.6091998382955388	0.5392267087356682	0.43635881325977205	0.5222153803434407	0.5444134494126059	0.8704772673017844	0.6005468298827595	0.6734345606900811	0.4697112757972161	0.6010442901169495	0.6310761116691814	0.6074389252389634	0.5520797662697216	0.5161997902410214	0.709675513783523	0.4913383042097196	0.5593852938374085	0.5467172826522002	0.469433315850255	0.392741943274364	0.47308836691458156	0.539844270909547	0.5154226384387675	0.6239144653163411	0.4629074953706984	0.5163475132377513	0.6212561073466568	0.49395154460145935	0.4756987448990436	0.553865702088104	0.3694054242945834	0.5650803672138296	0.5008149948223506	0.5613701249418545	0.46431107367890384	0.3101494792519314	0.4193655546280957	0.5471000134603138	0.4838851665140546	0.5876459283040444	0.42939503567336573	0.5935175808986878	0.5092959652466169	0.5921260672111338	0.606143655528982	0.5169321869537652	0.43904540832446015	0.4370985061496077	0.39340963600001944	0.4866428595800877	0.4641845401351692	0.523873946625326	0.39530783601825453	0.415328522454806	0.3808468063832654	0.7662810378243536	0.5281410218806748	0.6564079777505847	0.5788409698970454	0.4533891701170232	0.5735166549437987	0.5097673503537117	0.5502480207133288	0.49213218731382213	0.4988347492997142	0.4550253853071153	0.5762483775123837	0.536951279465545
0.36655178196884164	0.6063545249369157	0.5156221934869858	0.6742544371432435	0.4484226486721565	0.5501149177033935	0.42333515261987403	0.4616056744652069	0.482081319123591	0.3533271334992252	0.43956059121052826	0.3242843216265682	0.577402609061871	0.4802945476861146	0.3639698852032698	0.42847401715031497	0.5068035685274364	0.6039911902880778	0.5317359514529111	0.506080689431473	0.5698233862686923	0.4815860200795049	0.37596797111946945	0.38227860954263587	0.6035572086743147	0.5907116668381264	0.56783219383938	0.46211795599969596	0.5566514280545733	0.553881427737287	0.6070369191015598	0.5112814784134951	0.5725570551845605	0.6019760335676552	0.513315420719101	0.45137728780020275	0.4813463877475746	0.7409921727780283	0.5458132327189108	0.43328061611676166	0.5192342665512139	0.5189164397332484	0.3571234392863492	0.616058291861038	0.5035349664783645	0.5211623039183093	0.40707909638134887	0.49147356869496517	0.6104325231027887	0.5800394687361149	0.5904866867092933	0.46502439425772457	0.5527392147445508	0.5535414001086126	0.5185983199344708	0.529574428454171	0.8503432169628755	0.5962293564301059	0.8115232199863484	0.5742144742557274	0.705113486461263	0.5573490897771715	0.5206174458451307	0.5344768009364559	0.4680646807054887	0.4895111849522862	0.5704999321826204	0.6464949434935777	0.48004179718103773	0.6613461019356023	0.5583241083116657	0.6136638533033648	0.5149487956064612	0.548112782053389	0.7518815486245767	0.6351666378757183	0.5613689689534909	0.678349430899493	0.567072743014026	0.7572295184769721	0.5873193155907994	0.44254190890109724	0.4872256769346387	0.4845333874798045	0.4047465040523466	0.5145650184660308	0.3841568484436931	0.38772490542331745	0.5377621880377169	0.36842677835679716	0.4775940623797392	0.5908444576385883	0.5343871071072492	0.3696637692665646	0.3965993058675418	0.4345704549518991	0.4654681115714542	0.5304634864285936	0.5623035719536426	0.4650412572066145
0.712018071498646	0.409257452223162	0.45974787930195143	0.504564993222676	0.5828503793894418	0.517191888644956	0.5957709963468025	0.4367852255479196	0.5995377998271779	0.3537960646536341	0.5618920368120531	0.4611041052733842	0.4349660400428108	0.5208595837928249	0.44844647409929067	0.46165257825065287	0.40672382655044403	0.8277009663421793	0.32025101463096517	0.41753151904957664	0.46779587538661127	0.5119551055516985	0.5349807751761071	0.5707429713894987	0.5390058806815357	0.5358846227505042	0.5412076537683443	0.38302988912969566	0.5516649741961365	0.5309195503680209	0.48119971967645886	0.5239733675577519	0.6383202691391838	0.616271494061339	0.5945920378823034	0.4960908162668243	0.5260776797579604	0.5719658782132404	0.6616726707208861	0.6096017262781595	0.4428599692756748	0.7352444398903466	0.6856129293590747	0.4677430666326707	0.46775916582315197	0.5137861008875843	0.6745444460210643	0.5250849006332763	0.6621699153314329	0.36676619460346466	0.45548586064475693	0.3906270059993211	0.4981421334173941	0.673968851725216	0.6357117444087095	0.7360805871659772	0.6504773218236357	0.6008866794914711	0.5767673924578736	0.6134438450619338	0.599110098114061	0.5015076180987431	0.5342993762559944	0.4490727585033956	0.4109177383035232	0.41986199217068426	0.6860906589560688	0.5315813755439435	0.49117974442291634	0.49454861875440115	0.6396461908602052	0.5732467495211814	0.6761861775268947	0.5677674973051428	0.5567395189305592	0.6774792878026797	0.5505040849982099	0.5886260602866078	0.49965823585029895	0.5692393194186198	0.6374055849002429	0.4937977546074854	0.6822964738798332	0.503031127591879	0.5216184475328313	0.41051488985952067	0.6444009619399316	0.414647855918445	0.4141020659995131	0.6967325312764775	0.7221376144435657	0.5899517881183055	0.5645904986949628	0.4256514706493264	0.5707938315362789	0.5401361706860265	0.46724500955091847	0.5348412110456423	0.5031223658337942	0.6626218870800478
0.639600464426178	0.43462458467267656	0.49777484572700964	0.5914239386832294	0.657240374898903	0.5468492440385785	0.503032520122648	0.4767021694315104	0.5017051918068935	0.5337942994407664	0.5041979110532268	0.3813459413061876	0.4124890999979245	0.3937116389664632	0.47649068929144944	0.5903296885256071	0.40219227812834357	0.6486131211665974	0.5315209458709608	0.5125062744319112	0.6988435549378794	0.551530630867562	0.6986336022248707	0.438580342342122	0.6559043316294959	0.5789043805701858	0.4504037362643228	0.6421055252476389	0.6334546965090828	0.6347947062522795	0.5024610449461355	0.4776392420704412	0.5547127223928385	0.3696641223623329	0.6623678566347748	0.5543097051519152	0.6995193823441028	0.34768821035743813	0.5064297473746353	0.39401189856350194	0.45869606762678117	0.471663149014068	0.4949152576026767	0.5736925425008584	0.517134395881158	0.4255570568244868	0.4712322775381633	0.510963388335363	0.5166974658984406	0.5770120164270067	0.6907508582345133	0.5822654320430127	0.5389007705038864	0.39937841655555056	0.5452463219791414	0.34374211758404066	0.614589464492162	0.5020751727608741	0.5874671615694692	0.5348093166349722	0.5521973078769411	0.6139062771041494	0.5119118180534035	0.5764776720824725	0.3492531844137627	0.5493384733436462	0.5627517127992627	0.6738981489014889	0.5537486571282247	0.5529795892656274	0.6414967869855565	0.5989246791818132	0.6369914644719512	0.591606518202544	0.41431768075108516	0.5144809722564605	0.5466206817777652	0.7434700728140762	0.6134633214630595	0.4784642547150233	0.6159528443041525	0.6572814477767452	0.43396340800220407	0.42520864971082295	0.5432914870721011	0.2965197690907017	0.5276306096418993	0.4458787969883	0.49460105290321665	0.5799678333002154	0.5617527591885928	0.6982705080807203	0.5377295756632731	0.4847671551225352	0.5756417269606531	0.5065901594818233	0.553315342841132	0.384717714757824	0.6697485676682946	0.5371668929288441
0.6115936053468315	0.4147639826161517	0.47676510419996176	0.4656608974979464	0.39199600335009643	0.49915937443471464	0.5934518258707522	0.5255319472954693	0.8088618325863612	0.4550864489329081	0.5758100953577998	0.47280446572531254	0.4268875379190289	0.4687624391533097	0.6358057061206137	0.4750785022486187	0.4539845146542056	0.7613244459614046	0.6052200596270442	0.4811812243995624	0.5055985726243293	0.40804004866600635	0.44736256164397076	0.5172050403371009	0.3674063322355376	0.5080385100844655	0.5437729093723357	0.5037758877750796	0.5015140576342604	0.49284236307913865	0.5290421839441387	0.46546776398311823	0.47256083449413344	0.4277233354448613	0.46028757138179033	0.6540338619309346	0.5467356615007934	0.4874798869309089	0.4859473492382847	0.43438267887932086	0.6195117447055607	0.4985399388202068	0.37896753185227383	0.5904837969560164	0.4965424348879602	0.5721667919022927	0.5309187903114572	0.4798785717858931	0.4558541687166652	0.6074051547294763	0.5643707280936996	0.5416796338335027	0.4545534624561415	0.537349509410027	0.4815879611349905	0.44385416110430354	0.4580900264872391	0.7081572740039016	0.49811515528979533	0.36691638513589603	0.667185738133607	0.49194839048619915	0.5205773933338188	0.48361989223155427	0.42071417648252346	0.5466210012884216	0.5655630229075198	0.6055065034055028	0.5609813859039073	0.7054026905973919	0.550254191105057	0.5965219293579364	0.3690039695369738	0.4127451723501389	0.6839709868139254	0.5240884583848503	0.4417663043161062	0.6982057565163764	0.7659343123935454	0.46759251088618187	0.5783735266678319	0.4170124429795479	0.5933064132280869	0.45503701904475397	0.853052392223184	0.5143320280381637	0.6119901305974451	0.3972382509494672	0.5517562482015063	0.5867734870648286	0.432973474076133	0.6327218657657248	0.47567309517761713	0.45769730369222694	0.5067081061963655	0.7530822916685201	0.4957215853767678	0.6039963700575548	0.7067527256975565	0.43694129566260714
0.5487545965189677	0.521595753226413	0.6685253600726125	0.6566555858165133	0.47039891055310773	0.548692789199915	0.5453852668891689	0.635965224587441	0.4699918152339145	0.48049080587172893	0.5362700498698947	0.5186975127791749	0.6914261379641484	0.5457500271718521	0.3750490009081812	0.4663592131927082	0.7237430643466675	0.5469850401907296	0.4654452466323383	0.535935404229025	0.3387206505953253	0.5820101124929974	0.5907496488111943	0.49124071819879755	0.6270733570067027	0.5154253215561859	0.466774079290995	0.5467813293324012	0.4396982255359706	0.45561452022095106	0.7075134850895768	0.4291035117290675	0.4524798801653084	0.555820827523718	0.47680835614049977	0.5239756547769424	0.5845302692334705	0.6454543554586122	0.4076858181010067	0.45759377422447534	0.5938421017252995	0.749154359440534	0.5630380556119166	0.43366043507843893	0.5543532570891283	0.4874973992980532	0.49563134097665	0.5800636555925563	0.6148670900711694	0.43255686905090684	0.6031584569256238	0.4633513359954885	0.5114254025542566	0.36615643335081227	0.38049917169358805	0.5582261333222457	0.4145466390303387	0.5321502429324976	0.5414007004923199	0.5652440363189638	0.5748324387804248	0.5562339426966633	0.4867479502960141	0.572668066515627	0.5063419311541243	0.38320634462850267	0.429387496025938	0.5316270522272725	0.6174753791172322	0.4369617484630677	0.5225013461132927	0.5167255168258984	0.586742314939328	0.662102024953348	0.5866186601048762	0.4582359804618984	0.4941345704780482	0.4216858675096479	0.3445918367500666	0.5486859850882169	0.4334046244714224	0.5349537863905127	0.4606675115229866	0.5124781578626791	0.4454369357068292	0.5138669510833582	0.28732423516328726	0.445364135580838	0.49236405986039394	0.4665232920712738	0.3728362021519324	0.3930032113560275	0.6656964449966721	0.33226028833136545	0.3855938278488924	0.43132416774346494	0.6697545273045477	0.5079379055616781	0.6215722344544197	0.5539640403166964
0.6233349685657834	0.6940247142159879	0.6505422613951112	0.6186565435187408	0.4882562227600513	0.6004685292299927	0.7414852986890772	0.3958140357089172	0.621828471093363	0.5123733221525745	0.6262348752612488	0.49643469809385626	0.49008838651731407	0.549134463255387	0.6005447705974836	0.7178776127819444	0.5135095095334696	0.6338252690129297	0.45637721181458923	0.49523214474693333	0.47200345067917304	0.3146436490334846	0.4778068451566593	0.48435725345707126	0.5768060079066757	0.5749806865657936	0.4975767982678301	0.45082075890088225	0.35508461282074066	0.5022271401710264	0.37940080021039413	0.3553187061771066	0.5094037098708635	0.5258535882380081	0.4485816872985381	0.536778205582519	0.38109336732144633	0.48949525552263273	0.6743197971379185	0.4844431508150967	0.5332215164864963	0.6878758202556233	0.5712433292279259	0.6983208012871563	0.5004677554389629	0.4727470706046617	0.4652988084065253	0.4833743724682009	0.4592578345461208	0.47125042927458527	0.5031948509039269	0.6614013506127795	0.41350417635689035	0.5760979716758162	0.38742142849638544	0.45628745211462246	0.6364111471384521	0.4848434929984629	0.5295970218476046	0.4127713156144065	0.5413990148481639	0.4830871544559676	0.49685452214612813	0.4845164901171037	0.43608607059413435	0.5786078353713946	0.5296260679777057	0.5094680887896667	0.42814160338984836	0.5878041952138797	0.48300236781622297	0.597408798919055	0.5428416604482369	0.5059884435876235	0.5137721286217845	0.3447035873974028	0.48037476145332975	0.47012800414527517	0.455918456441224	0.5633284902829175	0.6200515312267755	0.4269568781837116	0.4488820316715204	0.5425301730989713	0.45432665386198695	0.4760241543342628	0.5407915429331105	0.6327077861196008	0.6771953015825133	0.5419340406592384	0.5232863626270985	0.5038687943205854	0.5560311537129982	0.7271653968302477	0.5466137056341029	0.4046339008632093	0.5887025062106418	0.6073646830352184	0.46872452418814115	0.8128341188350042
0.43247447226261276	0.6839510719810696	0.5331484952959662	0.5896991501401051	0.53777507997186	0.577527338466896	0.6120696211881753	0.4918385217709689	0.5902328675989369	0.47919715870608653	0.4702466729081884	0.5064157920871376	0.6215927409936085	0.526316700415812	0.5563893575945754	0.5983165642211075	0.4656317798836919	0.5186400747660455	0.5262711466910561	0.4162981678296255	0.45792210504982056	0.44591150152913417	0.5151321052937976	0.6227274204176723	0.5380819969453503	0.4481918680275778	0.6149651901292205	0.5767198798675511	0.5900601654754429	0.3859616236810071	0.6652222367374724	0.5550447976377314	0.4631658662648063	0.49218615652950837	0.5766081712691544	0.45072959278397473	0.4982073798284386	0.4438644217208793	0.5661222547706104	0.5472486954452639	0.5571065303865381	0.583597767735298	0.5480064096484187	0.33994098898121955	0.5483476387117112	0.30617721600079506	0.5641930645630612	0.6592448432279668	0.41817879866827584	0.38046534456981485	0.5912467625754257	0.5902203683234227	0.47304242857724943	0.6326912395343426	0.42911220632822294	0.610808247576102	0.5480339058906513	0.500951197445345	0.5900435799769489	0.6450295556939567	0.6359169316751391	0.46032409436404814	0.5782002226012156	0.521556376540845	0.4292163206673617	0.5448227454212601	0.4406891699123959	0.4716450237631896	0.6289646244368582	0.5504316357131195	0.6656087618281005	0.5089248348245218	0.44743136426215563	0.36972341426806876	0.4671336476894418	0.43871603339169946	0.5953772994415035	0.5608051281440679	0.45949090007198873	0.5757399672161854	0.4810000754589912	0.48075817446739777	0.45235990822786876	0.45929680985967836	0.4831500225519347	0.4595892917999148	0.5182969633196189	0.4856465957311682	0.5584427396839716	0.7075764796014495	0.383688900075182	0.44834879705939545	0.5995679483983837	0.5488194182813302	0.48415749802484925	0.5588121038061106	0.5842198283672759	0.6130539314783403	0.6282310193827372	0.5992843355870024
0.619761748449896	0.62791542605889	0.8469848280579289	0.5478300524118349	0.5949498524573965	0.7618561856913255	0.41861721167208094	0.4215534088153984	0.4110211618636909	0.6044735527580838	0.6516439538522922	0.7031620542499727	0.622920849840025	0.5027618288203668	0.5030618990337309	0.6298854388534914	0.7237299602035421	0.6416683286214219	0.7121561108299416	0.5781820433949775	0.4969393957835285	0.4451911588344922	0.5533679679861081	0.47497854565359865	0.6384488223951856	0.6323587554845304	0.4061347356666492	0.5827365332884901	0.6725837905547656	0.4984178609170208	0.5742703423672239	0.7488905009658203	0.5054374176830652	0.5150778637656646	0.35343324410784493	0.6004214567645033	0.4485178439056509	0.5679969809018494	0.4963087978515565	0.3917667604197269	0.5233215216833789	0.5389305024754982	0.38716198775692545	0.5613724450636448	0.41399994085471875	0.37020164746654527	0.4043862045994592	0.7014911089810463	0.4671555374980132	0.4920109769342713	0.3906850184830535	0.4153701845596925	0.6317308858663132	0.5384364964405218	0.5584264352088304	0.5225541092900629	0.34185270687967473	0.6121044032443977	0.6767108513599738	0.4026874311477909	0.42872940659196646	0.46513163792256756	0.6303362243535072	0.4173141103751612	0.5723380091397419	0.42766131317992895	0.4162569804528544	0.4443225384115418	0.5560735795447682	0.4959936003678115	0.4995378019830844	0.5117789964713121	0.5150252666434791	0.4381244913639648	0.5671225278384848	0.7266322138184843	0.45666353014324085	0.5763078229013999	0.47396967000533907	0.7299241523717803	0.6417961368413735	0.5801953849049125	0.6227839915249439	0.43337112630899527	0.6925988685264602	0.492081155529475	0.46322638424059637	0.5818168844002519	0.44478529068366723	0.4588380339247332	0.401113027382579	0.3860070295591825	0.4906961054584327	0.44041913682607775	0.631832438595285	0.691765537019844	0.43574281535568227	0.6706933972282805	0.4905837228739194	0.689525444413981
0.6370042077167273	0.6638302047129191	0.7296381315280087	0.7414078562593094	0.7396085503390133	0.5362884332492872	0.4806093682983936	0.6026190458194409	0.5721191185786535	0.5665086081558771	0.6666788026767397	0.7337849693475776	0.7739604085855174	0.6682304608513236	0.49586987319720327	0.5401349235111604	0.5793005310674118	0.5963208458593743	0.4376253947094653	0.551209375660034	0.47068054189008257	0.3991881559283169	0.3708003690117026	0.6270885944335644	0.6474313601336621	0.522185401781167	0.5106445066436207	0.6243517366561541	0.4821037910627281	0.5541468025860943	0.49224880948693533	0.5090622660217453	0.5382820879399566	0.6795870146083564	0.5553249598094908	0.7574349231554223	0.6229913978008413	0.40931255419742896	0.6249110530993437	0.5002270678704154	0.4850787599351317	0.4869703034568177	0.38998932109052736	0.6024116311675876	0.5464657741772458	0.4286100894342912	0.4709917643228157	0.45325066625216326	0.568192146619262	0.6211140181044764	0.5482804124929211	0.4497762113150803	0.45312968172723755	0.5414275300891895	0.43562798179145606	0.49156824591132275	0.6797863209912474	0.6745605547762571	0.3957258151085431	0.48554245540446006	0.371759631253368	0.5643554717514802	0.4836794452041678	0.48874096815546697	0.6290076007980068	0.34925261671887275	0.518858435459835	0.550389743327052	0.5624687124700747	0.4397684727159983	0.5183128306487934	0.694098826166943	0.3962103722054902	0.5486695863496777	0.4077302399407519	0.5197611384661122	0.4577183957012179	0.6519659621314394	0.7232146338849379	0.3954194930470475	0.43185416578145835	0.5434087650197211	0.5147620807426847	0.5232055939994436	0.4794785866352911	0.4586607816865533	0.5942329001996565	0.5920852744066871	0.50990377226261	0.42327370966301486	0.42046500178780644	0.43539717766195146	0.5823842305582726	0.6010829284628374	0.3980659511396482	0.3773706561561636	0.5584463268646731	0.5872484338001536	0.4576224314180901	0.48797387387503327
0.4969209256929262	0.4688311048505728	0.5221482720620998	0.5514629052119978	0.6634979497669008	0.5135217179063789	0.5601570811156154	0.5430387777966817	0.5306352258563748	0.4558415726464857	0.5047516516394321	0.3374847767279045	0.7252566824495056	0.5769418391234467	0.5685822228908282	0.5655930004317643	0.5006918230036793	0.5326723441126935	0.6192052174700663	0.666768719605947	0.686086131053545	0.4266173723004901	0.4536193916565942	0.6804612214247246	0.5003856360506981	0.7081884005917706	0.4915287551950466	0.5959494820319382	0.6188381300257709	0.6226541608832585	0.46176577370064686	0.45961693983421936	0.5249616696396329	0.38249895600978273	0.4387003583090467	0.6125987953237992	0.3699905547099332	0.5490431038951451	0.5126745288202038	0.4374748927653041	0.4911271691228688	0.5687945553189522	0.5603653045769261	0.49297173584369164	0.4294341271597778	0.4498376289655595	0.4412249403894559	0.4339350330557444	0.5099232820428332	0.5014463563125428	0.587408960479806	0.53941777579646	0.48032016246655174	0.5468528964710782	0.5589753028512748	0.44764606061723805	0.5531796679658797	0.469112350716987	0.6303991273395763	0.5968351853027719	0.4794061851601868	0.6026547613503139	0.5001837912390892	0.48718427270074655	0.5165265429181786	0.3472122406535652	0.7357068747132728	0.5981100919774648	0.6680706480421919	0.46337551728066406	0.5098721469671686	0.48390040493086756	0.6510678560046377	0.4581363799003563	0.5237148945673814	0.5031718602030685	0.5388935380976734	0.5281427627971178	0.5263386422178103	0.4104985168832615	0.5269639531905476	0.4564596388840341	0.54159643138443	0.5526388943788958	0.5759441093289664	0.3693198405943273	0.5108940288101415	0.42473539697331136	0.5017082896793562	0.506685764841423	0.4329578546988392	0.4118138195607828	0.5107084108980318	0.3549753856223615	0.3537662898750681	0.7575670941782917	0.7469742140247287	0.7922202069642178	0.5517117566413123	0.6536021299837008
0.5040735469251282	0.5603955751868057	0.47108767933153456	0.6325610207960214	0.7464056597096624	0.510714500079031	0.696590778223485	0.5497475657512111	0.6268805324853102	0.4954804173277477	0.640116904039382	0.5848815984198172	0.3314584709244284	0.4550666479457744	0.47147945387744	0.7159853000392594	0.5182785382781638	0.6210256895372732	0.4737110000492946	0.5225557723390538	0.6594251955697981	0.5252105206407256	0.5942049447329623	0.5513064041822789	0.7874572298366057	0.6518009055029944	0.7459695613928995	0.3025664012288857	0.5369345325706287	0.43435971229518694	0.3752893221761953	0.46175435044909036	0.45294063271204765	0.5908788725679354	0.4410168773119115	0.5729055005481077	0.5620863811581769	0.5083938211828999	0.6089268914392346	0.4077235628503138	0.557947961937365	0.517880853401452	0.39437867960376694	0.5296423889691327	0.47186392853276243	0.42087417469980587	0.34456399017015976	0.45729347932658776	0.6126014360205033	0.4630031455307767	0.4211622935731517	0.3731662723676846	0.43898508668269826	0.6377220142555409	0.4655324079577375	0.6311442733632837	0.6024268060898216	0.6095695989408625	0.650020031796084	0.6280921548946933	0.5719853011867899	0.48558156257052565	0.5834090168066615	0.46953878057051224	0.5675164428080899	0.49575820859189323	0.5859413446706963	0.6123488354991461	0.5288650483533337	0.43177551883890514	0.419789929712985	0.5030570798454145	0.5408517559194406	0.577700235540321	0.44546759324664204	0.6097976189616329	0.4566394658135531	0.5657336846893809	0.5421497570177408	0.7407865637480815	0.47392866556366364	0.5122693532884272	0.45258372784365597	0.46865891596300924	0.6024111902213206	0.6222786335578148	0.4001338635552485	0.3989832849558121	0.4820901351166927	0.448070782339596	0.5748921478144148	0.46995403251969853	0.4840724186376009	0.5300367592558097	0.45540753897931835	0.5271464970549504	0.44171112349760894	0.7723909409809282	0.6578442477536274	0.47355351183208405
0.5559465751057387	0.3669103800251527	0.5547670379778643	0.4503853172413414	0.5172810365064727	0.5417699738589425	0.4200515575357571	0.4697140518889673	0.45728231909369815	0.37221868418796006	0.5586862765050975	0.5156085796903761	0.6148629443277578	0.8049636858787977	0.45910456420199014	0.5459867669388038	0.8004110155809645	0.40183653900104527	0.48208349435769804	0.4626017107482365	0.7140324159683609	0.522122027654695	0.5304852111947345	0.5420579619696201	0.6795955595778601	0.593230580789474	0.5950446823614335	0.5681001855079041	0.5121829281313126	0.5145819444044759	0.5054209611424888	0.6291279371203609	0.3381912903158834	0.41466182460005974	0.5416413336341271	0.7778167644202962	0.5026670731272129	0.4399282348018422	0.5353687294843853	0.46537571215515056	0.42527198913906616	0.4774881454132837	0.37901779606908914	0.5520949051174684	0.5139178750885754	0.4037759723871222	0.5541180528679416	0.6409277166332203	0.49388796974182086	0.49103650009976635	0.5046570600597932	0.6082307465686226	0.5596938488615841	0.34441858266609754	0.5776495854058494	0.5061029319052086	0.5424033859177653	0.6671799629580976	0.5098278757296708	0.5486165758687666	0.5343823905195672	0.4140338950588289	0.7722569594146468	0.7929770766189892	0.5340047957023413	0.5714529194685162	0.5292834655861319	0.6212269938800125	0.5972052679552283	0.6059582624881509	0.4018748270531621	0.42716857026362914	0.5577732687276488	0.7465648149163185	0.487412084677199	0.5126961334713854	0.48372829316176924	0.3659340309011652	0.6024517581659474	0.6265539166366728	0.3858113970426556	0.5075947226456318	0.7440774153075118	0.7035423858153659	0.5658240755056194	0.6941316829857854	0.5638913180561557	0.6928369445955603	0.44519330133194346	0.791362425935883	0.5237865522091972	0.4292196509923413	0.5081716520086283	0.354637826953882	0.5786354862283664	0.5432813113806354	0.566587249456136	0.532682362447052	0.5053161853900562	0.5189911653826715
0.6073039779051258	0.5127235181308321	0.6252986625230829	0.7245413625458633	0.6391578300150927	0.6304993353934423	0.627953153781322	0.5725658346512799	0.7317454164794183	0.6299575366513478	0.5938810581266895	0.49333327191954446	0.5970116169151792	0.5568882176992128	0.5421758041393346	0.7122175722096996	0.510089105716622	0.4430285985546672	0.5309118415778458	0.5387245782935212	0.26100788354565724	0.4978004360070175	0.448888143614109	0.5109008661993106	0.4670237937019386	0.5869741056160236	0.45839555969334306	0.5448780899822423	0.47027272393560676	0.4153260313970358	0.5269385675225218	0.4203342222228954	0.3556007064401249	0.6209194499254624	0.44921872341741625	0.6406256132939431	0.5343701088542907	0.5053217246997458	0.40599824096562226	0.6765305873794896	0.396293689616446	0.5590718352629218	0.48996923835797274	0.4805070561330731	0.515497297420229	0.5110072914714562	0.6031297467232531	0.42978843496867497	0.5258493940279992	0.54905084660245	0.6448298767659837	0.5430014304753258	0.5810260539942653	0.49115228572660763	0.655015054166681	0.5605687630356141	0.5925974435089676	0.733028325785655	0.6454825124914106	0.6455896336354686	0.49323373292023376	0.5889932473767311	0.5058625812833818	0.5954149632071165	0.45834878352652514	0.6104265576117408	0.41785690709173373	0.562633696720907	0.4611663142304551	0.42822645551674743	0.6715963537687758	0.48553722286115164	0.433597826421981	0.7017716988643887	0.6060860966271611	0.4479117767999607	0.5203338762047852	0.5328831230606177	0.4665778160351452	0.5728403178524745	0.47613397933603213	0.6098456941448526	0.5615648088077069	0.6962049094390713	0.42384906817609425	0.3667073902707098	0.8060658354901556	0.7089628573194307	0.7524269721105985	0.3910816399335838	0.5326565095667313	0.38939158029083626	0.589112137233602	0.5972564305176448	0.5501656319585305	0.4730055597282599	0.5438543025199685	0.5118471562149786	0.4407935099467179	0.4076709061901247
0.678838966896875	0.4657395078981566	0.42176488795446904	0.6309437358657417	0.6967158183383905	0.48478827096184907	0.562327829637029	0.5164697239376765	0.4949524541658877	0.5401332922367246	0.5139259000023605	0.5665698612919975	0.38274694242170476	0.506113853471828	0.397346285650935	0.5540761305263397	0.5418539330953968	0.4783707624051973	0.544133823116005	0.47245771026426076	0.5767785733400509	0.5589186560376767	0.5331726977634667	0.5586938268334455	0.4855393963287359	0.4813859866324115	0.5183871790416879	0.5127734281739381	0.528271063047726	0.6409539437806113	0.43792240415133016	0.4585682282960277	0.32432498034043356	0.4752783046300912	0.5209240714914013	0.6643702617294005	0.5524598341143889	0.47405915765659185	0.6423085271186748	0.4661813404833021	0.5730765233039516	0.43024146563010046	0.5385499518371694	0.4655922552502318	0.5666545227335816	0.5121960987234768	0.4460713984403069	0.4632120692309981	0.6890403288472756	0.4191719251373967	0.6744714353472349	0.46666845743294605	0.6092450550534417	0.5353707943117911	0.568493868440289	0.8257287590047915	0.6542745324481435	0.5274491507135574	0.7049122147291739	0.5215486758323244	0.4941798056795687	0.6497462212620917	0.48230832927285305	0.6247224123418043	0.5778464142521778	0.5484194223641712	0.4401227620507903	0.5034042729504083	0.6277032552633852	0.6352538824220135	0.5418834527317975	0.38038833146811357	0.4730759636460553	0.5161099355622798	0.5958064242010512	0.47909914142392285	0.7175108909687634	0.5807331126266548	0.5880363193854221	0.5897144844410865	0.573776022713323	0.5537827906330918	0.5248452637225077	0.6023261491609365	0.47158329589341863	0.6438069244537679	0.43035751961021335	0.5043011429176821	0.7919638464146513	0.6925339967084598	0.437023955631518	0.62349379674333	0.5063254535725628	0.40211158765333377	0.45180497951196225	0.5357293673196164	0.5257995447216673	0.44441470131684774	0.6113122203645571	0.6147009930528258
0.6855897267134975	0.5368296431492786	0.5171267716446234	0.6482830721907114	0.510433096282796	0.692547555991115	0.43672664335532085	0.5017569327839787	0.5245219931109366	0.6663890995739409	0.5872580304825082	0.5689367884780948	0.6332870972426362	0.41940139991653624	0.45279264480669706	0.5219510721925635	0.4314968634720426	0.583721035801855	0.43113241607181896	0.42422904323348964	0.4998294774720191	0.5623118685304983	0.6131369097615219	0.3601278383855187	0.46143733213008475	0.5775767315912196	0.5348071469895862	0.40649368822262444	0.566836049656505	0.4767664815450578	0.4899137106668297	0.5359911630529025	0.5073396977754173	0.37919272232691303	0.6913609808141439	0.5686868693861546	0.4751335294823323	0.6008583550320095	0.5980630184601344	0.3936785940871888	0.5293166728309118	0.41060534297086776	0.6623465776875231	0.6882279972321714	0.6326894859291569	0.4840893232530862	0.5822100564153406	0.44603744420387587	0.561123182480589	0.6819518907396772	0.6280039647083775	0.6336769100071196	0.5565235876366146	0.5103285080710838	0.5251570800406677	0.4903566124020786	0.5094946881640693	0.3745628284831319	0.4938734437714603	0.489906950795741	0.7216636960975811	0.720211721747493	0.4386610844555492	0.47171068016561074	0.555767798770119	0.6120543590632556	0.518809908784331	0.5813140565747297	0.5573715024895772	0.4705174972206588	0.4912713424035866	0.35031594160372515	0.5060717287422926	0.4323215409112582	0.3227867694613776	0.5302744393303273	0.4440855777577201	0.5741674400557186	0.6039235490688089	0.5317617484645948	0.7074952113982544	0.5100756255872024	0.4389125513416276	0.5245597749626995	0.606510622559998	0.5958797147874636	0.621551398587772	0.681312681791187	0.5883136324217754	0.48994409205613165	0.42416637720474787	0.4122328672679673	0.5555531267649589	0.5116972403277997	0.6491008694953411	0.37838865081159384	0.5345149610869891	0.5886218174017128	0.5800937333385326	0.5809614822594648
0.5815934416835971	0.6840313325809504	0.6042771851361022	0.6434754124301436	0.6887254295039725	0.6576046129491094	0.43143611177666796	0.5495224049598156	0.42350564776123345	0.5321676002445336	0.4528202961909783	0.5684722375939739	0.640516034635501	0.4294801442887481	0.4148071963268291	0.5781369683760404	0.807973886719771	0.5127690041095714	0.40983785559407904	0.5694382582032197	0.5037700149103937	0.6450333914406764	0.45327338460446237	0.5018582521913556	0.6482807434902679	0.46909157716076577	0.6342469888739094	0.47639847256667645	0.4633855514376869	0.5060612647897841	0.5397685789801011	0.4852592711963889	0.44415022031140305	0.43461946000743207	0.5597431278366141	0.6126792160598726	0.41359329206287415	0.5553289620174663	0.5690706735402425	0.45801128242133543	0.5080321903750524	0.37852505094141536	0.3980885874532743	0.5512768198616109	0.4325544929671082	0.3633808038120335	0.5033921792378784	0.5348267722232546	0.6147684414054992	0.5534469237897877	0.4877841239492249	0.5337442576439562	0.6237813319552815	0.478571987862642	0.4724741652715293	0.5182527576061264	0.4394580665063165	0.5542790029412812	0.6547311015011309	0.45345945187219344	0.434223116604215	0.5652255343867357	0.6749915642027018	0.5378946937166429	0.6417791299941265	0.3990852985414687	0.5571488304869382	0.38805570007559115	0.6058243799215883	0.3338144671981473	0.4866246153176785	0.5442793530041488	0.5582973145814536	0.5890344729623949	0.6880159255941531	0.3842039846393409	0.5503606087291795	0.666447853398342	0.8477068352188295	0.38251430335792264	0.5421542340419996	0.6493502581718023	0.5094791768707856	0.6055917485546676	0.5972746946856755	0.5975037686591101	0.5890303828814254	0.46941373234190403	0.45975228336535173	0.5075244253941064	0.6418852337366994	0.5461101546536932	0.5481240655824471	0.5564570760954746	0.6706582146482554	0.37584395228882467	0.47161708887007625	0.5713842914238948	0.8108912766959235	0.5658220373946209
0.5481759465993199	0.49021068463333295	0.8517459998464941	0.38893307243699554	0.49494828355636855	0.5635009910949758	0.5294249918463653	0.49048641015428035	0.3166548719977702	0.42488567196202154	0.47071662445027346	0.6516706195801502	0.4753827902323395	0.75473826031412	0.5422220960367656	0.5357577850713635	0.5143239958539595	0.5654792619745587	0.4684920265454106	0.4607259661272296	0.5890995746039795	0.44400335085248493	0.5899196463617804	0.4942172618075373	0.4851236169017209	0.5874694508488784	0.718443822445794	0.5958114439339922	0.65353545489009	0.6866915072757255	0.485804878861514	0.43064582794777506	0.5492615051482441	0.33305583337487293	0.5655175295607702	0.4615757519381076	0.3354109048837505	0.43366205689661963	0.4012557711373426	0.3907395230790317	0.5776023852223966	0.5070398368397429	0.5748934248350857	0.4457965905854874	0.529151274603699	0.48356828584389777	0.7250504186031523	0.6546997105919796	0.5948297130337393	0.5611595678200288	0.5655444174690872	0.6350191715700679	0.5741386195279683	0.544742129500147	0.6919522080125408	0.6115421352488498	0.5322707394300561	0.4459397484985294	0.43695106049347526	0.4680521704396803	0.5329967822878036	0.3634765231462356	0.5429653721214376	0.5030686360046274	0.665378770905641	0.533022922922161	0.6555052786197857	0.5575902777767103	0.49970364619609486	0.47686680776794615	0.4134534857658404	0.6195894282804473	0.4254340346095779	0.6853426780363177	0.43048176557766255	0.4130485196555982	0.5462681320787588	0.536863355159062	0.5963729598715962	0.4725724421232282	0.560556889788714	0.7319044257061146	0.5577605802114982	0.4951948530832908	0.44579046580322657	0.3587745280047926	0.5002411743065592	0.5899922781897324	0.5100966010915593	0.6255485854183737	0.6292890497307443	0.7629032641795711	0.6083638981333118	0.529781762588351	0.5670368291278287	0.5235297905116502	0.5224683513171148	0.4763095062054202	0.5373115091233734	0.500445898911675
0.5943423218544153	0.653050892746686	0.4894716028064404	0.5833405559348029	0.49513602674067037	0.6702722346139062	0.5424370357275372	0.5102686451265334	0.667693483225486	0.43747308936905416	0.4697318076433366	0.4318216974212841	0.3442335274009616	0.4804225977962342	0.6003638405632018	0.5591775182241051	0.37020051455426456	0.6500568844871686	0.5407571671632507	0.49959816435343146	0.4130420520214853	0.3595426550476969	0.5653780626623672	0.37005435138213677	0.5043915095655974	0.3666324158629044	0.4913065286758464	0.48554209949164445	0.6355912840001814	0.3570240624584138	0.47837193729058386	0.47265317568630816	0.6414718612497792	0.5432456015883955	0.6772391784545418	0.6179007260395022	0.3766008774699729	0.669546641228111	0.4909347877995914	0.25520341769502297	0.7930642992977237	0.5222107800228212	0.6653547774203936	0.5514146038241532	0.4725996578789767	0.46713419458294475	0.6595474984825576	0.39722742855506454	0.6066261165318941	0.4918533380155243	0.49007678134437466	0.6152070865044923	0.4263446454266563	0.5170753164323917	0.43702786815411554	0.6035350716594273	0.4261634118715144	0.551772900260822	0.4407455138817666	0.42403377193962255	0.555646856051369	0.6731957624587567	0.5851143481239262	0.623063980815361	0.6843345205807558	0.5033773800829776	0.4674714270359961	0.5434141095849551	0.7130542227153149	0.3796038682214045	0.5328495010379758	0.8150611679117812	0.4493187134157196	0.4276661058496939	0.3639494840348309	0.702077114322048	0.5926884117192432	0.4540485468772816	0.7836348160322284	0.6762124686886846	0.5617652293609279	0.735127112216965	0.6835604754187443	0.5976640832573445	0.4290275958690637	0.6200617960141517	0.545190977420697	0.7687868427471986	0.6394853601649492	0.4849322511009156	0.5192902111064756	0.562305636778562	0.49631809810523786	0.45680393049742474	0.5195500510198928	0.5033805070574902	0.8051732365863109	0.397216135617347	0.534251440665258	0.44078633577893017
0.45924197359825836	0.5649956943154367	0.5641356059406556	0.46198702474434744	0.6310556332132674	0.6611203643577482	0.5459089145001439	0.4075717120242821	0.47146147091788243	0.41220156193499	0.6431841704727798	0.4898490703919587	0.4318697428752541	0.5043132218926659	0.5228328773813348	0.5539624834138179	0.5043836380974713	0.5235041382147922	0.5984035246875774	0.5396356404713961	0.3955367796989445	0.4499187624728675	0.4853925054619012	0.4810691143368747	0.45066931949135436	0.4340370028032149	0.4640407423901456	0.435787568823919	0.5077925219955028	0.6470297785340166	0.4348425753825391	0.4269128808640506	0.47778736586112164	0.3870687213898559	0.5531953520714459	0.503057645283734	0.5145282357392619	0.5099429945147405	0.4046139699019389	0.6322352093048559	0.5197574673557582	0.45576303259112555	0.4290996910595578	0.5587430215085768	0.7599993723056815	0.42083052498662904	0.3701737798612426	0.5073832221623484	0.5233729362286546	0.5192639705547727	0.3865128876121702	0.4146175794925817	0.5093134669734599	0.44387291734197887	0.47858050602103325	0.5840891825441002	0.4764543409094562	0.5355386714759643	0.4576291836961941	0.5209255050863568	0.5583753122928454	0.50460632515345	0.6796809494467412	0.4051087075138136	0.6578092179556058	0.6114646171808078	0.7608284193263734	0.5625400625199379	0.5982915683576836	0.5325539688657105	0.6217508739360952	0.4328813554781326	0.6097945715231166	0.6064423817662232	0.375521507996145	0.5248987049602699	0.4145114094744307	0.6355677847992475	0.4482233372032972	0.5544744607614205	0.45326025642101914	0.5560782520346862	0.45102609225471374	0.6330878022009221	0.6101689393230949	0.4874583792397554	0.5866284139231983	0.5526662666794362	0.42714740589643785	0.6562423221769615	0.5728159150592453	0.48818442891025476	0.4839389032724534	0.510661913254666	0.5784432396296102	0.5604889870188589	0.5726838111678779	0.438825850650844	0.5285641825518118	0.6043455921938353
0.5878878645528994	0.4972055932974382	0.619534819724739	0.6885963026711082	0.41805508567712774	0.518887675716891	0.5511915622150976	0.6032274519556874	0.5001882590909481	0.6970419817014407	0.7324897697305693	0.5841644546084448	0.40298033827294616	0.47364715899066334	0.49362462464618556	0.3940053873762791	0.49224172621592904	0.47402260607179997	0.5332408255537185	0.6395558163743179	0.5492283265946964	0.5491563712901294	0.690450614048539	0.595030609622905	0.508849452733397	0.5849789878031806	0.6357231466450008	0.7733152434343945	0.5391891622123978	0.482332594690845	0.5332591446303803	0.40666070252576725	0.5313792042104952	0.5271102470439802	0.5870596486169658	0.5228761944423498	0.36854972570984074	0.5002192682788923	0.49639073709584824	0.496062169005832	0.5872311692462828	0.4932266804189253	0.4162878071575009	0.32213319125792994	0.43412888446135367	0.5030739366756122	0.43330477320780875	0.5610935535440759	0.4571291544465166	0.4940591072412046	0.3790937149852866	0.4858868033075346	0.6004418772915264	0.4185588803358008	0.4926030285669674	0.3066793776361911	0.4143282244920509	0.5919014030184967	0.7139108715563343	0.5628203514187089	0.6068325064021596	0.5549601392089082	0.4336236135398541	0.3754551442182395	0.36949042977421653	0.5177912779479581	0.5795381093146915	0.33872422883827075	0.40102478764607125	0.4534717515164803	0.5429974370808915	0.4731028230517187	0.48082296190416385	0.4569496275042086	0.45924456463191937	0.5366740561637129	0.380179482307557	0.5908257333103217	0.40752230080569496	0.4323030532569174	0.5190192063418427	0.5825813279953899	0.815524297080858	0.7827955070797828	0.5118324293964113	0.3984975588915663	0.4082204643453472	0.45631646822687455	0.42335840051557994	0.5902859498151678	0.3545763491380951	0.5771429800438879	0.7765112927197131	0.6791564604973515	0.6938173601134865	0.4652709840833538	0.6185254678949054	0.43110157111472774	0.4898870789671075	0.5693882168325302
0.8250180135136415	0.4627300141678242	0.35098520733025573	0.5660508862240826	0.31505405012266124	0.623099678125312	0.5719775138973301	0.5880630740181624	0.5788594824836454	0.6457425962905509	0.5584116679284764	0.47337934214886684	0.5046381442114575	0.4235466877923352	0.4616393877896842	0.5271053409020783	0.5814305638665942	0.5231309041648793	0.7806519136883342	0.36075312808376275	0.5879241412440785	0.606338882045247	0.5113859277413098	0.5553049869452591	0.557455074814509	0.4811375817866792	0.5206730639833399	0.49770838754043817	0.49993958654911497	0.45756896556182586	0.4972832846809324	0.6084349569825174	0.560785384292119	0.5347377343482579	0.45055958842268595	0.597085457518846	0.44995824612335933	0.4421023846649368	0.44041472956026484	0.4646457597761099	0.5762895493525987	0.6027363043602532	0.3964131016883344	0.45785334673987194	0.5085013263265743	0.40712949565729173	0.5013644732412098	0.5138706415461576	0.48290463071508194	0.466917411355327	0.4285011074617885	0.3694535995286801	0.3545361836159527	0.35529225502287815	0.427286706774679	0.5258435619191874	0.5282275398162637	0.30896534206514104	0.7415411131640548	0.5138714698737344	0.4896187098567134	0.49852417821894107	0.4740965294556172	0.5025086731658347	0.4935725732859775	0.5375400516380902	0.49769958398153047	0.5282834434133192	0.6393284790484698	0.5007012469301865	0.5405269207453612	0.5181172868492755	0.3846960303894102	0.5083047902685672	0.517845662805476	0.5200916532180595	0.5783037611174358	0.5879573281702164	0.5449725175075991	0.5407125104177115	0.4571363612659985	0.6239647527425936	0.6499480913889459	0.6086164296571693	0.7395941571891963	0.47688242815372023	0.4945686845722091	0.6890428187242417	0.5259687089509137	0.59795376306631	0.5632490033367009	0.47135208750210045	0.6205659313120953	0.5173216640675747	0.609711197654978	0.6175384027901697	0.4775266413103043	0.6589987606481434	0.4850526806928232	0.4243814782200635
0.35519608913956835	0.4078865292030598	0.5105594091439444	0.7449482563607813	0.5541107960330949	0.47145963395580553	0.5313447592680361	0.4763684723275608	0.7639524637385864	0.7369367173933792	0.6614360450658348	0.5105353732432877	0.5950741533939444	0.6502658759531578	0.5002499923846322	0.6836040750253011	0.6405928195036034	0.8213036234067194	0.5888294425970426	0.5851621865307503	0.7676118289118294	0.6321213795971501	0.5101848220050927	0.5482993402706233	0.5077854644542439	0.5420307999722614	0.5100486821134569	0.4532203410487555	0.5357181262701763	0.5549149750486259	0.5375388999319869	0.4036532579525824	0.6045884793621457	0.5057633319686391	0.48458282422912013	0.439026069922332	0.5465893917841781	0.6681168197082177	0.5833879867908202	0.41831171604965234	0.3499895153351183	0.4782055479946985	0.47272265862709123	0.5812628650908634	0.4935781899014314	0.5465170411892576	0.5683881173809738	0.3830604216338003	0.3893769366389577	0.49829507362085596	0.56812134078134	0.46402432065547244	0.6105786855659358	0.35877014627017256	0.4961442891524864	0.6224847891923266	0.4602688613906266	0.5416950235787156	0.4495297334685256	0.5036158540941473	0.43422859594078356	0.5070595892768592	0.6316844965603379	0.5945476172875462	0.742642547916577	0.3706092975122298	0.4769920945054296	0.46654546046445033	0.47568484975091024	0.5404716413915622	0.495789283371676	0.5256654144198788	0.5865324583441036	0.6104246322319854	0.5608338635225358	0.5220446955431141	0.5859602438484999	0.5153603735853056	0.575850483841377	0.6739764909696996	0.6710096211523083	0.5007026632867007	0.5467883752374855	0.5583004186217155	0.5577475468912129	0.5506553162609503	0.46990591519495545	0.4624357687718447	0.6437706805528786	0.5303451887382706	0.5573653603417723	0.59783930871726	0.620891425929675	0.4423433083909964	0.5178639212246805	0.4651074914563865	0.4833669614550723	0.5313648096707264	0.6024665184530295	0.5838053259985713
0.4872766346703125	0.6087002674518599	0.7625582640405906	0.427689679714094	0.561875374945889	0.4797060180607724	0.5558477107995592	0.5518128447917587	0.5473037289977202	0.4913458659285712	0.7429865349826049	0.6377754592832285	0.4590909579875856	0.4238615666207546	0.36858816122924176	0.5746627579998242	0.5243598879424874	0.47902125532796674	0.6238790525626361	0.5086719204688472	0.3452942762488437	0.6053794073150764	0.49590791038735965	0.7125815092117416	0.49281131357731356	0.5740441181731968	0.4703502912202274	0.483866216744138	0.5549602519718413	0.45475185343382507	0.5884126980693478	0.40403287091400525	0.5893142966456266	0.43704738797267884	0.5583707626978222	0.40935930878665766	0.3762172859214207	0.6017096693084251	0.5504135433899994	0.5188498292494057	0.6619684115175419	0.5543544355868635	0.4788723753683865	0.40482521072794925	0.4035030390156219	0.6998335866998221	0.5613234855451569	0.37286855132497043	0.6683213417220929	0.4664597632181668	0.43711201020746315	0.37019357336144454	0.4681824188450408	0.3821352254400099	0.4250437611404347	0.5310089934568283	0.630907685208642	0.43812456482533546	0.35158549095388747	0.42524874580639777	0.49725945885025846	0.5701557988572324	0.5620081186763451	0.7071466469292776	0.4536327559320292	0.6739345717949906	0.437483782046541	0.47349722161272706	0.5069333124937829	0.47219114477764423	0.4805772887326053	0.5237961971751508	0.533421365490306	0.6291772201178817	0.7397374941510351	0.951177061144423	0.5722096678293741	0.6000258274184321	0.38928727771035854	0.5998142943657538	0.48900026560200005	0.589749442202292	0.5615638853578304	0.5939293306682757	0.5534076576890681	0.5534968239049362	0.6318810728158195	0.5099310396501905	0.6038350738354785	0.5504440266269278	0.4323338326981252	0.6458626213264301	0.4519422131006431	0.5738487409535966	0.4512550043351319	0.6544925574591168	0.4669936086675198	0.5126043030739837	0.47911641924744075	0.5759093852776423
0.531913629030957	0.4708236832817122	0.5464485916171221	0.49694687852894115	0.6214027569413133	0.5431173160755223	0.6196929022961528	0.3934625209490918	0.525482300256324	0.585302104991026	0.5105386971136936	0.623989447442089	0.593568644109072	0.537089062880731	0.5646927711361408	0.6732688647418518	0.6045974808019392	0.5402748465780481	0.7316276509850023	0.9221532408016865	0.825819919781774	0.5395079503848984	0.6580874796805911	0.4448477204872729	0.6074712151333338	0.5935243731099196	0.4365362527001704	0.6345924972212083	0.6557536407169287	0.369531712775098	0.5031362419495904	0.7452256340495118	0.5366614923866866	0.578846695158473	0.4302964375249592	0.299391336270483	0.46465835045513737	0.36964157299158906	0.405119954091236	0.36747207490630224	0.3658396327038364	0.3522014759430835	0.6785222965478073	0.40812796876781077	0.6740068907118618	0.32531086442829016	0.5514180116184729	0.47383928007272036	0.4618517132495767	0.7745350127593089	0.5871454035672259	0.43968328070869556	0.42125226134262195	0.47894601669809717	0.49101862278973024	0.48867488594648756	0.41355318120563966	0.4951601136196819	0.4731763484311958	0.5394772280452053	0.6056259893179115	0.5714247004318178	0.4558394433666502	0.49193637039691657	0.6209488987449018	0.4529790596071308	0.6794508390909898	0.5477326212701027	0.6871168146100556	0.7171056014990465	0.5795653751218285	0.5327821569506542	0.6289378656364404	0.5500797733275921	0.491540349832667	0.6202226152929421	0.4728161549037843	0.46157408099826364	0.5239263787113818	0.6255466378371437	0.5674118805329549	0.6246715580200098	0.3707247119372419	0.5387895811301678	0.5643293354436251	0.46641536182371907	0.5156003579130719	0.4908380836063453	0.3767000188170561	0.48966463439456953	0.35161931322318773	0.49077074067780513	0.5848691124345526	0.5134527796103268	0.6532646325882778	0.4225269862931346	0.5354564021486159	0.6548978668697208	0.6523383184762724	0.5342676685966562
0.9205218996638265	0.4537422136485611	0.5852264784029743	0.43540363347913913	0.6749035319711836	0.4809246774105198	0.5378409299128347	0.6909320387729148	0.7497104195195423	0.6653326727874426	0.609837546284962	0.4597728001770895	0.5681583589524695	0.5014627954165477	0.5590241824621489	0.545020008850899	0.6308372011248468	0.5844801994773958	0.42708218963673183	0.5840450492030002	0.4944529840364192	0.652276684169828	0.49837215823849723	0.5155941829131596	0.7588256731277767	0.5161250649031411	0.5556289667536539	0.5879654558215722	0.5334703037960119	0.48465319684453706	0.6428391379071852	0.5231568413293487	0.6452168601766931	0.5027863797271199	0.3884310205098898	0.5916071763967583	0.4010694017079147	0.34226588942260056	0.4501429472676763	0.41796970388906873	0.38439039555069204	0.5787970440788537	0.4613808720365045	0.4685535259283364	0.3566481647617678	0.7041133669494949	0.5777909384082225	0.6230954849553729	0.6248208375548937	0.5849660976741641	0.4403195856309605	0.547158640922303	0.5231605065939097	0.46544670823746315	0.3805985490671054	0.5374501049034452	0.48556799240057813	0.6090309260179554	0.5561526325313442	0.48410630365462015	0.5704853146747039	0.4963763075375914	0.51928242736213	0.3012761747172461	0.62610580860293	0.36179943184236524	0.32883086194446876	0.48656926909196735	0.3923907181023869	0.5434667051817473	0.6429837243634517	0.5726170329891996	0.4320376326959254	0.5525896917890397	0.7241881052668266	0.561664437546035	0.527714969936788	0.5095979827170106	0.6658387172127735	0.45841101765070996	0.6096054474413585	0.4332645763626672	0.5441331328336256	0.5817290628748575	0.6212102265389189	0.5660576485412712	0.5600652364415769	0.5146427090125327	0.47981758626364435	0.5631787447164062	0.41943627643313647	0.5689345899715516	0.4577930636137336	0.47584575839034354	0.6121816892582622	0.568066263662366	0.585586746438623	0.677918437597766	0.5245381617160211	0.4150490574261239
0.5691948142026643	0.599244919756444	0.4917841724413331	0.5327092539002799	0.5949492879534944	0.5640016163725683	0.7553505308103003	0.6810130542294377	0.497168666258789	0.5979906638763467	0.570900674521275	0.6209778574146912	0.4998919298552779	0.38411520088527534	0.49304699243918476	0.38324350856503525	0.6598254222751208	0.6620999278383949	0.5130207374409731	0.6958352523873026	0.6312240953208704	0.5166651607665957	0.48911273272609473	0.48290796330558217	0.4168089114317154	0.5151882481465774	0.5955206289588585	0.475206420482419	0.5527116882324384	0.5138367849955975	0.49331466754022185	0.4032347174503339	0.5013616655180715	0.6282253916180389	0.4286062868236066	0.43460970286130607	0.5256672049803932	0.37382479107090505	0.3612992557600501	0.4170975819265102	0.4967321625388066	0.4982074004288405	0.529110536114605	0.49576715937783	0.4634478067315085	0.6168473709215074	0.3851930539397843	0.509130697758566	0.5783579050837924	0.43297712144191175	0.48728211687646494	0.5498421276785557	0.4385009062823077	0.38384592244782484	0.3920627236113067	0.4384002169083461	0.4671434720118722	0.7596359354000174	0.4126849883758706	0.6544472758724593	0.39945495989340296	0.4992466946770792	0.6980901654641471	0.4753886153279543	0.31815316571424895	0.6472601405145965	0.49535009840559957	0.441484856596957	0.5899994570184391	0.4250942253870187	0.6193565368463431	0.5843477296703736	0.4807748797843794	0.5158605678531972	0.5096175501761355	0.5197145442881598	0.5050668151500451	0.4201688263299803	0.5166166237745017	0.41926439752395495	0.4620360616472881	0.696352312360263	0.48198261938001635	0.4596234625809476	0.5134419364884724	0.5167691484905642	0.5555415031508695	0.46234470181814497	0.3912145965726234	0.3928768511195536	0.4202856134540638	0.6681940228291685	0.486419435839337	0.5787605196133132	0.43882746189445476	0.5519771599836367	0.48928283803417066	0.6329663060954583	0.5989035930262917	0.65306552236782
0.5811117607371232	0.6574821119711193	0.4341954543584056	0.44174126831912863	0.590784594254128	0.5175039990933444	0.5087306879018016	0.6654064966082749	0.47458357467858103	0.7311733852645432	0.45161576027021244	0.602373522675467	0.5825176047176704	0.6056677392416485	0.6647207560804411	0.366570874892855	0.4109724532132519	0.5329987188874737	0.564526581475579	0.45254877383548986	0.5827127215771546	0.6064588802210845	0.47844408116010734	0.6696007242788039	0.6063984226359115	0.4937216744008296	0.5918617984395308	0.6393501058243161	0.41165006958027434	0.5744885040156772	0.5079105494960054	0.5779033409222925	0.5699013541851828	0.48927528423985234	0.5580201173671984	0.529879489528853	0.5041143500813065	0.36336677366117903	0.6074370123333921	0.4326949133084947	0.6795167452646986	0.5478549549874224	0.4474982949452188	0.35639007489246516	0.42227875875293736	0.4551665460735384	0.47920542513658043	0.5442846865091255	0.7318270667262682	0.4076829987457522	0.5970759970787216	0.4092855920511988	0.3481618636844899	0.4740591836665137	0.41175607825612603	0.48663471723369106	0.4312300006808207	0.508031911973985	0.4298837684460808	0.6717519024951347	0.43347636828631375	0.5737523343652103	0.45299564360246186	0.558801835933171	0.40924155705199583	0.5385263065957446	0.45964144258275386	0.42470289616905965	0.5308411776850304	0.4489262716117156	0.7592840120532278	0.4607448130819804	0.5672684811592572	0.4009334334232515	0.33686877809177895	0.6225922538346176	0.4727052057804321	0.4844032541821783	0.5039525932858527	0.539027802557628	0.4581164777286133	0.5901061990075709	0.5953222873538992	0.6033067297097889	0.5657310342375641	0.5470262744399778	0.5707302923604389	0.4426067381569013	0.5214319978768295	0.6323332700349485	0.5468426387878039	0.4791587283077286	0.5712868631356448	0.5728362873008285	0.39919095081707334	0.4342391117049609	0.6717605868460446	0.6019829187016404	0.58542139433606	0.5674676262736449
0.6596361598614457	0.5069206257838196	0.6600444627383566	0.6660026646069309	0.5973327152931537	0.7167210955865971	0.6812397860046118	0.6535243950206463	0.4298135418919057	0.7913671603658974	0.54066691312518	0.5249328681498162	0.5856367122385231	0.5941940954560607	0.5628657868811001	0.6201794524262663	0.6021478684077901	0.5439634179994495	0.7332874920647772	0.6455804712884091	0.3973861556696845	0.5253270559138578	0.5825305856769727	0.3788872852376932	0.6515688855915224	0.4888872434131891	0.49788164536301144	0.5288622950522912	0.5927290072396191	0.5509781945773458	0.6866134912454471	0.38476236033817396	0.5127144224175452	0.49827269046056366	0.6515769640034561	0.5125406760096253	0.4764652191107338	0.48466599715359376	0.46602832472078703	0.360912150977444	0.5220578511037708	0.3742396168186543	0.4877470542579814	0.32146198492283695	0.6006246983949717	0.5718343808029371	0.3834589917841919	0.5400228358530302	0.4013063345199041	0.46439287363868903	0.4122764214777892	0.45121313237968713	0.40143449203115505	0.3698204637365255	0.3240588064998813	0.4877366537326973	0.4791106393242913	0.5096349699912537	0.43768788767059	0.3737008125064496	0.42559334733477444	0.6005362858521986	0.3359788164054272	0.3980296586048856	0.40569527056886606	0.45487640534398077	0.45348549360923845	0.534189293264998	0.41975052508661276	0.5986191899470208	0.5705689047751884	0.33779938285219663	0.5436075025657301	0.5662466700742133	0.6414929735865933	0.5386438807161548	0.5197160805206513	0.4802587914163152	0.5776472172111139	0.5267010705201145	0.5477085632340768	0.4796286714527235	0.6531932236075152	0.5680281704985921	0.7055118541171735	0.4324365487276383	0.654449869859108	0.5262905222252467	0.5940966890175922	0.5210819502694952	0.512113888596881	0.7249060044459018	0.48485926872581664	0.42414411325712037	0.51755922208385	0.6321293802126727	0.3616823652346634	0.5760329878034279	0.3930190545876339	0.4856588253448514
0.5967858297795903	0.6783307296648785	0.5903785922159034	0.5586511081070012	0.5798904227239734	0.6543758832841942	0.6478365697434878	0.4613765871063604	0.5110585597301524	0.6308996889557562	0.5743495752335321	0.6303178621538724	0.5947493437978129	0.7107309048353699	0.5613909359764284	0.577166544074083	0.5613520907589417	0.5467436995918659	0.4833170168150672	0.4855686962086122	0.5813902858933382	0.464816640916225	0.5234562062653841	0.3774519178960264	0.6363083349780164	0.6245467530912809	0.394299582841104	0.49321173431165977	0.43234461757198006	0.3963880754719594	0.5119098545362374	0.5009232511601527	0.5754574260494376	0.5616110761010399	0.48907658067613696	0.5047860827494712	0.49290152029058704	0.5315091746168854	0.45434259471050714	0.46679180683527055	0.4400035236397354	0.4739453644003515	0.46591373110669726	0.5484671835753085	0.3529319463295537	0.4960355979562466	0.4205836146965894	0.42063451923103046	0.6177455882004977	0.5862295139774449	0.3764811787983623	0.3341328850623776	0.3733435906651552	0.22889157108965993	0.34859627299818025	0.44193718608337	0.3346162403405328	0.5016235951263764	0.4047646197677473	0.43929818764087375	0.36800392465859755	0.6015100236091928	0.40582524358147587	0.5785977177926972	0.3756726562488179	0.6573048274702086	0.30858952897704145	0.7599264780539584	0.66781523624516	0.5825330043114424	0.5069304249421555	0.4820123537623964	0.47427623512007094	0.6981222130923916	0.5430425861813319	0.5053848593672741	0.6511781257778813	0.5143861458186348	0.45511229561817174	0.6612801055505491	0.44225299007348773	0.5575848640776486	0.4842597246566268	0.5041746673675157	0.6512080776572301	0.451001359394013	0.3864023567024731	0.6411955319414677	0.7707490919608566	0.4948941043041774	0.45872384596786386	0.4815129093640981	0.6086550431222346	0.5452094110405525	0.5256004807353624	0.5086519100914851	0.46389041009481086	0.642641100298859	0.44800254046493876	0.5594001131356171
0.4900606122837319	0.4053964773841101	0.5239112080467505	0.5137668011713115	0.5593744787780739	0.6844662052131356	0.4746430835936394	0.6442405520260187	0.5701340412768453	0.6012904681127054	0.5604459647334483	0.5685666300450539	0.47621575782685627	0.6197056299789143	0.6252697460480638	0.5096257908913105	0.6184977350451749	0.6477472554118034	0.5940896949660948	0.40287572683378475	0.5657054423726438	0.6244689211791816	0.6982356052067761	0.3550355572071506	0.5598097993440752	0.4456703638419025	0.53098376042706	0.8206355420028296	0.6855659323629048	0.4303129939477501	0.5192596385106801	0.2826989276963865	0.3518632533163513	0.4497704586754249	0.48232572141966484	0.5559189030976781	0.4634056620324639	0.45636852404757966	0.5873611922629763	0.40277397918296987	0.6006573144342375	0.4529126689689651	0.4118395062783161	0.3263166232698866	0.49952189249748585	0.4155241739302789	0.5491730817091015	0.39318353496647396	0.3596740784601644	0.3661057950801907	0.3738384489739827	0.34474428552861625	0.38052186505703606	0.4249074103075292	0.48204181913766225	0.4778446119701438	0.3997925602778286	0.38765237883424236	0.34611033925911466	0.5163223339539639	0.49913285568735527	0.4594424847432586	0.42572675696909645	0.5226088428143413	0.5558259815196666	0.4333719453347589	0.42592812250396567	0.46566009542388653	0.5296326469857984	0.37219447434951325	0.5562436631524729	0.6619639200600137	0.6821032027126727	0.6181844367572648	0.4796084367277934	0.51180121168227	0.7899489168974185	0.627596722870033	0.4679521211826561	0.6450985927297586	0.4038557269581269	0.384711636043715	0.6343917630951235	0.5251539652431969	0.5975038464759928	0.5341625204364061	0.6101874636733976	0.6076780578628869	0.5807136631261314	0.6344677937595786	0.6355540174444562	0.6508476203567191	0.8267906307161904	0.5438957414378507	0.6139396218800685	0.552397499816598	0.5335560828817388	0.7231579786355151	0.513010036757435	0.6282930656472637
0.4356199866352481	0.5507082320696439	0.766467419673078	0.7195855445956456	0.8617372491636338	0.5589426771526116	0.5559299889888765	0.47734777312402304	0.5596881522089573	0.7303584725002312	0.8152140686024231	0.5547349381718437	0.5415211392555621	0.6507568428331723	0.6476520321438816	0.5737054527678912	0.421086425270272	0.4814049658008062	0.45750425205545153	0.498627359723162	0.46818300625338327	0.5814037156022805	0.45357858566206805	0.3686636172254982	0.3984422734092968	0.5496587770169117	0.5985831409461038	0.4357730724131269	0.8842007290305399	0.5482259149036555	0.4936239241505475	0.7173544918893763	0.4155963670274658	0.4764830184573243	0.3560091261585419	0.3874356507926472	0.48225791253958794	0.45423852863330444	0.5280671041312575	0.6027386518816434	0.5220860377407467	0.5776856993989959	0.40735793178111407	0.46273691588115534	0.6037338453857687	0.5776121433823507	0.3855619918314881	0.5470142568160508	0.4328916493550411	0.382418751999683	0.44809235538491743	0.4858101642236579	0.38035131664874583	0.3226332868717631	0.3614743894340746	0.35716603092175725	0.3231460672900846	0.4307645057784991	0.3811493790861291	0.49712611641603405	0.3776030841873484	0.5919859413303284	0.5517171562355183	0.5243734605635016	0.35303577404493697	0.6945801290003778	0.6002470794651854	0.6266172953616805	0.5296244369635823	0.6409801834269089	0.5476557935363198	0.6831545547835137	0.6297864703012035	0.4787678881575121	0.47371991954217696	0.7583930607959033	0.6256471726740387	0.6663566557220812	0.5982432461894988	0.3155678957628939	0.5726688944818006	0.35775751001938855	0.60116700393758	0.42445767122823064	0.4190822831291464	0.43221187494310165	0.47018590928545084	0.5498937160493998	0.6140641287305374	0.5047848989467424	0.4553858670355449	0.7624404704650627	0.6257659156703516	0.6700948216507078	0.6277862721702571	0.5101550985599487	0.7006806935704981	0.5478992611998348	0.5423518117851391	0.6016181057996888
0.5581807809808794	0.48022402512103096	0.6259078566613901	0.7523412972893219	0.6584401542397854	0.7127816051012179	0.6004082396487469	0.6478199647990605	0.6260919807615349	0.5400586645310816	0.5287868634662352	0.5487874552516253	0.5250002736965856	0.4601355737795009	0.4958821648872538	0.5221750040539662	0.3969689050400931	0.39882500377440183	0.6766665546796523	0.5575976069403449	0.5422151165197795	0.5022698002065076	0.646802713174302	0.5304552003380368	0.7044532194146386	0.5448039852640726	0.6226787241003151	0.664766091401582	0.5783665367609542	0.5772967124142828	0.559815789184898	0.5145619055060097	0.496379132698808	0.4015711043781264	0.5297349307723231	0.5654672755982137	0.4319608448175986	0.3888623911711638	0.6162355037069622	0.461102704873535	0.5299470155714738	0.35075802357674507	0.4717700462190667	0.40825171977528096	0.34802424652176833	0.4415668701692334	0.38519402798307645	0.4310845196432619	0.44222006718886614	0.40862580099043444	0.26652162527935647	0.42009343169747226	0.3896716797196176	0.2000517268379642	0.37841290647491704	0.6052138650215163	0.40486393750462	0.469885275447106	0.47561797510881	0.4320184562414687	0.42269994130103117	0.4445195729119463	0.4104161922223022	0.48256162781707934	0.32633121957830025	0.5305577422195361	0.6267366906909191	0.5838587992769333	0.4403666770937752	0.5617653413595436	0.6080549457228809	0.4432333740192016	0.4114388648398876	0.5019278026334252	0.514419392080229	0.44156909915797116	0.5865236022205232	0.5836606381247896	0.4761471194658616	0.4736863711617831	0.5268121141112877	0.6522133407168041	0.46547258953163245	0.4819019557569371	0.6578621148272702	0.502012628296474	0.35112490603990965	0.8365857636891293	0.6347970593189782	0.6170243738801385	0.6189737215050356	0.7068127754575142	0.737503784540355	0.6369151945950238	0.4834109264147444	0.562344106531524	0.5216443872362692	0.4947878754603629	0.5082882120529125	0.5072938724932781
0.6002363950044122	0.4039439682675828	0.486676645515404	0.5857780808752377	0.5937458785690694	0.49414558305707146	0.5803334938841743	0.526704159890479	0.6860701089393189	0.5163678556506256	0.39945957099635593	0.4424554109409087	0.50044312955756	0.5282760063502029	0.4767620498459146	0.7410326422052207	0.38789578036907063	0.6972789560552908	0.631648793508604	0.6656997375781081	0.6645992698589392	0.44096848138806866	0.5398923144653329	0.5150684846003997	0.576520751477595	0.35834175560414155	0.4976960887934652	0.6343888647240989	0.6879563631563498	0.5483982184972146	0.3693507620188638	0.5774718789695314	0.5488053758590236	0.5984353232185807	0.6924923922858222	0.44044690545763276	0.3988312887432852	0.5252546916910081	0.47658241654791017	0.4775385643938596	0.4124488681102319	0.6014460778869497	0.4130397931465918	0.29688726721577263	0.23291271365168195	0.45589501437349406	0.42856589622694646	0.368873235854109	0.39721861851002427	0.4040462771414373	0.4249756804946139	0.22788670815360215	0.2964237893096641	0.3263382436968224	0.2760724637829207	0.48415466454740597	0.39931603093386503	0.4228436802187527	0.4608540953456839	0.4611790629310071	0.4857690634106227	0.5776475018775226	0.5291287161519534	0.4401433644859705	0.5566827796725733	0.34551262249309805	0.3298342140389645	0.5633406558606161	0.4819796573057698	0.4675824705890446	0.41456865010391286	0.6008778700998996	0.46283125387890045	0.4061221173121973	0.377046752281073	0.43473146399676543	0.4772801762587548	0.6893833486718813	0.4659632169672488	0.5117045890227994	0.5026993973010397	0.37963624873878205	0.5500869013843246	0.4242033538142229	0.5868482725189016	0.5664666942872802	0.5708433706203485	0.6252260701182462	0.8306587728171396	0.5195889806733337	0.6639972281869941	0.5130480810842986	0.639897702029654	0.5485977545763658	0.364804312166329	0.4442137212643133	0.47817171948535714	0.44811244210114254	0.48239737898489604	0.5249771830989133
0.5035636757180612	0.7429485929695614	0.6356382692267782	0.44846645117786105	0.6084748203713152	0.5285095812002648	0.7534768403224033	0.6322044921643617	0.6141934310079784	0.6058298301581093	0.6483189152146187	0.5804816549939067	0.5747845932279315	0.5668288271240556	0.8640503425100864	0.7216479063906122	0.49005785062532903	0.6164417319759057	0.4935507053847602	0.4536113678144365	0.6265416410425396	0.42871283291318996	0.5542193920554587	0.5521292864724292	0.431504289281955	0.45404305649965826	0.5817012936000909	0.4230882483997347	0.501871566866812	0.6412927413141022	0.44516670387212093	0.4157743084791876	0.26890011806927194	0.4511501391914253	0.41550714352038587	0.5053645510802168	0.3332276881300274	0.4778299218075459	0.5142100727728901	0.4841550634675198	0.35642100707347707	0.31113902337716914	0.3353607060489055	0.3634437811914951	0.3015309166147597	0.3739790864864805	0.32382219212083097	0.31925362668736473	0.3236261013049528	0.3025225249387175	0.23283075669887984	0.4277135340761345	0.27654062740678703	0.2178233400581911	0.23461684825540338	0.362279624710696	0.36570711421188573	0.3063675368239412	0.4142442942322078	0.2691246454408511	0.3661518089293762	0.3733603775923143	0.45712097059709467	0.3019462404792535	0.5896239438773834	0.5598565124782034	0.3494804074464478	0.5271823219379611	0.5414925692344613	0.4374953611048259	0.43098205215012547	0.3482730190452069	0.5015945192789306	0.5350971087832862	0.4683616211900527	0.5166851060621384	0.415923144440915	0.46895695054856573	0.40015457659125736	0.5227308325639031	0.5000367108339683	0.5548468385567171	0.41148414727281696	0.5580484753981864	0.7521448666206547	0.4831689673702825	0.434585222409827	0.6083062609580665	0.6837511370144653	0.7832169320743294	0.7296566758055394	0.7339686439052211	0.4329971330326129	0.550090247267604	0.5585171204261888	0.6826318495131176	0.33693512753204186	0.42512725368480725	0.5822139573176035	0.616137615789332
0.5984610219923907	0.44886321694089665	0.4594634983660835	0.5027918160636642	0.5619564919428754	0.6525433010128178	0.6642771163996143	0.6678684174833528	0.7123360731394104	0.505448372555466	0.4965814997118341	0.46204270181457213	0.5264661666416768	0.3869464873381736	0.5379321931123312	0.6541445936904488	0.4119168111637271	0.46160257108474956	0.40618084120658215	0.6471018796917006	0.625357934874705	0.49047964244798276	0.34056063677754855	0.532203841226726	0.6720267028077316	0.512307224329534	0.7541373019420282	0.5285003012447075	0.49344491651443995	0.4245691211839178	0.47868121812241415	0.5663930820303	0.5585693680185134	0.5434490215799006	0.5584993158819214	0.5439879983965021	0.4144346421234026	0.5990477487793469	0.420329571669732	0.43962392312794757	0.383865296835964	0.3554702098605638	0.26299833047675325	0.40640490397254464	0.4810990456565401	0.3828173088818725	0.3353827300533159	0.2959891236230231	0.26377320175616464	0.31454396067319024	0.2452629683056285	0.33999616823051837	0.21509707573021808	0.3294524422171964	0.30569172457514054	0.3294989807514024	0.42928808881079317	0.40960347887214654	0.4118956389010434	0.4599879751692654	0.39572173872217786	0.30461290886027775	0.3839353935749853	0.4324513706062844	0.42736399092243327	0.3902306565682678	0.5396067798086482	0.4886178895675627	0.796258744860078	0.572840472778994	0.5603613522186736	0.3578948267756576	0.5814694444526	0.4966994402777584	0.5186173608290406	0.4014008887063394	0.4865184470808389	0.5815506992667684	0.46343132411377314	0.5395855440015696	0.3317720018182369	0.6008710084228558	0.5110365658508248	0.7185010605752263	0.4889695585772172	0.4058023681192987	0.47243066983686993	0.5441217081869311	0.7257581872288988	0.7496430298686535	0.37445952871143307	0.5237798352484406	0.5358482535342486	0.4774040334767427	0.6575432999826568	0.517930526233521	0.4483972037710142	0.5623533298817884	0.621371144813492	0.45503204394290575
0.813015470379404	0.38030126192999053	0.4534570665420469	0.5165040253477053	0.5861062019464155	0.5079575305556352	0.7319629128910401	0.5796156358851536	0.6432921281197634	0.6064241735031898	0.510483391299525	0.5793197692785915	0.522026171795287	0.49014773023302627	0.5531010464219346	0.5165626285868404	0.5121801238296156	0.5354995658535073	0.6380781717395232	0.5473113764946108	0.46082885466968215	0.6266148743348438	0.5738365342270156	0.5740569482293492	0.559957047969357	0.6222832678192749	0.5416826265438194	0.4701650548168664	0.6471266237472095	0.3485762820374557	0.47979464995840526	0.7926684142003293	0.53553340313696	0.4999108544410393	0.5691699717804972	0.45983049468182297	0.37082943082972775	0.29556201160815243	0.4425039812401058	0.4097393260842266	0.387423224125467	0.34505553019953333	0.37599089510481787	0.3227546385341595	0.3738333835437583	0.3677285183572409	0.3177674541167731	0.30724831633397226	0.31377528800376925	0.23666419014575354	0.27960557373364087	0.2175293755469105	0.2627550221661107	0.32203480951589764	0.2608675780251061	0.2784584876840676	0.26764148220788253	0.31147494904458445	0.44876839063260626	0.33686725307196874	0.3771364279665818	0.4240600757846384	0.350141151655832	0.4127814795575589	0.451635136407001	0.42603516319292606	0.4371940571825573	0.5790539333907512	0.5360847195442503	0.5290028311529016	0.49141384121409853	0.38704995630326905	0.5487181387319793	0.4860165336457679	0.4306737513018989	0.5728499099361407	0.3869048011206338	0.45515723038831374	0.6694826525631434	0.6373640818991095	0.4702329907948198	0.4792418138876138	0.734675729781393	0.623980284997453	0.6588756461811016	0.3436171532193301	0.3643720669096237	0.6324181027711973	0.5553560010814929	0.6422372380820006	0.5925572421915738	0.727470320508249	0.6080674760166361	0.4631893120893875	0.5218211490718059	0.6939094123409666	0.5046730944263477	0.5149824471196043	0.5156696756796754	0.5512144102352743
0.5601142178007861	0.5390000081301651	0.6155316126096787	0.48965458688694014	0.543794080452577	0.6089900865529756	0.5624525366675287	0.48914232139572617	0.5345316740780075	0.4415499394934296	0.5249246420028634	0.5477616181736549	0.5320703928874944	0.9375469720472177	0.37755388817096436	0.520694096905144	0.3148588554576118	0.5470802497617568	0.7109447680577156	0.4510909962989031	0.5310258796994928	0.45353815089242117	0.5714300749852991	0.4925896875425602	0.6214480766507449	0.6904718817321952	0.5831309112645565	0.537157892781233	0.4529425489162727	0.4642914992847125	0.4427223255254642	0.48794547526420123	0.4154337757679246	0.3980000825183211	0.2812409018819673	0.40626282601378894	0.5494477445914043	0.5441014580181407	0.6084119271325715	0.4572591843142184	0.4598659648202402	0.34257192005143516	0.37648068356740744	0.2585283754836407	0.25863203616390634	0.2656538313657452	0.20301517126741125	0.2890984359640692	0.30350401579907993	0.286280573838276	0.22563953032328085	0.1983506039866154	0.2259939320155692	0.21073590408188136	0.2720023893129122	0.2332457362988961	0.30932501457347344	0.3338473213678458	0.3915277055196786	0.40287844993230143	0.381704438120044	0.4239958103925831	0.4995743747822518	0.3807034913030857	0.404986208707416	0.4711083767935254	0.34253786781000045	0.2862972095663039	0.5629683566764623	0.3347526614899595	0.4719302070456591	0.39951277185913325	0.40954337697726173	0.6160313689029003	0.4073114660134158	0.5352384955670496	0.5590723219174462	0.6417730177585581	0.43948096575211576	0.4642370496745626	0.5525989499068805	0.5754062581265681	0.5388911032110756	0.5185056871894871	0.46384866531688235	0.5809186817734615	0.5997326058425702	0.4513543680095511	0.5371578873285855	0.722786408808127	0.5556632309427378	0.5811128847960374	0.4906016278812358	0.4886719687834617	0.5058046193292446	0.5752230665585178	0.58047973102257	0.7166503885751816	0.47176083808100877	0.6908100255902089
0.6510365003253268	0.4772411897952133	0.5881988191313166	0.6183234498777815	0.7037133429973795	0.6592434471550476	0.6093137691781216	0.5556922800535248	0.45697578747589757	0.4651584496471535	0.5922929203414817	0.5727665598826729	0.5530487534931516	0.3823753721568357	0.6186653880194476	0.43413849622053513	0.3613365932643562	0.40790979040317416	0.42920560465631	0.6710060996678895	0.48966030635992375	0.4900912289769365	0.6614896870337483	0.5758499596109405	0.48460040724347014	0.5365505702019638	0.3602655560941427	0.5199970069942069	0.6437888444490402	0.5651397329500993	0.5326731013961946	0.5029801961161802	0.4595435560379431	0.45092654840496	0.43070332851302057	0.4557716440498428	0.40863735694930486	0.33586522515904527	0.4165338520389219	0.2702323447827754	0.2947826485095003	0.4370423242007974	0.32260368677852685	0.23008006334545741	0.3446004006843103	0.20467854456917856	0.27567678258672923	0.28009072512875505	0.24590162233322765	0.1970293215862617	0.15824046610649073	0.18438533427796128	0.23647127753581218	0.1430530520011022	0.3078484687483393	0.306977362996795	0.30135060072135117	0.2550107999483707	0.27274986029642384	0.27341920366777367	0.2436622034100108	0.29660829671571975	0.31295718723794347	0.329216575168708	0.4782525151477205	0.541036177352132	0.47775465107567155	0.41946544902803523	0.43063901207841837	0.5265175223003676	0.4979394516381157	0.5016617810183576	0.5976457822740381	0.6154541366866528	0.4614460902326296	0.4815221315635213	0.42601126018957	0.47748534772676204	0.600362238703501	0.5663094683351856	0.6006511075082491	0.5740220905585487	0.69384379311486	0.4843120515358965	0.7472739635733278	0.6266217207475245	0.6553083826500242	0.9020923104678771	0.6998306402336978	0.5481305578912583	0.6584219832222711	0.756715090788163	0.6146336159362081	0.5361186844467676	0.6050444042443485	0.48304753981374393	0.45504797984884093	0.5980280337405811	0.5138241779140592	0.41586999987355155
0.42974886261351697	0.7739289247748107	0.7564971307407117	0.6648950414198588	0.6061663757171937	0.47342666621319107	0.6682310210160245	0.8909801163173514	0.5008290419273588	0.8697507501241453	0.5321783980038173	0.5812406970092221	0.6040099217309378	0.5439134858468233	0.4784803001780616	0.7290141977172349	0.46837694654529455	0.5170441661883654	0.48774898901972497	0.4223471419705031	0.6481027486105795	0.6222645769322243	0.5174691826914458	0.5736033263451988	0.3704927553369696	0.6394597917858152	0.55935896720573	0.3773610119284201	0.6894908782773377	0.3524539447496732	0.454248579010037	0.47072378571722157	0.5968875329950987	0.513250060648167	0.4307317059411419	0.5244695425354362	0.4046848821798415	0.8085931483632905	0.3237757515708227	0.39043434646036906	0.26124067520181665	0.3158116047886356	0.167383019025882	0.2838440210187301	0.2313365035211928	0.21735613834402115	0.2303858054532473	0.1580556810412779	0.15678227951935364	0.1054029028626644	0.17820709032550683	0.25267260866786173	0.1668429212361063	0.22572675347626445	0.22444714850530015	0.2845179539253624	0.21966315349527035	0.27302887572638684	0.25990997171232244	0.2564805202197027	0.4025090974547517	0.3195889002887107	0.35980811061946577	0.30945431350176056	0.5343097631382764	0.31682474732512284	0.3455726704654253	0.3683657866139398	0.3697209653033594	0.5450947022443695	0.46582036001458216	0.4009434892663499	0.44410655002260774	0.46435234983349377	0.3481035082173319	0.34941221263867217	0.3578486998779861	0.4992877594108573	0.49940192922348176	0.5287071179876355	0.5782379446709462	0.6831706647488405	0.8748056227544886	0.742616960434364	0.7532297651103687	0.7015159357409948	0.6367251823922498	0.6799853743883875	0.942646714126703	0.5427030696329925	0.7347471655019245	0.5599684146074857	0.6431806647728222	0.6434266797443553	0.39521874810619284	0.5693246698942561	0.5441221942982696	0.6323188090590839	0.44228656242461173	0.6221307669725995
0.4330301504130063	0.5798985963353528	0.6993774580751126	0.48577817215037505	0.6155231581301036	0.49798609309911146	0.5513655596944824	0.4459299382425761	0.5015923591132766	0.5462809508513233	0.6092341331941528	0.3799741864620226	0.507553459429692	0.6595172647986827	0.5390884950432951	0.4175416985597015	0.3494663218455664	0.39987095649609705	0.6838803559105703	0.383185402259967	0.48180461556057197	0.4983706620545697	0.47604071294748485	0.39634415139505547	0.5853830101675684	0.540449254438968	0.4486782652672701	0.4705408478472492	0.3853675537684774	0.4334221723235994	0.5554081301292311	0.5424893466650859	0.6550721650545607	0.41533295913837176	0.3089932705027734	0.34810190383660256	0.483849598553088	0.3953259663217891	0.31120559753245564	0.33984716520821556	0.4914795094483377	0.37072163850601364	0.21797156298211826	0.28979640539975593	0.14392863101857956	0.18792944089623986	0.16822555349819276	0.18018234850520934	0.14501441755930758	0.09150363424708133	0.11527204841587901	0.17232882800560959	0.16960607742947056	0.22786769851990202	0.18773065880560513	0.20144819756034194	0.2660022353722241	0.26246852112218855	0.3951234593115249	0.2368968948450976	0.4004783119978365	0.34216249110536195	0.3683945441573602	0.2775702924429179	0.37335076835835795	0.48494864972398044	0.45710738511515425	0.5031953555766083	0.5274327514483311	0.3795790279839299	0.5087939497531117	0.41338981208544473	0.6432682913446282	0.5461365949226815	0.5336003960989301	0.4714287787310661	0.3916325528004575	0.5306312503844378	0.3700589777763519	0.6908530098682042	0.5763222231341659	0.5975044787636934	0.4545716507189255	0.6398412944776612	0.6076789931801997	0.5847056466018283	0.6624529869872458	0.5712783605944233	0.6042015608363152	0.7775602686002592	0.44494423705627145	0.5054895201187647	0.3925955988085793	0.6513105346518823	0.44510093419447655	0.467493957138311	0.7098658685833164	0.49506584133425885	0.5300067448414957	0.49969868582852883
0.6355777291579602	0.6108205965859942	0.685826920282336	0.6739152321593075	0.5558610024717429	0.3682938525385541	0.4884712669404432	0.6546059828553943	0.5267936791802426	0.6026377663642845	0.3510999788682218	0.5663637818283698	0.398197740877412	0.70320805240775	0.6243558173933453	0.5062796196872589	0.43300702188989654	0.43456171795654935	0.52782163403897	0.5075501190053301	0.3430747589362379	0.48188575842078846	0.29892374081431067	0.5817663252358277	0.5446713876803762	0.46592731554921113	0.5926178653630064	0.7222504128411443	0.5002333535873503	0.4533044202534061	0.5023521232597136	0.6569569036236075	0.2820813619876207	0.5684834573202847	0.509804392256509	0.5629945962799625	0.37785100224739476	0.406253938195562	0.2619352609416247	0.2844814209456032	0.3093307687383638	0.2695290712415622	0.2403696974429349	0.3049931321853337	0.09905592131035636	0.2324815761741524	0.12495192320373402	0.16343084366317548	0.10911230496245106	0.11777705207223631	0.08937569809209472	0.1316066353203068	0.08499207545297406	0.1664242431660663	0.15203327256484672	0.1919253084168915	0.22446059387773576	0.2249744589270267	0.2154644328198484	0.31098059522315014	0.2858570522296933	0.30149057143332936	0.43303448915369613	0.3760989330969541	0.32587913695817644	0.40421318028622993	0.3969765869642115	0.5607050420068133	0.24446201846872334	0.44797480422061925	0.4908480179427063	0.4183218094815295	0.4831592080836037	0.6664769700686988	0.43438344686950625	0.415562044057406	0.4415304309724548	0.49928746754022424	0.5263687011987466	0.40410099730183957	0.6504651328795491	0.7094379183822421	0.4716124510948713	0.7451368303565384	0.5824896717568555	0.5836322533385532	0.3958677169950403	0.6163554695334454	0.6539026605843743	0.6111539605855142	0.4317222588145764	0.555747814363783	0.39500173746792794	0.5134932401263231	0.591713804897264	0.47128660176525616	0.5726128724701078	0.5391935802214591	0.6184886671659118	0.411805524140045
0.6672737981839235	0.6335897648406887	0.6362661171566772	0.628897927067648	0.6984016858601517	0.5472049273221268	0.7247256147103003	0.5682855403225225	0.7025952070424817	0.41860798197209487	0.3994268023927666	0.7185437035525832	0.4628625321749389	0.533372477131723	0.5813684915192441	0.490260955105368	0.5635899398113781	0.518106296889074	0.47695116212872224	0.46308583899558325	0.3546025934726704	0.42583687961586264	0.5502639932662731	0.54510817100114	0.40620231051858374	0.4465211932069341	0.478465773070381	0.6340281997501243	0.5560307426761842	0.6691996886085003	0.5426145964604231	0.6355026230458412	0.5287766708747045	0.4543632921786804	0.35411556027583474	0.3545116104447907	0.6136144387738388	0.45514820435594433	0.39180144872149775	0.3476314952592048	0.22857729412244615	0.2743919776822353	0.21893587853768734	0.17504276827642232	0.1658930504841001	0.10944319169479536	0.09812579449754256	0.056532844961222274	0.11215160919041858	0.11037107519669277	0.05907074817719158	0.04861445522755833	0.0682764194818711	0.10449503110236444	0.1467843765550922	0.17682691062637768	0.242060555395811	0.24033258205417798	0.31059274250638513	0.28217631219674766	0.32451535413742755	0.3911717805397827	0.4250778673167495	0.43620354198974115	0.4323930550136712	0.48440782324801424	0.5158860931434953	0.39874122955030167	0.5014191071174082	0.4126956844374268	0.41962786191367657	0.502730715085325	0.5882285645433036	0.4665096355430034	0.49507990171225713	0.42470327503725036	0.48614620831223065	0.416786382351175	0.567763061318884	0.41860004065576295	0.763272256921878	0.9485389451948646	0.638394386494892	0.6822375634270783	0.476686165988419	0.38861039635917166	0.648603611502256	0.7178443602677808	0.665924671014367	0.5842959127532923	0.6416367549912656	0.6947461103097039	0.5365375231107	0.5049875508638131	0.5177382159053591	0.5961210786691563	0.5376403469124786	0.4829110639323849	0.5377709606021811	0.7582149215169849
0.32450562034721614	0.4578403656410594	0.40844661043604746	0.5309289216725842	0.6738342515817336	1.0193905549514988	0.5694021608819977	0.673319951519825	0.574735935346148	0.6100310766095005	0.6644485800483898	0.501746609311761	0.5450963669531113	0.520312382204366	0.4550660152439136	0.38019112013802614	0.4951451740741564	0.4940496626712242	0.3651302650696435	0.4807630380149357	0.6179744076541824	0.536101470630787	0.5122355054241123	0.5297570786317897	0.3660301134170627	0.345131091812469	0.4964435311593826	0.48898898320147716	0.46162191319605106	0.5956854765036088	0.48480262942989405	0.5767415309309559	0.5401068199419571	0.5269769193814967	0.39690475270094705	0.31220364176438586	0.5582148548554574	0.5021236600236859	0.3433184096351795	0.3536288784549294	0.21008451426071292	0.24988551325097216	0.13614248440870413	0.15161265520880723	0.09180831557794394	0.10615715224812787	0.0992176809308482	0.06092352959724563	0.04824691457673801	0.08174891091066576	0.045947466752222936	0.03258072903063614	0.0784826835269377	0.11247574702873638	0.16172111203631387	0.17384197192919496	0.16611149398819422	0.23996365681610207	0.223877246817996	0.21133937330709432	0.31365650173583104	0.2986693452639825	0.36322275905486623	0.319436003010701	0.27664960141393397	0.38549227461231383	0.4093640588114367	0.4042454082944481	0.44993248734126257	0.38953894808909645	0.49772344152481085	0.471229999363418	0.475785962829107	0.4377355581600157	0.3711387699149977	0.5355915394455926	0.5143617659621732	0.49671903360788344	0.6037981393247881	0.42091629065282504	0.7743470037197406	0.7243004572907688	0.4301554525436955	0.5998292633803877	0.41108267446156105	0.6017550290942701	0.5515496562645542	0.5120814743786907	0.5745623646366058	0.4956644333761287	0.5303320053963404	0.47055359843368944	0.4899340462243247	0.49704724919777726	0.4819716373044754	0.5558594853950911	0.6692543148880862	0.5118919577180481	0.6197444986002668	0.5266190037600877
0.35801721003635095	0.38457282400516635	0.5200117061334311	0.4155997291540383	0.5489121861555151	0.7977088232837919	0.49825736091166273	0.4906213370860161	0.6799765608964133	0.41785769613461077	0.5697518078371888	0.6100680206875789	0.5419129769074436	0.47158028180743833	0.5034845742110002	0.5627955071006637	0.4176330875926777	0.43210025256019685	0.536676878568767	0.48551577461951706	0.5309399743860727	0.5582370603459634	0.5419611141169783	0.45985502392654076	0.5720454458004608	0.38409011820943234	0.4554501315591219	0.5088803550842464	0.3342456447008141	0.4723260475859614	0.5123871864039511	0.4265936643470523	0.45156934967398576	0.5000406329073487	0.5913640022914706	0.4189154366545964	0.5464681326489372	0.5193094499563217	0.3118541101469275	0.29557119688453043	0.3232198997909756	0.19232464919110862	0.16542706399689214	0.1537803897946362	0.08547866558632612	0.0702480310674618	0.07267953605808189	0.03870093646453979	0.05704881580451898	0.08964419070974035	0.02349203833413785	0.055728284734693885	0.024070742141528104	0.080171873051313	0.09946001804497694	0.08980831679420923	0.1187990425690292	0.27570463067589146	0.23703063123626175	0.24524563516266648	0.29353462300319383	0.3133522088161682	0.32752691774712467	0.3190256622711779	0.3791440824053651	0.5714355182107694	0.3138984973665099	0.4511448133278988	0.4824840559893895	0.2919664558360887	0.3928890393218289	0.4981330647109152	0.3260427617799988	0.441346231318221	0.3922066421440754	0.532338279569802	0.5026425489763775	0.4202062024512651	0.4840991290850985	0.47152479302614503	0.760727948873355	0.5575977460148146	0.7307649226019959	0.6332930196559498	0.662325053451358	0.5228163951232997	0.560452106478832	0.3452425253703948	0.582040985668316	0.4477724395334287	0.5238912860807641	0.42265046690722013	0.5022977654623935	0.6285764041680107	0.5342707196365079	0.6061941500499393	0.6461426168898863	0.678354202106424	0.3869809919393973	0.6589152748438795
0.37413117841546256	0.6111165196142843	0.5218091882392676	0.5236412612871517	0.5728563966255535	0.6416694173705654	0.5488384303374181	0.6484270464718811	0.7225613862931957	0.5183614666224695	0.5518789007625762	0.5854799350780655	0.5672422629651476	0.6538881957902617	0.400146928691016	0.5731114847258592	0.5242205044620982	0.6350034592756869	0.4271831665819539	0.5195136048778446	0.5069126972352355	0.45149084665131445	0.41912637940523517	0.6805851446565653	0.6020404428839414	0.26034464258400825	0.4370391505339042	0.4762286538763698	0.4285444969757303	0.5484850965932984	0.3917219373573153	0.3796547560769971	0.4155243858334897	0.33467364463657046	0.4803883156584107	0.30147868748981765	0.37050734005609415	0.45732765099666317	0.3129005765243566	0.1978152155163795	0.279757619673064	0.21660984423985877	0.2471702251868903	0.13833288785546152	0.09155181937457393	0.12953050279325123	0.02461512543837948	0.04109578007259734	0.00906736154557681	0.008734862552783993	0.001952559878546338	0.014423072473826452	0.02496677807227873	0.06033697462576725	0.16702626035607163	0.1499809537288743	0.12203064255644482	0.24118985390187392	0.41777774864513184	0.27512044969112	0.29483415321470907	0.4414971912641604	0.43961504291956444	0.36418235835263185	0.23375737742162403	0.3488603188139931	0.3242666330323742	0.6122221681412828	0.5025011692648238	0.42987954493730196	0.3319170566043005	0.46522889145885593	0.661220384348846	0.4849424905502548	0.4308951588402226	0.5697797011620425	0.49403515108693935	0.4006234966122079	0.5870752145896467	0.4426059428960987	0.5793803237286959	0.4996099464197918	0.5044322992919652	0.438227717206339	0.4044705369947303	0.4834798870536285	0.45921425445452185	0.4726906179147115	0.5235334567749166	0.3728745501514242	0.5592804299459493	0.3332967243183204	0.41380613002999406	0.4637750066358924	0.5776367985981118	0.4829163386763367	0.6137271530688195	0.5620607860468103	0.574351476534535	0.6354711637828756
0.5443154225190168	0.6443526563061154	0.49103729702626425	0.4881154024774637	0.5973791656980041	0.5974081647696564	0.5907540921611768	0.545050483374873	0.380380580612722	0.41860907901390665	0.4408805671992805	0.4347780708767585	0.5217809989728728	0.4173426658896402	0.4883509195554462	0.4090434772897756	0.599372719289872	0.4216293007523369	0.5249350729233687	0.6244565110595407	0.4406030208651506	0.40086331131050107	0.437895634681994	0.5215446378786167	0.45532518484512347	0.6851110047157863	0.4894633895330017	0.4660383972845206	0.5726377035757519	0.4347965455376354	0.596421832982384	0.43036788081615296	0.6860398967591574	0.4361744675337691	0.5556894727596058	0.40020849231720873	0.40452462971506176	0.388681114826818	0.39073694475222126	0.35418447223606886	0.18909694970206495	0.20000329789092666	0.1290289977495422	0.1503432098683999	0.09750873984179093	0.07087069065574127	0.033915132584546794	0.013914279567977517	0.017373570482521458	0.006656324066233767	0.001892025024139942	0.005355189335909091	0.023058671083509	0.05009895186598991	0.04511713235273834	0.1598609396295937	0.15395878962473136	0.1750571143238333	0.20128430857347715	0.2785139976225526	0.21649625032757672	0.21532443314405184	0.515427911331698	0.333506941527809	0.3698284248084149	0.5045929049946677	0.5543155229402587	0.45084966812155824	0.35252900688451466	0.5570994860441741	0.6261932601542304	0.42428165653830285	0.47433639107974646	0.40051097232342636	0.5393187664258995	0.5370509447546383	0.5334517292069015	0.4094895965800505	0.4665749185427386	0.4181963828796872	0.4998202767158831	0.6298194195959994	0.6644227269685931	0.539201710694438	0.4354296856675949	0.4752725578830121	0.3637996795168005	0.6480059892544817	0.5229526809717578	0.48522467088080296	0.2792147794375245	0.5544368066902073	0.43898149595551	0.5033462457438551	0.5410443968372485	0.5891156360992356	0.5149691126046555	0.6663615582954728	0.4128082135417974	0.31688337836839114
0.6366934145296794	0.5375710651831411	0.6280451452749384	0.6440153386695665	0.7157189684758767	0.36496161424047596	0.5337137926650981	0.3324578988317837	0.3722324055543849	0.6905672292178131	0.5833542209275215	0.4108418250710346	0.583647773731065	0.5185322036144749	0.4872838576694622	0.3856601433690703	0.48568570735944944	0.5956536587362792	0.4677146327608998	0.6093868101267844	0.33420117032850205	0.4962007906431831	0.4554013661751323	0.3770476557589724	0.4253101223755933	0.5705194633846158	0.47317425798140816	0.5663058420782642	0.5219581620202016	0.3875333890473462	0.3424265149707568	0.5117617210209905	0.45356383413744045	0.4723740749116767	0.4631033785929244	0.42962169580862747	0.4384523279310838	0.42263017227410976	0.299386506226837	0.33439801163219773	0.23547764168629987	0.24635276000364598	0.16001669703958035	0.1144601781033397	0.09249814927542677	0.08089974386131982	0.0376120256648391	0.009870778215099274	0.008261876530909092	0.0004504536317567568	0.005678151689645924	0.009573049238951956	0.012052930279588103	0.025032456501178586	0.062109645786167504	0.12028118711985014	0.131952430278219	0.13344735947056063	0.2649442473302034	0.2137696832062288	0.39897205141182773	0.35614725764599336	0.46077255133559003	0.49631459873531547	0.48002346220547204	0.49400001826949447	0.4067367538597078	0.5786798288130333	0.4549014912793428	0.4731391390444564	0.4894040439426775	0.4855252359207356	0.48569400661173895	0.5715345709122254	0.4152950047443988	0.4763095339818797	0.5214854406730955	0.5577283856397668	0.6913422576249293	0.4920105220125488	0.5399293432970583	0.5670191649452949	0.5974353651908009	0.4377110879257659	0.44028523926373875	0.5034720794942993	0.5123727114040787	0.7270363072101258	0.47241470045999273	0.5327194199815088	0.31691170212827374	0.43524130858421783	0.45042792178493685	0.42616165661834854	0.6101887161180561	0.4504240327047296	0.5490251396100511	0.4358205860349805	0.5174901669675375	0.5922785929398287
0.5558027043517121	0.4917400530922178	0.5158569791924966	0.5913769639396722	0.8204135910109771	0.7362604119471337	0.8162362123639925	0.512602844491728	0.5753124554521004	0.6173519314033027	0.3409288903791474	0.5914541490410389	0.6913881938386488	0.3243709344658014	0.6532577692067915	0.4060546814970813	0.49534307793805316	0.4339102014545848	0.7153484010951879	0.404574806656481	0.5781147841124187	0.5189659106905345	0.7107796644332612	0.5557823095563924	0.39512328454440854	0.7775049456140007	0.45411488906768616	0.4442783422102814	0.5001661823150358	0.4192365351883828	0.43700012339013483	0.40665101612886617	0.39689512131187193	0.3222663275180277	0.2780214961352389	0.3827363017540437	0.42802809107509626	0.2828760837958313	0.2537430446517632	0.21429698268931174	0.24247397307238405	0.13956896401074553	0.1705012065028582	0.11715852075451463	0.09994500886105404	0.04123444466593996	0.044586869195710525	0.02073837578159652	0.007829455637801259	0.024722563453895167	0.010414665859334623	0.008539991027244615	0.008884220337335491	0.03834219949318066	0.06296385351797877	0.08535780544468695	0.1689108947652174	0.21585352076066888	0.1728757168542376	0.21812896254820197	0.32873783927353745	0.43002814620057644	0.34598565877755194	0.4675827601313615	0.48854443454822233	0.6258035896953941	0.3300271757768794	0.6041741951977271	0.5520095634735226	0.4606115308666589	0.4590075150227062	0.5122813811272877	0.4088239571473858	0.5808278067385568	0.4945603206267222	0.5009259469152385	0.43315403538365416	0.6032445126349145	0.5454095190173691	0.5387074267132296	0.7532883946894712	0.7372233316030078	0.6525745574865339	0.5614392708618889	0.47315832795150026	0.660108817163155	0.7919023839397129	0.6004354071519414	0.4871217372972698	0.6144163372271615	0.3509838379922384	0.5380625912940404	0.4244934420217322	0.6624901564379081	0.45261585518340786	0.7397425126164245	0.626546262986819	0.8245698914655126	0.4517850345409045	0.5788880124922542
0.7003352024470298	0.36507748140272733	0.6241676449822768	0.48547547490557125	0.5850592583948426	0.4534945639141693	0.6067755554934428	0.5471059982453151	0.5874321831496655	0.3739873737833955	0.40931535909359074	0.3979009068922718	0.5595459714951455	0.3941997842890169	0.46695083425736533	0.5067829748010796	0.34834694755599516	0.5178045867174097	0.47893351297185033	0.6418191523576918	0.6704546134772347	0.6386957861944642	0.7177534964332667	0.5751852373150647	0.6661620875835544	0.4258059294528351	0.6483338689639728	0.5506433200641879	0.38683858436999186	0.4549722084431794	0.4213914620586943	0.5216302091479164	0.3090248472718611	0.3860134625362594	0.37216030874379424	0.4150186906494949	0.41905728424967215	0.29819162272495137	0.39223108967676523	0.240737499173505	0.20551017188205506	0.25178052607234774	0.2572563701069061	0.1995092993462483	0.15104278007864994	0.10717960100729282	0.06796030168803308	0.031725231156774135	0.03465752832205097	0.04180916899530718	0.018687515461725458	0.029314208928904222	0.02942836075383502	0.05958270604378874	0.05833529113923258	0.09765664853264497	0.14793887415947482	0.24402437819387127	0.15774374547792328	0.19325949829432604	0.26160280021470383	0.3251718974780541	0.48548350786351674	0.4135473041700725	0.3993444154738647	0.47431505937621143	0.36572208671583717	0.4554747836060133	0.37477440822443236	0.5209148852201699	0.5633736091249012	0.5057598475650374	0.59430319408134	0.4736450236333281	0.4375859488583325	0.6718127717291835	0.49536768507267337	0.4314648513292337	0.5785627906544066	0.5588968787178632	0.6885931527464365	0.77819337050146	0.5500593181700101	0.3987311121293545	0.47382192967369163	0.4659356381430505	0.5410414832627767	0.5951252781778263	0.45263313218279044	0.3413022769594233	0.4432323789346815	0.4779708643934046	0.4043157980583445	0.46212645218779425	0.5429635571729649	0.6625407400991306	0.5463814501895888	0.5410906035367659	0.5317282464812971	0.5019806349300022
0.6855322774650143	0.6383709416744213	0.5767125729312734	0.6602108616059836	0.4187966137196587	0.3515869931595463	0.6295155244133273	0.4533927466687911	0.5259740224968972	0.6315169893151715	0.46381707370184166	0.6486998768717283	0.43672634239022773	0.5607829516698284	0.4771060865422131	0.5039458750247262	0.7276183140956515	0.4022127586838122	0.3977642771599658	0.4305266943316487	0.6443987793094892	0.635358203475754	0.48878038892405407	0.5082733414825256	0.5446793283899469	0.584846336853777	0.5344697539189783	0.5449541711212612	0.4959509413704043	0.5534434999123191	0.4388491517818321	0.5120581862363763	0.48650625588875	0.3776323253869593	0.28687795338838934	0.3159806233365575	0.27760003058209937	0.35542367406298897	0.4237660036658251	0.290216555538154	0.3203580554721581	0.16589810770561458	0.1259134063292422	0.142727642880509	0.1959237404256845	0.1214539446542894	0.08967364294056036	0.07482008619891957	0.040283134907535094	0.0260010890564903	0.010154384025745287	0.03547094187654166	0.053730114424659026	0.06474389518637422	0.08706671841053891	0.07503237312114382	0.15959643593449263	0.14528768982246743	0.23497207612001372	0.2486557229614832	0.26928733320568243	0.3133284999715256	0.2922112332710102	0.2708294430120829	0.42974099888035866	0.47727345277461886	0.31392294415763583	0.3999683078184363	0.509222999527433	0.47078155511033903	0.44447230192234216	0.38645450498579353	0.42923970200421685	0.5060798081878277	0.5327959604564412	0.4407472863426535	0.5673592100214525	0.4787918053076145	0.6023130142652187	0.7919065102807422	0.5615799364846711	0.5803635719126701	0.6507860737378266	0.5488589443444187	0.6194564114117366	0.7924672997501211	0.6801327308662433	0.4875548764626957	0.42978083823457464	0.39304208566228177	0.5743630190346651	0.520468820669485	0.44799502955089593	0.47827499069649204	0.5597569437828793	0.4401925912398758	0.5513264653620784	0.46960631219670346	0.6254128823228736	0.6393207820011786
0.5864163505016254	0.5777586047977785	0.5053440446690284	0.610172106216507	0.3841006441949745	0.5180049153948751	0.5003810078948497	0.3715886030306933	0.4555779783214642	0.4274496911731317	0.4747993375495194	0.4797737405644749	0.5446497189637856	0.4793471617957403	0.3907548929002622	0.5060200775881178	0.4984821238551716	0.3816428980465802	0.5553596213898434	0.44792983088859184	0.6259561677599514	0.4922451020592867	0.47485214553451255	0.4812267317660543	0.5779618860941097	0.567982559893325	0.3965015306005463	0.48845716040386156	0.6365345347666438	0.4891480986588426	0.47118509251473445	0.46864119657324566	0.35031824184704524	0.37418395828460005	0.41646717215526313	0.36769015441371383	0.2739917952584204	0.21990704246288695	0.39312567402224935	0.30064269311007064	0.27967086714026185	0.15232539763474864	0.2214084263073319	0.21452447670980826	0.13471484837374897	0.12265661873447356	0.09895344512701475	0.1011605935196155	0.021988167935228665	0.0654997997521266	0.04455345413994245	0.05330725502066155	0.053476005795582315	0.09206249025441415	0.11792263227688596	0.1554816661815188	0.21626717064882406	0.192820677476312	0.28224571958354383	0.2409019878693858	0.2914844244565944	0.34442205740206067	0.30986757593794934	0.35361916664492904	0.44700818857478514	0.41534213326002156	0.41118348057416426	0.4186451953803393	0.41461814659811713	0.4768063586688247	0.36164946127554026	0.36036722028343066	0.6298245516937592	0.5220052253940329	0.6552543901204538	0.5272475493000852	0.7520469891247211	0.7709612593699978	0.5063825202207487	0.5818821603258953	0.45923144660745663	0.6224031912160733	0.5139632510154126	0.5384746032884682	0.4182383399988416	0.4449781324556379	0.5714454148781033	0.4726118444573194	0.5365322745923563	0.4813461361463719	0.4333503840138302	0.5556326587781023	0.5175986732205076	0.5249589703583626	0.6420743567913324	0.6449843360382951	0.5345915723506655	0.6757793768306397	0.6637655680414583	0.9062157407408743
0.653436643424722	0.6070891143606194	0.4541021011822991	0.4935743171659006	0.8139951598423808	0.47084715475002586	0.564364260874718	0.38343939892120066	0.48797989781562134	0.6319838440323599	0.4095333425682555	0.4724576615892567	0.687015685429251	0.47634040153948304	0.5411177713576151	0.6738997757890233	0.6794981828965405	0.7108109799788376	0.4731559228927629	0.6266944426963642	0.44194989060295964	0.3753500370177604	0.6397616210849464	0.49151497794585997	0.35760924321420384	0.5962974965042576	0.4468193221768925	0.3967034998674186	0.45642535352915325	0.44254727744104466	0.6340095414877006	0.4718859063821105	0.5248621104450595	0.3080658277405362	0.4196932569944143	0.4108414693223211	0.33146262661483533	0.34400054632376864	0.3100005124955459	0.3068611577909945	0.20308207020059996	0.2569485062450681	0.21724441597537605	0.24914328438693809	0.12317148116444565	0.21371163675462762	0.12045636821705409	0.10909105328154671	0.08759510577483963	0.09480350519259052	0.08166049945723106	0.053427540668571145	0.11904139947341165	0.11702139142949156	0.15135561997021685	0.1677190620437911	0.30537888535246355	0.2784770522791726	0.19202773250237212	0.27418347329355397	0.32545862819742466	0.3189212231740465	0.3638255324305484	0.36919794656567373	0.3615539701788685	0.3874710934575746	0.48318741460657116	0.38139115966921394	0.45580729238431245	0.3783293987733635	0.628147836168842	0.5137926453977343	0.5525267517851036	0.6279156257807224	0.6030756107798566	0.6296158437351969	0.5708619803540002	0.5701131079844532	0.4241112174582798	0.45289783583089477	0.5482727197190227	0.5071848238698752	0.6300689290447539	0.4657567522961567	0.61744171705745	0.4321776936467902	0.418815959176105	0.4901482951440121	0.6665427854583998	0.43907327936790386	0.49460708286217275	0.40462345259502996	0.5887220177934662	0.5889877051999198	0.5878205633742932	0.5527457345666325	0.5082236187578171	0.5371470464562234	0.4326956288475368	0.4957497840389825
0.5493657772037845	0.5730657037080344	0.3711697145367141	0.44449539710602703	0.5976903890422801	0.5467054901977352	0.5422071793856016	0.4169528905165394	0.5062877669591066	0.5585767057396532	0.541310463993555	0.4908233049202814	0.5543902216457302	0.4647896721615506	0.7256948535346823	0.46616485483456777	0.4745609884168673	0.5039619536804966	0.5737383363233302	0.6480383056572422	0.4412171328183204	0.751570205034016	0.48369401627750475	0.6690469806243164	0.5156979822238115	0.513041456645603	0.39558987396157924	0.43211479297716177	0.46841986788488155	0.4773650527593184	0.46764847374102303	0.4142302843217068	0.591640447321196	0.5209517568817608	0.4487519720490858	0.3557019210832945	0.46304109390255216	0.3752587964732533	0.43968215851836306	0.3745691293640047	0.2689625555167425	0.2044125591825514	0.2856679069851944	0.21160047999399675	0.21367418901725088	0.17364682607254864	0.18340379925222125	0.09861030349436756	0.1286329888766386	0.1343311071201154	0.10016519140471312	0.10163246883257383	0.13766338546393392	0.1329110272147519	0.3039250083777449	0.2098131839412929	0.2773626997961623	0.31883204993947484	0.2516207793862909	0.3499595209719527	0.31122427355262827	0.2971773563450715	0.3707093675016177	0.5400971228537441	0.4798877602846525	0.46734435992211504	0.3439176436470173	0.3895373640717279	0.45655676281152163	0.5498522795889675	0.5565998014687968	0.44720996099512	0.348256792332413	0.318030674045444	0.5223281195908887	0.601313722211144	0.5437314921607298	0.4960228165342185	0.5359141827842058	0.46653801827920155	0.5921308743287681	0.4488959393183463	0.4010104153101657	0.4187938372092541	0.44092026418750696	0.40768522988241884	0.40288823897623727	0.4723497947274801	0.6150238836271812	0.6026801727152008	0.6271869648982876	0.597392259283035	0.6022578954385521	0.5640536777079422	0.5902821971450659	0.625849523860118	0.4931371876495609	0.5301996464585005	0.6872485426288153	0.5394358987658298
0.6921486285039042	0.4281005279227884	0.5010373707011408	0.6334980197161358	0.5091506248169781	0.4376118349403173	0.4218467681028805	0.612829748843259	0.5321735492943275	0.5836327433927898	0.28667809943303857	0.4459304771895806	0.38624691789056287	0.4561028245593336	0.5867217841044189	0.6388550479959683	0.6249723160983868	0.49029360501819186	0.6335341849782704	0.602306650794309	0.6872288798859009	0.4206968654274484	0.5759682546062093	0.5562864779439922	0.6319414386181142	0.5624159134187066	0.4263468489796169	0.4962446095520012	0.4127096401934716	0.4354616484837579	0.559628650008787	0.5901982386862252	0.3127887724647817	0.2898261810010139	0.4565033548827026	0.3093838643116766	0.4007740231660048	0.3327733584023297	0.40196202393687414	0.3226490484224158	0.34969316197447853	0.3092194262762551	0.2671901015027663	0.29803967584518276	0.22086429520859327	0.19313591711726008	0.20199161533689045	0.15183313929778267	0.12087763494749777	0.11226532635195759	0.21352900339040684	0.1303521235384517	0.1888233256773624	0.13321659079304696	0.23864899826858751	0.1364541203983179	0.23941955624848843	0.22490405989961473	0.3167467375224634	0.3198738322608424	0.27010352690360806	0.40548834207196616	0.408530969623434	0.40445437773167003	0.48348095518264567	0.33172382729724464	0.4041890686859005	0.42835979878339236	0.5869547210157683	0.3662324008026207	0.5437439019765944	0.39958576269523427	0.58034808582109	0.4495869283010507	0.5324543387229095	0.6296998813881098	0.5851188650430001	0.39465619042264627	0.46088401043062166	0.5675910083150173	0.5957803023197173	0.4664370682743084	0.33914404211603816	0.5156674603609648	0.3816444411645588	0.46558698654916136	0.46308842584394133	0.508506280357425	0.35917374177800426	0.4617909692641624	0.5385454367297352	0.4930355915167914	0.42603043400621515	0.6159627802123491	0.6635459749484108	0.5319965629545863	0.4727505347607627	0.6876152688822633	0.5038787597331071	0.4766426691147517
0.3343985724369752	0.6522921968549252	0.6981711964350549	0.5630967070794152	0.49345324258098044	0.5683597324796599	0.4195532540014654	0.5596804398891506	0.5723729281704635	0.5624457206044988	0.4821850862912121	0.5190616504697287	0.520245587349358	0.6348794175057179	0.4566587272374699	0.6576535808746895	0.5348567896488423	0.6799572523542937	0.6637817765746911	0.46324333268752554	0.5269451358529433	0.5064812278194849	0.4607530784415941	0.521418437543314	0.4604702413160169	0.5069057803609363	0.6612379113513993	0.6118460238849186	0.4215304532631119	0.45629452535833503	0.6391416573955728	0.3812768806008036	0.31784662797067426	0.45631114020547164	0.4120591363520597	0.3672220777517331	0.4620159134184737	0.38515088374771617	0.4207280704382718	0.46318496183247265	0.3744494690701095	0.289417943060647	0.22337538744081498	0.4420397155424501	0.23840569774589812	0.25615084179145053	0.2168405660199982	0.17956455158732787	0.18205490045113312	0.16718397434168206	0.11560741874730997	0.1765859287124651	0.19499279247042095	0.24085375816001206	0.2965847143967798	0.2778696818275789	0.24987870552608255	0.31356194095467615	0.2589066093909198	0.20223063411058362	0.3787294620633478	0.31897097152237625	0.43749441851695575	0.2840369190196104	0.36403808396182347	0.5181995917095953	0.3504170828287158	0.30654500037952676	0.4661238584410612	0.4054032962532855	0.6256043454430582	0.6150707361305233	0.6035948938991956	0.5073992671979054	0.5232566478467936	0.4461162090257536	0.4165951040019596	0.40770502946130927	0.4768282873352072	0.34241633079432254	0.40295476824583065	0.36181563839508685	0.4467152083522143	0.35511892557860725	0.43240813365594855	0.5111510361265496	0.5415610703504053	0.5252562863468369	0.5254242947349109	0.5048877809703024	0.3396057972943304	0.2821922446214568	0.426680959387555	0.42901892753675547	0.8665002338988108	0.5055704337153881	0.6437720614925616	0.5875227665952397	0.4535831564496624	0.7073003740045146
0.7596968848472325	0.5725594743779343	0.44531974154804094	0.6519056139376002	0.4935167274501779	0.6762817285464919	0.5358240713511297	0.7045028507748731	0.5189885110627527	0.5981388535241835	0.5807211838884402	0.6192417082852246	0.7979577176141688	0.6119473218474376	0.476556132676853	0.7575925457441082	0.8413388139676964	0.6451683480411555	0.7049223471484477	0.548358050475546	0.6689445944074371	0.826573816221015	0.5881189648766818	0.5921504833030872	0.5151754266193977	0.5738948572169803	0.5727639025660067	0.42421761073001996	0.3897042052704182	0.403709953133832	0.7889520798358015	0.5237020341037923	0.4764131879630878	0.4555805176125462	0.5638905543890516	0.41103370489554947	0.41034551869460817	0.32796551052584905	0.3934423041619131	0.4028289046193934	0.3972586592473757	0.32325586339720874	0.3809158544667729	0.29208598186601303	0.2723886123923661	0.3267089618112099	0.21527044381612537	0.1379816726291801	0.17350908323802264	0.23178108255098956	0.17264051452565057	0.17609693018313344	0.1765629333738614	0.18145064109583417	0.20031457594050037	0.26692491265837526	0.39908336046251697	0.3188922319759381	0.3021244563195485	0.3496731338240263	0.28057702726389727	0.2573418180232728	0.4048333457206223	0.45477180742145484	0.43775864901710904	0.4167880695890391	0.5221801604297603	0.5313149986249304	0.3819777265459273	0.5703358453474784	0.44133734902025273	0.5648664025915979	0.5958582639468227	0.45534521646244963	0.6276143433529793	0.49969837368408576	0.5253956247867044	0.4360574470724766	0.533717138668171	0.49428045083403044	0.509909654987467	0.4227376148580754	0.4631759172935449	0.4742419562830364	0.509021995135006	0.5669965506875151	0.4081943157913955	0.5754108889651921	0.4790283404343041	0.5264216836751836	0.6658596072148019	0.6006398676754829	0.46140735660059906	0.358226543537792	0.5642005787757113	0.5721088472570673	0.5030855405800034	0.7415508916096982	0.549814548769108	0.5195618492196827
0.4380566248925214	0.4949820293872219	0.6482288501742017	0.7895997362321561	0.4474189444018057	0.7081942712017399	0.7600361668469406	0.8933955136769872	0.5994495371289839	0.5713421813100535	0.364320156684336	0.4783938340484602	0.5115135180902273	0.4253443144293026	0.6316568159326669	0.7163123140936994	0.686883251572027	0.49880853883908877	0.720370961216069	0.6834525771604673	0.525702508049656	0.5532255233686603	0.4296674579864976	0.564525902976939	0.6007448957405594	0.5458700866972932	0.45664729647494184	0.39009781709706837	0.5681196027276073	0.4808886211117359	0.48176067329450095	0.547975994146091	0.39686790703499836	0.37193691078251423	0.5414314440765223	0.39503055987187374	0.49873400652215866	0.4766304844433546	0.46737151095248225	0.24866941455219996	0.40895003209506114	0.26454792069924915	0.3769017155454077	0.30770396896306396	0.3648786474166257	0.36025896949547437	0.34168362236881117	0.3578191469193505	0.28503056508649754	0.2195142351695452	0.24450909506016003	0.3385356457735495	0.23676648197579137	0.25131152315744004	0.33178036463638855	0.23869002924115978	0.27290072069783416	0.3424691529966868	0.343554210216544	0.3745025835928541	0.4108617648189514	0.36138049620533347	0.4888744605000906	0.39281163239354694	0.5736952452868899	0.4123342166023027	0.5105586123891018	0.5104866797543517	0.5153748442713434	0.45285831123348486	0.49641504200780673	0.5146720364367038	0.5266073171736042	0.5091736934366281	0.4498753103461374	0.40164831563579406	0.5574094304576374	0.5305169276646277	0.49266472368393593	0.5155497930905333	0.486173331412204	0.40694440680815186	0.3487889730670316	0.4491526653286468	0.590495376108074	0.5383338522941247	0.5477092788486135	0.5417954166017547	0.6827227659176845	0.744980753636898	0.5640904476781275	0.7016832350645518	0.7605754181613421	0.5739133725619429	0.6769771492041756	0.5813271385870274	0.5175370144135032	0.6953807404479568	0.43281012726752605	0.4527705352393283
0.6270918181413537	0.5805186839976886	0.5081991941753977	0.421612506713725	0.592733279499262	0.671427237464262	0.6721558135352681	0.6133254247444209	0.4679095395668715	0.5820476028406968	0.553278020672993	0.46014431576227455	0.373493095704665	0.5771900230008951	0.42990803822910195	0.6285088879142013	0.6313602348965287	0.6337756145906992	0.7794583855646536	0.5899103572237926	0.804221521090634	0.47673546301058445	0.4082727410629623	0.4538283945682388	0.5105926575763161	0.45068164718686665	0.48553280727456344	0.47099131047845566	0.47773125005435396	0.42998658357506375	0.4974515932486928	0.4644999395270785	0.6109122587794428	0.3662103840804293	0.4814867270384013	0.4194529850156187	0.409903027183429	0.3522713950029816	0.34040257305061256	0.2723397721947903	0.3803420990640161	0.3954505071430036	0.4202602122601331	0.3706902129178481	0.42571898376125283	0.2866886544428474	0.3845924349663379	0.48580067953116773	0.3547876175784237	0.2903585704722916	0.3349620260877405	0.29816358975325263	0.35645597306186466	0.5314329596267712	0.4366582241104487	0.3279222591701715	0.31012742297816304	0.28358801810435535	0.37559016564226283	0.42023630180710864	0.5183595174998192	0.3083615033706541	0.5183471090287028	0.3651148121701943	0.4459872621100096	0.5218045539935485	0.4718067831654196	0.3986525870735981	0.6002364833043904	0.5430057206199249	0.6422657116881312	0.6287306311087558	0.4106641241666116	0.5029789691175292	0.49251096491534874	0.3642490545622914	0.4861461182835621	0.35839638466313883	0.5328845754015922	0.47047024301160806	0.5513612199236022	0.4590001489743775	0.5128233327700401	0.4514033951086708	0.6367763761472393	0.6659174609681935	0.508774904669272	0.5386371425242322	0.6033898213532428	0.5548279873906413	0.4564416865685593	0.5133157175518416	0.5016602128975978	0.717232891624964	0.5696514335624676	0.4627493055780311	0.5926543275652503	0.5695682801541883	0.5185857405817683	0.5597074845454979
0.4922118072785819	0.45362810361458145	0.5073375886440438	0.5451990845044833	0.45161165368809525	0.7513816358091038	0.5118118686692069	0.6551459622006811	0.3722398212075747	0.5632280303733244	0.3412359277269618	0.40860718957231806	0.376415706903551	0.5252248321682523	0.5004365765110237	0.863186084874056	0.5247009176140954	0.4406432314369701	0.5143027917990592	0.5395722181719566	0.39563604365141475	0.27154801785616933	0.63421133680951	0.3357219438011043	0.5159834387049552	0.5935529005211779	0.5089932391924941	0.5374865749658423	0.4292566614979206	0.5106061459232255	0.5554879261350909	0.4744312237470015	0.4881913797025974	0.46870892596086705	0.5225954373574516	0.47219588938433854	0.35702077162324664	0.5137006637781879	0.5135544258041064	0.4352130582621957	0.43542085291583343	0.3860628980380173	0.31373715456933676	0.4367384866031131	0.1969213330397804	0.31936032854421337	0.28627564929357635	0.33210961419208346	0.3605260487417917	0.3290232511657551	0.3224156771577777	0.38475738914187135	0.3456381229048566	0.22427315744993528	0.2717891586869747	0.31313328132582513	0.39126044667901294	0.4265428718215105	0.3763404731787699	0.40253160546659966	0.4114494830143558	0.4763534838176724	0.37779857255510246	0.4258312934299787	0.4401612732549808	0.5226242190130873	0.5732277163997777	0.4089705545415018	0.4782887468239649	0.6181025403239955	0.3927384610835934	0.38551250571279677	0.4659328203653222	0.3694181751117632	0.5592581071922743	0.4245595526739688	0.48153230990157	0.5032592979140376	0.4163042458389032	0.61174332683947	0.4334340631806202	0.5248888008318928	0.554414441958129	0.5693560181137561	0.543560443184238	0.6602890698220817	0.6544007185372607	0.5306233919827932	0.5776553908354499	0.5470483943147681	0.47932359079575393	0.5322082931823565	0.6508169336157347	0.45935133653666355	0.6346387100340071	0.7680987292283774	0.49612962245917647	0.5106450518140833	0.6477772114619683	0.6777613930371963
0.6896172663394496	0.8360788506232026	0.7032950339723052	0.7163216974686215	0.688051205600188	0.530592913025006	0.7285986613850435	0.5219577303337277	0.5509878755452958	0.6174966982269217	0.7279772251955873	0.5894678880516806	0.609250205357897	0.5251975379530383	0.447082942832963	0.6347569715329086	0.3786366788326808	0.5129037462829877	0.5506498056851605	0.5088989917033067	0.41299489712438214	0.5488379178325553	0.6704115870726278	0.302224116920545	0.5463259790019489	0.49491647744273226	0.5198433085984412	0.37851419674860665	0.45885973490753695	0.5870335383250255	0.48352419919502215	0.5374061254153747	0.6255526316202374	0.5402606252718701	0.6659388159935236	0.44713182495026266	0.3833758147071264	0.3378852508013727	0.4161378176121791	0.48888872961016056	0.48004159067378144	0.40585099466591384	0.45788224588594906	0.3536179862719733	0.37076157482445	0.30520959574063833	0.46656886746727705	0.4662205853229315	0.39793738701259895	0.4143463599288187	0.3791833814993443	0.29829436203051357	0.2319616837643126	0.37599864247157033	0.354995098762833	0.3145930859069775	0.34336921951090255	0.3759158402327567	0.41925888214247103	0.2964320940683413	0.44046023561031306	0.5219468269427171	0.2921227203598193	0.47038298901809233	0.46311855007937314	0.3794718104204714	0.6115077056266769	0.5437922825170355	0.54229647246639	0.5047510529741722	0.514623240538937	0.6313798064710511	0.5211161007916681	0.41213355001772606	0.4083955744544527	0.4454597168610529	0.5044764089792634	0.5582410207210861	0.49878934605403025	0.44724372802961115	0.45145594741957423	0.5186962916925443	0.3824514128935021	0.48932093555978673	0.4539955393241271	0.6190317408535397	0.6084767125406052	0.6543067575336619	0.4879190160043756	0.54117950689329	0.5745008441188337	0.7211546743548297	0.5489107051751068	0.6285443305845368	0.5457043988056809	0.6624076093429045	0.6474262546281678	0.46522789064397735	0.4895231103574497	0.5137262864546778
0.46263547013831285	0.572782617439406	0.5500459526345538	0.7739363493248296	0.6892030314752858	0.5901194845729311	0.6112851276218976	0.5180337647401534	0.5963944532661068	0.5415771945034507	0.6188889429811489	0.6150537933981711	0.3866780932618603	0.6551256966621588	0.3417232731955312	0.5221419873435537	0.4412189217875061	0.4983390555605908	0.7955422667896944	0.4710528401686528	0.6118307066573136	0.6620993466284755	0.7637384879290516	0.5285951715114153	0.4736300807301749	0.4986927162262599	0.48334643662133225	0.541228804691564	0.442973786518632	0.44578963554198436	0.4933374310568722	0.6045523330070842	0.48781902795181753	0.4367934696684716	0.5122565333231064	0.42496821235036897	0.5174629354799364	0.28646602110223873	0.34140956341256196	0.39151258674506545	0.3165490845188209	0.39872175311586905	0.37997755054490434	0.5017429318956101	0.4314649400511075	0.40788639033413376	0.39753078387515683	0.3658003194664337	0.24087390863734306	0.41768920713996094	0.309654473754421	0.3529390192421271	0.3987534230848343	0.33201158170273737	0.33052223902000155	0.3538020979017166	0.4166521782699949	0.43271698469229525	0.38188031789216953	0.33202731160454274	0.38707871891169876	0.4337013420160067	0.5742942226691418	0.4878124278091758	0.6320115395697132	0.5529879233408609	0.3600248235000274	0.3811244857877939	0.4191149933196214	0.34734734846742926	0.40799039587797853	0.4654690778692446	0.45744212489265285	0.4888980154439377	0.4692406496294724	0.43660866538171467	0.5138873406439177	0.4326960025234192	0.5305107172580118	0.48091719372699226	0.5143430981498176	0.4933222815243529	0.56422811464585	0.5180509382811157	0.3713260746730068	0.47744165223168994	0.7118751622777819	0.46721863200064184	0.6581117080302202	0.5288357519291448	0.5142193926593575	0.6364637271163021	0.607723575297702	0.6181449736581085	0.50225510127849	0.44830021106137996	0.4863897732018534	0.481180327017609	0.495506201764564	0.5309602469703864
0.3956864003594203	0.5401318652807507	0.4883016672065872	0.6049629434489465	0.6391573651018879	0.7027934918796053	0.5300355790785531	0.5669231025085627	0.6894817469243429	0.49468625720949316	0.7126229661960519	0.579341066472423	0.6408751070173855	0.5659540863943856	0.3764960763994638	0.5453059910036092	0.5181823960653356	0.6032370465312389	0.5619261920584034	0.46020042616331225	0.5883231971535101	0.5450728482524806	0.3097239415373275	0.5969930951008251	0.3399571161676576	0.7521522022972583	0.6857688097341572	0.5689572586016729	0.5381976499811673	0.5616304285934592	0.39984494580906177	0.5268952989605761	0.4485189485976532	0.49567056726833647	0.3844021138678241	0.4622119577040167	0.4790614834300574	0.45168331737943473	0.4136805051321743	0.3480499863688794	0.3833420346560492	0.34994663264246284	0.6274185743767203	0.4992629796219147	0.3161310809491243	0.4089701168012862	0.42632462847286673	0.3707906675193643	0.48666850361337793	0.5914168270363643	0.36971694427472607	0.326840839811099	0.31859978095925934	0.43394078413855847	0.3275320222507883	0.365463957156473	0.4305996922995653	0.4135201609594128	0.44803531939507446	0.48215210358258687	0.4824219975788968	0.4930824295674651	0.3778294631093774	0.5178510614972129	0.41742170503548814	0.48997078457478765	0.6340672386760701	0.5681710250003174	0.4914037334970924	0.45202300542845997	0.6612522211628054	0.5233638196031389	0.6490985031791859	0.46011696363991333	0.3559885746391538	0.38686306734978443	0.7337362649641124	0.5348206440092136	0.4420977102259752	0.6101469592565361	0.6829774114891297	0.5762273655158049	0.7993539304398769	0.4615704581566023	0.5362507596889048	0.5216893500102407	0.5757520129471352	0.5448060600402069	0.6750872854504322	0.7794719458261176	0.6629390127280069	0.6686537822501961	0.5866632236650052	0.6655605589609452	0.5522803345388495	0.4435206413136595	0.5134253998620674	0.5978181703923108	0.4728908022887936	0.5807896719236608
0.5141856488921901	0.6988240352339473	0.4453445027965626	0.4080088486351717	0.566615845249353	0.6905730718380146	0.5345673978402832	0.45273581662667217	0.7280567277991024	0.4813423746238149	0.5481191457169567	0.4643142285609923	0.52728361985025	0.48368035472365883	0.515468644057015	0.34075428886820813	0.5455765710312533	0.5138443837519725	0.5411028614015484	0.5321253921257448	0.5390680763411381	0.44169003555402564	0.5210249540174335	0.4667876957221633	0.500746706575956	0.4880053445447022	0.5158684939683912	0.5762786522303832	0.6547598270351244	0.3811552797379081	0.4544183902232669	0.4617552958482863	0.5642855437195735	0.7319557056025405	0.40872255743981833	0.3669822925792903	0.6235306618678145	0.44255354238695305	0.408942482353485	0.5076382202250279	0.5247422456818912	0.3486601052325253	0.4905493449537174	0.5390853147897925	0.48238931909986016	0.5282446399816743	0.5717237562650698	0.5354027293190327	0.4964527349921451	0.35008789619729835	0.4683458360433293	0.5197346299281917	0.39633999928595043	0.41733472733560184	0.5280193394078995	0.3731547393962094	0.506637034635961	0.5111340145030756	0.34552736044546933	0.4827303817134889	0.44377003569308276	0.25365026396617724	0.4037055230730289	0.6166284022133276	0.5088804483101507	0.5161523358798815	0.45602999125734534	0.49093603875944763	0.5049477125295694	0.5786134963597513	0.45337970955653856	0.5604763705196347	0.41137494284947224	0.5275210497144928	0.5064952504839872	0.38213070371578284	0.5847344489367099	0.6756323918840103	0.49757146287719994	0.47660662541608	0.6272999231080946	0.4845475555492772	0.5153589426474552	0.5035061034187818	0.35202552974169565	0.4578689838845441	0.5222314612041425	0.5121905029036026	0.4571147888837296	0.6078966869086713	0.5142964871422561	0.6227301468121503	0.47659847753114204	0.45338052662439415	0.5834530928747799	0.7341725130311657	0.48076450380441005	0.395047030551526	0.4325481566546377	0.3629780697184093
0.5017696504013252	0.4534729919304839	0.7650151627238696	0.5489341848557456	0.7499263456719419	0.5945497785131942	0.4910310237595189	0.7760268316634207	0.3558237109071489	0.7389838760525858	0.6538633563035171	0.5543495785692684	0.34626433873145934	0.44731640907776077	0.5122031844700621	0.4006207041636003	0.6640074534507907	0.4885015292353019	0.490155105085859	0.5318646342132629	0.5491232440406402	0.7623449066448951	0.5999820980787622	0.519148378755451	0.49633220254666155	0.46684793512758593	0.5388284291522663	0.6596694715240733	0.5528286047011157	0.539521950742647	0.5000451163798881	0.5864455915000044	0.41726048649831154	0.6233899682739122	0.5443211667454411	0.43625731230200293	0.3716229669240203	0.5817615820446294	0.5279959892703828	0.6084126858371498	0.5739436035959082	0.5621822017086398	0.6929309395525654	0.537047139412775	0.497676575720129	0.6955485465640426	0.5946949825693931	0.38193252115443405	0.5228924356511762	0.4124765021392925	0.3011202050861152	0.5412004856604263	0.3951526263199377	0.4478376188695338	0.4728164117124644	0.517438740179402	0.5445695824762868	0.525314590250258	0.44755914021868853	0.3955474484219408	0.4177819526475356	0.3089290856170751	0.5805309661349887	0.42236289146162853	0.35462243660918535	0.4496801677119477	0.5860179956622885	0.4863329933169058	0.439056528810848	0.536625050344986	0.5349436382220353	0.4718388971916556	0.5439801582852422	0.5174626577815831	0.5005925452870204	0.5742365367559217	0.4969637160999613	0.7000168519944537	0.5176836351621955	0.555922111378373	0.5779429621265768	0.5647360053334387	0.5947583696395848	0.665649444218592	0.599962706479452	0.6381516355833895	0.4985893492941916	0.37984355097289735	0.5464929960468741	0.48343319088212455	0.7277886693527224	0.5639290728537765	0.4891301174546725	0.5395515600096353	0.4262268378367161	0.5074581149275943	0.45055958879601454	0.5032090235963615	0.5668230986038698	0.6120273218710154
0.43413533640716057	0.6820021365554082	0.5014518589615217	0.5330558994028674	0.6567949482082374	0.5465149088909766	0.3518102019803785	0.5049289801281013	0.5258156598374288	0.6331685709700221	0.6260621848177556	0.503182284025587	0.7418017241801397	0.5353589908100684	0.5816873912357988	0.4324115306142814	0.386527952123019	0.5552765193465751	0.6151849240201797	0.48256633205699895	0.6328376196485871	0.5280174132497394	0.442773975162608	0.4168327139119929	0.5471290514155157	0.4275351127272441	0.688822727953529	0.6746285566310185	0.5363601734278056	0.5231766029841736	0.560682596929801	0.4421381420006283	0.4834181119829647	0.4808608643354146	0.37892430179463377	0.5710484794452376	0.7372110602210534	0.4878151659115827	0.4022748045000159	0.3279672220945923	0.6195854879117159	0.6512308389747891	0.4585579927965398	0.4792136773713176	0.643397264669065	0.5309232263286642	0.4885704942061655	0.443442103025202	0.6415495332524033	0.5361720475988632	0.49285590333009893	0.5025046716686705	0.49232111440283177	0.500311554630998	0.5128619894542445	0.5877432314747781	0.4058044570222192	0.4844035462945567	0.6014045767297587	0.6307213084192167	0.4467778239691314	0.4006798269222796	0.6919117982058511	0.5656962620530677	0.48415322184725496	0.3464384436333949	0.5227218919248204	0.3686230989332424	0.491030593320407	0.33302664098745544	0.4990811146491027	0.656878634837438	0.48542919599514817	0.5473978818517139	0.5180192228894537	0.4937769583506401	0.5668783762372521	0.38208676913052386	0.42743259770390296	0.6261101922626913	0.5827056964057571	0.5209959943388526	0.5913112365302157	0.6144549580577671	0.5040562312519341	0.577397297545234	0.4354900031539618	0.5726088048545452	0.6043573408212412	0.44383031876857376	0.649312158951924	0.6332000382179402	0.45081443985749864	0.5112400723364677	0.48409490094968033	0.4964171612691801	0.5972755909743681	0.43629783037518954	0.4254045665560177	0.5529943639545033
0.585886421928352	0.5115511080640237	0.6198203357124102	0.585482505089139	0.7331539152937734	0.5017673659803779	0.5268846890463793	0.6491314842140624	0.5331240142404222	0.6140237821533389	0.5084032540701747	0.5045388837839158	0.6944511576944882	0.4778724426772625	0.5623758721225056	0.6007273302091941	0.6604923406048613	0.5996851548615146	0.4150963897763786	0.668877424369868	0.5468638506250615	0.3716573669169872	0.5587956239807941	0.37838013585521174	0.5092922006144173	0.5346740059294731	0.5240952878149462	0.5363969193655073	0.5352688629094203	0.5555690403919887	0.5454013775025981	0.4787102047179601	0.6615299082135693	0.5691486323954822	0.6980423454952246	0.4626741299963269	0.6515801160391071	0.5272201949489973	0.6116470328066456	0.41143753983769993	0.6827923259909139	0.663732420224927	0.440833854567938	0.40979023713793056	0.5815175952043465	0.4749857223094522	0.5739619834744901	0.39164436364245436	0.31781576307249937	0.4573370602416804	0.48392052737771923	0.4499285723741459	0.4578042602143543	0.5084640277478253	0.5429853999057369	0.5097133314061655	0.5368552453432444	0.5714735009216206	0.47146594655297713	0.4860506956831813	0.39197847577559125	0.569305479911716	0.4510562463050292	0.5271842099490054	0.3692857417026844	0.4885883361126915	0.605579544094883	0.4351944407706696	0.48857500905694745	0.5308910606088809	0.7232895993709106	0.4080553129157447	0.5844277013069814	0.42508334245594115	0.6407840168790349	0.5551599821804497	0.5439874087225504	0.5269679497024004	0.5366903431832559	0.4886967328870397	0.42881606217283613	0.3829450958198904	0.6736582718243915	0.5060077674350967	0.4623140650750512	0.5253946939379851	0.5108003257989612	0.5960186628574576	0.6159655778250851	0.5918439679452351	0.44532777161119885	0.6065434164424629	0.5877417436022246	0.4366572930703284	0.4354686456812971	0.6115445552095109	0.5165763438088582	0.43636772589896666	0.4367151661155579	0.6314875499581958
0.48994326667046406	0.4409814536267119	0.5449801125277026	0.6477908840374674	0.6013977809149978	0.7448464363892618	0.3904704519178106	0.5261489830851098	0.6059565455864643	0.589706003941852	0.7906389344686522	0.5719591519303164	0.4680800890551527	0.5537544216953352	0.439366188745462	0.5203765932098332	0.3662196539455659	0.6257383163415188	0.75170172503773	0.5709319150349211	0.5586774222745612	0.6008013210953714	0.51915013425874	0.632709458392686	0.4317980578933784	0.49173386599315927	0.5677077622736891	0.5232670364659101	0.4340369879966879	0.48370464462293367	0.4932924192429022	0.5409212937197443	0.47416688068368396	0.7325253551876104	0.48874100631636025	0.3869588998157891	0.359892175823117	0.40766623803125324	0.45425182516523815	0.48488284459656106	0.4628647158450183	0.5053819609182088	0.491523658572867	0.6556154009722125	0.4447018581952599	0.5165199877776295	0.5024840815606645	0.4780809158783202	0.5192056710456893	0.48433295256482467	0.3924415433839486	0.45423275753161524	0.43986579375008206	0.5599046472715871	0.5680836136403506	0.5213243338329197	0.6623971224900498	0.5419097910775117	0.506916321149442	0.5496982332179602	0.421973003043247	0.5262113685052242	0.43526440094938884	0.548710946768078	0.5168869179621489	0.5588571480371627	0.6092262443655264	0.5701548648349407	0.5980051444868318	0.5140046421656418	0.6007427166956338	0.5442154877370202	0.48165758135719466	0.5348071011737068	0.7391940209242013	0.6673355027256711	0.5987851705629235	0.5935869848029554	0.5786874375929336	0.48549678576130617	0.5429307870774022	0.4810649895594743	0.48039666539146936	0.4441838624094439	0.5171737592754448	0.5171772243456577	0.5076043893095481	0.4109872939622768	0.647508396806714	0.574153133291592	0.4992988642079341	0.7129026222407859	0.5347838483254037	0.46373675701186634	0.7080958449795679	0.41766008139676536	0.6182697063542568	0.6185962340370713	0.48999400122948894	0.5562788470046051
0.5738861254534684	0.40609179969588777	0.48480564268916465	0.500995498257126	0.4673028435707401	0.46875876684927476	0.5887567289400355	0.4817750512387647	0.6449577222300444	0.5744404473381262	0.6345751071589494	0.5285722437982118	0.49526598497556673	0.5889169004152289	0.6527167220240626	0.7086991653432403	0.5279034876049695	0.503235809781897	0.5663208719081144	0.5816306673328473	0.6452541344637034	0.5483556739105877	0.5377722464614162	0.4408469369133352	0.6036068376443444	0.4280591105448941	0.5665358777866948	0.4101066463920254	0.6524853714721287	0.5189769751142024	0.5217014398370631	0.4645176988820913	0.5693599480888882	0.340348927848243	0.48775682937790565	0.5447627985538267	0.35413539676947087	0.47218716144650075	0.583002099285243	0.33914933150876825	0.5628221393514109	0.4373821044287007	0.5246369007931464	0.6891303312116588	0.5809558037481053	0.31781888652564744	0.5127165707248352	0.5363544537782154	0.43583152264642366	0.43166300307428007	0.5326119840286707	0.367497002066927	0.5759980744618667	0.4703542187002207	0.38797507985007385	0.44001364621611544	0.51874633735774	0.5869918837593321	0.47481196110398444	0.47636718928366656	0.455599552369096	0.5538719073638977	0.7028084997276616	0.4783951825181658	0.5904999678842884	0.5070416452194324	0.6048419236523663	0.5330508222732661	0.46239427050373455	0.6340269497779836	0.4940579464754406	0.6579599636551958	0.44786744522593674	0.43429562875172983	0.3601935888473959	0.4228800517521701	0.5094567509151033	0.5255363173634883	0.3127578785700931	0.46638872570854034	0.5629581473447391	0.4838212785609496	0.5935323767541276	0.4968927016538208	0.4853066147348165	0.5775915864191001	0.5254748153199112	0.6155517505952304	0.7756143212908859	0.43634447269817406	0.6062145225634074	0.46461728766907023	0.4909010426091076	0.4403619629469839	0.5885922221518147	0.5412423343363533	0.45207847319505856	0.5578970356791659	0.4418859013467048	0.5293198330736214
0.5649479584825934	0.5955143350027546	0.46170571103100017	0.49010366906426406	0.5278083629509491	0.4809863784680774	0.679474715692017	0.6278957413705517	0.5244717438612538	0.56786288649518	0.5798836543082647	0.5658056584322446	0.5939948538208464	0.4784659215683296	0.5259968543410574	0.4551956149036985	0.4660981232961956	0.40490673919373715	0.588922157280738	0.5333214141233438	0.3681800633482723	0.5819437850913534	0.7026080568789853	0.4921681853049858	0.561138483065077	0.4927324361272096	0.455884222301504	0.5815314436762139	0.5235278623736315	0.3984896727828849	0.43432956174579984	0.9841286420359006	0.7422822526675922	0.5091025929856429	0.44533729346672335	0.47891952823956563	0.6199273641932732	0.5375955666533796	0.5800322211222502	0.604317059955865	0.5667783501425916	0.4966476231196515	0.5971445846538481	0.5075052933906111	0.4776161606205318	0.5172583645847291	0.4927989623042442	0.4007487142822578	0.6521174413516292	0.5519889585618809	0.524527890258514	0.550116473802326	0.4691257941350843	0.3241642533743104	0.5383831648298406	0.5172286816212704	0.5737986862146364	0.5441317091923129	0.49346338754599367	0.5636849753706592	0.48941747490519344	0.5381726988906539	0.4090982654517574	0.756762279729737	0.5826243228701324	0.6297969567275626	0.5442099288416923	0.6820525567019017	0.43943538120456	0.30079003556872874	0.6190241757159739	0.5871142010440117	0.47724878519635433	0.43227811981067876	0.4262379485392247	0.557324218100742	0.4292217073187059	0.5763640702868109	0.4407408483477154	0.6366393280023563	0.3628645319294979	0.6772665118443365	0.41278056440256167	0.5555097826582891	0.6467331185940807	0.5166323486838093	0.4714152547726315	0.4486291921086696	0.6070994566423631	0.46766446434016773	0.7286026478211168	0.4736009614895646	0.5568618295910153	0.6975298720389467	0.5923394142666271	0.6425536552695141	0.41445792768425105	0.48588112216911833	0.4129579724738229	0.6570992836559855
0.36249138850248985	0.5594429437482903	0.5322567272944029	0.45022448505846363	0.5215767145003637	0.6041263013839797	0.5824002488087713	0.5356584249423914	0.4212912963547313	0.4272917088670149	0.4402233809350517	0.5808087452273653	0.45080760789807833	0.6696821751941826	0.5623689209213358	0.6624107066113698	0.5547660632303019	0.5266594456066038	0.549625270724858	0.4251313011141329	0.375455655155477	0.6146491709910189	0.5528565321505718	0.6098706582527197	0.9889160919541045	0.48338704017214257	0.6249260118282155	0.5335845974172727	0.6423362567367138	0.5971724215541367	0.6026841267068713	0.4552191181391491	0.5916448895961913	0.36198033655105943	0.46375880198040315	0.45948900924509073	0.6373561460303151	0.5128815476831271	0.5560760146577113	0.40651102410230094	0.5061786103806268	0.5115411438841221	0.47418018666273487	0.49379679637319707	0.5509410321465225	0.5252587192809857	0.6666045560929222	0.6377678405138545	0.33314456150107513	0.6347846160500151	0.5415686957035107	0.5074600130272311	0.3869781952738475	0.5696405282417067	0.5137181406999182	0.3600996469954353	0.47489935519179993	0.4796733525282387	0.5890730102284231	0.578788904447727	0.7927206465618667	0.43532917846433816	0.487198413142689	0.5391932894054629	0.4488643342555952	0.39384985219630353	0.49770133896526214	0.4557129107974781	0.40972598454615566	0.5357236695218112	0.5155272222800129	0.5766101718195439	0.6911564359410298	0.5878836942944005	0.45731498592123626	0.4519801166631359	0.4882237435489463	0.3759139891460413	0.49949376968805087	0.5771461404631565	0.41310428082900097	0.3255845564621123	0.40885015133896996	0.44941697399573216	0.47016999161406353	0.5921029692261967	0.6138468620076236	0.5020204815151571	0.4214346627150307	0.5244391108772263	0.6013212326242448	0.47612685219920264	0.6647518955579426	0.362477313336961	0.49091128237043474	0.5131849542130076	0.5720656306631661	0.4543934930151754	0.4467832031756952	0.5114224765706489
0.6546947710060175	0.7255914338998148	0.46427284412119574	0.496122464620517	0.5774038258986729	0.5262062186703574	0.6056050143848568	0.464537616026337	0.47091591930923915	0.6568464649965373	0.41944644256044733	0.5658681313619273	0.6494630973452182	0.46231321721348395	0.4684522153686941	0.564687255176848	0.6895343926358249	0.46708284305580006	0.43714065263485496	0.43458579207805786	0.41705758346582467	0.4969161920989207	0.5314873570494024	0.5863728533223379	0.5028941811390992	0.5117089063117768	0.6792336188806344	0.7379920669469997	0.5409003531967029	0.410635289375011	0.5977876611094052	0.6028003028467074	0.5155824434438883	0.5293649783894129	0.41620979883848125	0.47350097211008496	0.676547128026929	0.4568567147936917	0.8231786865246903	0.5732811877225052	0.6321375955529247	0.3319044409958181	0.38928509579824994	0.47416793613833674	0.6202085140979614	0.479241917928962	0.4446265968042806	0.38084109246678743	0.35810467913386385	0.5335361280366523	0.503805463448773	0.35958867176433473	0.5156692189404823	0.8237739465100832	0.4593554480729911	0.44992557517301085	0.5443070150602762	0.5222128087872261	0.5727504134066647	0.5118680538452207	0.4398133324384074	0.4978352698769136	0.4354496103706364	0.6755235949986772	0.4961937018548355	0.5272109295937156	0.5868227468960069	0.6234126211778693	0.5055218668303839	0.47024860923664585	0.5339043492202186	0.6117570379424218	0.48829124429040693	0.3813670829084283	0.5780087962803179	0.5124841298940105	0.4715287610568002	0.4684303354517722	0.4680867816988964	0.4369167083712184	0.483783059482281	0.5458733626076728	0.5004296823715735	0.3294075201276826	0.716620564580984	0.5274057926161297	0.32606670440118135	0.4541366579303284	0.4325303719485785	0.5731571176153981	0.4387646767692347	0.5276327429329967	0.672456786395299	0.4179084067478577	0.41894818510205967	0.5926772407654944	0.547353824608182	0.4686102585859884	0.586560490942729	0.5110417397129507
