0.617724497292553	0.4936972172804426	0.675944319221833	0.7233885197020767	0.6727501718628264	0.7802235647197213	0.5445289805860973	0.9719735824268003	0.41322465075390497	0.4736993185204937	0.18697790295409633	0.8053667406892011	0.03803168386683725	1.0853089461718683	0.536671448272414	0.814451720780889	0.4125347176797199	0.5579175586173757	0.7071148696411781	0.5113113071157459	0.40659052900419557	0.06550309353087491	0.9192832007732785	0.38445096527884826	1.0733370761237746	0.6199770294048617	0.6204484154594605	1.2097547993128264	0.8140568626388963	0.45855609533213615	0.8878645568161144	0.4667537132786428	0.3406704566759855	0.4140887937104455	0.6970630955307333	0.6711190485118416	0.33150613914847704	0.35722620897686413	0.5089755892290964	1.5539738893495043	0.6747512815064489	0.18608584253059857	0.6463637895093542	-0.0423051672728737	0.5201135239031679	0.6010578778447638	0.5094754829866218	0.1223941151390665	0.38119923588745797	0.7447827167797836	0.8528931825662348	0.9210874479724354	1.0191940890298048	0.3860282132793372	0.22036072028231335	0.33547085553662165	0.10161207192268323	0.6418637068763184	-0.11615948870288356	0.3136719440706284	0.23875468126563254	0.6908649109576961	-0.03471568958309895	0.2396167229821221	0.06659272468200161	0.3969266482513044	0.13751326919898732	0.49745679681022603	0.44640190625386256	0.19651584262781396	-0.29036965437170426	0.5224330818233708	0.7926270875257446	-0.0029816193575177286	0.5037951825634573	0.20254083252436295	0.1992327724008438	0.5021736321455008	0.552174765398562	1.0578980933295001	0.5470634024534374	0.5176804198591488	0.6795417060735975	0.03129679981001343	0.9089304257615084	0.855426423961636	0.9515947314842976	0.29531777610197063	0.9781241953694947	0.015708502592177487	0.6524307917078096	0.38896016115525145	0.4742933528319523	0.6862065312040396	1.0348720410082062	0.5941514045532886	0.6529790362071576	0.7381186235419435	0.3384214895889319	0.28464232672407924
0.7083360136990295	0.5853623729430276	0.7287228446318386	1.0226631849688423	0.3376090263050812	0.7363327319870396	0.9613606022351195	0.9078883190218472	0.8230835996339148	0.6239497730021901	0.9700591055355801	0.9738058179212306	1.2276705275043018	0.33728161894088055	0.6262242966123233	0.6718345381091062	0.5673631048356296	0.379305617241001	0.49838877940590326	0.5245866334467975	0.15186852320182875	1.0771987164798047	0.3552826577561868	0.36972782622342026	0.7466440974319875	0.1480033886488596	0.12219763044562126	1.455005773202176	0.4566157549951323	0.1688676496525941	0.488337241389846	1.3745879319659302	0.6912285935301805	0.11475923788731635	0.1220658814445088	0.7608143881475063	0.01153603980829132	0.18517259333019476	0.4550309519742352	0.6064466683609911	1.050916567020947	0.9277232932111753	0.6915294055559954	1.112082017801517	1.132249735088209	0.2966429405694875	0.17639340685590327	1.1044519568752769	0.17595347968407793	0.4336769492716488	1.1193692668991502	0.2800083466310025	0.12022750749599681	0.12958880551516488	0.5832261145391091	0.463257006795352	0.8912299392681906	0.5820633552345599	1.0080653856462944	0.8912889850857787	0.35464782772331405	0.19703451699949037	0.38928346047710516	0.2612865769230235	0.7201212441896476	0.6020382472908168	1.2485679236609628	0.2922924320638399	0.5879604916873943	0.8739063802425105	-0.059647624959898726	0.4574073600342199	0.9007697440875715	0.08616247738007454	0.21110456481554785	0.4398498842443104	0.43390137504149007	0.8231208428291885	0.12412249548990273	0.8007355465099001	0.435650566418212	0.6888187558936797	0.8286271819634998	0.4563544998895912	0.27284731081548386	0.37892827730257994	0.4398182600954653	0.2108971961708268	0.7875937162784303	-0.009793893765858264	0.1694857767019281	0.6666545091944875	0.19131831911906239	0.5304555455099708	0.3713437812043868	0.37250790985638516	0.3113113779440623	0.5478121216413837	0.7229224929900799	0.3856413823465282
0.3178635652196858	0.7818899244636837	0.3566114816867139	0.6618052985135776	0.14527673178705397	0.5252233522347722	0.5342506086374437	1.0209436109386696	1.3321406622586456	0.7058664219617778	0.16706073458685566	0.2702814536748091	0.3960316366479597	1.1082246507539049	1.0003019577779906	0.7902183706431904	0.8848042596982713	0.746276944272003	0.24475076209879576	0.43469572988579974	0.5287284636782672	0.26361584943288746	0.4269494188606085	0.4891463757428294	1.0968372768040042	0.30506144287001896	0.03044702250257275	0.447144416159411	0.3366462222814772	0.0478988724409799	0.5465908831457771	0.33506054571134547	0.46431709142824595	0.585927332925029	0.20023536943910925	0.7876761937696081	0.4187850777236612	1.072533442770026	0.2621988581364376	0.48575224949343865	0.6389718117188921	0.16164053240673226	0.8607515412102753	0.44325126970172946	0.5905303027146689	0.5545332066756381	0.7855062571956709	0.14387293816687985	0.1664609520714505	0.470540926962118	0.6567085025921774	0.6583174691792664	0.9274266836654624	0.061956312816731085	0.8073171858660011	0.4045969743809813	0.6441263910473009	0.23004058462525567	0.1577360895269918	0.1857367505912776	0.5925125609158239	0.2587332327849	-0.004879959891729846	0.8421458327257376	0.40528440485465617	0.24539659413013803	0.6215399825845669	0.09032110503283797	0.42482121127531247	0.901071028302162	0.5059909353643005	0.4649653316223433	0.36071915044906533	-0.1060325907470443	0.638048871538266	0.1258518202182901	0.5719576585547413	-0.12976408754379898	0.1575968563337875	0.12684707472109613	0.7369563836450472	0.4790129032526862	0.8296256945688569	0.6554599368655831	0.616350509894438	0.5337384032519918	0.19193304640921272	0.8995132691989872	0.3544817867067749	0.1563705181994054	0.4246486304442324	0.8927312968109204	0.5107044653781468	0.7900335726219394	0.7828388114175246	0.9535300430108422	0.3012805565161357	1.2831170181001068	1.4853671184402215	0.5361991414497028
0.2643085920302868	0.5689178183212023	0.9488915299055205	0.4144735942315197	0.48866641946195477	0.6893061366486539	0.4805847683011343	1.068333983287295	0.5611423385287987	0.26247918966850964	0.9879776668597084	0.48595248808764935	0.3314775842266729	0.4902502308864233	0.711663539110424	0.7096637988142506	1.1280550919309884	0.5955552453923403	1.2184442838076746	0.8335023616382728	0.4156149286647752	0.0033923680405971157	0.7517547993128264	0.6348956143384288	0.1875895137983281	0.2717842986121817	0.6647268346269917	0.8070332893086739	0.6083416091360195	0.8689003598356229	0.1597360895269918	0.37620787694204993	0.8770182862047271	1.478238013696252	1.0801248328243416	0.3171782359860621	0.5142324890875785	0.146924169260233	1.011254598632597	0.7193905973326888	0.5399726380492493	0.42274958162685694	0.469611458077275	1.3352790927309317	0.8433364622783666	0.25908969086911904	0.5162827049750642	0.6500942711002414	0.5188199835844962	-0.05606740217012407	0.21940573098294425	0.9589299771821718	0.41667893246450605	0.6549011153376636	0.5480394277627557	0.7611261077340356	0.33174428200224704	0.534325519997889	0.3913794897861401	0.17815407241987025	0.5572900947294012	1.329734177162451	0.43470267106079985	0.5118169851857715	0.6811202762026578	0.5257040640176875	0.19876270847481636	0.2135990047927161	0.13271386193477963	0.5695993589342977	0.21140830441177083	0.07763046367548965	0.6423816618545075	1.0128802570929003	0.38471237454013685	0.17118522437993977	0.47004320527295995	0.562347676761785	0.4328480663175247	-0.014599958891800657	-0.14720892547888964	0.17554161163584248	0.4709582487907108	0.6014859419679995	1.171374036005783	0.44687789614902285	0.616988267497719	0.2626514399674468	0.29648185753509126	0.46192485393395755	0.4307277081762264	0.4671447703009926	0.7137289830859204	0.6717810169001917	0.551333345832448	0.5866384783855588	0.6415581257438709	0.102143991189513	0.11786590255412466	0.6676694650795568
0.6158050152003122	0.3335858071164403	0.09608952560304757	0.5108103745429143	1.0166987755034018	0.2747790100978959	0.8576400366085181	1.2250303853477045	0.5255575591173403	0.8382849950906256	0.3431182221814844	0.9523437339855092	0.12708789655177205	0.4870842370887618	0.7365582674005036	0.1969447441917308	1.5039169919908448	0.8318609917908593	0.4424752941111116	0.3282265631184458	0.45847581351876465	0.4665587631987178	0.31706392186109034	0.346202187067305	0.9068659733824409	0.9676454431699977	0.6920353669392862	0.7653982467908522	0.4498171504518431	0.31140006471763804	0.6993172566943174	0.20740452690156674	0.11468797487955718	0.8546049543712877	0.13982513044214928	0.47226401879866853	0.1822332918084969	0.9093157220807971	0.44125814004841324	0.45592202080130434	0.4650887228821292	0.5637541146391021	0.9463616174409868	0.8871128156200045	0.38716860333504155	0.34822861713961933	0.5982856089360337	0.7135088542339362	0.24034404090821349	0.18921082812189693	0.8827125161967695	0.8834599604750218	-0.14223809424610195	0.8272082546930702	0.4951526794629826	0.2152964692778706	0.08741486783575048	0.8471666326412991	0.6328821222385635	0.24023862754166025	0.5490441024316334	0.7617341299435736	0.5972341181388541	0.23829063774649295	0.2880979069538131	1.0951501532530332	1.0058162296837307	1.2818451151376777	0.05448721687769342	0.7956537536924467	0.22676717065874497	0.17471133572483066	0.5297152312822287	0.8907439986889818	0.7123270310019707	0.7429890702186374	0.08135072237938701	-0.08920795749189991	0.14209502660228246	0.6059567377866291	1.072234637546507	0.11187456721815536	0.37456995407269766	0.16342592816342183	1.0370919573752415	0.5516223892474283	0.624123534305209	-0.0011039606916731781	0.6847262916098997	0.4157535007936938	0.8165860668202668	0.13528171337863565	0.5641149168600558	1.1650297242834189	0.49522394247074164	-0.06888876621239326	0.8426684970925671	0.48806014435088624	0.23561452730431592	0.2047552242827244
0.4980041913697779	0.4361696893692253	0.3507536188408876	0.394255424962954	0.401755365939357	0.2772793996536357	0.9938632819064204	0.24689334783230632	0.8054766634585606	0.015478599432540208	0.20181306601893478	0.7637321231412774	0.017781819621110195	0.4723637422904766	1.0261434245629824	0.38175052600440806	0.4800837412905475	0.8390302909099494	0.6529470343072921	0.31883656852084086	0.2970032706016657	0.40994951329836354	0.74659005681542	0.17911850549474967	0.22056171437856487	1.0667301399484204	0.10392683712681461	0.8081470131976762	0.24817582782330694	0.5945662946096872	0.26173233562622644	0.557573707973463	0.7731049425665681	0.640969274398619	0.3364681057313996	0.08146208532451182	1.2697387337841348	0.05090210693409214	0.9903715334052725	1.308261114837699	0.5197044889875855	0.45939718436610744	1.1337541382485408	0.414365182466242	0.8384226700608706	1.1142561096366785	0.33364933872739566	0.25462269617013245	0.6236203352262547	0.3923459296633155	0.19937760103103808	0.30845752870282805	0.554653517598059	0.7717664859850206	0.18587723508473708	0.7968589974876779	0.2451685686152787	-0.13477694218881708	0.4683828187170076	0.14426791435606645	1.1287647861054286	0.6607633223202245	0.33856589324922814	0.006623097530591537	0.903789421860396	0.7106478985516304	0.30792648298523306	0.032596738286593596	-0.16062426411462521	0.7411822259812152	0.9034041019316688	0.07232042035911346	0.39996020837412904	0.40768955671195517	-0.021340414776175654	-0.048592451090269995	0.3208782739000432	0.8732620119963725	0.7428949060552655	0.6685927482914404	1.0636207838055918	0.6713732568943033	0.8662325126970173	0.6212830591166458	0.403003978884829	0.6589500563154553	0.29164591535877327	1.0404223159192891	0.8017252291851549	0.627973818521188	0.3462517891093825	0.1441986456514886	0.805891270201694	0.6055280598179852	0.2326379117590282	0.4273868670413623	0.28408303300738413	0.5628642971122879	0.4523116376478889	0.38700530101340047
0.42861634523110165	0.539309819721103	0.6162561804649948	0.9922553541346377	0.33386842876407363	1.0152809814860335	0.48475380771639787	0.38956041585943213	0.6011452424897681	0.46678271677978367	0.8773673781440481	1.3433433798439278	0.39525422088157647	0.5648098787447	0.205501818621181	0.699722702975206	0.9313049089578378	0.9476941952722794	0.41361287464360164	0.28150077980587485	0.8222509391695867	0.6275867987128689	0.9690902574956495	0.16378474719151842	0.5960062217815127	0.6323386343467338	0.6046212087754895	0.19406609392945784	0.859147249292064	0.25164711944015083	1.0402324654781396	-0.045428086343883956	-0.12853357053875347	0.8323584898847443	0.36255039434706715	0.43440872938166886	0.02543633992592198	0.6919889757808823	0.26195907512106786	0.39115570147114576	0.46801030621442097	0.37025922608259687	0.7679227526939064	0.826201549612458	0.2550130212998801	0.5848169143574552	0.5813180358057971	0.572846366437933	0.4050362640979597	0.21201151029579846	0.28054482251951607	-0.11634508944505317	0.7732952651964929	0.1507950409068246	0.5169892354847088	0.373023787203962	0.09713597647944383	0.3589420179959475	0.6636861805622102	0.8228220376056696	0.8221542376859418	0.03212457312051509	1.215039002792858	-0.016323971496463363	0.3012604065545357	0.4817576796643571	0.6006730773236895	0.4085938107161854	0.30487395337274725	0.43478833582621235	0.08248653220396884	0.034235416657986795	0.6962070742211315	0.520823666656945	0.28815591395609474	0.35882553180260834	0.5852663325236684	0.4897342007718898	0.6286221295436017	0.8154529484717054	0.2423976093360053	0.6725354967911995	0.20753299419068932	0.191251529405556	0.47708581892115975	0.11150602110128316	0.24350658772781375	0.7893931471520768	1.0620011457521759	0.5259163309265593	0.8633081906698276	0.8405303971524241	0.27319557642444775	0.6061667145799394	0.35147215405575444	0.3686374631796915	0.9624729567766728	0.4461993303252131	0.19123026980033353	0.9828954254629187
0.6810617734021618	0.7244506111372667	0.40376164605007137	0.9788657608974919	0.9953931943709542	0.4688112008732715	0.5230909893882516	0.9185890180001139	0.2088949060552655	0.43734031061688683	0.481563910056371	0.8086496220406612	0.717895071321337	0.6438375601172694	1.0168354352677795	0.5890840482132516	0.40586422628397156	0.6114193647394421	0.46902915765688813	0.9731395526150232	0.614945570522088	0.7081412052757374	0.6152820203013397	0.5697565700207347	0.5674770176001421	0.6999779501729739	0.3655927482914404	0.4480626233419577	0.18261837564283645	0.6739253969510494	0.1950698006113456	0.09590593166317396	0.01529646927787065	0.3721597386851765	0.12446732661992	0.7803537207781115	0.3914392674963302	0.12129986903705425	0.2590464869849497	-0.001508297328939201	0.550931629842886	0.9967887371866714	0.4550926656584048	0.9048156158383227	0.2777627556936939	0.20251511073521178	-0.11901338516299537	0.6737890913282532	0.7809795320053718	0.278067227182519	0.19473512154000205	-0.014763544526707029	0.050239288605946064	-0.10153519959002899	0.4710446218392864	0.49715615005048264	0.12923959552865005	0.7866264972897753	-0.22287353812438282	0.09582076269597573	0.5351529627762477	0.2907626376465	0.7709825540135351	0.10034264795132575	0.7760638274233352	0.18439742046049512	0.9401467771032885	0.17667772838312845	0.11509292536223126	0.8555614074558608	0.6660903991522822	0.14389606291776558	0.5594528304245117	0.6646489137574977	0.7349012569942961	0.1413503446283666	0.6735179910867424	0.8379595000909656	0.6002085143968969	0.09990222498128609	0.27779173558539605	0.21023170997609886	1.0204505166995115	1.1555826198422054	1.0982208968531397	0.7823370761237747	0.4358072108781183	0.7178624555760633	0.6505009686813852	0.6450840954321292	0.8045561425510136	0.5884159177613808	0.6083042715029907	0.5747771685616713	0.4614722721029482	0.29683394787313677	0.7593617118787419	0.4531159556753619	0.3780618914493557	0.1674517443903279
1.206867744090349	0.9905638392280548	0.7336756035336386	0.8236159674800814	0.3766988463317182	0.5501981498532742	1.098393973482434	0.9996454903888752	0.17273165095250198	0.029286435266390853	0.5902040994318458	0.7351523725402783	0.1970348239221944	0.7653663629381808	0.12834019256969298	0.9092269172600274	1.1717247333869407	0.5612255715220171	0.4161696185409089	0.4762243674406396	0.6910844023548333	0.5576136301456425	0.6198651942709612	1.0496693942512405	0.5992274130582418	0.48717441125698036	0.06828513674725822	0.6910058912493697	0.17214611603900282	0.6914530429094604	0.7359849149574127	0.6804022840048831	0.0554859419679995	0.609377412155528	0.1886583103141306	0.22118536603657246	0.5568258623347514	0.4872430661161501	0.7220774028506313	0.5879089772807761	-0.29800982013774013	0.7031528683384927	-0.051598046527259855	0.22526149258871941	0.53064867766311	0.6139291744612534	0.9423456935689277	0.861483250491979	0.2838432499920145	0.6045400061940057	0.3004872168776934	0.7282912988107786	0.765542721279465	0.37004440935433747	0.1934879959891731	0.5185450822233426	0.18696259292744544	0.415657413155457	0.11149038054248939	0.08515445017089063	0.3641508615361968	0.6915132691989873	0.6349007375866431	0.3994810312047341	0.13209410583417014	0.6131481464507375	1.5771734196605518	0.42381202720362865	0.3491446522537987	0.5321716017337661	0.721504132346181	0.3495634614770342	0.6754266128371462	0.4959571627565269	0.9589855524122596	0.6838758657372881	1.094960940266731	0.7885139538727117	0.21059794236797114	0.5718479954892085	0.3024834393674892	0.4227839680800388	0.14322571317864985	0.2644993868489871	0.38141579971418693	1.2002477518953518	0.7806376756646404	0.550665026505067	0.8660252620994902	0.5944114083585746	0.6321366250446149	0.6261117768046986	0.9039437762047411	0.6786954937914119	0.18430667966574588	1.7535880264036852	0.2995594242630036	0.96664636393811	0.30231463604661335	0.8285065641183749
0.5052052090754682	0.4450131629565127	0.009484289307285176	0.2426445932302017	0.8265907650985832	1.0176749660787916	0.7600324865877555	0.4800613956511414	0.38070401679881005	0.5499549906881596	0.688926270500284	0.27417925119192943	0.41189544907235737	0.1895055253030688	0.6387578685398673	0.26255992006121787	0.405918479385488	0.3948079427707204	0.8690005082973289	1.2627505968327244	0.4486369909909159	0.5668031736640877	0.3387502426911427	0.9428086510538838	0.5632527098774948	1.5851707045750925	0.2858392127779838	0.3645061627579158	0.28117164895264357	0.9648415737218614	0.36170562224064684	1.0442910154975134	1.3603466615559174	0.35779107452111036	0.3726279610749794	0.4154896250404485	0.525990581222719	0.1345482931070161	-0.23258890967445356	0.45157689524769784	0.005378474580272741	0.16567935743440398	0.7659014694792452	0.7797899884869267	0.4991478631374723	0.3029257747020697	0.8570373029132659	0.4363716514524666	-0.13373770469036222	0.6925932913085324	0.634648772100865	0.7568975739218473	0.6802054923887335	0.4772875685194522	0.4094590633163485	0.3334592758012974	1.3038211640564348	0.5975986270416958	0.7296268514313569	0.3066834182578735	0.7628445249017083	-0.2398760643343319	0.5709539754822922	0.4226186353466629	0.23475963924777554	0.11686821627912464	0.3565610297048403	0.08955864515152401	0.3116715427101691	0.6360041677603392	0.5067856443501919	0.1969796028336882	0.3610945544135068	0.2650154058531965	0.40404209562933735	-0.1504009952072839	0.09468226139537339	1.7204306972700545	0.7068186850653635	1.1062621064341276	0.6033421049342338	1.1857542326862958	0.772085275904068	0.6430268911507657	0.3797745479139672	0.37954981522142184	0.7510228775461739	0.7324690848287136	0.3875247544965565	0.5319688369296063	0.4674161302463298	0.2640853231229455	0.4102793524347581	1.3910586097373658	0.1073089933907459	0.8865330650190055	0.6906992240827385	0.7883102683004397	0.17850864174898728	0.6726206893678365
0.7417585768230305	0.5802043355262335	0.48823248908757844	0.2973969010528421	1.5730641343460392	0.42820535073210086	0.32925877750326016	0.6567573019133366	0.791926601032427	0.622063969079968	0.06850918476607903	0.45659572308072627	0.12750696547883417	1.0178689481717267	0.6287320995318386	0.8126746591560875	0.8648640610179001	0.679366339328742	1.0806423975523956	0.6498329326672694	0.548721333627757	0.5897227974129611	1.2976699372683325	0.4622813120181765	0.2329786348466984	0.456589324922818	0.6267842513933042	0.3192004163593968	0.7822546694609132	0.20906226920037607	0.28370375709498363	0.2606201935696222	0.9055102944097017	0.5134833685391729	0.213791735585396	0.1195727872053508	0.5250714060531824	0.25007449888966193	0.5674658628347159	0.24099176169465775	0.25309960683340493	0.5446547452888755	0.3564848795432546	0.7797054569745754	0.8257010656189631	0.2989789417694024	0.32631416385783785	0.8403176108358992	0.9391496338453803	0.5835651377471873	0.4657010656189631	1.0539534324652005	0.25442807662235034	0.3037317217808183	0.904344820019693	0.2556228378267651	0.31987440195208394	0.39345566355716466	0.5655703082142792	0.01965394256795705	0.2699060497103678	0.5329316770617637	0.41331458882773575	0.5924785758231015	0.32803664184898007	0.7729798625375146	0.4472820439107785	1.161028827124745	1.0971980318060806	0.7692018329257234	0.24256400449412618	1.1382896225406256	0.47951038884745667	0.42743154720985055	0.7483455755217339	0.9255976354452672	0.8834287849055136	0.25773353970760404	0.3848162532931695	0.35775838794752035	0.9690078508327883	0.809614409257122	0.39700050829732897	0.9703044131596235	0.4747752089782529	0.1942731431523601	1.457024530206888	0.8608591030357571	0.39249884383189526	0.5435283903501279	0.682140284507625	0.7657811585568245	0.29278174879279384	0.7359780210012902	0.24917396267764363	0.7248978572351126	0.42492138334645735	0.8473967357867708	0.7770641343460394	0.5980918865469251
0.7050399943892864	0.5097344840851551	0.8941212205802089	0.01756705011172821	0.4970947668984558	0.19581608802709816	-0.028768502508850102	0.7130603332263963	0.2928952601968472	0.18703513084489848	0.18625934412979073	0.594759686466653	0.26278642346167147	0.3908160408082205	0.36195477820321065	1.0801762055743274	0.9832304822852826	0.6037586948702245	0.9444807242820299	0.6501426926703802	1.1694469280648176	0.5735332066756382	0.4852012899086315	0.3164784341664688	0.9137572310850204	0.010259202473158147	0.9606743050145059	0.5192275783243132	0.6259482619981085	0.6091720739225415	0.5875620449107077	0.6558688773434104	0.32487251319698196	0.3112891503518501	0.32048171587845864	0.21307072137945793	0.19079296327621242	0.13143256241571777	-0.14662287115773742	0.5088216126357716	0.27837708162338504	0.12151364695000766	0.6721758750421845	0.7907019627776366	1.0017278970517367	0.5852274602771192	0.13439649969238293	0.7096207838055916	0.3076497636972937	0.016758671260785674	0.23362026439793848	0.09900799248942094	0.8009821290436372	0.26684145567466744	-0.05366077541729686	0.6514805590159586	0.8568977864067963	0.7232880643176663	1.0129566433488737	0.4215136941688852	0.07381828370490418	0.22218064414881722	0.13914972828313554	0.1624789535741218	0.2244747747034585	0.7005871764638893	0.9198930645190411	0.816752107836806	0.9003638839471092	0.5651997552951111	0.6387309662787773	1.4221538599349213	0.4195957702996038	0.41845875639364427	1.0579853399273107	0.18259716325649156	-0.106712100948405	0.6022046660583765	1.1049817512926168	0.2923118737422766	0.9185882861075119	0.6422226911704865	0.9334715166009073	1.262913639450539	0.19202606482040852	0.488470713879989	0.7249977696024308	0.3473583829478745	1.002219480286813	1.0460545489138964	0.8350023734429922	0.49927944687251313	-0.014663183580051975	0.5989798861469534	0.5653166664583482	1.116623144749469	0.1703421285436726	0.21464747358173242	1.0906203824451324	0.4607596392477755
0.42315223088364584	0.536511191568375	0.5281203942498517	0.5873157220807971	0.3317604891875715	0.4829821054341984	0.5137850305047837	0.6639766280444025	0.6012258312258438	1.1658398502328307	0.3137855735218755	0.4435341510531893	0.6038139395681695	-0.08251840216873524	0.3881786137370825	0.3452047604961316	0.02090154030756164	-0.2482414231769694	0.6576762409884856	0.15278410973667145	0.2173948942505462	-0.10496404282474431	1.0825615018936159	0.4694507764033381	0.27095189785167995	0.7228692550944308	0.6729259635775798	1.1362296559549254	0.6675867751034303	0.952727117940257	0.45483772538334083	0.5402851367472582	0.7494516263431339	0.6968721590554001	0.5358705536135634	0.37548617806238727	0.5847923730402431	0.8656283860448775	0.8826813642366999	0.418373917958589	0.7159838289232291	0.23373287864331838	1.085645726483263	0.24114477030099252	0.751171814218715	0.19716990185417427	0.26069823248630997	0.7978397557950756	0.24731244036880728	0.05708891175763947	1.243811130044955	0.5681719794847864	0.4748419514728818	0.5547274248629611	1.1498351283450754	0.5998104925901081	0.8213124875876847	0.27412105531413744	0.44451178180434436	0.7187036862666674	0.33384251809941246	0.5887620710199695	0.34815267946298245	0.347459323020175	0.6110884159594251	0.25767135383465894	0.28572426119816513	0.5161111865687291	0.6749172044757941	0.8589481911697923	1.0436184700805913	1.0391204886876069	0.7959575405075474	0.9803192162777359	0.7753464726804074	0.19823487364089498	0.2451774096557049	0.3574248657386768	0.7965897262832771	0.5534209229624014	0.27817009072968446	1.3323633409300175	0.8693316459528562	0.6342495462126989	0.6412221953722722	1.0696667972129752	0.8432471144405048	0.27958179351184853	0.8071370736239516	0.806387622543403	0.678087495191313	0.6681443689405333	0.34728542006052343	0.30153469407028116	0.0884015757217197	0.5047074401674326	0.5435120415081709	-0.05985237295691548	0.6731767249819806	0.9464812909085606
0.1596787908078734	0.7160669438692536	0.24756898608570777	0.33037351659812986	0.7154842893072852	0.5784826602560096	0.5905354731817607	-0.07685624490487475	0.6066720621178222	1.373284617339605	0.035230246190894765	0.4556203588356935	0.19779074398896745	0.41745977159951175	0.2799086939675107	0.7903211994705931	0.4997625904276224	0.10162035883569354	0.6827864470711104	0.3906180215012548	0.18033967316203997	0.06986816906024712	0.9781442745027782	1.0236745411088937	0.762729006695359	0.47764707222127323	1.0129811610566473	0.023479614638407587	0.6218672246826962	0.00011944987230072535	0.5198385517136981	0.34706295387410063	0.6285631309448914	0.553149138047166	0.6851781179388682	-0.021098624958509893	0.5152661908670357	0.4723238201182973	1.0017649513715001	0.6629825540135352	0.2872589191598929	0.6281742932097865	0.15586849959239002	0.8167566880679284	0.7418084385689345	1.218362750694048	0.6795288389294647	0.23797452680435133	0.04902866185867394	0.8381106907705148	0.5463084267642153	0.5107262443910223	0.8873094419700828	0.4657811821662632	0.8634481321461951	1.373448250193389	0.5846176201407955	0.5584542469908381	0.640151050411707	1.2402592733014743	0.9982874504722582	0.5525675695193814	0.513820739086537	0.44840259092758716	0.7685922524932262	1.0351760403082557	0.45492263464671256	0.5523896293456991	0.3360865744232006	0.8454768995529482	0.5917824334665183	0.18245344426991983	-0.06043382343750653	0.9847632514919084	0.4865986034322569	0.1722611620565766	-0.10187887385754624	0.6618697745020838	0.49517679581029683	0.6110083230215638	0.4436441210414262	-0.03458148520035387	0.7859715520150654	0.7816378881495893	0.8578904910902144	0.5406391630592833	0.8573590912310377	1.0624433866490013	0.6072757401906255	0.645833286808851	0.40603409202959234	0.09128695467404391	0.40626262584178074	0.2958450206999227	-0.026041090145003554	0.11862342806273452	0.4540941766624864	0.8352905433087379	0.18576294456920406	0.8445963369261343
0.43948499759044846	0.23356823058366705	0.2763224035519707	0.20817927480136822	0.4546209726811018	0.02395373938790446	0.5464501861673687	0.3497547048750714	0.8022556846667805	-0.17988104592591353	0.18375834072864283	0.35306854931109044	0.6560175779215639	0.3691037148757519	0.6274678932464507	0.6751032190775375	0.8545702373859629	1.1136757687997099	0.8453127945103888	0.7367865887277428	0.626563815618616	0.19517700829524576	0.7880363821451535	0.795559896451779	0.5093102446910012	0.10870078230569774	0.9313113543346235	1.0294502569956852	0.5191474853864518	0.7857570894283878	0.8474235200006667	1.1157020572153917	-0.025101245606213962	0.7189840650176168	0.4532046188394989	0.38548511563764243	0.43393111043523314	0.49490392486087786	0.22364903180469164	0.23097955561481065	0.4947556256431836	0.7943400273036215	0.7073680864272114	0.2961722627980518	0.6527545632184386	1.6345584798854527	0.5006106789657954	0.6936370146003547	0.8080814983938637	0.32985952800565516	0.5826974533748304	0.9093960983319238	0.2856996254431978	0.9802838618375642	0.21264539595112014	0.47395140205346564	1.2433134555746745	0.828815356134496	0.3588974558746534	0.2085633434298404	1.1765905053947567	0.540120252593219	0.0455155357051098	0.1337912633966205	0.6833447019724992	0.6525375744218119	0.3600070481118699	0.662006198172074	0.7805893957511343	0.019506564118374925	0.8221173958511272	0.4934820936294789	0.869983828923229	0.15157061513698333	0.274570544308667	0.538681340627261	0.8640111325447781	0.4781535530122172	0.6112347083748234	0.34773132042035915	0.5201996372479172	0.29450401429898715	1.216060710977417	0.42486354161024703	0.2293938318258013	0.9555584562760139	0.311889475884347	0.9397526036350203	0.478836450473647	0.1996976186409018	0.949507201573222	0.09270510283299382	0.7758768337242778	0.542541753292475	0.3254852336848363	0.6672043119167947	0.9140134698792168	0.29784426519788176	0.45651223038368105	0.39481807121995527
0.2854271794636769	0.7135105068946506	0.26259780071133854	0.12906538564629455	0.19492067506329408	0.8986450182000998	1.0163387996128053	1.1967820793249366	0.5523364858878053	0.6099236026337023	0.43306725079195774	0.7084037713995259	0.054132954471280526	0.23852108392322213	0.13204936733648032	-0.10906494678849132	0.4554334123555138	0.28476129190848976	0.12028752130057463	0.5328734811839716	0.1528440054940553	0.8025114276627627	0.4909523464310166	0.3606432238827527	0.4924800632177443	0.37684034603104505	0.21042292976469723	0.5055075793242423	1.2344247713009215	0.6747000268036569	0.13317372658325594	0.4358425653182899	0.9148436749619123	0.8205104124568954	0.1898439818846165	0.09504235533316385	-0.05754391147293725	0.26023225299319075	0.48928867816307453	0.001259934365760218	0.4584836046335605	0.7925375272029344	0.6477300455106652	0.22664586813989562	0.14514427450277828	0.4546139370683465	0.7512202593982926	0.5836643182219037	0.30980584153066937	0.6192508683412703	0.6346417128786711	0.7264778911493768	0.10967239264996509	0.6401185999325048	0.6823988134173828	1.2416767367866999	0.615590576223073	1.029204902152764	0.765176441668715	0.775119615138372	0.7568684051546349	0.3656192491920711	0.5613207508912563	0.7532633341249438	-0.008906814933942186	0.12359499118812423	0.9149555337052515	-0.1425174341817454	0.754590174862614	0.3173380205013256	0.8802557318856581	0.6057329730810734	0.2075967146771548	0.27915317526119676	0.1127910981305491	0.8170991346446292	0.06537557061930332	0.38501554750982914	0.06040096187631161	0.14181589915158788	1.1700636385478251	0.8937295024935734	0.7114797326856015	0.42022821577916014	0.6261723336263683	0.8178921437509288	0.4918654303653491	0.5601714128582558	0.5084507291844605	0.27672860533489996	0.13878347228182447	0.9534251726613809	0.9366765006923121	0.45167954630991425	0.4586814822838938	0.9021536238405335	0.13220634232852957	0.6714837935090708	0.24834635463321342	1.0100958765420782
0.7822297503926805	0.6399270732212025	0.753817362936792	0.3563132666991643	0.46039373738804606	0.7273120153989092	0.9103091586568173	0.4352266339467621	0.19372699989306313	0.7067841097366714	0.5529253733416106	0.297739867037196	0.6708293801411289	0.19085885583104534	0.623969675759078	0.3240765529108355	0.2972955012908808	0.7792659311632092	-0.04776507914022754	0.8159847024724637	0.31734397007989723	0.42295383382565965	0.15417462374192936	0.5849517561950474	0.7650057732021759	1.2546726287443528	0.8810362640979598	0.3714274155580647	0.2970646065348149	1.0595340093965566	0.8342582344861684	1.1867892802037632	-0.127544997507121	0.43961962694309153	0.7055369369669647	0.2998711674589717	1.0765357092761485	0.68120112464256	0.5788128063151081	0.5003127000726337	0.3743150846259502	0.7041756153383579	0.8351459507729313	0.4623983176191686	0.09411857632306603	0.9664751524544788	0.44569436053835076	1.348143589829054	0.9731998497328662	0.7313939970918727	0.8269476481527003	0.30603385593520455	0.30311593206592313	0.5587569241623163	0.5832025412088865	0.7914813853463157	0.4660115811241149	0.45934359232887667	0.1825646183395343	0.4502609731810664	0.1748441707601267	1.379039805513776	0.1677334924887265	0.4024014340650871	0.24217545007228658	0.8020384125568885	0.5678732450895839	0.24723369316895616	0.25020277730327445	0.912702340528657	0.4916188478316119	0.7794836282429994	0.46606741605802937	0.21526038294509697	0.4409286786630391	0.9354059906867708	0.910183949470246	0.1303498252207136	0.711314447171103	0.2554820700200402	0.5320096215406965	1.2063136916690624	0.5268391183402286	0.1986736203407814	0.7883386107372949	0.5278103745429144	0.7414217256833195	0.5031469895882376	0.5591762527932049	0.20209448358519044	-0.06735059044428798	0.3969529130575473	0.5124261642578095	0.698792160555294	0.2826537536924467	-0.04331983984467758	0.48848216445779524	0.06717528480621515	0.05145198048471561	0.43639829400972985
0.6389773835464432	0.31481202720362866	0.42978609292952863	0.5955357564950261	0.3291984331665396	0.45511378360699456	0.23458802640368526	0.27833901209775413	0.7348967239820513	0.3928402043744124	0.42642439354990136	-0.0700970667355506	0.6196366493484489	0.09841562333779141	-0.16349920769501047	-0.5946978172379456	0.16073885183132863	0.5204896722593262	0.6089017291830717	0.1660684312638966	0.6646760993318529	0.581428312716738	1.1509553212203025	0.11181436453806748	0.23839501229774002	0.7210047816057472	0.39731137794406224	0.5445362995121179	0.6265113096155688	0.0667017502926876	1.2526174784841628	0.5363682516932827	0.54700376639988	0.42186646918065523	0.5438653595370329	0.8785597784045853	0.41047536493942793	0.8193951303449338	0.5934217729021971	0.8826694414701182	0.9584202618981156	0.7842005344065907	0.8175617615974423	0.8320641815649168	0.35014930331323757	1.0913982231814137	0.24847822168151973	0.20328704911179896	0.05481620607429194	0.7632299628776295	0.5607526744633367	0.14047656902080546	0.09742281171750339	0.28823022258145603	0.3539001709601126	0.2396222239813569	0.5787344368662776	0.6135113096155689	0.48342970567362575	0.5762092226800603	0.3404015757217197	0.9826226961701324	0.6510101409483494	0.3233725250017012	0.584647190268467	1.4961502004719112	0.2144009382668728	0.11976313344471445	0.46378970517366136	0.2553413966510706	0.46384320277313684	0.18062111433773442	0.787983734485474	0.5840689506715497	0.16493089795028415	0.14048754740983627	0.6110159488702883	0.982154096029309	0.24400829941212498	0.4383145888277358	0.5213153915486543	0.5324527359867566	0.348645089028416	0.4369520158988738	0.513366126843793	0.476561903254075	0.5210939169586599	0.38492551499824323	0.23415360023109477	0.1621234870863314	0.8522323238215072	0.46770224609090194	0.3837038751421774	0.9875134108556199	0.9485953689391445	0.734261421760403	0.17645271237731774	0.6543365567161215	-0.15341147779810038	-0.12938157713828602
1.2106435780243345	0.981450776403338	1.081811342529904	0.1349525589159657	0.9610331476520414	0.26491961263854924	0.3623926749633012	0.3073129833858991	0.5922282157791601	0.6366743522333834	0.7457018919493201	0.9030168696384006	0.19911037273748666	0.2854720012887977	0.2601937473873378	0.4096004685779203	0.5727944034519777	0.02457207892218749	0.23571199678911625	0.23370684993146318	0.10806498428583533	0.9608430138976267	-0.045713848046874395	1.5552307419891092	0.6309796500525656	0.5242264922901295	1.0012262325863028	0.6118410307047696	0.6377305649183183	0.7783674489723644	0.876671660757363	1.2169455233032103	0.5726132523946221	0.8299469870884146	0.6874200494131666	0.8372246979727824	0.3674492181803789	0.6474460309061443	0.4572781955722581	0.5546675999338936	0.4611967332869477	0.42283645047364704	0.839894103334347	0.09986951479825745	0.5290393333250006	1.1900645593159376	0.21456367396198317	0.3573166428489093	0.37445674959134845	0.391869231484992	0.13995201589887385	0.4254776078361116	0.7345880972320016	0.27906755771466196	0.3895977771018997	0.32882302920209827	0.8941254938886272	-0.23293038826416462	0.04284830241191251	0.05470663744651427	1.0831773152179498	1.04981663104419	0.5738985655182759	0.9461770319046845	0.27489712534251054	0.901175072321266	0.26164919707076306	0.5975127025724567	0.4642344250615581	0.5476487248819876	0.8025653266226976	0.2590650078952741	0.38676197658221434	0.14184631921905533	0.2996820489104244	0.4915719372655548	0.2814064156566687	0.5952642312836174	0.2445378105161996	0.9049252316849778	0.8123977982115157	0.4667325717206141	0.4185933621368486	0.7149239331658452	1.1487838500328449	0.6237287942104102	0.3985672153777996	0.2667900357058042	0.7479544948899454	0.3124834865863667	0.3127059763822284	0.34670368626666725	0.1126810573139958	0.42612110253301494	0.2746496220406611	0.259008818819778	0.9632556846667806	0.4213380913296419	0.556980877743382	0.5220612776039475
1.244753359137061	0.5461142085768924	0.686254480585403	0.9666190130976833	0.18036619767210937	0.5377275901290326	0.5619498438305064	0.6585641461507588	0.46542340195347276	0.6599258691398248	0.12042710863536066	0.30507719036568237	0.09360953460241017	0.33741600108881187	0.24166222948096727	0.5987429362642368	0.298798062914988	0.06690796207490857	0.3557376005310735	0.3810112978108495	0.6979295994311514	0.3188957796045003	0.7492008885481722	0.6134245824254115	0.966310575223144	0.4682271297449764	0.8490903991522822	0.436813254894445	0.5708384100570654	0.12933896487887664	1.036279871842411	0.20650229080995652	0.7983110238024808	0.7434213243228605	0.3677541854674183	0.6570866924703944	0.2784213007134217	0.47061233162650984	1.1259175822268144	0.894724261198165	0.4774485571160932	0.19561849369003026	0.8833932179803932	0.6722583761428009	0.8304841712600913	0.3517069915880958	0.8026225072946221	1.2939310396069168	0.8740146267417168	0.7550417178783169	0.44051166375715056	0.3498700105964716	1.2170344933900514	-0.024181362153514074	0.1998766684582065	0.3319605152968331	0.3348201252411288	0.11089939184863296	0.9183712028731297	0.05865141635800797	0.21376178770670418	0.2693428368268359	0.52467345507471	0.730148406154564	0.0827859512728959	0.955730376042808	0.2443149193598787	0.260900336226184	0.19534472558193794	0.5208715688194309	0.6830089840858494	0.64350781541863	0.27070651939932033	0.017820904352608302	0.5195437837042098	0.42712917696107644	0.4438198891467411	0.2327335869264816	0.5458451623565553	0.8610936100359557	0.24481417566255725	0.6083986717607504	0.35033995647530525	0.6475636267431056	0.04570422928375906	0.5422293254227826	0.6303457407878054	0.7095413755414546	0.6702057520925602	0.033206011796386714	0.14956867916300376	0.40790222498128603	0.16112379400903543	0.3824015048934034	0.46406873818660066	0.27537025849557883	0.24097967366200446	1.2035634142581566	0.0419251372472228	0.42561724238977516
0.8384200494131666	0.6521142794052088	0.734226020101354	0.44864225589576295	0.43894745927719003	0.6013940915296278	0.9001983151193458	-0.06760272119613747	0.1641485478111967	0.7383162178790112	0.0708192753013328	0.8091292713988315	0.282303481281187	-0.12855513706667998	0.1965820421053509	0.9915808852428507	0.08596476499581285	0.3872390052926806	0.2348471691588513	1.24353934512972	0.38884615395298394	0.05031345557467459	0.7881723100169293	0.6201722627980517	0.4759773363275657	0.453669134547414	0.9106994129582489	0.23036735453460938	0.7443642853075685	0.28175276890109174	0.8073631284450684	0.3362794940913907	0.44408704661197607	0.6750031053355943	1.2422504669808112	0.49603208522729636	0.9784212771039829	1.1099728033153207	1.0038617000740224	1.3783641908698132	0.7223403814452032	0.2271747890080008	0.4594494542747667	0.2947317217808183	0.8011509323645131	0.5051271937682194	0.5060129268621251	0.10571343696488167	-0.06017399600861595	0.03943480531240151	0.3187383088142367	0.252788264997896	0.9531480756224211	0.4527601350459898	0.17092905641405953	0.16653925069196496	0.41378772198080405	0.7780641343460393	0.45709292536223123	0.49992714404951877	0.1989006903677656	0.4963994980911075	1.0364518152186442	-0.0013545804394410887	0.5838968892481227	0.20036926689915024	0.19864749719117114	0.45203737374158226	0.5012335279028847	0.979229797611558	0.3771739390682049	0.6423682280838441	0.11731329030860316	0.8715687499913201	0.678570544308667	0.09518307592101116	0.17681731571791448	0.43687135633448193	0.1147577741021123	0.8656168882481935	0.39106330801568223	0.3897872261825899	0.3980123602355945	0.23634496167632568	0.7926801837647611	0.6265361106366076	0.848902862436133	0.11871107602100406	0.9137390879257165	1.0415684194591772	1.1214862725001424	-0.002843023619160334	0.07001601969860471	0.9109016347453166	0.1880381528530618	0.611728487287706	0.8046732661991998	0.0902572428897398	0.14795019797208808	0.40520015665557024
0.31789245067363286	0.6606406504539262	0.8543056644598785	0.5549174405701818	0.2516956590574835	0.20236409643205827	0.42028249249011534	0.7405915678195016	0.6599563600356085	0.6629034526721024	0.75390349989098	-0.026394927581518512	0.40458149908825913	0.1500836829613459	-0.0006691914878250715	0.001494040005499686	0.39757342466019774	0.8814604326637974	0.839068289607264	0.6725387076748729	0.7779555573146902	0.4507288886481652	0.6362284990924254	0.9467021516531469	0.5674489348671135	1.02461714795202	0.6407576088360407	0.5517017266832489	0.37392199719186553	0.6950288035153065	0.38602719807346986	0.9951099588779129	0.40447241375958093	0.3659464676807615	0.5387795531149877	0.40697308662858606	0.8896406976728037	0.9336673166206282	0.38897436153827997	0.5032523557359132	0.7937828348269774	1.1098430847259428	0.8238409598764531	0.5292346375465071	0.4787623307237959	0.4325969743809812	0.8253500613151014	0.08260559182613447	0.19843704820908525	0.1374107834028423	0.5243207981101339	0.2732034855864376	0.6391450772236967	0.6117030960306977	0.34256549188876906	0.9904296820641871	0.48581757542174087	0.7992315919289049	0.9002847117773601	0.8212528279246886	0.5450052065756453	0.8369501507532104	0.359980783305627	0.468231166959007	0.6331733724416742	0.36875720747558166	0.3847038751421774	0.4722574317652499	1.2252026120372028	0.07833771357862152	0.42006073458685567	0.704977619640831	1.3609245706206923	0.252232961276354	0.6839593820437718	0.1447890204999368	0.30734415895540734	0.5701491380471662	0.43365002340112024	0.6296460334059671	0.8917321467507162	0.7878129243623022	0.4524526887678789	0.6834546719607362	0.7036798060137406	0.42617729160851103	0.5771270285021478	-0.10437260555155126	0.5502408940477828	-0.0815935843433313	0.2467375297027572	-0.061123827340007875	0.6188461067341064	0.6034269433692893	0.18917460013249066	0.45467298288593444	0.25870175029268766	0.44556367396198315	0.3784763565358565	0.8815889943906751
0.8280862675004965	1.0241114934914333	0.14488857872567357	0.8510027984128902	1.0092265158995684	0.7414490529143074	0.5262828466316969	0.658339578724285	0.3012614453698419	0.9449862606954229	0.681044456573215	-0.031148227000587503	-0.03467540077022324	0.21793814604798833	0.027298145548023678	0.8557960088938144	0.8255209422665893	0.8161251869659233	0.32387364645004313	0.3602589663787704	-0.011269080940100151	0.947976982185984	0.9799488522340778	0.43331180291396026	1.1252857505926663	0.5219253497321718	1.3886744230616999	0.7868685468112676	1.2499500563154555	0.34730724629227655	0.2634164843879115	0.8958591738640735	0.2074444490737462	0.5938626680610124	0.9843311973735194	0.4737477400906325	0.5305546551563708	0.3326381006345384	0.6850580431108353	0.652698657456208	0.49214278710813547	1.0537267874081142	0.5342552833063212	0.5667316745619408	0.53242769887133	0.41400945627462504	0.5408192989107716	0.1741846577534092	0.6245745579132589	1.028127099330464	0.7934019770821787	0.4316494331651508	0.522813774302098	0.20045396367757284	0.40298302620231075	0.19489738504633702	0.8256767603961387	0.6095100819247525	0.5305618088163199	0.30358644457128736	0.4003657490927726	0.5542534889889743	0.2784801104366219	0.28395326719912894	0.8118950477118981	0.464451838828083	0.7711457146785436	0.9017298094162776	0.25122831021691516	0.29883855171369805	0.81161599108952	0.2887595448100204	0.5722040049940906	0.6351469187599212	0.05814821727905384	-0.0793226493678919	0.808706118038861	0.8250103770427372	1.4992311197401293	0.6391455966313496	1.107869986987033	0.37645186243752177	0.43853563844783217	0.7347862109767225	0.23304091515739855	0.26248606001519337	-0.0727326522704641	0.5959362100740087	0.2524337428876565	0.3160426150369905	0.223096962576262	0.10976157522175511	0.8229527950103535	0.34650590305408924	0.3142555902290255	0.11486703580718594	0.6410862675004965	0.6852541972721378	0.0024228353269420966	0.4616454195605589
0.7285319789848219	0.33511335863709657	0.6732242493934456	0.4925291694616076	0.526366858736395	0.7662006288443458	0.29556100609540154	0.4020875660196292	0.6400355794242352	0.015653541207497845	0.5040166807628904	0.08846014935053215	0.36018368976641923	0.15029474578884006	-0.17456746119372102	0.4474329637761769	0.30023773038298684	0.22487489775029823	0.7650389555739802	0.016591308115675107	0.5984798743422342	0.8256167702009996	0.46744843906889927	0.6096432711016302	0.3919239331658452	0.6133721708601196	0.49173401189637955	0.39228386183756425	0.8032562512933112	0.7214759551753972	0.31155548148672807	0.6216349369697425	0.521134098834666	0.889857851735502	0.5990518810473148	0.36710677160367805	0.9102476574575966	0.7864723429312646	0.5361711059355518	0.2617825987325898	0.946338091329642	1.0205871764638892	0.13711640425469862	1.16262061853952	0.2155381174389036	0.283290944669197	0.30964985813504886	0.45787468526534936	0.876903169358837	0.19868320577292442	0.256705291708504	0.8233419396681624	0.7782024467711314	0.4181455021935946	0.5683963580357503	1.0232562985121887	0.7212268228222722	0.8841180333059742	0.3224795910289688	0.07403262824438822	0.39667279401042427	0.24500662314197197	0.5587827167797836	0.20903373788801077	0.3706192964109487	1.0638110356072	0.644365512998385	0.6402280505130887	1.139811767499802	0.13097927230154527	0.46511793886821906	0.4100613484322639	0.6193709667787421	0.7209832622966984	1.0113393898487746	0.5274791896685096	0.31217634723096	0.712397869039832	1.2064817394878973	0.2682850423095031	0.5965620449107079	0.636478623041979	0.03986918426611441	0.11825995797519906	0.19654090335267926	0.34135050989443805	0.30321233912597856	0.6205182980094465	0.10887711703754321	0.2028470747210961	0.744125942467964	0.8116495984312222	0.8383132430897255	0.7192534417700969	0.7273341485533664	1.0483623729430276	0.38767019697215893	1.4306446404490791	0.9857572783038979	1.0459504104570372
1.0915339385682403	1.1390579722825187	0.6450004610784514	0.8962218884495683	0.6907258902494408	0.6371466590560947	0.9675886638585323	0.6859499618777003	0.6075080987318953	0.253067652152417	0.8743193343249297	0.29401323378482913	0.652293683364095	0.3635394867863526	0.2369280884270698	0.3243470629163768	0.44218038444499075	0.6038723007120328	0.4798990140976125	1.138924358135743	0.3675622810050955	0.19531300699533782	1.1430895019936087	0.6612570304047909	0.6955901984720525	1.1498174337651084	0.9699544240616289	0.7136446404490794	0.48603378510688827	0.5608643679406042	0.8743086156397254	1.1804413326278278	0.4901042217842902	0.9929644219645553	0.4126882693031466	0.9466925898304426	0.9946076097387546	0.578665238990016	1.113669252594608	0.7059469162600982	0.8532766373492989	1.0022794704819518	0.5872260201013539	0.326812829924547	0.551899793209092	1.0503453158179072	0.6642011718614376	0.29798198738700454	0.3595698596349426	0.38476129190848984	1.1071767249819806	0.6327569005528776	0.8933131014330928	0.33009292536223134	1.1021759930893782	0.6813658199210888	1.1112250048954866	0.3665620921295853	0.6173385871278562	0.523588380545267	0.5208952365874083	0.2630913435298333	0.45370139615110594	0.5471730655189703	0.8669791306449127	0.5293675670195583	0.22403215605561272	1.2074480849273177	0.7956188714410506	0.5663397912092336	0.5096979727824835	0.7910306450515311	0.6768097134786286	0.386147249292064	0.5884247713009217	0.913422008996585	0.457285160356697	0.4935378105161995	0.8496466472513752	0.2739814679793514	1.024312983385899	0.9082578331257092	1.086673573121904	0.03545096527884828	0.5595950856258792	-0.026259283023008062	0.778710344128402	0.26243024869071774	0.6181499643775231	0.6986766659583835	0.5235687027724425	0.8888185670181695	0.9262318280232927	0.7335052419898036	0.8952804620783805	1.1266980908296773	0.926255212478005	0.3157043001120754	0.09878809973182456	0.35828709633067657
0.7946164868877343	0.5206697247833834	0.4696961312462589	0.38141903420729917	0.9586416892692322	0.9583374066559174	0.5488096190408736	0.5118948116175104	0.3014777258833055	0.6570936808642722	0.6389527950103535	0.12839753850768898	0.7468984946899594	0.34142429911214617	0.6258411487519633	1.3124788591363667	0.46759121367792	0.8069212180803859	0.5505040851273035	0.5712533945512193	0.3916433655393854	0.9335893721416956	0.6716739036540467	0.36698057082067803	0.5660930197999864	0.9164583314237463	0.5930139656774311	-0.043909506409962606	-0.19777152451701335	0.3455309873883934	0.2730593416299679	0.2999145129997736	0.8404658031167236	0.48788166116011233	0.5664367996155828	0.47057865345649125	1.0479388890509145	0.5811616621600414	0.7831376402504822	0.8981098408307189	0.5816917871095242	0.5542195511151293	0.9643897237834541	0.7942788802459826	0.7435305860279342	0.9617549409694591	1.1329470106978534	0.909504769801028	0.20748376989963213	0.19990019456955133	0.4314846906677443	0.6399546365465779	0.6250364765829086	0.5407038987516163	0.7625105068946505	0.7806157313856935	0.2463358484329582	1.065475789909326	0.6323940207013115	0.6850365710206638	0.1098416209407389	0.8737603475309388	0.5305391798636485	0.029817480983985845	0.7231479811846662	0.25481037454291433	0.19305846808073318	0.5304750580167239	-0.02302016107192406	0.5426451362472935	0.36825559022902543	0.402367071221344	0.3196744230616999	0.6293151790637053	0.5163454810839789	0.5683722180789972	0.2677343188190837	1.0552639951892298	1.1503148485315624	0.5521780707199907	0.5304541053342055	0.4023968538339645	0.8305871292450118	0.3988404876876777	0.2406762409884856	0.38006847848277414	0.2552641604553011	0.6369821762625147	0.45314885473390076	0.40442623508612585	0.15820702700225397	0.8172610440093827	0.8126188714410507	0.8039780918296064	0.7243093711417663	0.5191967805058253	0.13189400889659203	1.002676193769608	0.8750938225209048	0.9618454692792593
0.9526444279641304	1.0534498084163482	0.051338445471223515	0.7966995310054427	0.6989797680997596	0.17081011483908776	0.5417806391491713	0.8998923090170002	0.22720114825199883	0.9195080987318953	0.0967589309646123	0.28972893586704274	0.7048670594166248	0.22836376589991547	0.650005560717227	0.2981438023140027	0.606697925563606	0.5008896883692961	1.3294726262445298	0.925004285807533	0.757447305815838	0.2687554603771122	-0.05779887535743994	0.6895702137765242	0.4763998994515667	0.09434649628984615	0.05876362924292866	0.3366508025125998	0.4978658789446858	0.497446361438287	1.0857777824070796	0.6026078222237035	1.3419402347889244	0.6312465005950967	1.0227179810874507	0.660441190971195	0.5592179928921701	0.48821877200364977	0.1945552926112178	0.5714442129793584	1.1825793381302159	0.8408007655013325	0.27844222978650124	0.6324996465528137	1.1747231515545424	0.4191425746231864	0.5541155543149026	0.1258404876876777	0.38964999979168147	0.6404829435692749	0.7069257038737533	0.21742387414224823	0.5448942922098572	0.909059955475376	0.5198658317258084	-0.1117727994267072	0.10344765995741972	0.43311555431490273	0.8170048996529413	0.5200344225617353	0.8551470604165539	1.206900147350674	0.25709200459411896	0.3427600878271122	1.0145644530734628	0.47953566205727094	0.5130034358677371	0.49656043946887096	0.47314446337828847	0.6583691960708338	-0.08396489276454028	0.7758404640782388	0.02067333702751617	0.7764559232609912	0.36523673878655816	0.30559761183582834	0.07270904560926927	0.2532630744211174	0.3976530454092835	0.44562633202370394	0.17590458592516367	0.4030116283429923	1.2611733724416743	0.948174245990909	0.407176134746011	0.6586478749421916	0.32792584553038606	0.2428423056144634	0.1975061863673545	1.000230435066405	0.20539812874365848	0.3472037452902641	0.7080070481118699	0.6986440738225486	0.2594197660999013	0.667364332526446	0.37714389675175786	0.7008967712009287	0.2161734432699906	0.0645930552141446
0.33537047098052786	0.567229160156711	-0.010349291925155324	1.0108428014126778	0.6699502688004043	0.5032823744429213	2.094419128645054	0.665809146852098	0.3344510124977259	0.5528709549740228	0.4452033675392437	0.7673118265233991	0.1302821147390949	0.1137255833267366	0.6380574764843046	0.4791402845076252	0.5743326375492848	1.1055532385900442	0.5992791635592478	-0.08916444668502649	0.29005941245828426	0.20875798658706124	0.5336785783229242	0.31498696897858625	0.4701814468697356	0.678793411855549	0.2267632278824695	0.5514266600560238	1.265864084627339	0.584139458177268	1.0159989972932473	0.7948880829274594	0.3787194448726549	0.8558852025759287	0.7254129901909725	0.8855794561774095	0.3463867253847297	0.6952472088782601	0.63277603530861	0.947607775004826	0.7267462290865507	1.9251383485336455	0.9439733935512902	0.4307517064763468	0.5138900897297551	0.3270029872884004	0.27105948328660057	0.874035272501531	0.04717634723095998	0.33575954481002046	1.6388695147982575	0.5174801340460605	0.3930601207414475	0.7667244264642366	0.4016160855272752	1.0941148224223007	1.335811767499802	0.4504244643782177	0.40523024619089476	0.8101697365881029	0.343503707376283	0.7264789535741218	0.6257552242827243	0.4513403342263257	0.4007267165797978	1.0477035682194735	0.12303633492627608	0.8873419160587237	0.6432520252037703	0.7791190957307191	-0.00488116397310745	0.620648772100865	0.5844281710601055	1.1550119588751353	0.27962189344921395	0.09281974749010835	0.6936804670780264	0.5923181302435522	0.1947368686384714	-0.06884573870461952	0.34845979520895043	0.5692077116759786	1.033758624041908	0.6661753792439703	0.6952855617171562	0.4912021162389886	0.2912593441297908	0.7890094798840638	0.568978139048484	0.5120031289450331	0.423061962277672	0.20972976219739986	0.8430342809051026	0.9337265513137265	0.9082794232630743	0.18841738154658494	0.6177007350868202	0.48831281811982763	0.8343124639782461	0.7844806534537135
0.5454008910479953	0.5386202880073773	0.33848698078330564	0.461042119238776	0.5816188478316119	1.2164224103570442	0.6993391773638256	-0.05966162535709274	0.35333910653550926	0.45236669347032366	0.17339621637911756	0.6739229651788554	0.3457827403892224	0.10639123478753587	0.8058610626191756	0.664971929766086	0.7501105491138821	0.6917198698425528	1.0194182787052584	0.4880600735225699	0.9109210055954371	-0.12876767617849288	0.7799577057736188	0.18337609002695643	0.15920834913082538	0.5940410332045925	0.11434406451765233	0.5255928663386344	0.41906071097741693	0.7125838003141444	0.4435015116984769	0.6104984424714361	0.2912489087578518	0.9881660535156537	0.4033037757047765	0.19169188154727929	0.8064689431720808	0.5994975217033238	0.7113316931717337	0.6758332395899735	0.7741406622586456	1.3887252291851548	0.6825307512940056	0.1380291812663269	1.1621130753238311	0.5893079073565621	0.036891600733836905	-0.028272457089844993	0.6663119681800318	-0.04221626801434897	0.46558786113761386	0.704062599732519	1.1682843812452173	0.44447536493942796	0.2862843812452173	0.6160062690003902	0.6850089132575332	1.2206469305646406	0.8815336316455363	0.648947152354486	1.4133083795453376	1.0743389412694377	0.7361458327257375	0.22283980301395312	0.293284310416901	1.0993952011732502	0.6282031786637335	0.5272276019337518	0.6822528279246888	0.3529500090965779	0.8135348357269137	-0.13621369458552246	0.35409344476988436	0.6815661057341771	-0.028376595546704242	0.4023469684786217	1.0461219288633723	0.2955142135765384	0.04476544716971442	0.23543260963459534	0.4375713234201467	0.292014721179472	0.6621516878665538	-0.02060080883159665	0.8540895492124863	0.9429795556148105	0.2685922288837874	0.9610053010134004	0.9245054072558749	0.43575465765619376	0.09989681841980635	0.6130358391280618	0.44372617356270594	-0.015053768413626267	0.6080853467323842	0.31177837264304886	0.19672796788005292	0.2369539518728535	0.49887083692682876	0.8317599933893571
0.06879390765376348	0.3766558785419366	1.1007385921275021	0.8244052115752911	0.4595965258016447	1.0632617050736686	0.5282629327644848	0.20809188654692512	0.710951354834588	0.8137858804445797	0.43197976809975963	0.7350358863469394	0.450144203674462	0.4340573348276719	1.4568614403701958	0.48088942866546946	0.7478303592384428	1.2507486136398671	0.8281149168600558	0.15222861713961927	0.8471226371465354	0.37667975879486315	0.06540407832222994	0.5837649749809389	-0.1148732312016788	0.975931110435233	0.06279055511345721	0.6566493859462733	1.004785951272896	1.7445308693411996	0.6327228446318387	0.9390002722029411	0.5183601300463438	0.2133605786256807	-0.10258146159091508	0.5106957298857997	0.5536384311666813	0.8859419346685165	0.48241412344403384	0.6577215933315834	0.6819468690412207	0.8709200139990084	1.0882548347269847	0.42842120627566654	0.9592259728824764	0.5471945139997029	0.543083906556619	0.7706427989128548	0.4283666698608849	0.9913406411490296	0.359673880044608	0.78392268186559	0.5328116730620469	0.09764320027331397	1.17814366065737	0.4184796854667238	1.186505596131385	0.4477024113569733	0.28822793246589484	0.46133551790081534	0.4837799780848856	0.8124211354473503	0.7444197424904624	0.23017004351080683	0.6309498910493839	0.6545050531142932	0.607642468380712	0.6815039434706709	0.4913355415102541	0.6971430940308396	0.6480887937104455	0.2820351544543373	0.7073966177395767	0.5510688798432334	0.10034767676178491	0.23868143506501616	0.7394593466296137	0.40165779090647746	0.7599893063130251	0.7054609284620118	0.47206890345267216	0.3407130592138612	0.20789873078434729	0.49370304881182014	0.5076752730014956	0.35009160323365984	0.6432020926295499	0.30369733532763654	1.1025037309857217	0.3559492063756596	0.40792419286967174	0.5482030842259785	0.32850455731607897	0.7039202028745186	0.47250283382704833	0.6623364858878051	0.641894103334347	0.41120093576704986	0.1703691960708339	0.37040056051585235
0.24799376849695365	0.02699516145384151	0.1441344418659234	0.3852723529305563	-0.28089637956200325	-0.08856755563147611	1.2311536002310948	0.5946498581350488	0.6708419042540043	0.6310343753428578	0.147481149251928	1.1834507764033382	0.804115318220515	0.742251741890505	0.9181398359282883	0.4687781601580999	1.0755839891896546	0.29480798998959795	0.629673337027516	0.2752605482111684	0.2716489845858141	0.7739297174783454	0.06190475119123506	-0.03723535555120394	0.5244034644768218	0.43993311723752904	0.10379057872289599	0.9577041820648814	0.18111671117740274	0.4480321560556128	0.33997398378725957	0.8704152803065337	0.529110572723321	1.1380573820465496	0.7596952340875855	0.6678639193612674	0.40164150039372215	0.9402778414306764	0.18605582382359026	1.106862384747747	0.7045021019344462	0.10558729451108323	0.7562815008936867	0.5322816189408806	0.17986583172580828	0.698448250193389	0.5275597075762688	0.2512008177198559	1.0765895137983281	0.3605879319659302	0.5099218083163555	0.46595069377030235	0.6212799898896051	0.841392911057689	0.593368983585885	0.875257526203005	0.6911212205802089	0.703451838828083	0.3012017148785294	0.7789201084367636	0.8442832952110337	0.3432559207611683	1.0016154480724282	0.48303333652755154	0.07303213244617396	0.6680035539149312	0.5005859723825117	0.2270594596771618	0.1707820321060592	0.8627292427897467	1.100865453974788	0.45653495377410763	0.46511831661923947	0.871259414958107	0.3883186968700828	0.2010175543121251	0.06279955030963091	0.02024339664829289	0.4936299678772753	0.5792380609151297	0.1280171293422272	0.24107275179119259	0.5204265656182687	0.40237169867134415	0.8423428840457134	1.2473997105760564	0.3876166049349282	0.613754091029663	0.7547234348678079	0.42805912914501887	0.6812250285049254	0.6104222923098503	0.6232846881679215	0.8768670594166247	0.4831961666604171	0.7300326282443881	0.8399498438305064	0.49534012174137665	0.8483973024133012	0.5826520065939773
-0.007698029722894573	0.9866614975883653	0.11794166385436589	0.4056898164157817	0.3066312900058469	0.4082674185578522	1.5344072419870258	0.20907098108328437	1.1232348500314562	0.7132857505926664	0.1542596274430562	0.7504799687799892	0.5335059974918444	1.1018915299055205	0.8707503843477753	0.1500845912303434	0.8986126621586527	0.6322257131786497	0.3167292900086244	0.9968162769026083	0.7505959827845528	0.6906247029724283	0.35124030381181326	0.4850981194387619	0.3138759837844819	0.5854877362853463	0.12009500299284348	0.25895118956851665	0.7085598256234629	0.6813917305857502	0.4701960486132233	0.32025304040963765	1.2999758489329227	0.9222264922901295	0.7343113307251847	-0.019464267114412737	0.47375711303782647	0.2801154834865864	0.38539359573141346	0.399862172262798	0.5240853939512617	0.4446443099169365	0.3232025648183253	0.3490874951913128	1.1381680130990721	1.1697794586772325	1.5195055016936299	0.6698730562140737	0.12739952170054625	0.15423130861563972	0.477954306014435	0.250841715378494	1.001700758696259	1.0201185054947497	0.6375092792038343	0.02261887144105068	0.8191753556345314	1.418925326122733	0.28144952510308296	0.3085908359268996	0.6333103627381949	1.2025879083564914	0.49275682972456114	0.7022845701207274	0.6828663747429002	0.7513101974721235	0.28347434973356056	1.102975305915831	0.6510032469922269	0.33411581401872925	1.3742239660801805	1.4096694178606795	0.5676154952913058	0.9794272502919932	0.6943165956300318	1.0498196058334757	-0.09787115357106646	0.4915186993699058	0.4226013185177161	1.1645427684983425	0.31009970127116004	0.7749866856653209	0.16181700879521044	0.5297888080149877	0.8187346021323489	0.6232598163185663	0.6924216312455647	0.296226327024058	0.614055658557519	0.502194065420366	0.31547307482386666	0.33130930031345	0.6842542444910151	0.6377837555950898	0.3189204625783451	0.3900869757836598	0.9257554839865509	0.7887880289035082	0.5791263438284232	1.1213512890059176
0.34974890945224724	0.05052738764337528	0.9336637640944878	0.900189615735552	0.49818765615213356	0.4616858736395061	0.5700478799418375	0.26093658782502915	0.46062668616528557	0.4259836872665964	0.7121193554345455	0.8155358273233423	0.3647014669794223	0.339310362738195	0.8252528043152498	0.4058903494335818	0.6172805565161357	0.6732556846667805	0.40428678940797247	0.21389875439378603	0.7952336459500786	0.14962571817829573	0.35137698718562993	0.5659580126963228	0.7388463900473716	0.05023492085977255	0.8369830498117494	0.8314808659386627	0.3690354141581638	0.2841156015337803	0.17469771307865695	0.1965054072558749	0.0488385753231369	1.0672545278042804	0.7393666698608848	0.8053960983319237	1.0697853846463654	0.8383131486519704	0.6640908949504967	0.5775337496927302	0.4535612421897893	0.5763402397885706	0.294868287107441	0.5273662448909869	0.9769757544951678	0.37864263364678336	0.34617545007228656	0.25401141585804343	0.2921492324849212	0.8940958765420783	0.40423647908273164	0.5924844309639179	0.31381809482939405	0.14939836483804625	0.1978422111767083	0.46137091955986453	0.3315671917683609	0.8645633434298404	0.4210602623980801	0.309865123442645	0.6595870111978179	0.9207826459514673	0.5510593652394067	0.7408919784848572	0.6194471405497666	0.9187509273648673	0.9371664312666741	0.4280007443917167	0.8900860786249862	0.6431401664604313	0.35514009563211496	0.5356667736035364	0.594003246992227	0.3938693731416246	0.9292317808044152	0.9970684312638965	0.7768753935485126	0.412738497689747	-0.06214985605186296	0.080291369639095	0.0981219760822497	0.8337913106154982	0.4675414227603323	0.5029819637775658	0.048261728683107186	0.612564429464024	0.5288386933703306	0.8701395998339007	1.070469887549632	1.1948592919112673	1.3627498649401222	0.8101382068770128	0.5157522022745611	0.4165312470922199	0.38750193666837485	0.6756980908296774	0.5733119681800318	0.085457316217879	1.3615159842844464	0.20118822277866433
0.24071971707559603	0.12299686133343335	0.3388295690166392	0.7995255697165895	0.22607716675624367	0.07532389094661351	0.4581847758006029	0.3911021566527926	0.39743145277209535	0.23650956251709943	0.2830106367465638	0.176533230285077	0.08356072278213628	1.4098391891685451	0.19653186093762803	0.758251741890505	0.6056160855272752	0.5694221270437788	-0.02163146499345181	0.9103743429284868	0.46206942286032526	0.18790125699429616	0.7454031575541177	0.2050452592941333	0.012152868338492717	0.28581535613449605	0.632925633045437	0.2257038279232999	0.4965364883876282	1.1927014669794223	0.6329803819451677	0.6148663039145839	0.6819231776638044	0.4953123459310521	0.8315877666998588	0.3012004871877131	0.8417038279232998	0.5592051854660295	-0.10332146889595323	0.3038449026527288	0.2593700696200686	0.946369290508589	0.2722032022731723	0.1634262586955646	0.7293398384281113	0.9314798035139177	0.14567248708772018	-0.13815521539446507	0.4151241717600559	0.11342817106010539	0.36293144096737595	0.5819592167777003	-0.031595685583382216	0.9561762291837662	0.6733141874672767	0.32517648888759265	0.553399214777842	0.4201735849266232	0.3061724280641232	0.3288400627177797	1.0065629656788198	0.2928956851667452	1.4041158612376068	0.4332537959116785	0.38439165975743383	0.47333610813678473	0.1803621368486399	1.0116685679208832	0.30389174239046957	0.9109206750632941	0.9594748927506525	1.576445110138032	0.34625398478718866	0.6189822943097086	0.017206271500213255	0.7536802073741999	1.1453494710791317	0.2580441496505109	0.5563491641564278	0.8054007730008014	0.41198245957578006	0.4202316391477825	0.5327041584554428	0.1578134909888328	0.931867224682696	-0.05793886405268517	0.8748352463922695	0.7413617590976196	0.2021655577174395	0.5102200705227824	0.9588613931513185	0.7053608855483848	0.4225287681011484	0.32572116836168546	0.42094873418688394	0.5777268818458694	0.3804244407687789	0.4661794400674397	-0.040813736804754086	0.428607338924604
0.7653617243778567	-0.07410996859944641	0.5466677776990797	0.3512749499688216	0.11907393226313134	0.4684873585343261	0.3369058372254188	-0.020067709092828068	0.7160132810037065	0.7409812791038412	0.31728461733960506	0.5688386225420146	0.7995613366275444	0.6628070692214858	0.6261444633782884	0.42244636143828707	0.838752957776602	0.018032203274490288	0.356368133646089	0.1936521246411712	0.36479480481243687	0.3043518084135707	0.6634648712382872	-0.20047860915407384	0.6207106510511061	0.45187388254443095	0.7018704591758084	0.38042292976469727	0.21023187524217046	0.8997558145186937	0.4772834604771051	0.5442022106767438	0.4933974440699339	0.348731650952502	0.8878129479717407	0.7014529012528278	1.0598748505314206	0.8633478420278563	0.2770997957089151	0.7538221792623023	1.0501227788031682	0.9225659640775445	0.6159827428890454	0.43987102580233906	0.5048438638374225	0.2960644648781823	-0.20540751141238606	-0.11029074190578159	0.24178987043973277	0.26756820697422823	0.14679445067085528	0.34451496907857915	0.8758224625755675	0.05976332232022463	0.5975969507715425	0.43295791825856766	0.6338721354459614	0.5090352961109699	0.5835072724015382	1.117702151653147	0.6428125466112817	0.6465069654788342	0.6991157904092904	0.7053915889291175	1.203392391650036	0.7612829646788908	0.6847239778848997	0.586279257997003	0.6720037427904413	1.1124507527938992	0.8985342927098221	0.9489238151186513	0.31756308372601383	0.2790134462697781	1.027566979283412	0.33085014394813694	0.49765887694066113	0.5264068406265667	-0.042681208692162076	0.7623167372866645	0.33814958662650285	0.45845235823573605	0.8517006170396264	0.4364223867476054	0.25478196127774283	0.3849200848273247	0.5193368872482644	0.25761124559232607	0.350108353436076	0.6979134033561512	0.41216865055391905	0.4389729921908309	0.8423341013344887	0.6344154691820441	0.1518058651401082	0.5601165223018925	1.0250654564746107	-0.07559847149715782	0.4919397042709476	-0.054583526722412734
-0.03505304763134831	0.13758442665866732	-0.14061373430493107	-0.005839458593905111	-0.09048207974157385	0.3861819426679499	0.2232906141370542	0.7401219052539334	0.14689863634659217	0.5698931117379187	0.635476403754734	0.5722526154397398	0.4579491355473432	0.9364180898297483	0.8425005437114871	0.4230547377894066	0.06044829741226665	0.1542548111175458	1.098840794610382	0.30887182852325734	0.17779279801014103	0.5786594671766304	0.6338803751400943	0.008436930161891287	0.6299616485498943	0.23537389434915024	0.3378419042540043	0.9103670476119052	0.4773956025337094	0.7118089107577102	0.3142568179198418	0.2581202998120967	0.6527869428693245	1.3211194734817395	1.4973416563548971	0.3004015285028422	0.5430715241003763	0.19468471677700616	0.5531827926077459	1.055294840226595	1.1340966556535579	0.12459662023939966	0.4054825658182546	0.5658981169389391	0.4507882886073348	0.5271762527932049	0.23142429911214618	0.5859271204400799	0.6293160526129399	1.2348703647380534	0.7404293987509218	0.00935324858933606	0.015633225979826415	0.8206006574534305	0.3035717956089221	0.5586007282817467	0.4130984263614661	0.44579086203616136	0.8720647954103252	0.23500707172130864	0.530064606534815	0.4995890652189915	0.29536681151751754	0.6657244500736753	0.4706992004732998	0.9114219381682686	0.7582241077368131	0.31080558182684276	0.3775845085973077	0.32447331091825443	0.3956991296449835	0.06670035733579988	0.46045068196558303	0.27514864224895175	0.35340285063141363	0.9224900500103466	1.0773229465690624	0.2795986270416957	0.25623947748145626	0.471042544208674	0.3253472281824482	-0.013517103649602569	0.332954636546578	0.2621764888875926	0.48278387364228365	0.26505865695624337	0.6554769703812647	0.7893359900895908	0.583027906356633	0.7853617590976194	0.5370291104380106	1.2323324250643357	0.4669442011746391	0.476750313519459	0.9210566265445087	0.6419478606376494	0.3595358745422199	0.5981815649169294	0.5124399049511771	0.6653581357431626
-0.03133720389250194	-0.11219638886689975	0.05221729710812162	0.031187113135041855	0.7451004567732008	0.18256846667805482	0.5480378695397965	0.45528742686281953	0.5403402161791319	0.4565888763434812	0.67864192536362	0.921863447172492	0.3720319907895413	0.9329179363683962	0.8582214398702315	1.2024749163600912	1.2149202973122737	0.5030029400695228	1.2725027393892934	0.7358671774638186	0.319507296010977	0.8583168553338583	0.36898843276379034	0.16207074498889662	0.6371534113555846	0.4848209751809247	0.540041717878317	-0.010632409371002904	0.5010869285647822	0.8092817842069521	0.281810941169445	0.6920351780637759	0.7463952483921277	0.49662047688288735	0.16092948138395757	0.18976400699394902	0.8644035825240157	0.28018626319524587	0.507350816817142	0.09918232041897035	0.841431594428728	0.5744298237208197	0.3287348618361755	0.2305379285633935	0.781345032504642	0.4203720055940482	1.4542592969109132	0.7089539046539759	0.6746783422285366	0.0018447137772186206	0.13776643876614303	0.27282510683271044	-0.23514560635288334	0.3996294956884998	0.6058501439481371	0.4953778135159871	0.17098805501276992	0.13976277930313263	0.3651508615361968	0.11520284813159076	0.7248422111767083	0.5474229769835748	0.7874516735620116	0.5854777022738666	0.9840052537945229	0.40919706381909055	0.4744174051560237	0.6025549148601974	0.5394439296660931	0.7019430915310165	0.5156982797051876	0.6037818668399877	0.6127015141982999	0.8385089486716913	0.7342624605757093	0.4810172473894211	0.28145948828624645	0.30137719967057885	0.023906663555775864	0.5446567757006101	0.08254661683686304	0.27704105681403124	0.6839519214611187	0.2821191429495966	0.29564813464601813	0.9114230714213298	0.16047748978891774	0.09283593106599392	0.7575303971524239	1.127751588429153	0.07578096968131426	0.7478353644394632	0.8492779122589929	1.1652778178212377	0.4382232814064559	0.14641934113000338	0.08514599799180894	0.1674866266417241	0.7063237965088583	0.10529911353501353
0.326687667956853	-0.06808752852228517	0.4530501228385213	-0.19806622169818522	0.1450954515721803	0.511151687866554	0.4049539282634147	0.35914550219359465	0.8983403814452031	0.8933130778236542	0.41011562514321903	0.48694996187770034	0.5092255951314559	0.1721677297858069	0.7299148435319165	0.5929431151404553	0.5647256305456141	0.08675394937303049	0.6525592826063709	0.13653320667563823	0.8830095743218188	0.4241509559739518	0.5013487627959686	1.0350675341052233	0.7911517586948702	0.5998725604158595	0.7039829317645554	0.39995012714377176	1.1526717315856791	0.520225477084262	0.2590591055355802	0.69692036814059	1.1136975714220243	0.5301721683602967	1.4763150610165114	0.49754052560165873	1.348348385044948	0.7073261102338584	0.5403772468894563	-0.06537059874925522	0.34837729410833396	0.2323196884665114	0.36953738554630156	0.3655918275233282	0.8606776575548121	0.2688158519327104	0.6228440054940553	0.6240377987114801	0.32709717506121094	0.17354404340803642	0.46515737774129895	0.37540927239876054	0.10757377880177932	0.3285178730395486	0.8139633720389251	0.9763765149968543	-0.09712595218949766	0.7039849857857291	0.36428775739496233	0.7945386840654343	0.6663165956300318	0.11003763344540873	0.3102299628776295	0.38497754881251467	0.34039092786483177	0.2806113164206424	0.5653027132800316	0.7358016862694448	0.7544976633599564	0.7804152330876561	0.8120296534551024	0.9884197424904624	0.7095044864877628	0.6281187179796986	0.794039404153317	0.5110678882468047	1.388096089027027	0.87051341085562	0.6903485739204583	0.9022388164171704	0.1823781440481299	0.4518997932090921	0.1789790362071576	0.7779817040737393	0.42059137894399146	1.0335629184599422	0.3048116022337307	0.319729337227502	0.23442290615525846	0.4281146099373516	0.34978330701575305	0.15256126579922813	0.5388944338664898	0.4971981498532743	0.9040045691207985	0.2720579014542026	0.758807352534751	0.5107599225610407	0.06501604330804345	0.7496307233793161
-0.042201512115114026	0.26690900089021474	0.5087968352241716	0.6118761962694308	0.5863433798439278	-0.001431651369139031	0.9501781179388683	0.8697847471915185	0.39347956741953	0.8486749188599141	0.33422760193375195	0.21411250869730064	0.669693581426871	0.7330265606186228	0.42797025349593293	0.6021095811268924	0.8666960131990651	0.19461379541171386	0.7131960013943457	0.7039778085163413	1.1500672035730801	-0.010210200388583557	0.6285961244411855	1.5082883712403703	0.4791475326053294	0.7701193790439843	0.7840064814853394	0.7194483210217053	0.7002256423503336	0.46675380771639785	0.32105884583175354	0.32108792016121085	0.6348684287640736	0.22125766785963774	0.6093136680596235	1.0780143906473292	0.1237424640754613	0.4570191833634005	0.4396306053321224	0.031828648248526936	0.7686855194979245	0.602485894749122	0.9236482999120895	0.8685629184599425	0.9180635677195088	0.4993415146982644	0.5443988134173829	0.4976790505116999	0.28576558882634706	0.32959532172026706	0.5492894572745542	0.8454883265213158	0.3792942027717482	0.5603807883052728	0.48904412604107206	0.5476796171382305	0.3018493648366575	0.21662571817829568	1.0244287376866361	0.8952337403878337	0.3159574224603535	0.7683166664583481	1.1832588719410153	0.8197571838661428	0.7570303145193883	0.1460261356487249	0.9033597050764461	0.45505258933047804	0.46349886744133406	1.0257482358888468	0.30969594237074877	0.7045029046553646	1.095033100433164	0.7567041584554428	0.7426498817444876	0.11462430161196913	0.7796798060137407	0.9407594031533878	0.2944586147370116	0.37476452640160207	0.8694875474098362	0.7333182010718686	0.2540386250418374	0.3829260816247737	0.570539250691965	0.38617639444983753	0.6116777047736897	0.05056589324922822	0.9063171622565623	0.17181427010031236	1.6409510006930064	0.23039640525462785	0.20223111974012953	0.37934422978372373	0.559231072521252	0.43092185553523293	0.7494486987727258	0.7588981877672554	0.27571008442457545	0.2594356080333199
0.6858528590335962	0.041491206872846575	0.5839917616946578	0.4675147093747526	0.7751505310040538	0.19242989454913617	0.3613712500920073	0.22681469507021035	0.5872024231616926	0.26050642246174227	0.37175451599956116	1.3528613459324408	0.9745529788862178	1.2154166732634215	0.8160533684419576	0.43472237244306305	0.8188340659203307	0.8108904202618981	0.4157832361874368	-0.014823605550162489	0.016762189067163313	0.8556504955898957	0.07212518696592318	0.47331628870732767	1.0177307065749508	0.831035083626021	0.6649789653788412	0.7426701733627201	0.8297531466521122	1.000418420361891	0.1500890061953945	0.3100346114372454	0.28256102970484037	0.3430916268430986	0.07976466805823479	0.20426760743336236	0.19363114834921413	0.13610569806860906	0.11960630010929785	0.24977368686384716	0.39391176319455157	0.0662945805227686	0.26648518646595876	0.2139243109168656	1.0549506937703024	0.6191747890080007	0.5272338584350275	0.7106525732205081	0.2985695527122385	0.14237335133205842	0.14873724638949193	0.1452412717988032	0.1474348053124015	0.7109868037125148	0.47234682682198903	-0.46656665847280254	0.3067150660161573	0.16879386043488587	0.28282116405643487	0.3276263556331427	0.10482215565286346	0.1782651284422908	0.3783727847055278	0.306839708576198	0.44625386673999484	1.1567777115787632	0.9398047082776082	0.44574977050236725	0.4776115289055914	0.8833065380091132	0.7152527807058112	0.4925347412891587	0.6670340920295923	0.5340920990318742	0.5670384361663271	0.09209734032728234	0.8505693402272895	0.38529240845440116	0.7237662026717553	0.7342381553528847	0.5193490224997952	0.5065400061940056	0.5190422845048475	0.3606799240609345	0.22712530501311712	0.8180686909677231	0.3412366679582419	0.6470420720198985	0.6193462129765809	0.7092079005514886	0.7701195915289334	0.8259537157784657	0.4379279939893147	-0.1542949207764449	0.6165393923485974	1.4068693967510635	0.5245053600369973	1.010564830824483	0.5175693638367282	1.4791266035322497
0.32790829260705145	-0.006093218397030253	0.9888739533727473	0.21792874949135543	-0.005294590244302122	1.1149836400477189	0.8851213386274028	0.1212303406286499	0.5727018447304426	1.0479210764237532	1.4941389151601763	0.7035832809064914	0.631666065320373	0.715139458177268	1.1829133089183959	0.4335551273451464	0.6840568154200187	0.7137551298449692	0.3149797917091984	0.7977576796643572	0.272178141548307	0.4150720435080294	0.7526537064735691	0.3703475351051523	0.5715395576146689	0.8326773270226693	0.5309007848055207	0.35950481701990555	0.5879191168403348	1.1272546222420357	0.6155884277641444	0.9887305413088795	0.8534804409687646	0.6847891621565695	0.3702941555528705	0.8258508522313004	0.42532554360732777	-0.033119129061691455	0.49360332532001205	0.5901048717382519	0.19924079961002772	0.503262814717291	0.5911766541536643	0.4887291719614305	0.30225662904433154	0.10520244677113144	-0.0185183785592965	0.17270744016743256	0.38548461983942806	0.5563752164777217	0.21401741265549246	1.0778236666569452	0.43051572458062004	0.7619863079143006	0.16515437934257438	0.060655925760814244	0.553017766797074	-0.04723171969763251	0.7101847521911642	0.5448792418870331	0.49851846327551796	0.10973814354816536	0.6635132219801098	0.8686779880869548	0.5501999441706213	0.5552268936505885	0.5749180780250288	1.0093076712621745	1.1926413587370894	0.5725581729627485	1.1140601443508862	0.10973030521449179	0.3345918983516446	0.7999265538135493	0.5298172921084756	0.1314868155172343	0.13126529370836237	0.5572951235398603	0.2703807410863953	0.1553265352037565	0.3217987003698348	0.7937107690983	0.20140620317171976	0.22793616285513107	-0.00048245749259423487	0.6804598424278281	0.39523855671334396	0.33970758182406524	0.6433443950497951	0.42270736933911623	0.9329815624171065	0.6518155450100063	0.23265401339627334	0.3138214001508227	0.478542508794516	0.07143190135143207	-0.23046185895165755	0.8638188267219962	0.20207091025496804	0.49251803830562
0.30765611463632436	0.29257085123137105	-0.03626516177326322	0.6908989668787351	0.22745313734721573	0.49147914244963203	0.06295343246520035	0.4778428958504327	0.6748142228814349	0.9391153418299538	0.09944740025359317	0.6047506676610407	1.2197483775454794	0.7294966953729667	0.4845503110196361	0.411051739390682	0.9408902786052655	1.0639756600574126	0.4441177263832701	0.5134219617777074	0.0627345785229102	0.5501266507511273	0.9882388400266092	0.35840521157529126	0.4362927389865441	0.37162642646145905	0.206484100431775	0.31697797378241266	0.6570040497131454	0.20706588144450877	0.5968448082149738	0.8756794282627203	0.14679175919483478	0.48698907021863735	0.5547394184578592	0.13707048528507015	0.2946295429073774	0.8716310303020203	0.15179471037468184	-0.15665069418693955	0.43940133962733186	0.476925845530386	0.7921746473513681	0.4898115786242919	0.16144952510308297	0.20053367886441376	0.8983692196802727	0.6050391916683678	0.149814411756945	0.666452995690583	0.7356210907282956	0.6604006785630461	0.05256839584973849	0.5885971632564915	0.7191801483506028	0.7038716160383084	0.30609608902702723	0.845045400950766	0.08476884692889808	0.22307367255930488	-0.04426010935336522	0.8320982138765171	0.3224853517320302	0.36770871507712644	0.22848183392565247	0.37250713074490555	0.23806028600751888	0.5202240369084967	0.8407515176008367	0.3495893013133792	-0.025105330039122187	0.6725892304850628	0.8475341274437505	0.4347031668590141	0.03456620017193224	0.6682629091550459	0.1216004213590427	0.1977653055130817	-0.012898976600268508	-0.10047910495228807	0.18774246407546125	0.08977278970517366	1.007799550309631	-0.12481154112694792	0.35088030431177797	0.7260986860652926	-0.006404843545804395	0.6669263177191617	0.5749544712805066	0.21506777019961087	0.6779833567344536	0.5787626140370613	-0.06020616317455285	0.5994360330032178	0.713909591126184	0.6382672769012195	0.4484587091747668	0.08929335283195228	0.4124876182381526	0.4244364107542382
0.5725126553535791	0.5416800184986897	0.15000947988406377	0.6095642641979527	0.10206257612308012	0.8423415146982643	0.6110109908881454	0.918870695270196	0.7092004635782743	1.2923637895093543	0.894141464979564	0.9423872447923827	0.4865824545761342	1.3864141942723502	0.808163078726368	0.7753030438121744	0.6528078247235265	0.4241402608981864	0.8735876014337872	0.3403956025337094	0.8970969153573843	0.709013564316972	0.7662383678378336	0.3584063212189136	0.6849870398069026	0.5314025673181484	0.4801219288633721	0.574952440868772	0.8886743758428223	0.5607628265220101	0.5486815058933324	0.4156003505307264	0.16501977359937003	0.1053527055722443	0.5778244693778635	0.1269614596743842	0.21301745987437004	0.21990713574455134	0.4759610110950473	0.44806736883915166	0.7990684784827741	0.48475999338935716	0.7346436724620895	0.5268643443311655	0.37388947588434707	0.7565037782045994	0.46208714104973114	0.025145124442574218	0.3771998733423049	0.47625254461142336	0.3669218791446717	0.357202187067305	0.13445363314543002	0.27892539695104934	0.7091758986516233	0.8343159581751848	0.7739009264621532	1.3460409151573987	0.5106837487900162	0.6952419328630888	0.17323912333987457	0.6244315472098504	0.6101238176184742	0.06042651839939117	0.4807860693200898	1.170536299512118	0.2883096072361542	0.8293924624783523	0.30855928260637094	0.3378916479527145	0.7963097016739091	0.12625615685555602	1.0571477450902784	0.9190919809846803	0.10414769787140088	0.2472897405878195	0.530459110535226	0.6408994390675105	0.1413719583751707	0.49812818536464776	0.05518345367203159	0.5487958672371818	0.010582230980861085	0.19927825529025023	0.19588143756483922	-0.05820316477582832	0.4035676639571364	0.3134825422088158	0.992619036707122	0.667789303813202	0.6381782832049396	0.9995428393266589	0.4022636882665255	0.13399091175486177	0.8404376384450546	0.2952138501300602	0.2834361274409729	0.4726835126956286	0.5044618020112465	0.5112369512715071
0.21426408962698484	0.5782354166579868	0.5152024467711315	0.343839614138443	0.6339516381478534	0.6000934683793231	0.3175386368465567	0.11189618096495946	0.8421449119576252	0.6170023498335535	0.20589178960934718	0.6931959541754682	0.20377877400350808	0.522720790610665	0.14894287904606762	0.7671103130194944	0.6549187626987534	0.8607804974925386	0.8792007468915397	0.3615943065143997	0.46751128600613	0.29340311033524014	0.3109862370859843	0.7979854579745046	0.9726815058933326	0.738875133844686	0.3092596746619337	0.6118148603362817	0.3794271794636769	0.30887362284060427	0.5948186378464859	0.8785429101549751	0.6136003977496038	0.7280200569126354	1.027684622339251	0.2399315826240086	0.8071525378063498	0.4470411276423476	0.8463994508722299	0.22542344917235024	0.2640084174593189	0.6980074258628903	0.23455937704412605	0.7609194001536003	0.9611945376091416	0.3535828559365934	0.5312795649197071	0.23483741846063683	0.41333459713270304	0.13000050829732895	0.7381406858680843	0.08850377820459948	0.5214506583561443	0.4554249837858707	0.2127606072347653	0.853288418459248	0.4647332327849	0.40698550519338206	0.2203479600750502	-0.01976132523946217	0.5295158426278139	0.9050688326243558	0.8129827192796065	0.8268688301245327	0.703063237187366	0.46483963774788173	0.1362816897691969	0.696530704075128	0.4892002274838866	0.31675470487507135	0.932809453774802	0.6504488876482359	0.6227850305047837	0.8615064460711811	0.42839737324161764	0.4006233100155405	0.3429562655978535	0.3455916150383793	0.12792598718701864	0.34073512154000196	0.5382071450494479	1.3393741540529769	0.3736066778603182	0.28560736253404273	0.33457328300356504	0.45676497498093893	0.3480113450297271	0.5939561947695371	0.12070394597049383	0.7208418570351268	0.8792344250615581	0.7906206893678366	0.7427889496716205	-0.007345538024389864	0.9074083752400872	0.05938116605629329	-0.09295025491249931	0.004827113635006541	0.21873901709740007	0.7293465435087237
0.8926246793629895	1.0833749095550176	0.8531467534938498	0.19506439404986586	0.5782013135180701	0.30140074939136263	0.2580945308040681	0.14092603440589624	0.39422835743579276	1.5418938672399594	0.38736374229047665	0.3511971818662845	0.30597145757731053	0.6291079520756169	0.43546804601340733	0.2214722012746319	0.27486252640437964	0.3809494896889248	0.5415607700010137	0.07645214575078718	0.3675645475112179	0.5204274155580647	0.12701309212819645	0.7091805733205008	0.016987464776800576	0.17062871657702028	1.15312351069577	0.30167864915124065	1.2660673924485906	-0.10432125641100415	0.785983002592872	0.04614909082828855	0.4174010327046279	0.01595902790219028	0.04476705261155112	0.9418199127561798	0.15884445407339198	0.2654276516524524	0.8174246768631667	1.041506446071181	0.4524748927506524	0.5345596131385137	0.268114680765668	0.920999445872584	0.29038493106738267	0.24480088354852642	0.7529152685018144	0.5634686598588156	0.07088560393638782	1.045968978586239	0.7250534392702739	0.47261112754513224	0.4242225022949764	0.7221439439706354	0.4577026946702386	0.6687320759223999	0.3449005723205718	0.3456777992114448	0.2223187676983991	0.31495950009096574	0.24940393666559735	0.667484950371571	0.6674558524326748	0.7589820818247597	0.38334028700744804	0.8195613838464221	0.8495895374077669	0.9228943394287348	0.35109247678289457	0.47656284763162615	0.7427850068953448	0.8467846055348857	0.4683109057552868	0.40975647558297956	0.4893401453508155	0.6556473319250998	1.0383128181198276	0.9440906824655475	0.40031489575044	0.03026408962698479	0.005348243388315521	0.29751544126735463	0.2434096973686587	0.17757543146249366	0.24468193086323053	0.5602052799037845	1.0874532317849708	0.4809837817043515	1.053925302513294	0.503923626243141	0.5630634024534374	1.3161490672188498	0.5515990992304711	0.20921115865403972	0.4127696260403778	0.8581043523305988	0.1389366114344679	0.5028544880848718	0.22737970227108917	0.2506273236201324
0.5137106510511061	0.27737743576496676	0.4567035446100346	0.701784369440498	0.4482568179198418	-0.004351912572859495	1.201980452773484	0.7670636149383863	0.13109075329386394	0.5479218319257941	0.39319486814128446	0.6784437407905829	0.5638892870088369	0.6264128013154624	1.3737727063777427	0.3996371798664261	0.49186094457198165	0.7157810641190693	0.4619766752632799	0.1005353551345669	0.29078961073590626	0.7701222593955149	0.5491241481506172	0.768929741087784	0.5451799830845315	0.5443472281824483	0.08195855571341482	0.6708206210393431	0.2294600076938994	0.5231225899276578	0.21650850009235467	0.8688968892481226	0.20526300359280114	0.31873597147979793	0.32642925709428916	1.0271214802840354	0.6851743876475416	0.2714553330250219	0.5759265065946718	0.371008606334829	0.976253937568311	0.8727534063559387	0.5568340187014531	0.521274630547003	0.6324938150214361	0.7645239517756381	0.7807467012753262	0.27071623398898137	1.0976056973742137	0.6316054376703872	0.31913438214793116	1.199248035208617	0.8717471498546632	0.5112219356684458	0.09541816065806447	0.709559377044126	0.46844888764823606	0.2599531491519351	0.605788264997896	0.4287594267628265	0.28173278420556325	0.6305131983706709	0.29087225349315526	0.6098466969700757	0.5190952154777926	0.8800111797636556	0.2135367953103322	0.4490919337658027	0.744674493890016	0.5948702230814206	0.2800928073150374	0.7401198276233211	0.3941442272839008	1.1880029636789615	0.5104481321461952	0.4999785640183821	0.8104230950307686	0.6052273186204866	0.18650838204516063	0.23809767085942524	0.13909880411248643	0.11348343936748917	0.4549843011120046	0.7800410568140311	0.8000383181191333	0.6382887962102685	0.33312199969168854	0.5984287612960749	0.5122046424489377	0.20345214575078707	0.8082560860272398	0.5789798625375147	0.3692362902072215	0.6570184514707985	-0.10228271469659789	0.6826068667358285	0.4768513716389533	0.40038029250705853	1.2139081981692965	0.35987577129953296
0.562463737985226	0.7366281499504896	0.07365073168428349	0.057815875542149175	0.34923192246104795	0.019924806715080012	0.8474252907085748	0.7199248539339576	0.5209476481527002	1.2248368990529839	0.831417688469289	0.7873343610383153	0.5790839773849352	0.9177507384893571	1.12452565165523	0.5876938411306977	0.21141808982974813	0.6260607581962944	1.4066992240827385	0.8557568061151223	0.724177079123562	1.0122598399280052	0.7327040167988101	0.2854815270029484	0.5988419514728819	0.05328801709878883	0.21587513384468593	0.7310979777821293	0.6833197120759501	0.04948407682233624	1.164232323821507	0.37428799348935005	0.8255390618164548	0.3890111797636556	0.6083704237616502	1.0075345760230874	-0.12718341617468765	0.35851192346097704	0.22979119256830427	0.530842659756045	0.8346437196809671	0.18369639095008544	0.5462206843681906	0.5419934726845737	0.3732141681630884	0.896130817122676	0.7088250235052795	0.4649354184634144	0.6974344386717051	0.4172961734654906	0.4853527875108847	0.7332169068579865	0.2998010724240366	0.7584405062974706	0.7384411673617564	0.2295276348480872	1.4659752350875146	0.2722819258635847	0.29383597828487146	0.7129774543747596	0.680841927863443	0.4602069089550601	0.45204183592551084	0.5925977298830222	0.19648641415677492	0.19554387814196494	0.38964896097637525	0.3125939759822568	0.2481239592751069	0.7729264121569167	0.25228714354955406	0.397561596331371	0.8603961927696788	0.6136730773236896	0.7133924624783522	0.6025843433312361	0.7067251111379611	-0.021773767413697076	1.1941169708812294	0.16325953300530105	-0.13212826591449772	0.36195867376060864	0.5696777519925673	0.5158173157179146	0.5258726548536146	0.11809453080406807	0.6762328432291601	0.523594707874859	0.6085692221800956	0.6762044535734275	1.2120349891882658	0.043064960676396535	0.09256823058366703	0.2841587706981866	0.07571709642789193	0.8013571205372952	-0.16995150621275434	-0.07750839176669433	1.2834088946477402	0.5691579443678295
0.5627418974489307	0.4620997248805987	0.8585140719199057	0.518872607634737	0.6640628358269067	0.5415347648985975	0.0715362286838016	0.4073930527143216	0.921388378045444	0.49808289135075157	0.7190247663012759	0.5520288743436229	0.6739478134187717	0.816807777504649	1.0183907153798828	0.5302538431305561	0.26236440335476235	0.4982277435903845	0.4685604158594322	0.40872546527954273	0.8648399682800247	0.5449804763829228	0.28206467736313123	1.112564004494126	0.6162285227018641	0.3305062808051097	0.9767336813642367	-0.12065255933260277	0.554014626741717	0.5573742957096094	0.3010375862265312	0.9523678739422624	0.7893132666991644	0.9993420104964787	0.8350093382274312	-0.008545540524212858	0.2223458352255604	0.30559789514909363	0.4003203023119195	0.3644533026132871	0.19014462864435994	0.15205624879348822	0.36652510863813814	0.8906882929125853	0.3394091418524521	0.28154551830356467	0.3666268861511198	0.20687658513077548	0.29251535793992367	0.3029046442543653	0.766238780308617	0.15329735393742944	0.867355785909609	0.47696494137220835	0.3421607177824904	0.8166652625994548	0.44974903860976506	0.721697382546514	0.40355963674795253	0.9058385281042594	0.5573681100366502	0.41612414815061716	1.0780425914275518	-0.13662280032942115	0.8975454835838016	0.29363105391145905	0.10151902990204864	1.2271002678976903	-0.029456287124106417	0.47548766545703003	0.95459237054042	0.7804787410891728	0.8557294316652571	0.6622040049940907	0.4023112362874296	0.6771110213026579	0.5985825017950117	1.453307624043297	-0.018244279919061246	0.7425345524136484	0.7532044299639887	0.07992754540997782	0.5212868366268499	0.26348145617463203	0.5058442888073206	0.224874708874788	0.3877640306033878	-0.22981909614735613	0.48892983552553915	0.33573391745862446	0.21762066575839767	0.16045342066048107	0.4940397346854598	0.5295179674773037	0.48759673828659356	0.638518770198222	0.6585184868849566	0.1238807765005534	0.3789653552317822	0.1402970122949624
0.05732337153896039	0.4835111679589361	0.6089013750414901	0.7933183899473788	0.7090359807846943	1.258089903354068	0.21117155451488856	0.543334597132703	0.44683076059890203	0.2956087902106935	1.001221180166405	1.0435851696615934	1.0526411698615792	0.11641858562796242	0.620700121241412	1.0207281095366856	1.1578365213019635	0.6688391419496675	0.53769823248631	0.15486654000897154	1.191869231484992	0.6811467534938497	0.5814533498321647	0.25664884292918144	0.12475805741537749	0.7073139513728889	0.5853160998318173	1.0389266246418656	0.8393176108358991	0.14623385843502756	1.2799252316849778	0.3048672246826961	0.3905343399286995	0.6020098104162067	0.24584180981624915	0.4767316981713795	0.18795905151162906	0.5622390997304357	0.06412641465673963	0.11400756751952296	0.5486434835865794	1.1338345617185448	0.7534959870898034	0.19874450559752016	0.4849651302477186	0.31065801450175057	0.7731829925935803	0.5290977055791881	0.9998748852511835	0.5621245606214005	0.37184781772402237	0.6519629345699123	0.6822704988952172	0.3954372954137971	0.2693807758061581	0.6848826527565408	0.7419402583983634	0.24486021267937963	0.35794904110958803	0.10111628620750479	0.8562272477921702	0.6492585414088724	0.001761480783999958	0.5338771406469819	0.5897418030111756	0.28868795127011837	0.6138008724382021	0.03432849478717481	0.5586332259798263	-0.09609095189090766	0.25837682191955846	0.3519267190796208	0.4698387405892083	0.5492273894488029	0.6714185620185238	0.6568045902304142	0.34919465565633545	0.28919640275480485	0.9956127329869688	0.36975170647634675	0.5879211472520696	0.796644782105712	0.43436792116114	0.8462303406286499	0.5346190603165609	0.6161747653985621	0.8411513101155333	0.32426234252851527	0.2632374470697214	0.17342810023178912	0.982094011396415	0.1803478656372951	0.877653092628161	0.5798494356649738	0.2112067909078662	0.44632150639329704	0.4564894361649383	0.19215728330354376	0.18279558392391648	0.20548974308764245
0.5302895044934316	0.6229560058940269	0.22937464985119116	0.3044302014718402	0.8186521718600487	0.6064532317849709	0.5153096780644705	1.1324189633789827	0.6752204010549254	0.47180399999444483	0.4092221245439559	1.0006131815663057	0.928169288008766	0.7623912347875359	0.4159490411095881	0.5998957796045001	0.4823683933499155	0.47334323818729496	0.4847315092958694	0.8888666816656041	1.4215092319849565	0.3745084528734771	0.20078713174483476	0.47703418646734747	0.027062009496549577	0.3868398738422695	1.329648465178161	0.36920513824715195	0.3389561947695372	0.2301493269226763	0.721010943669268	0.29881580471383284	0.23908980891631293	1.0517837792045286	0.24336872388205838	0.21448046457820347	0.47337212364124204	0.18245811893879738	0.9805404783827814	0.5327303052144917	0.21222295087431314	0.20160900269564236	0.10402497878622491	0.8189390307075471	0.6074639379710604	1.0152128224250783	0.4542663672434314	0.3460408318299676	1.0715689027582769	0.6390681590609554	0.5941801830703658	0.7532663436339926	0.5917115829295425	0.4374347928132869	0.7082405982354028	0.4622716557577172	0.6046333787467832	0.5802208260248233	0.2806412170804568	0.4511423857476762	0.581284097931952	0.9162631688588725	0.04745724538956264	0.595570237385963	0.9958807292816759	0.49538333812466073	0.08944101459479947	0.06191306171368427	-0.266198985905165	0.28943976329454446	0.6710143670378904	0.35453995897512813	0.22181231051689393	0.6872547638986684	0.317448155755634	0.6528032917112815	0.3764176648598502	0.2850580195013964	0.36097292136251463	0.4956686859680773	0.42261580221400985	0.4473395078959685	0.5708102328862816	0.7133929582765666	1.070367496191242	0.4834539872870116	0.5638716868666247	0.7533986481513114	0.8285375744218119	0.8433727374866502	0.8859834039533311	0.09829174739011548	0.004543712875893613	0.3925409033526792	0.1616511566541815	0.7107627320842551	0.4920146739605944	-0.16070678882468042	0.5021234870863314	0.034043937165561866
1.450203131444856	0.7553712264825686	1.3879283953497739	0.36939786903983196	0.935508240388528	0.535619792209163	0.19770085313401414	0.2987255124984202	0.6567487080776222	0.36941412344403385	0.9368329326672693	0.7412530404096376	0.6526425392090283	1.0759780918296065	0.16944898208599107	0.6173952956110053	0.016256440168821384	0.727201974582356	0.4770376806642862	0.42806293026466186	1.1032580928295357	0.6857570186000714	0.5976434363677018	1.1556976894692181	0.2832551888685662	0.36608933672753735	0.1669796736620045	1.2301765833253477	0.5681485714206355	0.49878363754789595	0.3807568061151224	0.7422013843463866	0.36422819216972135	1.3163951775638114	0.3822861755625644	0.5114823533333056	0.12434491445744811	0.7325380466105874	0.3578975267029697	-0.06704824380495267	0.3047780893297836	0.3081355154009924	0.32182993426854484	0.4215480209040748	0.34007628070789425	0.8006845626212586	0.3982680199041456	0.614599771405081	0.6039049747865082	0.9855975757272748	0.6254580356113665	0.40243214855614395	0.8004603021174889	0.4673508279274662	0.5522969289675315	0.23110599249219843	0.3219686952729737	0.5826365188021405	0.22788912174276543	0.5118909632789901	0.9155888055151649	0.4047053625368203	0.45959456621822625	0.9507091164375857	1.1890468411265311	-0.21645012506058597	0.6845774146553508	0.010885758092135212	0.8524128846428933	0.8318803515306555	0.3212079477703662	0.6318165366064349	1.0070349419693883	0.29444801409900134	0.5089490647190268	0.32347307482386667	0.49288874399174504	0.986500449273732	0.4896119774849282	0.7905593062158098	0.5827515176008367	0.8007265513137265	0.8473128653387052	0.541814411756945	0.6855358509327811	1.0336184700805915	0.12809129631095573	0.35723095447405806	0.10601240745447205	0.5250673688391518	0.5910118644373802	0.22770486673860602	0.5757889496716204	0.3506741397484345	0.3483992856061585	0.26587447278040033	0.08065198298453857	0.7808166310441899	1.255901044509347	0.2933169733810522
0.03803317126148009	0.6646461750625997	0.3807288650387264	0.8891740807248375	1.2135078862469464	0.40081306601893485	1.4764476127385422	1.1237782073769775	0.38166927620404667	0.7219445317067819	1.2490006263445228	0.7719471995733637	0.16897606141787175	1.152417192671075	0.5571946084374579	1.2865560717226974	0.8841699254636131	0.3053381385485195	0.9133673545346093	0.33558941936057307	0.2161468007127273	0.37478614014840617	0.38367076359868957	0.5608361671603816	0.4917556728620612	0.32483947248181033	0.1715658224209119	1.0849240039941614	0.11742441715934016	0.06923081281742549	0.6282277199809456	0.44686479291050224	0.42253379691160764	1.1677278734422978	0.8520861258438639	1.1232846409490438	0.37317417516259266	-0.009826462292254257	0.5818647693010635	0.4140868577364659	-0.04766674860530712	0.4209707256847084	0.32405372258353926	0.4960506769659372	0.7560485285070084	0.9529891049384003	0.3754089765863807	0.7896585102999649	0.787991347835084	0.6851285978354311	0.6907945798283732	0.8006556063389954	0.3645178133215564	0.2974372481949195	0.5135770480146544	0.6229692382900656	0.36211146988199444	0.27686278610820625	0.7189763919500146	0.1429225638183962	0.4895058558352116	0.2695362522932404	0.9255072724015381	0.9290095507123801	0.09009514464947632	0.42532141195554196	0.3587142632952388	0.22305111443494974	0.5918312452867922	-0.06914954912915883	0.5768486329440554	0.22862066575839768	1.306423283906279	0.4359773363275657	0.815669772002261	0.5615576063362179	0.8403629867884357	1.07289212014149	0.4590590819261414	0.2816428933506099	0.8117282511933182	0.6110051593567678	0.6582287824056907	0.3595367244820159	0.34587159242886967	0.6667617877067042	0.43103938054387814	0.4991482644979315	0.9174284307639321	-0.14037546229364312	0.156424535206534	0.9855916858666957	0.40553563844783214	0.06958984433047105	0.6594236380478604	0.6642005344065905	0.8098967239820513	1.083451838828083	0.22889686563868394	0.5945050531142934
0.5473375955314276	0.3598647456916247	0.7686981616579938	1.754255188868566	0.40825662904433163	0.7501173722416884	0.384891175763939	0.6741113282253617	1.3501684852878477	0.43658446137843016	0.6350840246038127	0.4733891807663623	0.7189995639197779	0.4820277883094392	0.19405509193098824	0.41538944047018894	0.6831122726029129	0.7836414059559671	0.33908862844437404	0.4749795320053718	0.42314585633517626	0.23284301389762663	-0.012826438682815522	0.5441994247629681	0.49886446237835935	0.6483697626973646	0.880565586326524	0.3425908123174608	0.6980084882876352	1.2950369015528067	0.9446179506729384	-0.03988302911877073	0.8825848155200117	0.4719726144398105	0.6181385374091557	0.6124465267043585	0.36028225639572753	0.36550229080995644	0.6968054873890877	0.6988329562767082	0.6862476102387192	0.5220531323475699	0.33908062484462903	0.8425529316673402	0.07380036414087338	0.7783795717247806	0.020717957478011972	0.7784389244650727	0.5178822041772041	0.677046899455733	0.8871024038575044	0.5663780843301377	0.7627682678032528	0.6415778743450117	0.7255815810268995	0.4705569688813709	0.18350226720051777	0.4237291955708693	0.44717448208529675	0.1897892802037633	0.4882877810044012	0.29492379150921255	0.22986904260948182	0.6134560176987465	0.5069034054532248	0.06335039184724423	-0.008620840746002667	0.7235237281803649	0.7868833027105024	1.194546498789669	0.09559744656975688	0.7608981877672554	0.8787292427897467	0.39564459323020174	0.4954495014936442	0.6795873417299607	0.86619534033006	0.830697170061565	0.5271715072960109	0.06358882912460367	0.700423685266738	0.7628119091564347	0.6337866359466205	1.7044827074748874	0.03678984683029396	0.8221504601757376	0.4368978336256737	0.41850812234133417	0.9248124521735266	0.21059168586669563	0.4435054780841912	0.15606283582690678	0.435754327124051	0.5642802023745539	0.5255305388090565	0.16633709973321342	0.4506696539550671	0.4174228589363809	0.5767853374274876	1.5798652887087166
0.3715588104175954	0.8318912229828164	0.592808509397251	0.30261528280635674	0.22764218506744666	0.9317533355276224	0.6576987755034018	1.0165021727627628	0.6608650998332062	0.08939033762886245	0.6695017714023035	0.45072348208668556	0.4711388679412986	0.41333372358346837	0.3723628215223644	0.6949464912902001	0.085445417060736	0.03419725269460078	1.040477773102183	0.4488667288844818	1.1696708108175669	0.6153946817655971	0.8134777258833055	0.6192805329066969	0.6270061273437575	0.5003422702003052	0.2535085473112322	0.2175941412483282	1.107701726683249	0.4199523700404554	0.1912570304047908	0.7751721211414191	0.5271935932315905	0.12766627780532214	0.8596104428714078	0.3164463850477258	0.42222226620058856	0.5382749610791457	0.7026368965531609	0.5522773220230233	0.48427470137531925	0.40408102620508823	1.2399732282852187	0.2712495698221376	0.740773745193049	0.60624489515326	0.2363029729838581	0.1819975335080432	-0.052529734699347685	0.3782731667617988	0.18141230551724813	0.8438245040976264	0.8572412592996884	0.896550216581881	0.1741090381098006	0.2280319435706637	0.31189674759149	0.09678526659917147	-0.01993553512181767	0.4433752636965992	0.03856601129642212	0.7125369133575261	0.4993439228610195	0.19792789955155954	0.3203468268219891	0.4532911335447073	0.4153772704988953	0.251601554612104	0.5740461092339292	0.6416310303020203	1.2569318895467125	0.3305967146771548	0.24151107352118106	0.6164554746816544	0.9101489491716559	0.033063213577927186	0.5894496667597156	1.001865548412543	0.8725315540149241	0.5556178562351832	0.4286747299844039	0.6298967239820513	1.1409003598356227	0.27895671417719015	0.5905683958497384	0.12082010163168999	1.1332894808839928	0.40950920837551785	0.7295910956307262	0.5904798507327954	0.4535046989727116	0.5730347767033169	0.6793372886087236	0.9105824545761343	0.5081111393498516	0.4497228682412774	0.2761958361282742	0.9628931589567962	0.7922546930703519	0.7143337944117847
0.7915844141595527	0.2760558710424678	0.59227873858935	0.49850203110613	0.6670291812663269	0.35530847398309284	0.6256175257030405	0.12464508902841603	0.8450318019140312	0.5062258312258436	0.8168617000740226	0.7537221599581141	0.457833711778749	0.7696964145595242	0.9225607227821362	0.5726143856476833	0.3214473766441544	0.34255895207422804	0.9520334073558678	0.23539314715207676	0.46680652620439383	0.49955751189846276	0.7945862793052159	0.18783746567951437	0.5013961219413625	0.08642642396163602	0.5355667904079018	0.5687872261825899	0.9887303052144917	0.2274234255629115	0.683116593130209	0.6645303499335464	0.0879420054968329	0.6752486018351477	0.3285259349684953	0.7082228800459967	0.7824478724423686	0.6095823837478178	0.44919340435608035	0.5840831746640169	0.32011210733684137	0.7982238716424254	0.6274213243228604	-0.17705126581311598	0.45847144577259114	0.35005471417996775	0.6920850634191189	0.8402213926513538	0.6305833517348076	0.42202658422806166	0.24199720297590033	0.5437710537170284	0.490635503596273	0.9739988320271757	0.36663965885749755	0.05706092346236591	0.1907305649183183	0.5595391090353322	0.302399120340087	0.7173987189796278	1.2739815388076678	0.6832306711607927	0.3857050556141163	0.44856601129642204	0.06620608262470296	0.43420527990378455	0.22912287324092329	0.7281219524728109	0.7950970334045784	0.18484801909864723	-0.0817875192173888	0.05632271047467474	0.6628241624551593	0.008235558314619418	0.6516776575548122	1.130539227082526	0.5211751431495825	0.4434777022738667	0.5537818668399879	0.6487568061151224	1.1450082285838086	0.2696756979713937	0.7273716750619054	1.0033446547536216	0.715262271700199	0.6854067934076893	0.42215395437267633	0.1231786137370825	0.9162302698003335	0.5148936311455716	0.5370328171198984	0.07055829100994232	1.2000274105584188	0.7740515505151717	0.3258025125998019	0.35413782912599245	0.7475006145398033	0.5905556467527995	0.6857232459922978	0.3842493337277499
0.6284749163600911	0.7082218176212518	0.5883616410504255	0.3515853821465424	0.5558924034547552	0.5920864563760067	1.3486453959511202	0.7580349655788271	0.7831741279437151	0.34870144336998354	0.4977282039744407	0.6358370643190552	0.3246696067361895	0.5501438259234416	0.36092100559543705	1.1357021280437078	0.30778465275376327	0.4153393662393358	0.23594977300219006	0.4727566880679285	0.8420616081360903	0.416225807616405	1.1987506912704795	0.5729773599370045	0.5716496692595385	0.35845526219670554	0.320647827723314	0.7943151082353889	0.4693419396681624	1.4532253354276294	0.14425245017366822	0.9241412524946149	0.469056059917978	0.25297424349108605	1.5165570397096872	1.3602201885699763	0.7906687804058323	0.5650558002141515	-0.06361136225072944	0.3729730630191473	1.1843640492131806	0.804283153554401	0.36089462274200024	0.778505289208681	0.5165868931506241	0.2398351991733919	-0.030080292923695684	0.6820310228025515	0.1790304797854596	0.0624709499743768	0.269667977684914	0.43689108132618387	-0.0415531191540599	1.050698020001361	0.18692348458650848	0.28098165685486176	0.2239261996719677	0.15401099088814552	0.10564834713096716	0.9641200401082701	0.551341467479387	0.6292281449508438	0.3366729592764957	0.25953651199706695	0.898065220380223	1.090647827723314	0.6793661268437929	0.6849785640183819	0.7297603711403776	0.4477353812438286	0.07034947107913192	0.11229007111996236	0.4505961008317466	1.0229838053137903	0.5050931378471804	0.3741786137370825	0.4016499525728039	0.2203408300245399	0.6722012899086316	0.11047944937233617	0.6037563575357856	0.3908433916486471	0.34875895457405104	0.563372336126191	-0.19520835885235904	0.09862857492038757	0.5067658249207349	0.45862633202370384	0.5678437930091063	0.8784495487125218	0.24500098048610452	0.5176411462521404	0.6736371562569873	1.085607444472683	0.532772777206059	0.533943256797088	0.22799956391977794	0.848442371443134	0.3230016415503902	0.9757812766040184
0.5032024231616927	0.6265042976122523	1.317919966780131	0.081168768601113	0.6012288532340071	0.2233966885678932	0.1497876983713653	1.1654535623171136	0.40014847698288036	0.1444533970510422	1.0643139041540115	0.48114580911629873	0.9091189776835251	0.2562835076959826	0.18531149599125618	0.2595906706608282	0.04964820547433457	0.21440110353294428	0.9032316863666602	0.308675981284659	-0.04457650360877213	1.1665329469718118	1.0733609091578233	0.19150613914847703	0.2548430375070654	0.5741508615361968	0.2121501296435947	0.3809261288436513	0.9368135382077103	0.6441708698411639	0.6565291458521689	0.6881115643197496	1.1111135947314843	0.5157829764836102	0.1338918368282247	1.0359731102380247	0.6443354470724991	0.8872259256635988	0.8384475419102257	0.6633083795453377	0.7688957323856227	0.6239817040737392	0.5144250782236257	0.6500361932696435	0.2917301871672979	0.37394977300219007	0.3971991414497029	0.08347711203789732	0.34255873958927907	0.736446361438287	-0.05407684594563439	0.7908110119977614	1.1462530640190765	0.5062280269036499	0.2729780210012902	0.2398420223011981	0.5659532199802515	0.5955678764420853	0.4609275926288553	0.25292943416507996	0.5482325835253337	0.19284067656318787	0.5324229297646972	0.3048949060552656	0.1461715545148885	0.6122827049750643	-0.010387691982928937	0.7248632110781043	0.17189752670296965	0.612955887846833	0.8308728437291248	0.6994533026132871	0.8553728083149664	0.5230931614566191	0.19629047248042153	0.4882645854251991	0.602594046810573	0.17689781001623495	0.18823078920798675	0.29356303650713633	0.948785526302998	-0.12909923880391805	0.7982083491308255	0.7356785547134854	0.4086822850048121	0.24829694146664605	0.704710556613351	0.6638446193394635	0.766065031504713	0.8559487105774453	0.49905853890904955	0.7971656993740721	0.2158022528959755	0.8037467721036425	1.0979124589786	0.5703568011154765	0.26866474319180167	0.6514432922112461	0.09753273448686273	0.47723100169293564
0.6159548018126493	0.8239531019330576	0.15669910603554477	0.8183691016330787	0.9188959920894493	0.6540097868067678	0.8886207129772752	0.17856775839489147	0.4127066138370755	1.1585092555943954	0.255287899051595	0.49222984483043564	0.4907046778630957	0.6283967830056482	0.7008684287640736	0.1995925358064915	0.4784009382668728	-0.2918184114736317	0.4992903072143502	0.42748334492973417	0.927508665358426	0.29711671117740274	0.9200869049553435	0.6163387996128051	0.921144605034921	0.5724546955701749	0.3056505191993345	0.4888950713213369	0.44128294106945204	0.46088980641648997	0.19566561674103639	0.6531674228631028	0.09800265675625752	0.5839206514538553	0.2383348804459684	0.5187230335073488	0.0024488640387972382	0.7656400838273955	0.29655753550790154	0.7427826223420286	1.0848418098162491	0.31437238334506856	0.2528740478105024	0.2174846670583056	0.3931212677990865	0.7239231068354879	0.03639536643932173	0.7114794493723362	0.11200596207768615	0.24950524198980356	-0.11310072619856093	0.08764723748734471	0.6516453723416813	-0.041686780519713196	0.10861953250533651	0.9026477332855589	0.3981506726606866	0.018210733684141833	0.4464341442481158	0.18403864865127617	0.6764536095359912	0.7906481582554569	0.24767184963287325	0.3182799898896051	1.3415308693411994	0.35844456712094	0.39916673818937826	0.5530024914901861	0.2380329115576536	0.5648981405483777	0.5642862936097582	0.47131605261293996	0.07695506151647591	0.494564948871677	-0.07106896039308319	-0.023623461393706857	0.11540254370870962	0.7561213150179641	0.4785373147179851	0.16695579340907796	0.6162870255023603	0.14151367055944652	0.3838778961490227	0.669156622239258	0.45284785383257586	0.29698663844644335	0.4267661790623164	0.7581788262220316	0.9608150019929144	0.6415895137983282	0.6593646158397113	0.547722797412961	0.7279997764047269	0.3406657347882303	0.44880395277556734	1.0513589259649663	0.6414710916310096	0.7608047082776082	0.5217021516531468	1.1503170914282461
0.6341797705995826	0.5814567495913484	0.3684559704798688	0.6565368661386486	0.22361818676732625	0.7482303642380885	0.6566779408680774	-0.15368205863195794	0.12495860293229233	0.6921797469901437	0.0505939287633792	0.8643144943899808	1.374761811316143	0.6207895871264675	0.3570101645577882	0.6053134319652359	0.9297027891079938	0.3441517350854314	0.3724556871666035	0.6851484297640028	0.4876179034540609	0.6969195890291103	0.5302542917098928	0.6743113543346234	0.4003673309251706	-0.02385131053217071	0.7328997223807758	0.5395047461915892	0.6222786913704723	0.25491758222681454	0.6029724255643003	0.4036389033554567	1.113502125543885	0.30883810313436133	0.7027797183810592	0.9064481321461952	0.4559474828866289	0.5146997434903917	0.5771730183000926	0.4202014551747029	0.4282610912282603	0.4090679826845599	-0.12826343828423264	0.2417933882461103	-0.0631249842025079	0.12748129090856064	0.17170314324957536	-0.14043644408521067	0.692812711877353	0.5861461396484415	-0.1755184729970516	0.683874189467135	-0.006683475198284494	0.13676164605007146	0.5408187086748023	0.27628964615006435	0.1471518767420642	0.17826475069127046	0.0550969861857008	0.3922340000916602	0.9765916622572568	0.2388402043744124	0.31631189735171533	0.8410021137391657	0.849694549413861	0.5793866545564134	0.8496382659006096	0.6632787858082274	0.6170039316659515	0.46806248168532505	0.43048287274095864	0.39962257812293855	0.6431815885263683	0.36759817846235887	0.4233196412476339	-0.13615091847660782	0.7368799265607576	0.6313447964102543	0.4543423410286216	0.6949538574350984	0.33723312654242543	0.5947606072347654	0.7232919362656256	0.4408499078537492	0.6359059316631739	0.4627103205189632	0.7060975292027926	0.6283153207203378	0.6874520277035931	0.3695598964517791	0.66272416676041	0.7689733463324127	1.31616843806897	0.5887525564161427	0.5009170156002839	0.45944442546430736	0.34886127510412457	0.7508922381886838	1.0532837910092478	0.1593173747415113
0.26206824238838633	1.0332089393667947	0.11801328100370667	0.45761910753543855	0.05106479541032516	0.8618168435291389	-0.004792878559990776	1.420706448571004	0.4707916175382022	0.6856249154573774	-0.11432007593906546	0.3527067082748305	0.69661946167702	0.4709527477914759	0.5598706244418798	0.5241476978714008	0.5899776196408311	0.7570646065348149	0.7077295261030123	0.3257860221012122	0.3116422795052017	0.4988893106182757	0.6441411108379822	0.22464249199015068	1.2746141495532957	0.9789473884488736	0.8963387051750502	1.0576978075164118	0.20569528130646308	0.24858547658429747	0.3912506086374437	0.509390691770444	0.4912242730028845	0.583196379145366	0.649449407055889	0.5388381031343613	0.15136581992108894	0.05434231741918283	0.14417795267279676	0.7032335042934459	0.40870869146768773	0.6406808920479244	0.4594867210794792	0.5116553119154059	0.4533218841443176	0.0839855051933821	0.26601021177666584	0.39206200949654957	0.23522989204931322	0.10675975729496934	0.41712077200087216	0.24740157572171972	0.4289309923880391	0.10040152850284212	0.38909937073901724	0.010212929361948064	0.43748712243993837	0.08312683962663758	0.5330979305632518	0.38340266175590343	0.09392686073625345	0.5779551795636697	0.027869066218920602	0.9940576653598148	1.3604724845878973	1.00727758172685	-0.1382492379012042	1.2023917778046278	0.8825309637789545	0.1964808895481015	0.6039269551740085	0.701626945869112	0.7784358441277077	0.4582712432869338	0.23507371977818237	0.3230720435080293	0.8525429809832915	0.7089291744612536	0.5629819873870046	0.2675382118766587	0.25439598028472976	0.2043140222012052	0.7500947668984557	1.0045401950695156	0.5480146739605944	-0.18473900320949482	0.5990348239221944	0.7384512958109912	0.7244497848069095	0.20350382542347695	0.5137792934111611	0.5141952931111824	0.3169464912902003	0.46002925209464335	0.6152808162199622	0.5205550801262688	0.9446684970925672	0.8564756718621319	0.7265888999529201	0.1504833213202954
0.584931015997478	0.3089045859251637	0.1910407262818884	0.7129263413286004	0.5328151672589858	1.030815356134496	0.13784483182441254	0.6604544122569096	0.8042344958898744	0.5092918182184317	0.7775406200394139	0.6297895871264674	0.9847853610369266	0.6066437668998446	0.6100357919091842	-0.07879760044774609	0.17744950149364425	0.4282569595764744	0.3326745411088937	0.7804783397287136	1.3377261971721448	0.8664178065164828	0.6159461843674962	0.5709483328264249	0.7406967923105446	0.4893640964320583	0.8257550590166529	0.6136460570154059	0.7749501271437716	0.40775366605976526	0.7066150231025301	0.042144439768849684	0.7393945164995256	0.3439502215815269	0.271978564018382	0.4937846527537633	0.6186453723416814	0.4625093264227117	-0.058572702489129214	0.4251811635564704	0.7079889049525658	-0.23503747790087082	0.430210922559652	0.7987114537720246	0.4303477003712236	0.4418732923084615	0.3015679944892792	-0.03171252591830298	0.28964775689499767	0.19364950399346714	0.31340311033524015	0.625403771399526	0.32182118766587364	0.5808792182775941	0.5889072774011841	0.20388006821739013	0.12423968996640522	-0.07190053482322778	0.055291086325829686	0.35329070857480926	0.04515208922701308	0.6677338466303081	0.13934297848346855	1.0327291011331141	0.7747516828669079	0.032945783007037044	0.6944741372486115	0.3275876486526649	0.6160034358677371	0.4152045244017438	0.3410091257424821	0.5187955603144777	0.27438293676420145	0.4326063709376141	-0.04556729592764952	0.2536540842245897	0.6434865322039689	0.32595532122030246	0.10103895557398024	0.5353984356663626	0.5065386604559955	-1.7091844883299068e-5	0.725010613137125	0.44470404040824885	0.40006422878379444	0.14106019156976385	0.9555871292450118	0.10622571317864982	0.6287531938709898	0.26122590205416	0.6245301374485974	0.5634197424904626	0.46791982512349817	0.7407517064763469	0.32797414905333094	0.5297492747041529	0.3386132051757445	0.7166723218216486	1.3446197449902855	0.1720402777025517
-0.04142952651964926	0.23426361743820923	-0.09251320809220454	0.5588466969700757	0.5278729617763186	1.1482612564943318	1.0384278169185237	0.6178706480513186	-0.1810970903449894	1.1419065691180208	0.42267938104384273	-0.06371101491422132	0.7525935274029201	0.4400643704404271	0.30642377970449314	0.9287586712607857	0.6309790598165963	0.8356984213618203	0.983895165759092	0.6044773717417238	0.38611213094628016	1.1126092860089076	0.7280855828267719	0.1557821029343755	0.9105596603573913	0.6565599436706567	0.7381428343270129	0.6765894429700119	0.4263645214019562	0.5394765926302443	0.5889503868475983	0.3700091021330433	0.3521192846062293	-0.019296006810628707	0.44403491835994946	0.5472309072551806	-0.11529475551037349	0.808591544210063	0.09603871947959242	0.7213186968700828	0.05740570737350548	-0.10272967748117834	-0.1500054523915666	-0.004921463896307321	0.14898992015843315	0.05745571077604228	0.7017884774828449	0.09245278320563399	0.2546496692595386	0.5757630626163979	-0.17773274670821926	0.09309781251605787	0.2143785926274666	-0.17264653892571502	0.7375464043519141	0.3463828895453239	0.14621049758975413	0.19996306511622097	0.1977381907670429	0.28973604230811434	0.7325155829239873	0.3454875238003975	0.5485154176579158	0.4498707660985124	0.5441166167396476	0.7058081080367917	0.7385044628783239	0.8932832716015949	0.21759111924016494	0.4025126789630179	0.21501625579299244	0.6032683393259645	0.3873241978693176	0.6524901916669792	0.2788208807431696	0.7809340852245189	0.3797064485710041	1.0308999584751635	0.7307321703601549	0.3824016229405972	0.21409604180814967	0.26895551009581276	0.2948976683596023	0.6524818575350911	0.05545280681507281	0.21458989154934865	0.10511524739219863	0.6414469752836951	0.5988641554556553	0.2010297951117352	0.45089476439863285	0.7488112953110266	0.39897764325026974	0.4859506465514249	0.1498115314054143	0.24011383082587207	0.6661982442910293	0.8377576560549183	0.9829270496117637	0.7498176226406186
0.31959532172026706	0.8422883948498091	0.464234755593701	0.48637396517746667	0.6613475823240298	0.5940685493110904	0.3357629681786428	0.3793205856251849	0.7680401832647965	0.1743214827838584	0.40307150049093743	0.8074604562732363	0.6843176344453378	1.0385919219610833	0.6948946699608777	0.6829209347671207	0.3381157667998516	0.9108919076565409	0.39269672148222834	0.6180861022344251	0.6990291340474495	1.042613370441816	0.7813343138194379	0.3763350221026011	0.9413928638388114	0.6196703150193528	0.451057216780478	0.21639052650437257	0.6528365921302797	0.5103380441107643	-0.09221246689470608	0.5845943065143997	0.8409578710396901	0.2317329494716347	0.8580922642979455	0.6636740689201182	0.15286944396994107	0.16398194016812706	0.5786512747013753	-0.1172365832420203	0.00045913414466480784	0.4461857437875928	0.48390918976572506	0.13229701229496238	-0.10423325431115293	0.33818106911871526	0.29081792956332264	0.24729070857480928	0.37359506201644055	0.555149775502013	0.02803949859107202	0.1771542140765029	0.719296209574044	0.19885335483181055	0.08007622237869272	-0.183121490005569	0.2362658839443318	-0.09459259274690268	0.5554076197380463	-0.2080379028707689	0.2351026996698845	-0.05531773860462663	0.41881944056740417	1.0546761465507304	0.5355365828253833	0.7200069772835535	0.19828431041690103	0.19989488244582676	0.2292563457310663	0.0772605718206072	1.13812332182026	0.08532051479686853	0.5428253429270982	0.4465205172966914	0.1715756911663202	0.7227102969095245	0.7247391351445939	0.4596819780821082	0.8814599368655831	0.6629073482295004	0.4077082192789122	0.5460671563542026	0.7708714271627982	0.2921459507729313	0.4725088542339362	0.6303657254833337	0.6128918368282247	0.37889226179812263	0.4399744087571575	1.0883934068559034	0.5958384100570653	1.0791717669998375	0.502564547511218	0.9512033203203661	0.41486892456228797	0.6180047107774311	0.7786737147785365	0.8744527595961952	0.13648457262055047	0.7127061652577387
1.0803723597356298	0.1211516642571151	0.1419867328841985	0.3961220705200048	0.8364031103352402	0.42962427800253045	0.41120865605352963	0.09781932252021042	0.47717974699014387	0.05481816565771036	0.31315388354436	0.4890692575942538	0.9557037807044224	0.46225814004841326	0.6160610415095596	0.13694833282642477	-0.24549456913468626	0.21536310483562965	0.6783326847681621	1.1302782664005744	0.06525152940555601	0.3766970520143712	0.7425290750238525	0.8128629985931553	0.49294668016571047	0.5817535244031327	0.35005735843711067	0.6508624791855022	0.3030055134983495	0.6392308364268643	0.8826217990114589	0.5903451033329584	0.5486819780821082	0.58495652530168	0.320399970279883	1.0185921108365936	0.8318434860864022	0.21062425439309163	1.1872382261812011	0.3714031811635564	0.3560427330841843	0.08495975979479242	0.31646045627323627	0.30787749478856363	0.27107249208736606	0.3003741776624156	0.706565704373718	0.41717901509754174	0.306012407454472	-0.040320571737279653	0.41095659612999635	-0.06837576921634714	0.1360991818635069	0.6911566930675744	0.5344854933886627	-0.18231745529136129	-0.16051087075776577	0.06224223978579302	-0.06825397089928342	0.44235447628015245	-0.11703464476821779	0.518600917157257	0.9721789206597865	1.0533135500124298	0.7824240157988809	0.0928417389879328	0.5329827901079229	1.0159265302041105	0.3230113214202883	0.5804265420088298	0.4193989786834543	0.7308716396477473	0.6489050108950616	0.660466594727318	0.43124375078987465	-0.021812320238427607	0.7111585818226764	0.41201897087845174	0.31843888974530976	0.5405183216188854	0.5858729381668799	1.044368747491497	0.6932600288035152	0.3972019273634785	0.5784209937907177	0.8402262798051803	0.48347689955294837	0.8951952222828661	0.4345295708220668	0.3206715191007304	0.38442337834403395	0.4939234137581921	0.9752857742021052	0.24742297698357485	0.883120583125362	0.42353729110854643	0.9166210671188569	0.25348112564248926	0.845844147150688	0.08353936873915879
0.029929788306661598	0.5053182010718686	1.0280433705390313	0.14617984142789886	0.4368176226406185	1.2070388611362253	0.9019878661372597	0.3784335067932688	0.18768063234409793	0.6848480663175247	0.6120414345650518	0.011119827623321199	0.08975605061308162	0.6246736203407814	0.3345356620572709	0.21434035783576444	0.27703354901250044	0.859392580525546	0.7915829031554709	0.8388612987135634	0.4565555050961668	0.28508400099437403	0.18308404821325153	0.2521686269444803	0.5446406976728038	0.801445110138032	0.7378340895297695	0.8809172753041106	0.60714347178186	1.092730376042808	0.6093983176191687	-0.14220984624700195	-0.05370641107366003	1.205904963676184	0.7407916647570797	0.42067905051169985	-0.03357237195698637	0.39690373598536766	0.28265415505290603	0.4445963133166957	-0.08526204532734483	0.6065451766610976	-0.21851245259016372	-0.34393123820396054	0.535095687666568	0.2908167727008225	-0.03424007743895918	0.438538707674873	0.07534352150056034	0.6778469566739023	0.06815102680226814	0.5306213504321221	0.2429005014922554	-0.2274015382243758	0.424705504193453	0.2266288818430916	0.46726753660504605	0.19054897778074054	-0.07431082103906528	0.04630468536256471	0.5272997037709828	0.01673972538056334	-0.15046013546262693	0.6145937871067465	1.1140088660386556	0.20856176159744244	0.43237129731088486	0.4316769964905264	0.9240377987114802	0.1327616696595102	1.1123216952688073	0.17959631331669568	-0.053341713295308124	0.16318652289907243	0.6035187938076608	-0.25109052692100975	0.5829658510299964	0.7476586172368346	1.1326591602539264	0.6712950291021053	0.9608217306829655	0.16839933282503605	0.8533677322856298	0.664004616339676	0.7185290986332913	0.5821969221624579	0.48614389675175784	0.7165319317659444	-0.07010542447687729	0.1929767933104738	-0.07468432513808049	0.4330925003923334	0.8008977864067962	0.47315010603415597	0.7013192634966134	0.35326364104764796	0.277794474280294	0.4310130921281965	0.9262928098148603	0.06498602460103531
0.447099795708915	0.26912563554526003	0.5165156065334261	0.08401698768559451	0.2164034644768218	0.1621540015915539	0.45054593216313843	1.242794568718049	0.6784048338242706	0.7212931167375644	0.507153364136707	0.7657060708199837	0.47878557352187556	0.49411668756796395	0.5682598399280051	0.7259800750224636	0.25339324158983184	0.620781418260651	0.024637675664640424	-0.07008709244206307	0.7912493337277497	0.8443634589772114	0.5028054165607714	1.2368329798861468	0.27075102180262234	0.7314469044553787	0.438167824223562	0.44800291646008406	0.4758659261635634	0.8118669413694308	0.7522031550542947	0.2983435215005603	0.6543459060538768	0.05318031361667441	0.4680967500913129	0.4915412102753832	0.7691246675582702	0.20937568866649725	-0.0755966299609333	0.2149026971700615	0.17743360123102392	0.22034935303193803	0.34673408272469597	0.5421191901684742	0.004647945770507866	0.4231720267036641	0.12347885913636669	-0.023240667674928495	-0.24171663396064996	0.054450209776807534	-0.20040824330498808	0.41228740325338076	0.25798040555460655	-0.061656053529541566	0.41812166915954563	0.10081826009546546	0.6885137413877628	0.048319806513705266	-0.2654801909864718	0.31302119016569663	-0.16873267587990293	0.10159581751848135	0.2044818575350913	0.03092709683064121	0.4633411841661216	0.09981197998475111	0.22164761523836507	-0.06677060374890109	0.5365937162784302	0.2713731152376707	0.5542921959694521	0.3217382379859204	-0.02959417457930058	0.29998928270358627	0.1533805522108851	0.16987858082274732	0.23432653520375646	-0.07573364386689274	0.40443310543280964	0.340768327521245	0.30693295197145753	0.31045644266864436	0.28372865255377744	0.6249476245432616	1.0561398595377272	0.9602221481533947	0.3700309283647964	0.9760020193014107	1.1053096780644704	0.6203946581561584	0.9090095743218188	0.39075871847966315	0.9470666605559884	0.5457360423081143	0.20618248568504183	0.42574057532035925	-0.0319490744405605	0.22160058662511406	0.3595488125146691	0.0893265115943177
0.23590808012210251	0.051042969178572095	0.196706873540902	0.24073181621857342	0.6944280530129114	0.810516975880875	0.12065517025877337	0.366962734584078	0.6997656360452246	0.35021082812189697	0.7351009997902928	0.4101823204189703	0.38245594687042994	0.47523163914778255	0.6352051146377131	1.24400723698738	0.42478240985707955	0.4306936758646262	0.48877624779355905	0.3663602008746602	1.2905564022548401	1.1652526390491784	0.21139116395921953	0.710336084527346	0.7884201438509217	0.7774464794854808	0.2867267165797978	1.0726724398688425	0.5964512722015524	0.12150842926403826	0.744372029203487	0.45426099679050524	0.4630118172185026	0.44629075579368693	0.0007340591152571463	0.44576145717456117	0.9033735874264462	0.34943199578918716	0.08623685683375204	0.547872277102594	0.5201513337249721	0.17778949268871236	-0.10988295829045441	-0.014997744604201668	0.14825620407443363	0.05608945477473121	0.3535037782045994	-0.2093304640921268	-0.04902589816554659	0.14041757042209513	-0.16205386285138135	0.22403251019719433	0.1285594006535648	0.15805988464705972	0.2898388822458409	0.2759792250826678	-0.15301749320534241	0.0006771617565978216	0.3424554746816545	0.26048535173203013	-0.08618148020070793	-0.0401262591122018	0.615207546409907	0.5187863290239164	1.1889502924098432	0.441700971181208	0.43981141335822044	0.393200392749958	0.6471185291041883	0.35167895607394484	-0.10934796979658384	0.5537096830641164	0.24943308182337087	-0.028259755211783588	0.34162777219946927	0.02623909973043581	0.38382281671714935	0.13593207842222288	0.45757111093519764	1.1096248210196222	0.24109594737039464	0.5308735047934103	0.35895097708356766	1.3637551534544081	0.4014202382886768	0.696613370441816	0.5122530404096376	0.9698099023541389	1.166504864238783	0.48720221067674374	0.7028125466112818	0.41806463014425377	0.6963747442889462	0.3157633695391021	0.21765797978198764	0.5517140035914123	0.5225475848238527	0.5706082596927162	0.22066492095698775	0.4678541103338514
0.7047395837239305	0.43743303460449334	0.44645672598190966	0.26540004110819926	0.7327617877067041	0.7444340734197993	0.2991335683166887	0.28285451169431053	0.26166008102203875	0.7392425939273747	0.1481005039920783	0.26470883312432036	0.600765494388592	0.15337398878690534	0.017897739187918704	1.1116708344270059	0.25994897028127173	0.9601391748640028	0.39296904941455535	1.2262500184014744	0.23547243736901963	0.6336147161798262	0.07611406692025985	0.2556669624790467	0.9805552926112178	0.6946409101577526	0.9117801905698345	0.2625006617586809	0.36089490605526553	0.5463426951702033	0.37537309162823196	1.3000947196795782	0.8149018236208269	0.2944020006916176	0.25387237154034925	0.6077620710199694	1.2833735402075686	0.5580687617960395	0.30676362924292866	0.4780393333250005	0.19551166375715057	0.16531298338589906	0.19653160123380148	0.33538854331151546	0.2723074823866643	0.2625862556957771	0.03777733382774273	0.40455477320356475	-0.13097407683622408	0.21932999329214187	0.1558318230236469	0.07322434383120086	0.5211692171804496	-0.10300036525190576	0.2912760707227683	0.8577794822866713	-0.13032689906687167	0.5009809013528209	-0.04598948130063013	0.08281405761536331	0.5166464111569875	0.32448155061238715	0.5740640871271618	0.8614241810649523	0.7244517916092055	0.6691445105971661	0.16969950739600392	0.4669254441699269	0.4037013253227897	0.8365640753224425	0.4839267190796208	1.0135646419489732	0.7798987071749085	0.12348681551723428	0.5905387312843118	0.5196803962497101	0.16848504480932602	0.29373542846270606	0.5876773742415469	0.17515041295686007	0.40339912034008696	0.4520656689595598	0.10053729110854648	0.23347843416646874	0.42861617996503026	0.747864297112288	0.31011517656388227	0.5977003101169223	0.2065055725219464	0.8094773717417239	0.24272796788005296	0.46431560403360317	0.24358965545496086	0.7955389673786994	1.0983211758611542	-0.38145590937308604	1.0614611645563996	0.15632618106217477	0.38288493176177796	0.325936918357172
0.5255456016309956	0.0010143906473291109	0.8270684784827741	0.137205445169856	0.6845669556739732	0.47484797187976957	0.805877353131931	0.1473787342840993	0.16638062303920143	0.20768306411629178	-0.24873591037301518	0.46128966975950303	0.6298500967292594	0.3852086560535296	0.5963681808649666	1.1526959423707488	0.4517528397294081	0.6586115525150302	0.22855543426785047	0.5307227501940834	0.5169185029949267	0.09872643326653252	0.9168635652196857	0.29177771157876314	0.18880296117913875	0.202556118941575	0.5696410282049467	0.7113335347079583	0.45425705401422956	0.22439765655488286	0.5117582462908877	0.3461791331447356	0.9531239592751068	0.15398503300460664	0.15106682582205988	-0.14957071929627208	0.20901160473355362	1.369482424161622	0.2988422820050247	0.10534047588295825	0.3140872354874863	0.09158663344679752	0.5955519636803503	-0.07664360024498262	-0.23961568277802545	0.050081876144884185	0.03929990375681719	-0.08595123539860372	-0.02628414376203908	0.33996317066430015	-0.2059245692319016	-0.11050599610305381	0.3609390779264247	-0.0527543257352604	0.4613282698031112	0.1759428554366288	0.011251269701729516	0.21019831511934578	0.27480883992939387	0.27036499359073174	0.15397551840078	0.20256124218978933	0.04436796838001755	0.4023125111971235	1.1639521575555065	-0.09024491737390822	0.517448250193389	0.7610870466119761	0.8014493362275728	0.25345131942043003	0.5233687238820584	0.5843673781440482	0.45578370837621224	0.7402579039540255	1.1932071922683254	0.13834585883499917	0.9360930906283027	0.9153968538339645	0.8963685586159869	0.30648291995983623	0.38992924528956985	0.41181800039163896	0.14348447818279542	0.46823291405747636	1.006837701773902	0.4361167820057191	0.3441714128582559	0.42078307092136524	1.1679493716417308	0.840724898653012	0.5580332184803576	0.6571754028534089	0.8175090667188851	0.6347611030329796	-0.022597409072412922	0.6027071332447285	0.2570696589547129	0.3501018025112109	0.2562423814424256	0.28187976129468617
0.7603211286422766	0.41506788824680474	1.4261761583554498	1.0008702230814208	0.6311213622368416	0.565375287306038	0.5102622480907602	0.23990045427337792	0.2180402068742353	0.5454589216597158	-0.09440293118126358	0.30345358592655247	0.7578725368064206	1.0352061534530193	0.34111645147357617	0.3557245209019917	0.7110874243629965	0.9414740428108564	0.6269194473724778	0.6801420788249721	0.7716691109379752	0.8417798128188142	0.2590579014542026	0.548167186768715	0.614415067821585	0.6213626090374154	0.2564447559964503	0.10136596157772154	-0.0625751578707619	0.2105931024330222	0.5732281921697212	0.5998947171797554	0.27228787544215616	0.3252897169783807	-0.11107252541833845	0.30940098548575035	0.6206748716410366	0.8673115196006949	0.23486540675591033	0.03500093326722692	0.05533334583244798	0.38766644307139353	0.471799136450057	0.6246574006563423	0.3089353240256593	-0.010706211087825712	0.3110710630219249	0.034099759600361684	0.17137824959620918	-0.0638750852370179	0.1067357701051731	0.03835122928792545	0.10690761904365109	-0.15536801421010452	0.0478791821690408	0.16101822648673497	0.1308281399511979	0.0912218648401294	0.45361008872982606	0.12158271427996076	0.336835081126198	0.02944744747247069	0.2770620331059883	0.23181261743959808	1.3528943394287347	0.48133879961280523	0.028031754695153566	0.6548142228814349	1.2893948234222297	0.06717445847585801	0.3651732780039192	0.4008085330066898	0.4833648047152216	0.640449076523746	0.723813136847251	0.7790926656584047	0.0025077445903137763	0.3693123223216134	0.037368747491497156	0.6492594621769847	1.0544552621967056	0.6477089039526367	0.3533461185388257	0.020285538107717382	0.7515874833865934	1.1438114369676593	0.6042275074959969	0.8472816897691968	0.7001165223018924	0.30383645047364705	0.4720338559352046	0.8757325481111754	0.2670668966503762	0.529620642148959	0.5572374706791601	0.6678723479309104	0.2895689860857078	0.4026251751612039	0.4504598896467056	0.2113511709587238
0.3960081105366148	0.6331475089958907	0.9059805236018005	1.3065098930492425	0.4504019298633013	0.9621531516517579	0.28598326229669846	0.4953142346861542	0.2368980461106227	0.5548445012922696	0.8072048313244478	0.7899255622171206	0.35409453080406805	0.3961748126174396	0.5990054898889107	0.5788654303653491	1.059920580625539	0.2541971582568457	0.4557527689010918	0.5937549173600203	0.6401160265036782	0.4261988817458764	0.18908907702371086	0.5304759787848361	0.7530284965926024	0.45491838494773285	0.8193930527143216	0.7787293844463796	0.6369517798044861	0.1918118147186797	0.48328565615491115	0.5089806416489944	0.7123397675997951	0.3561746709608069	0.40770208082483045	0.03656091165764647	0.37305915275445767	0.32033398328729495	0.5533877642000358	0.315748424764357	0.3620811442522821	-0.08719914006091231	0.06335226810323158	0.21565485083695463	0.3196257528980586	0.08612378150992084	0.16359523839283607	0.026483639353323568	-0.05346139926199672	0.0024265295097152806	-0.03854463225521523	-0.11459753961872145	-0.1322078755532594	0.05482131682339167	0.23021008373018026	-0.0853728541450536	0.16740869327311542	0.504051101935835	0.34077327300427335	0.395273993092156	0.1799747392893004	0.21897492816481057	0.5618654539747878	0.2826713066157814	0.4598109647788838	0.31953688974808725	0.5373140930295216	0.5290637093761414	0.33681266465847554	0.7482541028343825	0.8367551770638469	0.44183496307900416	0.5965286500539544	0.0007527216822142413	0.2932552360874438	0.12481091756000623	0.519367283706293	0.5972858214209827	0.734589324922818	0.79448188114453	0.4260643704404271	0.42720350919587635	0.5650096215406964	-0.2089645858418362	0.7419781390484841	0.41014085113415577	0.9925042976122525	1.0013954844865154	0.6200342100767862	0.688061749792723	0.05936926689915023	0.32062238924742836	0.4274009618763116	0.44123234743094586	0.12123270157252752	0.3953705890277217	-0.14196345258877496	0.588205020199958	0.6592058937491927	1.423013139347074
0.18500638704758415	0.654839496091249	0.728172144750858	0.35995031601928196	0.8310362640979597	1.1510914143581497	0.3710075439100841	0.7744267544937788	0.0429843719403209	0.3048996279430207	0.2021216927689844	0.2575651141377485	0.6258964878876635	1.0238940797249083	0.5951149876883721	0.6357005462113099	0.7078935130983778	1.3933627270846094	0.6922800607179214	0.44697665165384115	0.6629500799248943	0.3178407237820655	1.0959241456507942	0.4966154952913058	0.4139780682201677	0.6528384572759429	0.5287834486723857	0.4102039341657744	0.34895152010065955	-0.18088095148815847	0.3213405231018358	0.39247744257004014	1.1986676943716486	0.07480964265031226	0.19831010303436836	0.29269861023733035	0.5624980883298545	0.05338778780947462	0.3679961169417166	0.4408556796671347	0.5894358552380317	0.3676298373309669	0.5013774704847296	0.3784004771884214	0.15995622948930005	0.2299825415144205	0.05981387985017726	-0.10454770148225612	0.0605901151446217	-0.04713255172203079	0.015228462983871982	-0.01496417337105288	0.03987188685245907	0.037289468384878316	0.13012503281017596	0.14998919937615532	0.24687833222924488	0.06279873508959782	0.48963536193964036	-0.1756675277167867	0.4082529223624438	-0.0009935657335383152	0.4952554957912703	0.5243657963116501	0.6503670240024664	-0.03912772289740596	0.603455521900532	0.6240936336453946	0.6107590962306837	0.36708591335891483	0.1933645686208338	0.35189079801291856	0.5502515530149947	0.5307783254241714	0.15180619567225095	0.05186420267453279	1.154617265999214	0.4092026356466416	1.1695046045349566	0.5899788473316472	0.10364546677943648	-0.019549719394876208	0.7772831063355234	0.26980900519546536	0.2957830000930489	0.6097548229222653	0.5380039552753902	0.8866151647591628	1.0337274484724	0.5394532553944097	0.44273143846755303	1.4146759576752204	0.6615090431094465	-0.12391101741404426	0.3694251962708197	0.8348986127371535	0.5555653030132588	0.33536910163307876	0.631812310516894	0.5226735495124651
0.49494965495499627	0.5000038372281963	0.49586434433116544	0.8783625145996603	0.4131972763040395	0.15247548298662184	0.550116144550872	0.5384799687799893	0.18962198788696916	0.9475669084550956	-0.20251521489450053	0.6335078390280687	0.43314481751987005	1.0947541382485406	0.5573371941709685	0.3335052183803648	0.6412545041948418	0.6377222543958692	0.9605008742436301	0.3521147279845456	0.13934071197734604	-0.104825754009091	0.36078625819559995	0.7203134083557972	0.22775489375058156	0.5445884041547058	0.5489809957905759	0.6306479693799467	0.3261774332651437	-0.1002421550695714	0.45050816956021167	0.6160586333468046	0.7706128982530404	0.5325313415299749	0.10703149499132703	1.3075040851273034	0.8024694389702951	0.4785228421320156	0.3785228185225769	0.5467708176226407	0.1188501786678999	0.14801449619540835	0.43742848909313364	0.18673385774063225	0.21056382672894003	0.0036463514389953045	0.04889404361635495	-0.014135101541418595	-0.0042745472195719475	-0.009552966387103134	-0.035914122749638566	-0.03285753231368334	0.030144592535806494	0.05214818117050041	0.011679321325850534	0.32143158192961335	-0.015565679375488667	0.2051293769469107	0.12596808142756555	0.7594701236440196	0.2327783726430489	0.14497662804440237	0.5063645450113949	-0.04596609684591785	0.32075734913221426	0.3036214920887548	-0.09307113246145066	0.5212313558345173	0.037092854533914976	0.4046459861870896	0.6444480377084401	-0.07321834564496127	0.39794500389555737	0.47483349929380003	0.46024836574076	0.7213614049560377	0.6112258548352825	0.8281472020731864	1.1438116022337308	0.47042245757592166	0.5304196716621461	0.7755305388090565	0.6404506111372666	0.5562318280232929	0.5406772325849142	-0.04288090426928093	0.0774512958109912	0.448036877943368	0.09045530941558311	0.8616512747013753	1.0717309190598998	0.8110618206210392	0.3976731009331283	0.38420329671092746	0.06773235923566523	0.37162024078849965	0.6199537866067819	0.5740909185599352	0.3514774425700402	0.3038113425299041
0.2266140315061017	1.1308905619185308	0.5106960604179427	0.03730545197492957	0.7166925898304426	0.17733521097811128	0.28233794967300935	0.22106163174552912	1.0100334545747454	0.8487019627776367	0.444231804413854	0.5440878965517719	0.641087802114017	0.8336141495532955	0.7407816779644775	0.44425561383846424	0.7619168267247736	0.23886155841738987	0.026278927464860158	1.0522004871877129	0.19559605361286914	0.44623520417303786	0.6311501532530334	0.42509375169258845	0.40222923098502744	0.3119524172593331	0.6396207129772753	0.74687409502938	0.32898552880282084	0.8444266128371463	0.04926064264892349	0.017227176963854007	0.23366776519996502	0.6567261027343896	0.5287505260044081	0.44102738694898	0.3594698639401931	0.6069103341291102	0.3676319857898955	0.9855454238658095	0.4765969618818666	0.6354289612819092	0.3167049486772464	0.03317546118261068	0.11234032172721099	0.26442235063905195	0.0455872820119686	0.020835540815858877	-0.017303409064080184	-0.013498807723341819	0.015639976890525813	-0.007275751300949516	0.03178138215209756	-0.03254996798837859	0.08228715465987826	-0.022458873052047718	0.2259585196048613	0.1765166092401788	-0.044865594242630036	0.010806101234495935	0.08852732792538309	0.6364445199020625	0.031528697272832085	-0.006713729999680562	0.09081946417684306	0.8099583904473434	0.4641519711798192	0.4022887962102685	0.8440054662794718	0.8619767224821574	0.2911136655598006	0.5666433655393854	0.49191996678013084	0.4496652625994547	0.6692489559767294	0.9005309637789545	0.01892275269390642	0.6062551416496886	0.471337028904897	0.9067521550556835	0.3831125323067394	0.6589781154390452	0.32281386873985307	0.07186899539060432	0.19803914444949033	0.249842352833341	0.41084546927925936	0.05348575309248926	0.19409585293263953	0.43712447868276005	0.9761211733613313	0.2673681336460889	0.002422552013676804	0.031759214277877534	0.22812384122791296	0.8480369251622455	1.2138674371676452	1.2206464583758652	0.7536726759632304	0.2380877548951394
0.9299207458916103	0.14569606041794264	1.1347791281450899	0.30500048468789015	0.4846665138997098	1.0594741608580502	1.4835327344868627	0.46200693006467597	-0.016659453288725368	0.35264978730673247	0.6335617379880036	0.4143353998536215	0.4268650053954512	0.5455009214625075	0.40844681001762373	0.9298617709023388	0.8832783608383297	0.5202510572167804	0.4934174523749012	0.7173115432101337	0.5070645593159374	0.22975815185313264	-0.002046898066942471	0.007816017198781777	0.5102077116759784	0.6359314409673759	0.9419593112154556	0.30884712193997366	0.13320759362878465	0.15653594537053617	0.8601472492920639	0.3330339975918372	0.7918932061756736	0.1983889446719746	0.49388659553281644	0.46366176840251594	0.28402162624591865	0.5244076544578092	0.9047681261466203	0.18618346478235573	0.4575128553394135	0.36998258873329803	0.099203048117425	0.3118407821112671	0.29997774879834904	0.11531084603729459	-0.018080447079442983	-0.022775857543424004	0.003945746898483583	-0.009027138355477598	-0.008027209183793925	0.09286312775067322	0.17722640896269845	0.03450636274375009	-0.088686037516787	-0.014183428673802262	-0.01131973429659841	0.14557199559475648	0.1732418495356579	0.002415917761380837	0.2758051096380673	0.8237229862884712	0.594058161158029	0.009341254994437942	-0.003405646266722684	0.2321234634768926	0.710483793509071	0.21617429320978654	0.28206167896440665	0.33597695857654525	0.21727805391562538	0.921671023302516	0.3845565203020342	0.6324441893699195	1.0190544544761413	0.7269139699826818	0.7995815574174605	0.9743897946117706	0.8339751642591984	1.03569476189881	0.22908331632064954	0.4592268700411498	0.3398692550944308	-0.014156891664618199	0.2632587302843826	-0.19510015957203036	0.25912554110750485	-0.31709307674039755	0.06687499218805337	0.2459299771821718	0.3548171976707206	0.2522883712403704	0.3178149783834756	0.2537611502518572	0.6806786255418019	0.08773325639433871	0.49717485983631704	0.11920232872393755	0.8014244171593401	0.5915600853272892
1.488281996691901	0.44805927080165153	0.5564454878890522	1.2209752350875145	0.8853381621579581	0.4701160028942395	0.7132553541346378	0.8465356856667098	0.750591756695012	1.1570932322849352	1.3996998615375853	0.39822580761640497	0.8396678832471588	0.360420734086891	0.2968099731824551	0.5826678124188426	0.8978903022147043	0.6845295236031892	0.4329197542951818	0.23961653410661188	0.39972971497852233	-0.05029747059583278	0.7371512865060947	0.5664035825240157	0.17707166575700883	0.15407582101823336	0.07735199728908093	-0.0660964292807037	0.2485951564541956	0.7145365119970669	0.8290612539945086	0.28105957772435564	0.3766149050553364	0.7078873746442961	0.2770793735443739	1.1721036787671986	1.0202411884713722	0.5822396066389742	0.9036291998761199	1.253627712481477	0.3320981541585249	0.8520942349916881	0.25281302991038135	0.18786704691751002	0.21511710003874723	0.021171919766794292	0.23291990706213866	0.10422416606601476	0.02761220108020126	-0.004499681272576526	-0.010610359543976745	0.008279906562174068	-0.03199541976887749	0.07681288825374868	0.20359223999411152	0.0730378098218043	0.10948411154209911	0.19359911034079533	0.13960288785099945	0.3713852852089644	0.5917476220434386	0.6161402608981865	0.35894899389071055	0.7481479811846661	0.7150120060940127	0.48087449638983915	0.04245693846685861	-0.06465695068821509	0.018866988588308375	0.13584051129711644	1.5592267283845174	0.4485568036152994	0.5374447559964501	0.35186226670055315	0.5983332750041316	0.4803310084980092	0.5890816636599352	1.0912520724226478	0.36203191996122497	0.06436669347032364	0.5990042621980942	0.2936724398688426	0.3442036744619478	0.5972323710403847	0.47976164605007143	1.034845917858596	0.2748218015112819	0.122765801311296	0.06079376599713082	0.43198628430486175	0.6202943680378195	0.262625694568857	0.33490319296827586	0.5849299771821719	0.3099292452895698	0.45617974699014374	1.3637628501314492	-0.05238093968343904	0.5444482265839503	0.5175347648985975
0.5418368990529837	0.7568094773842409	0.7702827758033806	0.9095599908895343	0.25306257612308014	0.8123398620375502	0.2986732661991997	0.5969504576759147	-0.24610023040034668	0.4321199220610763	0.04306049849246796	1.0271715781243271	0.7128631874686653	0.8709731338474636	0.5423901487533521	0.670055209978182	1.0590297242834188	0.6209737476928717	0.8358915771243982	0.4421458563351763	0.17786986893983903	0.181372454173385	0.3798746380464717	0.5992109697785295	-0.314648427680817	0.39332611023385833	0.05421536113414194	1.0695726691581569	0.24395506151647584	0.13006418156491695	0.35689431581929615	0.10341825509581964	0.12358358782919543	0.4492187956130885	0.14916104831463328	0.682018014001786	0.6365179077593115	1.3614603257269275	0.2752395122012191	0.7572372456950965	0.4103755817296275	0.011039604139151254	0.49734107722925186	0.03686832182720391	0.16486673999480592	0.025197783212577998	0.12075252030758932	0.02750152280880104	0.034057275109679735	0.03452986524565621	-0.004858618347867025	0.0462251104435658	0.0702830230080925	-0.07521427371116768	0.24639651080270702	0.10540054801673773	0.12365126220226069	0.02290405401839593	0.4569918436332982	0.21310648829041284	-0.05236201741265545	0.43661008872982615	0.41214019006987007	0.47945190965639933	0.28598198738700453	-0.031372487504357394	0.17951612594107924	0.6346223656379896	0.3644244879876565	0.03456277680330977	0.818507083526028	0.2240606165396618	1.0327290303047978	0.3299497021738738	0.3456128274247241	0.3561935932315905	0.44099767516467586	0.5701419135589005	0.3455365119970669	0.8299525825254045	0.48992364985257997	0.2472582580956072	0.361675886846904	0.4345379521728322	0.7261497518925744	0.4827080067939633	0.9340716185381313	1.2350430400068886	0.6694045977298829	0.125960420859078	0.10343256241571774	0.3388476885665044	0.7844037005712096	0.7662368804431908	0.008572952471422202	0.4595419421679853	0.5376833238201184	0.6795397937090568	0.49717256972075596	0.15531125989686845
0.6639488758435167	0.7166415948314773	0.286037184866072	1.0571451008331354	0.8613676142384359	0.7752014551747028	-0.04685386035155842	0.32161776179742824	0.1386768076150161	0.2697883830450899	1.1197838736422836	0.721587955575369	0.37233832742402967	0.635057004295529	0.26427788864955404	0.9867191379499507	0.7999156226433961	0.8573042478935519	0.3476123552359486	1.1220895492124863	0.5261478631374722	0.3679815388076678	0.04273545207214491	0.84929262093935	-0.11817642778080995	0.23207445167078444	0.41024044546844585	0.35240488104314827	0.8378454928886981	0.26384277780323895	0.05556360313366693	0.28916924078988854	0.7087779004542734	1.3143301113393357	0.6477980268064345	0.488015275306888	0.5938784738858776	0.8479325853307613	0.531350332129252	0.546182685670876	0.48051394137359715	0.213927037112649	0.5237032960165321	0.34492370818178153	0.38136781422427024	0.2233376774700681	0.07458574739844817	0.05619624859905757	0.04041873839491925	-0.03433047659124145	0.12211565986298192	0.02053364275586035	0.1293956608629111	-0.04465845058197265	0.020480995096180704	0.40281753931318753	0.23262367526744632	0.5755710276077666	0.4148528465344816	0.027829509298646915	0.288250466980811	0.470723434867808	0.5400606873679781	0.6441449119576252	0.10306453570649865	0.12990633302363308	-0.13142539486786353	0.31004448018265374	0.35165160523351824	1.3305082876074055	-0.13505001451286086	0.3863941623579441	0.49564515985673235	0.5916451598567325	0.4715855001937363	1.233888625944551	0.3689150796263043	0.5161435190007375	0.08256223378621791	0.49397662804440234	0.6436720621178221	0.5177859512728958	0.08362168096426503	0.5609552031731085	0.3458176462500573	0.17126446737800516	0.8514839587751424	0.2793744373662421	0.8065987686983283	0.6106548397266305	0.3659027443889391	0.5850416706594395	0.5852618231208622	0.08307095747384563	0.1946012004705222	0.4090174126554924	0.28040285063141357	0.29559744656975695	0.42475961563833675	0.8170623872475699
0.6116182812050813	0.3606732189803222	0.6800071897685025	0.4721433773441048	0.4820096215406965	0.6905652557943813	1.1851483353262475	0.5290902338862108	0.16337191115629313	0.5455404075544648	0.09823255991589486	0.5502273658393642	0.4817267874081142	0.5749468454317819	0.45686280971764504	0.30111257952561693	0.7904167204822992	1.3814738303259075	0.2950288035153066	0.1700335254030617	0.49167472998440387	-0.02182452631827464	0.3342888906480236	0.2633170914282461	0.21209885133136397	0.9253190510116645	0.639514662155875	0.47082274588883277	0.1697932465894777	-0.10143472059617992	0.18078571517850817	0.5960048760435024	0.9016127802058465	0.8111370972333904	0.25527198628986003	1.265740421164612	0.9737671109407529	0.942324586730662	0.33623967746729055	1.1632941666631949	0.1927633334305487	0.5338723354317958	0.13309395167842275	0.3525385063002482	0.2312312961165251	-0.005077047320259251	0.2942821494588578	0.05336469777835181	0.10264259753822993	0.09086574839837733	0.0922838965573272	0.0795912956165605	-0.019963441478450833	-0.034934154664044634	0.029149763002898427	0.09456861944501152	0.23231899129367226	0.1971830870313353	0.16904930761848813	0.4587504315666529	-0.15885780312783399	0.142585948773073	0.3032550472119336	0.26942462964428915	-0.08040571709503913	0.37515352940277846	0.12112735903429073	0.6252081130364376	0.4131506018323703	0.4782044771828663	0.36845337344160345	-0.09126780603040618	0.6097309426693387	0.4153697626973645	0.9832514585772396	0.3827785851279979	0.240865760897492	0.2405067529938852	1.2695888527340424	1.7636969811860546	0.6338941269437859	0.4891746473513682	0.5191195915289333	0.566509397251028	0.03679253830631446	0.2675970924281752	0.103428005794034	1.1020411512517865	1.0709609874856085	0.33504252059923534	0.18779041345682457	1.1547337285831143	0.5854811020330505	0.5069317714995188	0.32221071007470303	0.8045715359050956	-0.007122859353018041	0.739904349830776	0.8874019770821788	0.4170087479914617
0.7255896554549608	0.5375064224617423	0.677977194670933	0.9232559207611684	0.335980051413025	0.55886965645489	0.40472912474255296	0.8068132785038838	0.2963737763019564	0.3038187558936798	0.941373280503742	0.1327599461704796	0.3760063398287066	0.6603070810262052	0.7036399893896405	0.712748542811551	0.4897771213427937	0.9064724373690196	0.7599168739436513	0.98125396117775	0.26089507132133694	0.72181316045669	0.2549249955905901	0.2810909421693741	0.41662250729462225	0.24145762314058317	0.4383207981101338	0.6155967382865937	0.2722346375465071	0.07967480081272027	0.7778114841865369	0.7242264450712519	1.4251671159403987	0.27911194207076995	0.1487729660815692	0.709298133048909	0.5294889278676094	0.5108809764863878	0.19713313084767609	0.36615941926335777	0.13954452670713605	0.2434311097408378	0.04782145848002434	-0.1418466247529689	0.38698291926544093	0.4468410654245324	0.04667398559268719	0.0658689120631733	0.3502844867932966	-0.017882097240334363	-0.02188027931354862	-0.002321599442261707	0.022374354038811134	0.19365355231782194	0.08870962334612409	0.3731550279077454	-0.004873668670691361	0.3852107920133435	0.5594407187824196	0.7796677415905263	-0.09691507823751372	0.6668084621783734	0.288892332626439	-0.01654792507752917	-0.1015992269991986	0.6078182837049042	0.3966505900276508	0.35042597538229936	0.5892032258826111	1.1905057613974566	0.7401492797037987	0.04025993436576025	1.0920930906283026	0.07137047098052784	0.5132284754829866	0.11211645147357618	0.11020143156526413	0.7110632844062434	0.7541728058151436	0.39261452730431595	1.0699768405293513	0.8257269290647469	-0.13815556953604674	0.3666780116963937	0.5874039366655973	0.09423855671334391	0.1550122421884006	0.6470665425087945	0.631625387646153	0.3348444304639532	0.3273164303639604	0.7122589899882092	0.6370643704404271	0.9725136233405689	0.17104145817449046	0.6694577411877769	0.45090406651751047	0.6107350507116857	0.49984473738665736	1.0423690308047626
0.4731438731423191	1.0805333719417096	0.16345318456609326	0.5083676850667522	0.4195356620572709	0.7651178444304639	0.19753478850803624	0.4298139631776082	0.602733752192553	0.463453940068134	0.578704040408249	0.28540174098779114	0.1560066939702882	0.28289537824404104	0.14314146497956398	0.31105497388379433	0.03344263114696039	0.23522125099472124	0.9694992924112319	0.1985342218815056	0.8468124521735267	0.40573202870352243	-0.00029770669022055607	-0.11543745929107802	0.3376494803840283	0.7088750866258084	0.9992064131568459	0.47473377580199183	0.6849530547141799	0.22245042226175643	0.5012534653795357	0.5663887321870256	1.0706109150601832	1.2446360230039262	0.306720483687961	0.5792738986544008	0.7964654253657033	0.7569100980347225	0.4988561990747878	0.35521456952354763	0.46807578490967994	0.38049310673827275	0.04418726590199862	0.30109983042867805	0.2577341882727751	0.34715080181820457	0.4504832379928644	0.04131660674035589	0.10040009943740097	0.0535389784890237	-0.07976454862225037	0.0910158419334186	0.09326700469827831	-0.17845195548648637	-0.014508309828053845	0.08935243336930299	0.2984070642218398	0.8339101924724777	0.49921931502074157	1.2489444844879043	0.25797537674414733	0.928334502694948	0.9608617236834612	0.1649233901487534	0.14839916755896454	0.13181696157633271	-0.15035106263306347	0.43684230561446347	0.726810941169445	0.6529522047743841	0.7381464701805845	0.44578696647876337	0.26767791725863865	-0.18390917587781974	0.40270141976054474	0.5640364765829087	0.7914255976312788	0.930702246090902	1.085645726483263	0.5317592142778776	0.694838339228749	0.14575394937303054	0.5858156394477615	0.05498439554975976	0.1943449852857645	0.4408496009310452	1.0842090810234275	0.038594637046542535	0.5676781769624653	0.8540647481914475	0.46431409302952154	0.4778987780032249	0.17109219346962934	0.5323716042335891	0.6557593559345102	0.3655371730613526	0.922816300512047	0.5396774450698633	0.9114812909085607	0.4482291837661499
0.3909513548345881	0.187978257095678	0.8023116848667664	0.44334278960795837	0.447507083526028	0.6867268346269917	0.946866587227849	0.6509248303245186	0.07228648248526837	-0.032268490704130626	0.0629255858265595	0.8169242164791104	0.037950859036373796	0.3043396967714787	0.6508675316054001	0.6230016651598289	0.7870034830866146	0.7625282250840566	1.061111210178168	0.9512266811656396	0.40548060623483606	0.1616205949300814	0.24745767035946065	0.3712034619769988	0.42475949759114284	1.0779562183789757	0.6265108610362321	0.8065632253826465	0.37028582142098276	0.6341736321455009	0.3869753295252697	0.5081383485336455	0.858138726284666	0.585859858537798	0.5890562960123658	0.08397445597603498	0.4393896057362604	0.6073008009154908	0.8567451902712447	0.6725773313279199	0.6826055557175811	0.4564116680624012	0.18054769037193202	0.18882502350527952	0.27996097498649397	0.047044302417467654	0.2546285388118342	-0.0962064117680553	0.2590452231855799	0.08882181262160596	-0.03209497799461428	0.27804777300496775	0.24099151310115535	-0.27192124030103426	0.19332845867862136	0.04524624089127022	0.04268852900697312	0.5047740993346305	-0.005333533319167638	-0.13330046899455728	0.04289292286240837	0.3019456177409656	0.29430698658845	-0.06696560104770355	0.6236477568949977	1.1377046070347796	0.09039919116840334	0.574092122641313	0.583703804313861	0.38987156881943086	0.45064778050443643	0.19442472408204425	0.45431593456574604	0.8153422938097439	0.42978580961626334	0.40745297208114417	0.37937084873154814	0.637148949171656	0.4952079241609274	0.7064254087557686	0.6260598138187434	-0.1422710641329572	0.19572985663515502	0.20140037164034208	0.5815383063144139	0.6293456935689278	0.5467051500518713	0.5747324064545428	0.7070408915479598	0.03864768606668134	0.5217323828451039	0.2888136090360266	0.7127844874876919	0.4466750605165467	0.12528386183756424	1.181896015698888	0.46020445357342743	0.31695251169708816	0.6413414910888258	0.11628147728424792
0.275619792209163	0.32825922608259694	0.5924517443903279	1.1017024113569733	0.7153094183606439	1.0791727113773886	1.0455047461915892	0.5848678621375432	0.7085649016527995	-0.005463393565177999	0.09464648198530384	0.2842850895283806	1.1225366536536994	0.5855652321849426	0.11514578550686	0.3265299957919648	-0.04149360114769646	0.6569755656196576	1.215700239288606	0.8083949178599847	0.6196740453106793	0.6495120178987323	0.3486517704995896	0.5493188149172767	1.1202340473105377	0.6115091139377626	0.5440086771631454	0.2790635677195088	0.11236938494634408	0.39917410433427636	0.1645031643591912	0.20494316235933285	0.4671950806262334	0.31850196027781363	0.5091402136793088	0.18030922948513367	0.3153345499138256	0.4180845676209047	0.5261083298266374	0.2861345946328802	0.7527755867292732	0.47885671848244077	0.32307814585355765	0.5651330600193598	0.4325503346290749	0.06654877640611567	0.13191094797451847	0.25321600969931296	0.11579814485362844	-0.11034252851534124	0.22285074529443055	0.20599347268457374	0.23607731952320044	0.19649761614107886	0.22016206352050066	0.006608341631356651	0.6116393755442322	0.3954167677011767	0.32714203160609456	0.5630042621980942	0.021364379745323625	0.1925024324665892	0.6215282250840566	0.05786505261432867	0.267949371641731	0.4942860102964929	0.2844832032731015	0.20151050689465055	0.014232040508241783	0.025287946270472483	0.28015329330839067	0.3500670855258863	0.5596209254622243	1.290535732885587	0.44825821087672957	0.251816418559241	0.29125906081652553	0.6141472729015028	1.0369274745816615	0.5217310843259713	0.4331200401082701	0.5486475680194874	0.7088167727008224	0.4600665661182334	0.4349564544733636	0.5087878636374367	0.6315387785031894	0.6473743901473644	0.5869001945695514	0.3900956404476905	0.5533700460106297	0.2658388350269634	0.8231454549747171	0.6475616199408097	0.37489377280220426	0.30581013844852656	0.18678708452595716	-0.0027419307799030346	0.5254803229215709	0.8997562867074694
0.6196465055947427	0.5462014315652641	0.026728699772655018	0.6954225756231156	-0.09907871109129768	0.7880904935900372	0.5486713538346588	1.0339775252030758	0.6862279324658949	0.5979809721811371	0.7557296913690834	1.004479354934581	0.5445066113372525	0.28720218706730494	0.6180908477316192	0.6941725461113171	0.03722653950900706	0.9457515176008366	0.3043124403688072	0.5750074966912067	0.5861499171586456	1.4004820228011625	0.45420572848312146	0.42982010163168993	0.44107041445675377	0.9203976565548828	0.36645674959134844	0.292958107134078	-0.049932347847582936	0.5574496667597155	0.925504462878324	0.5097486136398672	0.5915269501743626	0.6601936640599068	0.4681392220828803	0.22408777850457812	0.21125193076601512	-0.023331266813045204	0.571889499493786	-0.06411312115391826	0.415779104535651	0.2788884134596022	0.46188890925781645	0.39991829050997774	0.09641785373536038	0.07533360553627455	0.3350561071368556	0.03674946357966313	-0.10244591147015969	0.3016052724043158	0.4688828888509286	0.34371590345683845	0.518580471383277	0.004973322722973794	0.3430573112182332	0.3718328618389531	0.11450002430383405	0.24019590695659065	0.0979198959518145	0.8394465739232361	0.3719467982129044	-0.001441000706894402	0.40350247968546676	0.3374803229215708	0.5725080279035791	0.27395270057259835	0.3363989550740155	0.6347881941695797	0.10220516185659068	0.2223172803037563	0.7188696564548901	0.6684537984115013	0.8227026946702386	0.378645513998314	0.8694230242024523	0.8120884867877414	0.8349780918296066	0.7734808187197851	0.5373443006120401	0.15009526269667017	0.22289854190883707	1.3769260816247737	0.2517623071143572	-0.11460000611067828	0.7184829671787137	0.33537332772261974	0.6149285370064064	0.09317854290876626	0.4637064721804429	0.6875379049539546	0.0631198040138824	0.5345889471717976	0.6337575616171633	0.3604824241616219	0.16064447518300784	0.7074774189606015	0.14848048818764226	0.2823682280838441	0.5885073904487321	0.5520908477316191
0.39206911593762117	0.4433442533931624	0.5563702584955788	0.736368676663181	0.24170285993631002	0.8658414084557898	0.09009032832396596	0.12494696347897577	0.25858920687562414	0.330789209375447	0.9391211497518924	1.1683930763237602	0.6588094537748019	1.073840771000943	1.3207331147377062	0.5803141166389603	0.08708976169743532	1.2766706219420567	0.35903345457474534	0.9592587775032603	0.661705079223555	-0.008186650667799888	0.2705373855463016	0.34320841995914175	0.2887401503504613	0.6687927744007022	0.9581814704791743	0.2633495891263258	0.542293470879146	0.7740369015528067	0.6897850541142223	0.03258663344679752	0.9291946792657743	0.2178072817064347	0.38525306401907644	0.503976462778331	0.17078106411906935	0.7151116587575047	0.5581673520347864	0.13547538854886676	0.6936437905092834	0.24017526119677635	0.30925889555045405	0.29603760983596994	0.1542562512933111	0.5540083466310026	-0.17043852171582285	0.13736796838001752	0.12197953200537182	0.014086645251516872	-0.16294316097054237	0.13427682622480913	0.3176950452120752	0.2802806037350132	0.15522526459931307	0.27169473828937113	-0.10008121369180789	0.6198653123181552	0.33564242116183435	0.28269957822432024	0.3581143266240863	0.1684495959313993	0.6388952365874084	0.4382569595764744	-0.029326899066871637	0.2327016794643713	0.3529242400885493	0.24439633442631153	0.19092414565079419	-0.19893440186875655	0.36145292486226666	0.4383959566752911	0.18892362624314113	1.0929527950103535	0.7733956025337094	1.1834744677807545	0.8374268253220952	0.8183168317244195	0.47986946757937987	0.16031572208079703	0.6284857058736116	0.3395993589342977	0.5386834418673122	0.8054027325842198	0.404068384045019	0.4681251869659232	0.25304051379693937	0.7450366182395414	0.5016192255826324	0.3049777849069024	0.15733979120923375	0.6317007823056977	0.47725818726729086	0.6189541171389249	0.39197771407858617	0.06814358982905377	0.1104772064756524	0.16242507822362584	0.6545965258016445	0.14354385453252616
0.09176584853017355	1.0621553237201253	0.6548465789228819	0.4244816450501423	0.08614743816757431	0.5186729828859344	0.21517242806412323	0.7813413258227543	0.42345363314542994	0.8548994390675104	0.5631481936696151	-0.15804829102383022	0.6532270116977825	0.8235624226617282	-0.024436491304088204	0.7854219381682687	1.0644515791242564	0.4030069772835535	0.25334000369418286	0.40962578900661195	0.26718109272815405	-0.0051003484475404814	0.35181722128015935	0.5320400652176026	-0.10526147870081415	0.45582175429240435	0.008987724480627124	0.5092660019915256	0.7628781086339719	0.4769299771821718	0.16378873718667153	0.4026482763026509	0.43828312994496216	0.5913075532149807	0.7563378552352542	0.7066427044750998	0.5968097606975062	1.23992152500309	0.5463392009732643	0.15178732062034495	0.40798526909899435	0.3930116991713086	0.4285665779229526	0.19550909032832398	0.020786635946620557	0.12117939284856205	0.1300120297034515	0.1192873324250644	0.009647166659028317	-0.13218398280121818	0.6145342927098221	0.4841153890488313	0.6783078129188072	0.3278367573963511	0.41814007202267617	0.030584957176644445	0.4960854411701393	0.3119195654196717	0.3332540792249438	0.5343948470316686	0.08703465865612303	0.8281705156995824	0.02814285793645177	0.42425360703616827	0.5453086864680419	0.6587537604975202	0.08119791375888652	0.12556051029718734	0.30853781051619955	0.8145384951899239	0.3476774450698632	0.4532555902290255	0.8427003101169221	0.3053700696200685	0.3040079452705434	0.8023968538339645	0.7978691606566756	0.9566483707404059	0.2863125584160011	0.00881507282123073	0.445566861236218	0.903377506593283	-0.09906716607573629	0.8684619436678792	0.3624847614960607	0.10770767626182032	0.14212414815061714	0.4919269315645697	0.43156391005637107	0.9557271415496957	0.5585315304054852	-0.0004932233966760124	0.28634142026050935	0.08509134352983327	0.6917300219012265	0.49197693496710654	0.3982831771638397	0.7271734668794294	-0.18887759894785233	0.19645736343675657
0.019458000891603544	0.36798862163930046	0.9238775892263187	1.2015148274219465	-0.3818506966867624	0.47139598028472984	0.4409771710614943	0.4867012544944733	0.21109155601478224	0.5348471219399736	0.7337056930689632	0.4849248303245187	0.28698068886787187	1.2877019627776367	0.33558856942077714	0.5671176791643926	0.9083416327454583	0.19089603930832677	0.22823303210467039	0.6177083373261061	1.1136002088740937	0.3957905078945797	0.12251286783852822	0.20090118616597985	0.33207171297588645	-0.010901030621442098	0.2554887751006526	0.14715407241987022	0.3540153822437577	0.7862642076741787	0.6914264947899523	1.0991465646183394	0.8197002865074836	0.8643376427503051	0.6802819730824622	0.7691991178402642	-0.06304925901082004	0.2976751313448631	0.6016493151179569	0.06362678060304061	0.6706574839837733	0.635654060615151	0.5489850566140455	0.35123605411283365	0.5981543557331355	0.5237389934879614	0.3505967618960324	-0.15790400541072785	0.23404223728596996	0.654403535305138	0.12831872047952153	-0.07893669198431774	0.14992178470691658	0.8095904581758793	0.4088087218822001	0.3578355533149735	0.5186685679208833	0.26000133462768604	0.2751662896100416	0.8879189279648247	0.49694842726417987	0.9391420079966557	0.5379457121787207	0.09850080341531364	0.4013345263043868	0.5776955646197283	0.6258086038350061	0.25080739975362853	0.8449508590363737	0.7375383535332913	0.12392393316584527	0.9879514020534657	0.43698243596634123	0.322757797711551	0.4862551888685663	0.2944790952307545	0.16059003320598125	0.22820239955225396	0.37845330261328713	0.8067606072347654	0.6960939641775374	0.8332900475105236	0.3699042790024595	0.8431526558535437	0.32484830241191254	0.27767836583797534	0.2410389319645414	0.19128740325338067	0.26364504180953857	0.2599199903895696	0.48408636193825155	1.055057547312621	0.8007256069361752	0.3945353787440057	0.5737028363268714	1.1111475326053295	0.2691764416687151	0.013204548011182538	0.3988168907480164	0.2589560531129045
0.3856283624354385	-0.22273055103041312	0.13163077059819384	0.13762701669742838	0.6092343542332417	0.9609260816247738	0.2981453841464008	0.5898918840471022	0.5320329115576535	0.2589536449501494	0.928536700872577	0.6219514964912207	0.624845516498137	0.45295206311775144	0.2901422440910436	0.4237536188408877	0.6439515201006595	0.7972588719410153	0.3202339764822214	0.5342661200387194	0.2544031575541177	0.7973181774624297	-0.039901951389554324	0.682928489787529	0.19634713374469315	0.5725719372655548	0.34801585443253324	0.4262690712185664	0.19449123048228534	0.22282123488475114	0.17645852029925657	0.8702580692200969	0.29395041045703707	0.2742281449508438	0.27572954971245095	0.10428624639088069	0.24220572848312139	0.6003750512116504	0.5047370575139818	0.49326881151474	0.5614654142553792	-0.0271778207376977	0.25867779921144474	0.4060138948491149	0.3754027561936585	-0.11495346579617272	-0.13289671009414605	0.204130168557505	-0.13951205122970461	0.051766108234000185	0.011844217979004257	-0.13546705302818823	0.29961450369487724	0.5647017266832488	0.2850030581167167	1.1448089815860265	0.3795042267839361	0.36189287564353084	0.19086151119851236	0.4809163073171206	0.011613960677785362	0.3944730748238666	1.15091921127809	0.8933362025745397	0.1983918722423828	0.8925876958715425	0.3524477780046136	0.6929194001536002	0.5632534181606581	0.850342293809744	0.6750915324053436	0.18895234643101666	0.1680922879073844	0.830063237187366	0.6808396849667594	0.25661875339385676	1.0741151765638823	0.5875891596567466	0.7934837698996322	0.4195947314842977	0.056568608334687465	1.0105405728205363	-0.022984806631752397	0.23562564734997937	1.094818732284241	1.0640113214202882	0.4979835928288413	0.5610938697397823	0.9224523818451748	1.2368662094768286	0.1601168056151578	0.38094868696800643	0.4463112835063072	0.06450715435434434	0.4800629302646618	0.8443963580357501	1.003814931164598	1.0112315447100273	0.44828865455363587	0.04082175429240431
0.6154889167572853	0.6995426268417098	0.1022630272022399	0.6042349208597725	0.6268149075551593	0.6353422229814277	0.8632016676596519	1.1104523346262973	0.5303377371880602	0.42586937314162465	0.5074809603764178	0.8038685704207063	0.8508402043744123	0.21286946757937986	0.23095069377030236	0.0015045809255178066	0.5260362640979598	0.5366216101359487	0.17293059102758002	0.4859600194986188	0.5496790032928223	0.4309321256411004	0.2733194759815625	0.043567545909942496	-0.001706552730292632	0.2032941791623093	0.3613251658563075	0.04468679440761836	0.6364920332032037	0.030572480282646697	0.4781239120562293	0.27248535173203015	0.28539789264927073	0.058565822420911906	0.35981686713857763	0.36542984733025863	0.5282657658971379	0.10860070467230798	0.44810033872600696	0.36201613774579855	0.20598973128292297	0.4554856350452954	0.6093444894875503	0.4755973521320017	0.4219899201584333	0.1509066163368984	-0.05789855163037061	0.5257379782820938	0.6989282300837024	0.2735142371859771	0.7157057166784019	0.39756350869591184	0.08675458682787746	0.2291741515531539	0.288977407155882	0.8465617379880035	0.1845884985924608	0.007530869341199453	0.4863925096972298	0.1771941598581212	0.7641965208019987	0.40175250919726513	0.6812279796847724	0.7656149286647751	0.01786578450693077	1.028004191369778	-0.0814942622119822	0.7632816425503193	0.3491977248833763	0.5895621157390241	0.7110088188197781	0.5318978808445513	0.29159291355751193	1.059759686466653	0.3625901276437364	0.4510621039343047	0.1671443217216559	0.970647733285559	0.8219276162382942	0.4486243016119691	0.02287780171126763	1.3022065548134785	0.3230387903079087	0.8817060236011061	0.006122566318219058	0.43201146307692095	0.5924553802438994	0.5131192609967905	0.7453700696200686	0.5086714954912916	0.4362240605179355	0.35036459223027255	0.374060592930223	0.8327022460909019	-0.02879658524187867	0.6920318727423473	0.2462039577752131	0.6033172094754399	0.19445986603726684	0.13665623268351823
0.8770433469295924	0.8945148510313853	0.2922603121167806	0.6024005369064136	0.5175664126568812	0.2721765833253479	0.6572591316448417	0.7199541171389249	0.23465011783887535	0.3378719229610124	0.13520126629919266	0.25564405021310993	0.5526433183205077	0.2921750014929497	1.016615660557377	1.2630900922295782	0.9472624133568317	0.7095115929288341	0.26129417916230935	0.33365665765341623	-0.11373149540796412	0.22326621447647454	0.80848516285652	1.3552917473901154	0.5231250216998518	0.4185145441086813	0.019771278701091966	0.06371294116666737	0.13243282211954432	1.0087954422672838	0.02440218956712792	0.07370755821462649	1.156566223781371	0.5012876865666459	0.5382069325644989	0.47512457312051504	0.028153364136706993	1.3018226042322	0.07571671867687157	0.5354924817825405	-0.18098256373506877	0.8121534113555846	0.224152419759156	-0.20128960865272044	-0.12125529302785498	0.3081030774209049	0.5226008935478182	-0.16817878872468756	0.4008457998114022	0.22262080741503032	0.9342074283627133	0.09264719026846713	0.30884171537849403	0.11062139765099976	-0.09021364736664489	0.1554801104366219	0.39783956691956546	0.7960581375485902	0.18619777210225386	0.0949201556556411	0.2983393662393358	0.4866981380485549	0.2572281685602825	0.7945084292640382	0.5001760403082559	1.1395346704608424	0.2134260698200544	0.5217310607165325	0.664841715378494	0.12489724338970443	0.11062305031171404	0.5962363138166603	0.18351520517296693	0.636013233784829	0.6928979280634288	0.23275607422252037	0.9760619150587944	0.2662319460704867	0.8939557697996392	0.5385978007113386	0.8207624723804287	0.813452688767879	0.33348074789146875	0.7342608079149948	0.8808730798235125	0.8620934211604456	0.7284531137377769	0.9164807478914688	0.9030915087959046	1.079113925263627	0.45755453710917693	0.5395275168008933	0.6489735824268004	0.4275873653393995	0.8848650762237675	0.8663113071157459	1.0327853374274876	0.745872182664839	0.1578473816438002	0.28698779530894347
0.2381795817240724	0.44432082171957277	-0.025984641365681016	0.722986142648229	0.1395939995916956	1.3041772443896336	0.6403446783630603	0.43662595427268347	0.633372761096089	0.8258730326046348	0.5278996515524595	0.7303143763427867	0.5080625761230801	0.8903684169593542	0.7214264003521972	1.0373442061742848	0.4460119352656964	0.9433453630367847	0.05665262043938557	0.10651836883776289	-0.12528717688052649	0.2274582842048688	0.7552371401470173	0.7390936808642721	0.2999016347453167	0.3493497307829585	0.2062661908670358	0.25518116355647036	0.182458473080379	0.4701800066939703	-0.20676522079686016	0.6842086324440908	0.7097057875067183	0.2666793810438427	0.3290133046131454	0.24684643726624922	0.44123376399727243	0.3269305201992637	-0.1522046285610324	-0.13614815617227116	0.7292678907466276	0.24434987243959116	0.025601342127154814	0.2103223327236543	0.5926603171164264	0.40438149658843614	-0.12245196659681046	0.6329051053328167	-0.10629303202134288	0.2326236641571222	0.49153807022002605	0.20889814054837785	0.34272957332188975	0.09503886113622506	0.19614625769563548	0.2857844874876918	-0.0867454485862807	0.6492548111175458	0.44100494687181885	1.0183978690398319	0.9179538102162207	0.3108976211407247	0.10803699599056182	0.19942812384122788	0.24942687254097273	0.22992742736278404	0.06984454851114708	-0.14287342007718895	0.42437113204481347	0.1306205477112039	0.2667883830450899	0.38884988424431044	1.5166297790017653	0.18670805401284085	0.12873342166041013	0.22587024669085942	0.03450672938444638	0.5804265656182688	0.5616229086550815	0.11384369857135124	0.5101207956103109	0.5013970899283522	0.6251740571153988	0.44028265775618675	0.7020907532938641	0.035066636946549656	0.4275379049539547	-0.18893796689401166	0.8591711295449906	0.2884765218019279	0.6730557766047127	1.8030813095183533	0.9046671277451179	1.3619727324870043	0.8086958243235548	1.0548082260839857	0.9413105752231439	0.6051722391886132	0.611288418459248	0.8783735165981299
0.706762543208745	0.002846933064463486	0.9585416824641587	0.7226800184986896	0.5436762409884855	0.48709457802294565	0.898487051611622	0.998237801211303	0.9381241245411784	0.5186222003719181	1.2525642878073915	0.236452783205634	0.5208696800643289	0.31867388004460795	0.5977031432495754	0.5334281002317891	-0.0899045248183809	0.5323193579343686	0.5061528919479313	0.12476773728527568	0.2366535884263753	-0.1764316985880166	0.7345678292232078	1.0119551323447922	0.4117362547930633	0.0553264643754402	0.5728781794622881	0.6148739061538697	0.2638723479309105	-0.046515781521031085	0.8529293633367636	-0.024987403670017838	1.2281769138574905	0.9470390027928578	0.16245752870282804	0.06912294406923958	0.7493438284232643	0.4739565961299964	-0.000789549629123476	0.5231819190585112	0.1402105448086316	0.11032261603691962	-0.029150021317934427	1.228015051711615	0.521235912456201	0.5624326568534728	0.23876806781741855	0.0849860718199128	-0.05559681883644352	0.2665124664780689	0.26520674368898867	0.2702889378669011	0.35984301389762663	0.769120772000872	0.6947860693200898	0.3769543532333126	-0.10401992497753626	1.2801742223814703	0.12812037064041304	0.1774819283634076	0.32826210643412757	0.21914994076808447	0.43340174098779105	1.508900336226184	0.5342034855864377	0.42300997568227805	0.3962600288035153	0.4874569148574197	0.15343072087949328	0.44926123288489295	0.40484511513767774	0.8589611291422413	0.978378450970834	0.2620407026724496	0.524485375341469	0.17578694286932461	0.5516461042342833	0.48453323028507705	0.8111777874067254	0.4309292452895698	0.022289575321748023	0.15550868896786485	0.5730341392484699	0.6730340920295923	0.1573092058756949	0.253809571821996	0.7273429076551522	-0.0023256949854940645	0.16531015025324597	0.7284751760639177	0.4364186092374013	0.6278025362092408	0.7836395880291813	0.7428625736232572	0.4793087572963582	0.5764487223821646	0.36103239215000055	1.1244184675807687	0.6491176083360762	0.2170397346854599
0.5036793810438427	0.6337933174177939	0.2345144260614873	0.6731265563133721	0.9500147447889108	0.2944876182381525	0.2586259306632447	-0.02187181463535226	-0.09328991557542454	0.3126791921683325	0.3908434860864023	1.0413975857265667	0.4467574199605306	0.6209793667393003	0.7642601232412704	1.091789209375447	0.350262696670097	0.42318045527330705	0.625789303813202	0.6059048928478677	0.600125328622556	1.4707101080340144	0.29270777069957543	0.5744024020520769	0.35734722818244824	0.15240473938651566	-0.03184599840844604	0.13726529370836238	0.18031631231676648	0.9716243488308467	0.5516490790235691	0.20328530201332962	0.6669233193204371	0.8693383746429073	0.17361754931247925	0.22264766245724266	0.4597581990720102	0.21014897278109468	0.6652333626368132	0.24789976959965332	0.4022358416278846	0.02323515695416023	0.884986685665321	0.016511191568374994	0.5173720055940482	0.4209824831852188	0.18120712144000917	0.6440133518320229	0.5034566315441544	0.6599272148778351	0.7632054215604173	0.17265191215622222	-0.09135132233688997	0.6347598517327244	0.5904241338460747	0.4502034619769989	0.5108699161587165	0.3087867776032531	0.1473442061742849	0.41117821237662333	0.3790953335249865	0.2469841122364943	0.2831805497110621	0.07926281471729091	0.8558939852871534	0.7787842513933041	0.3995371022330363	0.26931475409380723	0.32612483282434157	0.19776306261639798	0.20443055561342183	0.5332336459500786	-0.067431769416333	-0.22920845329011413	0.3890921934696293	0.22836787394226243	0.2847269526741855	0.5382284754829866	0.6365680653175956	0.3394853989509077	0.11909396417753748	0.4632864352663909	0.4909822707002698	0.5838424944899736	0.6886460806248446	0.7655054544747524	1.03339404431075	0.3832824924901153	0.5890322268839292	0.708726574923165	0.5777255833267365	0.8742224550760989	0.5980834579772822	0.47605938884884547	0.870837489288953	0.8799207222821717	0.28031076409865413	0.48945382202094023	0.8569858357255251	1.035541163056506
0.40456712094004454	0.384595959175114	0.49365228990724264	0.7984887751006525	0.2707656832641021	0.07417833042381727	0.12184575259252473	-0.03564835685250067	0.8452351097352827	0.6548440054940553	0.752953692169027	1.2780609470718045	0.12272636243821622	0.6409514728817819	0.6957306829655122	0.3651810218998377	1.0798760782222372	0.4723199245608991	0.17712280241260692	1.1250101645577881	0.4631786373465213	1.0286792629966488	0.47026215365300517	0.46426548258387257	0.24607192546083545	0.5492962331834829	0.2586564923873448	0.49682043216383287	0.40126373548540306	0.5904823061144281	1.0648702703002981	0.12083876419864709	0.1413955317053931	0.5879479078565268	0.5250872118780475	0.42125502360249484	0.7028095009936797	0.9094499972918584	0.30614649379002323	0.26787064805131855	0.039232772400843885	0.6329836636571575	0.2940920754224353	0.7874524054546137	0.6873690544142013	0.6116194852864588	0.7475919927893997	0.8245958883467976	0.3960364529734699	0.5604274155580647	-0.1514595216172187	0.19140074939136265	0.10106418156491692	-0.1237705801394623	0.6420896908691189	0.6291182221814844	0.4663992147778421	0.5680117227807474	0.6912335515123236	0.09862309753059162	0.7247356409476552	0.12781967666179195	0.12623683322431334	0.7960670383070089	0.5813150137976338	0.3186192491920712	0.3858152144778634	0.4967894454698347	0.14898333312501477	-0.12640354502667167	0.2159277578949269	0.19497969727144332	0.6265353787440056	0.7692562276838723	0.15800504130957388	0.6868411487519634	0.2270070008929923	0.42686753160540014	0.5064545303041034	0.10970762904294273	0.4967051736613102	0.5430113922486045	0.588010613137125	0.55984372218079	0.13342670727490136	0.9073399328658664	0.3330595777243557	0.3444769703812647	0.8057015850266162	0.7979786348466984	-0.04971488686218056	1.1420339739823984	0.7448934658795002	0.29069986153758554	0.91886734272989	0.21945070557502178	0.4775903401286854	1.1867576796643573	1.0696783422285367	0.29012764234755595
0.40339992306100536	0.6705681361459119	0.39023230021206834	0.5989011389471023	0.8294319249608709	0.3072897641972582	0.12009471967957819	-0.09731629842886125	1.083570449870912	0.31814821727905385	0.00022967956436420467	0.34572419036984875	0.8058058415306694	0.3926141259438567	0.7353406883679074	0.7101249508715354	0.5033173511320727	0.5655948495314916	0.5142874268628195	0.03778951629815119	0.5157608669385918	-0.007321256411004118	1.1062348028125786	0.266628740186459	-0.1774285349232207	0.09707643486364159	0.7071010942280477	0.5626821433481796	0.09306753410522317	0.9853698807445582	0.2033145416088582	0.42056107692371786	0.08844983202578705	0.8906152828063567	0.994196922162458	0.4268910341073063	-0.19505414616464664	0.8024197897093399	0.5100586805656822	0.09720273008439673	0.8757015141982998	0.2106204060545711	0.7735900332059813	0.342449525103083	0.18719848038541714	0.2209185266043655	1.4260310936308678	-0.3191858007280039	0.5711767249819805	0.3043711556542522	0.7043970663189135	0.8742011718614375	0.19031059883258267	0.7329737004739941	0.35791940015360024	0.40344985563522584	-0.10401886255279141	0.7747319342657674	0.19211978040444366	0.8570923823451395	0.45098448998751484	0.4652339528727826	0.942239902451354	-0.07073484794827034	0.765203981384652	0.25975963924777545	0.8716508025125997	0.371706236086055	0.4969533144180065	0.866342813217397	0.5912856325454725	0.5937831417496815	0.4005317428904342	0.5061719794847865	0.7481452897086456	0.5230905644183537	0.2817022933097795	0.32725627490274994	0.4613152262825828	0.6002335751217623	0.7362886781630746	0.6679813027132799	0.2295364411687506	0.7360639454705291	0.1239798625375147	1.1296717079762406	0.5421436842668089	0.2659247594962024	0.2969245706206921	0.49923116695900716	0.3774255268029626	0.7122297267832417	0.3277849596764674	0.6475928427291956	0.8389795792242494	0.607698444971259	0.3856724398688426	1.0636752021731795	0.5495075793242423	0.13931716225656243
1.6325144024520484	0.8928989904881738	-0.07809997069652003	-0.04787547409836246	0.10617995947509273	0.8792076880665397	0.6373431673589787	0.9504028270219748	0.1740973875461599	0.37561903670712204	0.5872841923697072	0.8094467864081849	0.6823105516137051	0.5366167229821222	0.6390953099155476	0.6993170442093686	0.49465205381285493	0.23445554550997083	0.9377896343453449	0.025318484385133844	0.37667678400557736	0.1906516524523958	1.0330671563542027	0.884683158554047	0.5584869099549893	0.21654265045114862	0.6132662144764746	0.6965682069742282	0.40314663544665585	0.4437846763632021	0.4669793667393004	0.296283578524299	0.4993395315054073	0.3246744702805774	0.5718652650992777	0.9802225495138539	0.25202781191887796	0.9087781129392223	0.43361462174207105	0.40133790245413176	0.8450052065756454	0.10189717256138808	0.4404225047947992	0.846475459377183	0.5203374066559174	0.4288639901895838	0.3460031997733494	0.5870357919091843	1.0186198630374794	0.2905940940294507	0.9320881562555985	0.8093925096972298	0.35480782472352657	0.3995273279253831	0.4089724963926166	0.49161674659156085	0.5618118619375572	0.1115631073354526	0.03648150339350964	0.4014821644577953	0.026012313016716915	0.49945934662961367	0.23682003080337366	0.3933731624565483	0.5736181159390099	0.8947339410680631	0.7425130331045996	0.4873462838048972	-0.06695828212168298	0.6733146124371746	0.3206989879883509	0.707808391350057	0.17392032092171256	0.16008803820840473	0.17922491045773142	0.3693977273831992	0.12064730831566095	0.31753533152512814	0.3640374917887761	0.1243450797235196	0.37781622968373074	0.6224837226807547	0.3059552503919861	0.9488667288844816	0.9269514728817819	0.33556105331427916	0.4630630483118557	0.4074526415490014	0.3428114841865368	0.9453689363670074	1.02831258202544	0.40142498378587066	0.4898143881475062	0.12009075329386393	0.7365379521728322	0.9711472256826251	0.3212320877271194	0.40653818826722	0.9495968327243487	0.42251435523317094
0.37198895217144345	0.35987192296101245	0.745261634245352	0.9520370432094393	0.7500937044737109	0.8255078390280689	0.7405074612770485	0.35142370887617685	0.4898393308251777	0.33748006321774426	0.818617785406867	0.7386986338467691	0.6495366536536996	0.34189842386164304	0.37190132782261254	0.17484620117186145	0.39448124368968307	0.09656466555841181	0.32123447228043567	0.3349593112154555	-0.08517890677188145	0.5273480072939278	1.7547618821444593	0.08128787544215621	0.33139959252886253	0.11945646627808315	0.7043156984713583	0.5716175493124793	0.8503676378478747	0.6699242400885493	0.4186733370275161	0.5601430704214005	0.2150604748830291	0.6243408772434176	0.34755793686836073	0.29908418986988416	0.329333558317397	0.2041676589574905	0.26686450959723684	0.4480569806860903	0.19161580221400987	0.789006812017482	0.2167547284845101	0.7082539847871887	0.805227578324313	0.380419482786636	0.8871423857476762	0.4112255715220172	0.30620136073694776	0.1615885694207771	0.8521969221624579	0.6763637186810378	0.196276519302105	0.6054417575977258	1.133748212279408	0.6551400011943598	1.0790877312857006	0.3558375837267082	0.6550894547747312	0.8386481818648956	0.6207897051736614	0.738483769899632	0.25095454210882284	1.0786769728810874	1.4265914969911853	0.9774547663984912	0.31984440685451443	0.3569827428890453	0.2722617522925459	0.5057597572949695	-0.09654860975125368	0.48942292976469726	0.9422531584568316	0.5215860196013894	0.6134727915106014	0.6261160737225558	0.33295170897616977	0.37495369216902685	0.21850935003215055	0.8597599697799184	0.20234422978372368	0.624068502092213	-0.21296210685076472	0.4248133257227613	0.2777589781834898	0.3843684405687931	0.47417705551412326	0.3432910863258297	1.032372029203487	0.8524802520932544	0.602366858736395	0.24473141485811423	0.3997308718410223	0.44511902490240274	0.9281221649577599	0.17620905741398873	0.5888440763223717	0.6146470486118344	0.3103753817437931	0.4021263674378621
0.648013257394268	0.3504015285028421	0.6500661175388966	0.22911713614730062	0.4108940797249084	0.7248422111767083	0.5764251018330645	0.140114893250617	0.5435571105380036	0.5897823390287633	0.8030623164192536	0.6058414084557898	0.5269800041941473	0.18089922658256152	0.5473728791432828	0.8815378105161996	0.4524785994325402	0.4732850423095031	0.12770420567432028	0.6853165484111542	0.03243072087949328	0.6281489491716559	0.4782057284831215	1.418565893249228	0.6498963934499083	0.45751267896301784	0.4913426243418869	0.16428511313781946	0.20614462864435995	0.16936747258180324	0.3562863644380745	0.5981742696003477	0.5213905028949339	0.754978469580627	0.40653226229808725	0.7921962610981722	0.9190002249840636	0.5763033743443173	0.7581388207224211	1.0139461843674962	0.2719796972714433	0.5158972906085819	0.2874487223821646	0.6189781626579228	1.075756192269714	0.3314788119174892	0.4763107168797766	0.34417155451488857	0.653725961077757	0.5459760614178717	0.6429757781046064	0.6208881537557756	1.0926908427319733	0.7171636217434598	1.2253036340481438	0.5689168031153349	0.659667222182873	0.35216957132203136	0.09858878190572612	0.5819237206808962	0.6472596746619337	0.32861847008059153	1.1115036601574055	0.587339248192142	0.7336457500927017	-0.020269623957191896	0.994430744488932	0.7558718049138186	0.7990375862265311	0.8086191075354384	0.6984258337256667	0.28864775689499766	0.6671746001324906	0.61414366065737	0.3645861376485833	0.9107849124575897	-0.1316854820005805	0.4578423292239022	0.9984255504124014	0.36962253090406094	0.3782055159981723	0.19473226479791017	0.29586798018473687	-0.15962959984778852	0.8640930906283026	0.5532338584350275	0.7673160762223787	0.7889006431488881	0.4538431319448205	0.9157582462908876	0.41070087674345285	0.6061776457500927	-0.035515592645520955	0.4918452331848717	0.4588996987713371	0.5374002772025871	0.026509231984956583	0.6016465292041813	0.13798262484185142	0.2798480190986472
0.38206413434603936	0.6170065995325331	0.8927291955708693	0.6633666226420073	0.5037556964715	1.249589749892716	0.37525747898412753	1.1359484508736188	1.5590024678807475	1.0382816189408806	0.4911192137779129	1.1047301163389815	0.5608406765631879	0.3178128771434246	0.9620088896480944	0.4284238269233707	1.052702553013606	0.3603981287436585	0.26100900769528823	0.26139831761916865	0.419010731184319	0.41942628230500334	0.42045363314543005	0.04362241285686708	0.6071482881073701	0.24267697288108758	0.28622887684344583	0.3984221506532176	0.2894199313659727	0.6997260319060733	0.7736448057151506	0.6143688891481299	0.8570619150587944	0.9063962399885563	0.5063941859673828	0.5794196952715849	0.516721640550461	0.43644329221124617	0.6278636360480021	0.2655016769645484	0.5709772654992493	0.4418947880080717	0.10428372018093168	0.253339767599795	0.48811621537918837	0.7585599908895343	0.4147540202013468	0.4750304089571433	0.6795577007739728	0.7231156959715352	0.1803901251439134	1.0931080701228106	0.8123846477541175	0.31077362714585494	0.1945794089585321	0.5750527073776719	0.5502195275056906	0.5288617236834613	1.1577251111379612	0.5087260082966345	0.3592278616375784	0.23278304731192656	0.4122535834267295	0.4534199549754115	0.37378125299457954	0.5116740217012408	-0.10824177731855106	0.7005642641979527	0.4335925358064915	0.13226250779458681	0.3510378931492353	0.3905093500321505	0.18906269417027405	0.8173106696608992	0.29114736733925783	0.8199510951307616	0.9250912490920783	0.6081742223814702	0.24547921327794836	0.24859685633378747	0.7198473580343615	0.28462555291222424	-0.20763030813095185	0.7847606072347654	0.28429037804266644	0.7932897641972583	0.1911518531326254	0.4800116991713086	0.8002899294633296	0.10042465325372785	0.18814507722369667	0.5592886309441971	0.5385156773617424	0.4701547570935949	0.38668226139537343	0.1791535294027785	0.0656764298639958	0.5342852784038908	0.6515083348262831	0.4065100819247526
0.6937548937505816	0.42214429811221704	0.36794859253025136	0.9130847092775374	0.36880801359903675	0.5620850162002413	0.692641618440916	0.4085292166804851	0.424084425964272	0.8091431648591558	0.5269512840062718	0.7233398856469888	0.8856742814050671	0.6503389648788765	0.18769964905263659	0.49247961463840756	0.6986441446508651	1.1055877430904202	0.8215928427291955	1.1795646891678504	0.3958428486315553	0.8623138569351337	1.1414751524544788	0.5348109411694448	0.47467423418618965	0.26142481851979926	1.0267824334665183	0.5263094183606439	0.6642525446114234	0.734474514999632	0.14589471717975533	1.1248383864476268	0.06972777900454274	0.5786433419299467	0.5573110946307971	0.48517398628708247	0.2039756128385351	0.8189461607580575	0.814752745291653	0.7395001423510279	0.6621447466915538	0.3808952129779696	0.3834185620185237	0.42691722808523286	1.0272807690010848	0.979450776403338	0.2975615727219322	0.34350680021276275	0.16317117676386816	0.9033356831668868	0.2605560953321362	0.7027786559563142	1.2478598585377978	0.6128588197224919	0.3809404944927512	1.163106889650872	0.4601378055165537	0.8732231869687008	0.6215553398300953	0.8341696421503477	0.33350344767245654	0.6783954136581993	0.3970348475316332	0.26080900519546535	0.6799511895685166	0.6036752021731795	0.22481641855924095	0.5846497164784161	0.18242776969964625	0.31776495137150007	0.16870888034319786	0.1603737290830789	0.9185654446698914	1.020038129243623	0.5636801837647613	0.4805376452501282	0.3787039459704937	-0.011045103749595553	0.7490355322053577	0.8740122185789617	0.27568037264027134	0.446846153952984	-0.1470444662947485	0.19137455541343606	0.9925427212794649	0.02028889064802364	0.9887342952096448	0.26926201199637245	0.8468170324046492	0.43092825369314114	0.2970109672787067	0.928264703472393	0.421542933764414	-0.03887403392259714	0.3613190510116644	0.5904567732007873	0.7511488075150231	0.5422313086156397	0.600786376242794	0.8156457264832631
