0.6874949449660417	0.6268299721275948	0.6133350889465239	0.5759324145923201	0.5465449184570058	0.6303698290171358	0.47208205020766403	0.6614757474906419	0.6615540368819774	0.8367343778610135	0.9146438650790913	0.5762985888126037	0.8409506470254795	0.9017152135198251	0.6543675654404844	0.6414977694908917	0.5698179033077712	0.4435869285202726	0.5087446490165325	0.23797549128385254	0.24777631058889749	0.12079060765110294	0.02079293307939334	0.29431355275914817	0.20670193666798853	0.3418093634647985	0.5176429463547452	0.28045925527026483	0.29950392865410946	0.6599434189672695	0.6889891700463397	0.6449320612662903	0.6021452364821002	0.5505430082230514	0.6406296386687581	0.3620288568980412	0.6424987522169339	0.5084488339274325	0.6176347819883894	0.7888497614520119	0.6991762333368502	0.6067752594443754	0.668550158962546	0.6368737555378552	0.5713695375260779	0.6102237974973005	0.6348296563358931	0.45672651821939964	0.44329385402046495	0.22186009445916988	0.48148927381575635	0.38972990805923047	0.2526382005289808	0.20218030334470538	0.09610220829185323	0.22521278423878255	0.23580062488322617	0.2327008037713001	0.461407974394655	0.28708739006583683	0.5247893422842373	0.43227029277942536	0.8078579854699484	0.5427492292379082	0.6243271520361957	0.5399775870893913	0.8379690141455416	0.7930326751992263	0.6564549997408264	0.5521417141054239	0.6798237246120356	0.5484607812773705	0.547989998184952	0.4653504570871129	0.48413541578851854	0.53322814137908	0.4269607039919892	0.7400785963161358	0.8503790556616417	0.8852764696431124	0.6731197914911413	0.8320374916768629	0.6126283357175634	0.6130379797231293	0.48124455186395787	0.511368309643539	0.45205277808195254	0.4549445717311509	0.6803474978420264	0.489308985854792	0.4608247426723476	0.8231794310715903	0.5519717856523199	0.6763288524812576	0.8485901726562421	0.6298974006977853	0.6577103064897887	0.5150277858363248	0.8108611324200092	0.6879166798753501
0.645863384963035	0.4261900291024379	0.6200169161649451	0.5431310696900136	0.5153119870509901	0.5450780927861257	0.42334936172475246	0.5121909566270173	0.7499522988859205	0.7531910206787148	0.8472006094828181	0.9635366922556781	0.988517852539759	0.7887900512030237	0.7820883507412947	0.7945733734777307	0.38710050124661655	0.48073290042186134	0.24498947035429786	0.4989769907735889	0.32359571343640625	0.22191307794656567	0.10959437515094173	-0.0248793185852757	0.2048854113300671	0.27645516752860644	0.14874758616103334	0.6025940439254975	0.534277474436406	0.5739391567876551	0.7611410825053533	0.5796232453993365	0.5743299080925646	0.5142886024979663	0.7657510202353697	0.5319897265610873	0.7349950642192018	0.680323918950519	0.5494764365089009	0.43053331783292265	0.5605665363298795	0.48285201621176305	0.8001824079838116	0.5796533986650647	0.6884636477699992	0.7094445783813272	0.5709496421988517	0.49049848720991124	0.461380007453531	0.33451316631557415	0.5321527184470389	0.21589078433911835	0.22595035988453704	0.028088505278723308	0.035263312044436	0.22007019116006576	0.35418363138289843	0.3117413253951231	0.23992374887934542	0.3710273640084797	0.39430425991288776	0.5350951547549344	0.7700370941663289	0.5180447771365942	0.8463349564596797	0.5218917096969737	0.4614976745383753	0.5531405856255192	0.7538247758065589	0.5699946976261538	0.3911408329487399	0.6308911443319916	0.5412079766280473	0.5540996112730321	0.39465169156982666	0.8173950907199043	0.4089148579604027	0.6140305750269051	0.7750681837902038	0.7254994434519182	0.7035721942131468	0.7272632325923304	0.6103557130430624	0.6227478710685834	0.6609293648115009	0.416965502785824	0.2952243871129253	0.5361185371079001	0.4678600679584677	0.4962525771266273	0.6544905568997581	0.5462104566437678	0.5907575923761981	0.6343960889130229	0.5924520736299512	0.8321657214416184	0.5579946247575561	0.7756128240398372	0.7578756348709907	0.5920182986182467
0.4325962059494577	0.5507506602591636	0.5879004725458559	0.5853629697853662	0.7636980720322423	0.5402722604482353	0.696187222244723	0.5490005873822323	0.7282750165212712	0.7867140828231949	0.6935186144266158	0.741927452377488	0.7832470738641241	0.7122336822259124	0.89620915370924	0.8950426879978988	0.6094588378925376	0.5906598758200426	0.4989766352308338	0.1723053994097512	0.23989093449309762	0.17927535876367395	0.12425020969722389	0.11831329878575136	-0.09678646712471195	0.12133576246437217	0.28250485836207995	0.566011805946191	0.7309290998044783	0.6239664855285333	0.7152119760173646	0.6827049577813813	0.6646406297933563	0.8843525153083225	0.6869105251122489	0.6269765115942241	0.5544224680454033	0.5452424980761992	0.652342515743334	0.3457431340930535	0.7878996974086482	0.4695102424380914	0.7347941874959687	0.5006365133676043	0.7119070712040536	0.7206146282876498	0.5665396581009399	0.3575731658888962	0.4361066162586643	0.517318989819897	0.337889987117992	0.29984760824495205	0.41836953085923456	0.046926136125940765	0.2561826287729959	0.20881363889476423	0.09200418039411395	0.2401495737137035	0.28786529078020573	0.5033085441764208	0.48895986258635865	0.6677605869388873	0.5669064484375503	0.6812324764439592	0.5632267898599314	0.7196348460400869	0.5897784726461919	0.6610607393262589	0.5661444701617928	0.6688997702772457	0.5368281391623546	0.5700067222614733	0.33021697136640793	0.6101943729842175	0.6625410096200883	0.5442075150824832	0.7314203767066496	0.6081754316989402	0.9979410184703228	0.8144763283060334	0.7280509274829117	0.4813624287376949	0.5866611081193652	0.5702209530885903	0.5948924406496774	0.4509867739328426	0.31982695546431983	0.5135416345866501	0.4812769974237653	0.6199819530384224	0.5314614018271484	0.44207449754085165	0.6422990481414426	0.8203582283930525	0.6293266242222086	0.4781400246939878	0.781994059409241	0.7316974558992482	0.689287184710395	0.5835802128423071
0.5138900953541936	0.6554499138227164	0.5439623646859977	0.6130583454294873	0.5664975906028177	0.7879165274879787	0.7177021619572921	0.7107842055981151	0.523887780976196	0.683251289659176	0.7171462788430563	0.9294609800493048	0.6229796210099567	0.8140523408536993	0.6937093480477232	0.5962572213663664	0.4073843138009825	0.46117172821746455	0.28072740154280773	0.36563035855450177	0.36514649299873125	0.14297029936293326	0.18954858212075976	0.05785075296162023	0.30217907106205	0.2912886377822347	0.28542779683661623	0.3721014375880962	0.44250573290192197	0.5028342011729978	0.5762201426171127	0.468641696438289	0.7935610794186045	0.6203836998847136	0.8860351618317885	0.5178843160177078	0.718558561851889	0.3999453513018096	0.4268078794588058	0.24863127286206427	0.5601720639096937	0.5393266860571806	0.6239057638360752	0.6680462103745749	0.5154708956787355	0.4671354798402158	0.5866868932026701	0.582624720588429	0.4643460381033433	0.4873425510609365	0.5351742943521338	0.4120318403937705	0.2859536260877581	0.22253666570497466	0.4464147563410431	0.3654995494213932	0.4260839803254787	0.39280618783064425	0.4611135881267522	0.5392522525013579	0.6246034914091891	0.8595921624089705	0.5197616712676221	0.6805911575990098	0.670180559568162	0.6164174837299856	0.6225482133776545	0.8013596439638985	0.38142484867515664	0.5089498409374518	0.47771746824624195	0.5093468353244696	0.329855425935454	0.48229815373440743	0.5925033125211152	0.5557252550192582	0.5066010025599013	0.6947936839826256	0.6776402720338756	0.8019571396642011	0.6171274854950324	0.6863701713262069	0.8868425201601177	0.5016662514389967	0.49691085193757634	0.36525138459502526	0.5302222206888483	0.4543067067943969	0.5057777990616753	0.5182332736484184	0.5545289628841832	0.4489830903518943	0.35125514547802195	0.5424747007129024	0.3934694646408131	0.4921597190492216	0.5654430060063259	0.5432839891757133	0.5926846605268373	0.5586009804759827
0.5271670597104159	0.5338098824618853	0.7302118501306953	0.3427490658002438	0.4055569629761856	0.5491408461990911	0.6081934653434984	0.42450458455482415	0.6186063336011738	0.8417698467009376	0.789617026601205	0.7276193476127119	0.6297624000369344	0.8583328253698723	0.7835902919094024	0.7581632347923889	0.6505385561050702	0.5328950509521837	0.5104497680521869	0.41185187484135	0.13198394939132563	0.28625346928360274	0.32433681807567916	0.1862651604600858	0.22026388180953482	0.17146633974133663	0.1937705378859208	0.514395251907509	0.7823747603311489	0.3897120886370156	0.585511587340398	0.7320708559276823	0.8674328894049027	0.6322222207055155	0.7110472858530752	0.5677059647914005	0.446396623327185	0.5684041274093765	0.4590917648817695	0.44888203254052905	0.5923642131016473	0.45614854241970754	0.6268403272353384	0.647796983303391	0.49837163548167374	0.6472711408018978	0.4323436618903735	0.5680595048268781	0.5368874850350203	0.3621193829136473	0.502668347177867	0.3899912414845662	0.36913155110277096	0.4914707476914807	0.5737497592186194	0.45034943017656637	0.5892112671152454	0.4806852059912922	0.4685651141255244	0.5309936972329767	0.699194889764579	0.6400895653568154	0.612749905005816	0.5475141402413831	0.7547349387925448	0.9283407402129491	0.616677218279618	0.48916257227483206	0.38739834365610704	0.4467131044806021	0.510057294218297	0.3038173467763563	0.20176826325897657	0.41135940102412716	0.6413067090111223	0.34605589191446917	0.4134301576325107	0.5920436287728292	0.7590982774210184	0.4761230289769346	0.5203269598977707	0.6581699769877236	0.6033563512599753	0.571282324048254	0.3855481515260155	0.5587747029129607	0.3077569519258928	0.3610976833386086	0.5349565588321425	0.3279586148366266	0.2744876153218061	0.3365713881251188	0.3772581356239275	0.462547204134243	0.6138894770044742	0.5000589814463418	0.6150256127787388	0.509710500811605	0.668919038421185	0.6018814649921558
0.77834825974555	0.555933165445551	0.5233151097004072	0.6165912878691286	0.36346236688605593	0.5756653989997401	0.6601430612077889	0.5250544675100558	0.4726702287443952	0.6919343734442297	0.6966518461739237	0.5814064064864386	0.7396922529613702	0.6178611015025233	0.653323603158817	0.9639141159407392	0.6247168764138917	0.41566965234578723	0.3852222295224158	0.227008148865945	0.48140035989287056	0.37238923626476106	0.3517741728822481	0.29599851367727925	0.21354027420059973	0.07473725755399196	0.4408570998798136	0.4194838080709139	0.5074541472849031	0.6770669139565533	0.5814956560682192	0.6581627688300409	0.47152023536957066	0.5729317719586238	0.6240942736149175	0.5349114261194591	0.39456398121216885	0.55266206212798	0.5201146238541988	0.5760856719536402	0.5139875071189388	0.44877561277040523	0.8068600701751931	0.4065588312756956	0.687562788697234	0.42533972655275376	0.38711765155109945	0.3372178193888806	0.25510781099032465	0.4370094253164376	0.3155381563778108	0.40765479433538343	0.4813802614102607	0.5131281634463314	0.5615958592236028	0.5205828363951647	0.7024425113265502	0.5905289143162296	0.5908238637490562	0.7587042533127129	0.7103610551346279	0.7932724923543809	0.9438386599244881	0.7744607017919309	0.5768492822393128	0.6190256503297338	0.796815964356389	0.5290678922658119	0.3032096152381373	0.4957613267251584	0.23046639937625024	0.20076173968610178	0.1630892274311937	0.561572004258113	0.6651740271450527	0.41382762681544405	0.8043743650373403	0.5402317277907865	0.829063614635788	0.6616574289552006	0.6356950509688508	0.5205426349964941	0.579547447057347	0.5563342630079698	0.5579349498095035	0.5165953601270434	0.4178634776988258	0.513233103593912	0.2720601894116862	0.4605303983222224	0.5399985423947069	0.47372663965595097	0.5940530828400287	0.4869641225492476	0.658379517190539	0.6577575062405822	0.601157815415442	0.6153617640034128	0.4600432952973255	0.5000430302903027
0.48899841874143	0.5361714830943021	0.5167966012432663	0.5838771961790322	0.3975896602926645	0.36870044382842815	0.6104269930153151	0.7618482376616315	0.4964928889615576	0.8470924274159932	0.6935807627402126	0.603601428787863	0.5422933681909239	0.6846137029797956	0.5335858707255743	0.6833354180052439	0.5308699372366703	0.6577957863550051	0.46179012405495423	0.22926800046867923	0.49827645635942697	0.3919905568830908	0.4252231305296258	0.4860921447085015	0.2708342232402494	0.49467673461680084	0.42316518919418045	0.5712596262800965	0.589012097470583	0.6286221102859226	0.7473080892643655	0.7102997371597014	0.5657116050075328	0.49173662377053007	0.8716839295407995	0.6178641932177871	0.6109172385734891	0.5388791616311168	0.42585400373109894	0.3996141976262373	0.39963643163210505	0.5033480631903413	0.33915503505842914	0.5744324985112107	0.5555033787728708	0.44494919830375523	0.43197493700249734	0.4211831168525967	0.4786511902565419	0.31765598245020166	0.2042808974271152	0.36665399269747334	0.3703855792011823	0.5049366767719345	0.5802400798954508	0.4968369042446292	0.7789987279329569	0.6517166865088593	0.7349629830523844	0.8825677884963952	0.768607700604066	0.968977143210962	0.8794250187463302	0.7542921911263984	0.49696771119434674	0.712447855618174	0.7287983414560488	0.4888525417923576	0.4387040986919488	0.4636370190476715	0.42588796864783607	0.2712338102626388	0.36330352229334084	0.497071271072017	0.36918581549077734	0.4597616822845808	0.5744982774043512	0.3177805374675763	0.6367189368351597	0.4457896227583365	0.5379591006995019	0.4600418929768306	0.4505384633526123	0.8388272602223961	0.4821236848443152	0.4907817962342669	0.20729820451908654	0.34657853886461343	0.2993848658822793	0.5329720660930848	0.4378025263169475	0.4334213792832178	0.47035195214339864	0.24110510571863497	0.44250527797319983	0.3574512918425673	0.4311125060147428	0.6247459541844527	0.4308863521383318	0.6778823372986051
0.5574129432763302	0.500599169594661	0.4900129741938162	0.45091102419214124	0.6084571308139668	0.3114949029982629	0.5336250297632887	0.4525742391673381	0.5677749811870015	0.6060131862161016	0.7965631089223866	0.6793924671670466	0.740013225967155	0.8571217503263837	0.7239003599262049	0.6583290512365245	0.7615306169780167	0.5811488560113511	0.5135352877017909	0.5012132038665693	0.5196457686795367	0.4536860495803139	0.21283354968906687	0.3263539683968293	0.46309037801168407	0.7569223885266295	0.3669096770731092	0.5647774346853527	0.5499209972564274	0.596691848817327	0.8342607967444472	0.7008393091750266	0.5827427233321683	0.7047552558976147	0.384629532649282	0.3484732983757405	0.18413198614763304	0.23239037137817498	0.2554416919881711	0.3326022392260063	0.32910597360830074	0.42787630840550617	0.28588748945180387	0.3597480676071251	0.6034642683031101	0.22893896464923003	0.44165346268342776	0.47914233905531833	0.3021354908571745	0.374339015433909	0.43900491138015174	0.6019329777239097	0.7155031225994157	0.4896133562539408	0.48746852608260793	0.6748912326843328	0.6222484496839167	0.7483405790086772	0.9271056445995819	0.8638540324818608	0.923183006466338	0.7946559824835357	0.7082307229974929	0.8021130603460993	0.7096469347271037	0.511353736540685	0.8213497106506658	0.4426327127168871	0.3944802106089146	0.2437321076008515	0.3362335938402369	0.2802813457056612	0.1938277659191303	0.26471401432137964	0.27522633489787485	0.4309005696984304	0.615182529420363	0.4079419128440238	0.6106198665597973	0.5680333774511692	0.438602727305607	0.3585887217344593	0.5283523607042254	0.518815884837615	0.4042534980176975	0.5027010908789084	0.3660319706972236	0.4638671833636927	0.4882663574251386	0.33754311419252625	0.5492437700765738	0.3792263459315006	0.3479364559160818	0.30323370427649676	0.49971464372139207	0.4546423125546163	0.41463018853332967	0.5292035046428731	0.4483246830374339	0.4463225828651127
0.5773767765845795	0.49710267208747716	0.4697914535068513	0.7857411509571672	0.5197891059946423	0.5555333995350877	0.40447656459562853	0.6457584713161566	0.6453211893948525	0.8158586479875052	0.592968892675656	0.3496728324300594	0.5241872774628529	0.8139164943704342	0.5512135152581544	0.6113591669512577	0.4683944547030498	0.5871001280367264	0.6977234551882292	0.5109709906312518	0.6635282319148126	0.419845812847374	0.5445762068194809	0.49056757645744276	0.4439079214099174	0.5135895233723695	0.6325087782659576	0.5245080605469379	0.6226367054893622	0.6177746764289256	0.745802093505478	0.6038998961639153	0.660066918373337	0.4612154100416995	0.5024142219268811	0.2992164833034743	0.3471360981566014	0.22610382705141696	0.37771637950072356	0.31738862013176694	0.21269514148791624	0.4652381077931901	0.3593320634496815	0.3440368291426391	0.3752695397094691	0.508206565457318	0.26589922257939846	0.39827564808800786	0.6622883772086627	0.2794502207641837	0.48194292427082674	0.2733928182763511	0.6665215515544496	0.561413077996567	0.6873897883960591	0.7014897464449475	0.568020094049159	0.8097997504267198	0.7314644450077927	0.8019148138092328	0.8854484695677769	0.8301191510741701	0.6683288657482758	0.6785709994814864	0.6669524711404854	0.7743299588772437	0.4742563843775195	0.4100245571507647	0.32433031218660646	0.31064209169876345	0.2714623911533658	0.2688018041644772	0.19836011872647974	0.3938689831780543	0.39457249672116335	0.3905323748245997	0.3653607017585967	0.36627219197975425	0.46813800400710637	0.5412739498596714	0.5018724282860163	0.4332816526971299	0.5331599796227935	0.5071643963898377	0.46703536057038864	0.6109786559177153	0.3848570800126204	0.42283422104019097	0.48128577132294015	0.5784348901745898	0.2977069651679104	0.4625630028862432	0.37231560436351585	0.6393246940710596	0.4765493396241669	0.3644307693320541	0.2974396558675473	0.34053860247296563	0.4521913629544517	0.3508329688903423
0.2708291439723154	0.6383007927543415	0.5613400666450996	0.4264317763754074	0.817125855701843	0.487099591405839	0.6253251512331746	0.48893805260839424	0.5376549467394219	0.6416817542998223	0.6724668145872533	0.44212065496402336	0.7884493286072083	0.45739859762950397	0.594260118759814	0.5587476943972349	0.770710196053529	0.7697099840479107	0.4857726977098227	0.7545625766916157	0.5107520051614702	0.5567910206620476	0.509863055904315	0.4987589129778608	0.46630528902349255	0.5288552735647496	0.39423553062489497	0.8448198731933063	0.6330285830574511	0.4671709221794378	0.7112123779446822	0.6287281987972682	0.7586689964617397	0.6305570733957785	0.519944019633187	0.3822491585360348	0.2657227484861683	0.48359867048143457	0.4497527758652272	0.3031368843441019	0.4752394791961989	0.3502504570704459	0.3859402035487275	0.396200622699835	0.5538167748111993	0.37612591530342243	0.6461421866679469	0.13573305720934947	0.32435217518264237	0.15517584020976571	0.34897191370571334	0.47728904855978693	0.5696715095950043	0.5811858287577956	0.7317258446682171	0.6005791660812345	0.7333287067440621	0.8878581047397758	0.8420977385900726	0.7771102645386769	0.8129788679566676	0.8588312309276198	0.8685262090612068	0.6279268958627404	0.6803627688300409	0.48591641265160207	0.4196057152347872	0.2499967160629758	0.3955022723435506	0.18500525365588882	0.10068237259954071	0.2660636918878352	0.20611995044535358	0.2512777261597434	0.4162974359820537	0.34498468257742176	0.23706161381609958	0.5176056445662477	0.36218536719556405	0.36817304883579427	0.5249671369957972	0.6099645553940514	0.4924937104666608	0.4466979417287893	0.42646477181645326	0.5000394902464916	0.4670595511947735	0.3202471003314923	0.4286365818027512	0.48598745631759255	0.3958069386672083	0.412280281277454	0.5209565345314985	0.24986529739704777	0.3476885052953905	0.48096650759578485	0.3517855814012406	0.6038942029297111	0.5011826133392535	0.42760351789322415
0.5867336579086013	0.5571200564814969	0.6898340443855097	0.6062180645287102	0.5845145797030289	0.7100444900456531	0.6468658451115623	0.7061472792362331	0.6320950311016575	0.6524463517116538	0.4769163927844089	0.43949314513501286	0.5370631111224449	0.41393692411182237	0.52280695635101	0.6346046044220174	0.5345464091131751	0.43597625762082703	0.46163226442167393	0.45573462518423413	0.6597145907366546	0.4549122343908782	0.6256470716307316	0.4196456472263183	0.8506234596050131	0.5607865177760545	0.7346289805679851	0.675884154813436	0.635379733629608	0.7819501501289785	0.5531855217996611	0.4714459210669084	0.624895344676634	0.4708812728537307	0.451683914073723	0.489274245767513	0.39725399489753144	0.346426776576246	0.3648059426908148	0.4454626650106229	0.3464690803639632	0.29270494229763766	0.6546653481983942	0.5839589372618377	0.4035463450614777	0.27865975215009886	0.379245044310341	0.37369274759114457	0.10543215618547241	0.31934399753260145	0.2399900467362388	0.37123602748806195	0.5927939754736835	0.380754754600997	0.865698144917507	0.5055869351704487	0.6325490150322318	0.7794976016697777	0.6754137493643583	0.8012490857007712	0.5832198908771082	0.7631762510206521	0.9810501788464063	0.6397097985596619	0.731576895854407	0.4143967381635615	0.49155078391244045	0.3884594650591576	0.45712353907378556	0.1375763370895997	0.19216074369304126	0.14255524261392938	0.1006161873622986	0.06613391626544785	0.21332989259215385	0.20917192253928074	0.3881133186862785	0.5635190869891386	0.5081487367415238	0.574836661304858	0.4667827105084952	0.5540643610555681	0.5878755597690006	0.6013540412820941	0.6050201249333109	0.664783174270785	0.5062789518422238	0.4311532727617283	0.5415602446298161	0.6821808135082248	0.5833316747727151	0.33568786707847775	0.37394778271624207	0.2467740116779763	0.5424526036106626	0.3499059515243822	0.3610791792982515	0.43245401698145003	0.41186251925676043	0.45611598200685655
0.496890768905376	0.6096875093356641	0.5933993263988163	0.7431148447100516	0.6553697009470751	0.9776471599830729	0.796333244964325	0.8675164700864573	0.7613971842753835	0.6573731813559727	0.6365260897913797	0.4941439180638288	0.601950998134784	0.5985683582281598	0.4170576762784215	0.5326028995435047	0.467340914650905	0.30561851944076524	0.6141188595331112	0.41686289690010125	0.6112635019994699	0.5646076100349995	0.6013975906028178	0.7207523850048694	0.6970508899319166	0.7345892407148791	0.7524066648599523	0.6601241817574833	0.7283052669562411	0.6099613090913576	0.6278749193520295	0.5390920144383827	0.35675694089226706	0.40353059487743104	0.44529449002065224	0.3771100370326481	0.5180276025148	0.46584452756331396	0.5542739741436482	0.4464545028276583	0.296527894022525	0.481789638208746	0.4650080539134288	0.48887445115628914	0.4827925930203818	0.4554514751307577	0.5096767809846963	0.286242926470885	0.5529653481817269	0.17683469140265562	0.31100222817571355	0.32862414197309575	0.5771895852073413	0.6668669448740393	0.773211072793429	0.7012950399352251	0.7208335938902382	0.6251733028258584	0.7503820082732193	0.6065667903032764	0.7366645046260394	0.6782248928596608	0.7363300450128596	0.616637443092242	0.49155675760407663	0.5719033743560873	0.5909905546830325	0.21659919166191244	0.23564290880375016	0.16562559066148597	0.20154829946326924	0.11846842224652299	0.22855107098671468	0.40562717628683853	0.3873435713213069	0.18523726638755944	0.3700207609334982	0.4172436839576249	0.5752554877704261	0.49721362124429647	0.5215666158153193	0.35064628544323095	0.4968156529648038	0.5735398745066745	0.6523398612563235	0.43277357443305586	0.40694013951369723	0.40293620859286106	0.5200154144584833	0.5191987676673433	0.3633102954228288	0.475876387907613	0.2967037409324682	0.4362551145438689	0.37050047031246336	0.18903096808732112	0.4624337175268478	0.31473996062562337	0.3484276864336906	0.5000078595749455
0.5149434498847554	0.5145623823531325	0.5521432135951603	0.5843111302116173	0.7539242170917531	1.1117430523908884	0.7813289872014942	0.7204701382086627	0.6236130007111855	0.6135059228402888	0.6852170486684566	0.6788886952337573	0.5693270437999941	0.4371507971627916	0.3217436397897879	0.5979073317609586	0.2820933019058339	0.41299185100071845	0.4962074929818975	0.6961915131250979	0.3945062761663185	0.5695176206336137	0.6752251931842863	0.5808405127402544	0.6528471798502662	0.7037597234660052	0.6031863477382151	0.9012221964215387	0.8256997393764269	0.6381299875946713	0.6759350204947099	0.7763858685088489	0.4988361997592937	0.6506764188250989	0.6839407070620706	0.5636045977885082	0.513162925600862	0.5369907446047322	0.5906935867967168	0.6984153040388904	0.6280552912318845	0.41268472014508395	0.362088390475681	0.5488105515962841	0.34407330720930784	0.6054040236066257	0.3040277548855046	0.19542800884223455	0.2673699327865524	0.3598376837652866	0.6041156463146276	0.46143949686333374	0.6795837661198022	0.5658772690642969	0.6662671502628155	0.715592953013255	0.8188663088738519	0.5850745726428418	0.4798597521834329	0.6220160239913024	0.8048392098057265	0.44911348655739386	0.5815978224922962	0.6409285742238837	0.5226525175083807	0.5358950885031788	0.5171947196934055	0.2948955610823688	0.3196509848677659	0.324681939771404	0.37368956752353955	0.3248602181124468	0.45262789180579976	0.44678756673718545	0.40671029762288713	0.5350644648416518	0.3745492777891948	0.3840378339525998	0.5337668035202934	0.5954656750403887	0.6102919768873876	0.4357301244982994	0.6023222670734109	0.5481332935322787	0.49830801196231717	0.46563732162235644	0.8530544984275418	0.6045251136821794	0.5649792013988373	0.6563754029815124	0.5471077160378084	0.43754562734245805	0.2642199173444765	0.46792604560687545	0.44863521701658426	0.5301023165280548	0.4488258733523105	0.3513466012349329	0.55267237748467	0.5075505873738989
0.5742395807988913	0.44166513620944303	0.7197623271516695	0.6351484386336238	0.7473908395905825	0.7151308444507112	0.5821684487972265	0.7209320833502089	0.47862872881131363	0.7380069850684379	0.5124244467478389	0.6280315709866313	0.39632845937084016	0.42971252146515226	0.31711364552827326	0.33187836219326494	0.3654299478102838	0.37671928352768025	0.34497398076049024	0.4415489443303582	0.3896330307253143	0.6209048296779867	0.48625208466357706	0.4565781656713904	0.571581255203263	0.8091626319097457	0.5655641954511795	0.90964597408498	0.8683475398264722	0.9556549864904755	0.8132224371279174	0.6997567046026721	0.9097815113600513	0.6004847223451423	0.49534470423466237	0.6595735854666817	0.4210014044705519	0.552825385306044	0.5595321672524324	0.5117176692182344	0.4676664811117495	0.688598151534349	0.48177430320236825	0.4834106310983909	0.4393701138913517	0.5057756503047333	0.2020428403519361	0.5234543725242053	0.3362754449159572	0.4595688970591054	0.40360941426614483	0.5932543394066611	0.6414571661482363	0.7176068746488449	0.5383226270496169	0.8858169316320217	0.7602549202387197	0.6191467889732412	0.7416708868451681	0.701721286564094	0.7489442073714954	0.6847787884378937	0.546403416323866	0.6996699328198865	0.6841559449158736	0.5794241552401139	0.43723299980782826	0.5679853031438667	0.5224326309980548	0.15791633313282805	0.3788854974823501	0.37787069469007606	0.45598806583374474	0.493438977899581	0.43543642279853756	0.41921086738798596	0.45639216459236176	0.4123025373672403	0.3772220572678511	0.5344610617348027	0.6348029370944998	0.6197744975408517	0.48021543875912726	0.6669383816504473	0.5754989200547149	0.7647681550727763	0.6917854997157427	0.6880767854348141	0.6185717017334293	0.6097657457255952	0.6218711982200863	0.5262471776335407	0.4825540059478245	0.45291444718285034	0.5754409809026606	0.6889861865006092	0.5636861644166905	0.4573472681692733	0.4946299389933835	0.42547619136907144
0.6391609491151515	0.5049697208142683	0.5877291616561173	0.5763401527807155	0.7827756657884768	0.7658546596484808	0.39125892182809513	0.7062106487821929	0.5746381343105593	0.41629590560816543	0.7653485269526309	0.7051134710736503	0.21571253471550345	0.21888473337876801	0.35983593473560394	0.43160565338314805	0.3766136963129525	0.4523801642243521	0.3698762244699486	0.3207494721276781	0.4602361180404615	0.6291516363516969	0.5828867143145962	0.348515456426262	0.8234309305696603	0.7640428580524052	0.7216003312254442	0.6200917229473248	0.7601955036975147	0.627659261920441	0.5518222074551643	0.5345045227198522	0.461384335884901	0.39039672711326856	0.4772459917187807	0.5287086788799904	0.4956387747275304	0.526948831710707	0.697407601201432	0.45675530006545184	0.6276185349078419	0.5300834017434797	0.566855494403935	0.43629677349783114	0.5979462898600146	0.42852669929086473	0.49411914440732696	0.6930271961706987	0.4195191841583803	0.5549732321239849	0.5247966961957826	0.4654955279648245	0.6186932577546639	0.4460148645772447	0.5211918068495482	0.4978340488022933	0.6269932069699847	0.6724809681123217	0.4296475376097468	0.7682203634562983	0.6661326464817985	0.3762221897880295	0.40930275380630926	0.6992463053270912	0.4253910074116965	0.5199945143212963	0.45399700095385886	0.7480942294304133	0.4950752086263621	0.49610542814384606	0.6063416875880546	0.5764396978353261	0.6368061878306442	0.3715253146375047	0.3362225696147616	0.3734766440810683	0.4374985048603789	0.4226929331127276	0.43321431909612285	0.5467344308457509	0.6666650522905524	0.5879466851704904	0.6321625082398019	0.6572100922674451	0.6559922816621309	0.6967028531922763	0.5259697053638588	0.5728552912485516	0.6461190008868569	0.7043447793366524	0.45226744397059865	0.6602894681709066	0.6270345412653437	0.401782491886035	0.40568197953912455	0.5150103881752868	0.40924450327933704	0.38834495820805925	0.42308467156046314	0.5764597610003332
0.5974193034282076	0.6419137625980422	0.624454425558944	0.6860341128539907	0.5906166622082152	0.5157644935757465	0.654416697542485	0.6505247316387219	0.6163853119941013	0.7068508302970029	0.6657731018371988	0.3295874430672414	0.2489054215103368	0.36250513000261186	0.317810657582426	0.14904172068893173	0.24648043584821688	0.20274287125275503	0.23533898891653982	0.164487379015544	0.3149557417271559	0.4317411001558209	0.5278368931943364	0.7319328629042003	0.7411860297297879	0.6239993816169463	0.7504750849897524	0.7886711894031859	0.7020850470037456	0.6121923479138864	0.5290255244430646	0.5525033831896546	0.4919456715102951	0.35074019029837644	0.43805140887900207	0.39098298213236005	0.5611784659960157	0.4235338213295986	0.6429870588237255	0.6733461684067963	0.5786922926957565	0.6749744600065236	0.7203633363784141	0.4907712600550582	0.6690315687865729	0.5634411112061137	0.42094258419514796	0.3882476082616191	0.5564181219302313	0.5320726159909906	0.34001696253284064	0.6684277107343346	0.44163099460469046	0.5869709155459288	0.6374772823146482	0.5699498431541771	0.2425277527021134	0.5880158141857428	0.7152324344761805	0.4208199306114947	0.5025151560849697	0.5638557505773903	0.7620930678329644	0.5769970782559072	0.6840507154606265	0.6703132745351086	0.4049075062322486	0.41064714008254566	0.5511101320018316	0.5977687248212078	0.4742174483790489	0.8546663397746708	0.5493553751507749	0.8136487389582491	0.5032089019359014	0.6099148137758984	0.6663393842436824	0.2952121438384785	0.35834185542583563	0.5613639922624618	0.6899055429968897	0.7392559029647618	0.6350674859383775	0.7668303011863148	0.784290371411509	0.6354905392492902	0.7714509451500465	0.7508927984258249	0.505506762029194	0.7038994191512742	0.6335240647043814	0.5305049599814395	0.5715920674397872	0.6662314848676824	0.5350038160344583	0.5783890883275074	0.35766187000622196	0.5057667549523397	0.6400754957339703	0.7109983282056975
0.4890220484509507	0.5088459011997153	0.6075624464048299	0.5485048650289233	0.4393751136905129	0.6945044321841197	0.5911271454026865	0.5219919746873294	0.5369891810799654	0.5597269907985897	0.4576217480929913	0.6693304689907618	0.25488335975903376	0.4258795304242231	0.3042390043836163	0.18928919871376604	0.08347428328517392	0.29823061251123173	0.2368752726447253	0.22782346398846254	0.12316721206445314	0.5994414093306807	0.39653502269476815	0.5493350823296819	0.7267073273775089	0.7997102888226538	0.661981968522166	0.9185737400874456	0.7554033257881336	0.3947275075789509	0.5847422772370137	0.5473798131150478	0.3858464687314215	0.34870385135206095	0.19716342689747957	0.4714384633359452	0.5796089571373643	0.4898940638093576	0.6177964753732643	0.4992680049021301	0.4837274302769024	0.7871301576325107	0.5506970407215792	0.6473039816721811	0.561647166599915	0.605909314913512	0.5026985799623691	0.6733809438116778	0.5495267103411575	0.5178264409173511	0.3389489112128139	0.5216470407132456	0.6333868512348912	0.7107953093423645	0.5520077602056457	0.41156419101772873	0.8024648800359878	0.7801089704043824	0.5170038557855117	0.6823596373303893	0.6642406562773916	0.3187189257848667	0.5152768870041723	0.6562664921453754	0.5152521619489584	0.4552043659156968	0.3363773684335969	0.3629835143631308	0.527027291139882	0.5052007265025857	0.5979714808942439	0.6868319530467559	0.6439748773842509	0.5216034185239243	0.6125238858163076	0.5322050416836048	0.44638634772154806	0.4512979638127078	0.5624366635215835	0.5374205688284075	0.5793469104264597	0.7461046044386843	0.7299431230594278	0.7746372156362145	0.6469439578315492	0.39790817981676524	0.7989932489377636	0.6231720661264191	0.8620503312171108	0.6365916103110068	0.47005371003998286	0.5303007905542831	0.533058367513406	0.8320141004736628	0.3860183008183051	0.5568041693771553	0.6862619804258147	0.7137435514707808	0.612264875619204	0.5780425069097666
0.4716871317089904	0.7600372752544609	0.6918401792814177	0.692700435011528	0.7562210038899365	0.5375475729440164	0.5422175830992856	0.5500996510240856	0.6154742281170452	0.5524102733389104	0.43202750092877484	0.4000795348410068	0.28611383323324746	0.20517222729735685	0.5567014751224243	0.3315003885936312	0.03707753623804377	0.21321020263703672	0.29315255500937465	0.13646015847753312	0.16772116727759967	0.41243958299894956	0.6932584160980269	0.6304975574852736	0.8315597654337841	0.5755184642559695	0.7208256569632429	0.6243505277723194	0.7233739233756362	0.4824661388193455	0.5402331742791184	0.7983207874508675	0.4219096306885467	0.27840887100174827	0.3637570115441393	0.4019921314581505	0.38771042570961467	0.5904900931374684	0.5489004460451536	0.468807638752427	0.5278153460066692	0.5312611611207698	0.7713701139080187	0.757327308823684	0.6021355284248366	0.6549335386721082	0.6378459939521732	0.6954018726662924	0.48145157011660816	0.5049921557754615	0.7791707874592012	0.5511665915313424	0.6992095158688373	0.5328441720205588	0.627875997030588	0.5862597742506844	0.5238225232468661	0.5857329269392306	0.383627397142691	0.3659136477449987	0.41012417510730714	0.6222882248379583	0.49682531683756304	0.5053276555162046	0.3965587031723009	0.4530706792396667	0.5761512322243207	0.5003265248362416	0.5432490658002438	0.7057162403970372	0.6090095490030487	0.7627309659039299	0.49955690335793906	0.5970914181725817	0.6093250385968563	0.6512348946080406	0.506587955430819	0.6849977363566802	0.5832810542312705	0.6166109645738946	0.5083353870877579	0.8534532308272837	0.8995657037744833	0.7134517225039798	0.7493709508968656	0.8196960690458297	0.6684315334689703	0.7097788127385377	0.722075387531103	0.9743063821857947	0.5447265182193997	0.68867163106489	0.4607063755522856	0.6973701691094816	0.42937493038565533	0.3854354776234904	0.5607934962609844	0.6383586501875634	0.6006480256560134	0.652500516713693
0.45296572805846036	0.6518161542780885	0.7816774656195058	0.7504919945711894	0.7285130757965088	0.4397436817742338	0.7805073693286206	0.3470247029212942	0.45228436680238704	0.3604218805965026	0.4125931605687553	0.4035229847757633	0.2702408704664008	0.3820202485865878	0.35631149013782215	0.24214896639760963	0.18558732379741416	0.22321115224553467	0.398845876865737	0.43830536629220684	0.19490736709522816	0.7058797954479129	0.6684190693386709	0.7803415683515613	0.5682263746822626	0.8611540921001075	1.102302409313847	0.7951876860236797	0.6524009738591408	0.5255403890703105	0.4017008855067994	0.40051029762288715	0.2361388851304561	0.3560435072696094	0.25260221050857856	0.3637100701501924	0.2738599597389332	0.41230539280957623	0.3869072257748165	0.5477623381852954	0.8126132900021853	0.3441533213630162	0.7318519897110608	0.4417212865640941	0.740926061090619	0.5546446623002177	0.7009637051881875	0.7246301421821012	0.8814068856991379	0.7502207256325626	0.5568365023173115	0.6824122918090665	0.5923853826626407	0.5905866524796242	0.8186491629694855	0.5825889779079145	0.5428114217026753	0.4373925731531887	0.5047557704445836	0.526846570317447	0.4824695794605225	0.30851639938458375	0.3867017025951188	0.3522146393046084	0.22546671076783542	0.6367036636470866	0.4917863123872783	0.5405996333569507	0.5307776444909125	0.4864556512080904	0.7622982641706673	0.6529925908369907	0.8069273485747372	0.73194702967962	0.758059069782016	0.6378669007062021	0.5525901792730841	0.5686484540840333	0.3507587959414259	0.5632737842386157	0.4549478026167694	0.7188551984960935	0.8181653415982191	0.9273217282424651	0.6972774678362311	0.9302460403367357	0.8512247912736355	0.5329200520813802	0.6197778675468235	0.5564414137641316	0.543745229848591	0.7132342519743442	0.5389939688568414	0.550328333500838	0.35627217652934473	0.36277007635702363	0.4191804402983347	0.5620412525431926	0.6134437899771013	0.6498689125428491
0.7850382712308543	0.5974390662519224	0.6545856675535235	0.7073537453742526	0.52661010993458	0.8135663375746125	0.6100907534549667	0.4968587473568051	0.5317088842687666	0.5227008612061553	0.23627655352866872	0.3449337638947433	0.3656419658287613	0.44386436987246836	0.26938226881345706	0.23136908034729609	0.23693833744927584	0.031792902178574445	0.3373807914076391	0.26580038639357295	0.2679310343390767	0.6623005189137513	0.5986028907266043	0.8752297667554858	0.630078746486782	0.7490229826090391	0.7335820082732194	0.6153561613549426	0.43508571172136074	0.6560765093774985	0.3999077624057038	0.31817508715647635	0.3356560818028347	0.2497000683684787	0.13577137264137518	0.1958150014642056	0.2583285874409006	0.4546032639198274	0.5075016783111419	0.37310754378324373	0.3658122918090664	0.5480339383827005	0.8383722405810423	0.7356794067876133	0.6328135042245288	0.5897910869304703	0.7878364736165508	0.45772729999011647	0.7789111743794543	0.7319425930453825	0.7467463737955722	0.6408585861525331	0.6443159113549843	0.6947005476311792	0.5493173666768837	0.6124712865557604	0.6343826376398976	0.5659087340981203	0.504015686082348	0.3522407114788543	0.5607878008267221	0.20521435663045073	0.2547734904974983	0.32049450547106173	0.5711542819884727	0.4074042157450507	0.4422666798670166	0.7273654012164658	0.6167644184904234	0.5529314738340567	0.7395099531470919	0.5787919482032942	0.7112332626314597	0.6561302658520451	0.6961059890920442	0.6371148115758403	0.6094935492623889	0.4637350447786867	0.5201967757145565	0.6130093369974304	0.7167805838521388	0.7673541163840844	0.7956225254635916	0.6809185945427555	0.7575871030082297	0.6680149440960187	0.7050538668441382	0.6879744003882771	0.5857484209664892	0.7533916765627624	0.6553103042730632	0.5045344109785577	0.4204146790723289	0.7482204407416798	0.49132038332349154	0.4805529172189731	0.4121521221979051	0.4855835364470492	0.5195779249483445	0.5489601894283533
0.4468415396341337	0.5933966962124497	0.6753862218515458	0.5333946667086679	0.5471874011327968	0.729816790294943	0.46320941208275357	0.6380921071908405	0.42660741569651606	0.5459285653736491	0.3548183758869611	0.28263467375218787	0.2966433659491978	0.6008961197971748	0.26276215486377075	0.35185972343267113	0.40951683001266204	0.5361576254770752	0.19035765639456115	0.36833716701825947	0.6002271718867217	0.6713331566119836	0.5172993131484651	0.8505385428713863	0.753031431882945	0.4899553862177349	0.7595420122466578	0.6691151406345603	0.5345199659457643	0.4757673578349827	0.4020647430990256	0.2994263591818518	0.401625193150952	0.11266446702504296	0.19122533227130534	0.2720863653553487	0.2636571727484114	0.2773714654105002	0.28947333371001016	0.6228875380364246	0.4634455566739186	0.4306762620376108	0.523917455012558	0.6275860871479761	0.8008592751707921	0.8072283246839375	0.6966076674698547	0.6744613311752763	0.5468637184385388	0.8308061547297672	0.6559158738206563	0.7327555297548719	0.6385209553053157	0.6115329512398747	0.7633311734927642	0.8061621504803212	0.6966924031153494	0.7578198842269321	0.5266851772738645	0.3861433460820045	0.6696040412737606	0.30405357088629525	0.2252732034065571	0.7758382557471108	0.5591333465170161	0.5881418024244309	0.5826332316973067	0.3492165871228922	0.8313863919060522	0.6945620378606701	0.8600150942666648	0.7518431385265045	0.6873362019926863	0.862205514296129	0.5600165032040016	0.8455998630297037	0.518601733529272	0.6681918421838179	0.684212848323814	0.4968272094377168	0.6860838169211484	0.7131570181943157	0.5934866900306193	0.5145848990331578	0.7898146857058379	0.8168910030115799	0.7058239697518653	0.5912859325605464	0.7128773507831292	0.7623043394316618	0.6591597367163564	0.6360794222380228	0.7714745152079865	0.5538046618402056	0.2814249392108892	0.3528745571590982	0.6513033588890106	0.3875853274445107	0.6532359877536758	0.8737994787695207
0.8170538933281735	0.610496629960694	0.5954047788933075	0.6092633982133862	0.48690392867077653	0.7630461441228193	0.6195874629677687	0.5396989509722009	0.46170808704764027	0.640770966330608	0.5924696545458455	0.4925901085878778	0.41224205638116085	0.44793702568118066	0.3201155116110578	0.35863239690851834	0.42542086031946535	0.6186567134195723	0.3913425113098832	0.6977522812021187	0.5185205820787585	0.37839055911648334	0.5297853274611778	0.6230088401175965	0.7943389050476506	0.5961920718732381	0.8053971798585996	0.6111249966457444	0.4591335982903548	0.36907112533482145	0.3539429596050965	0.31117970487884605	0.14930155240780563	0.2316133098360441	0.1881010930622996	0.29593090623568197	0.410734388861305	0.3915397640704147	0.5321289650842416	0.5396350823130147	0.25477070574036886	0.6671011019292011	0.36558355191412584	0.6292226844678053	0.6807656816905648	0.7225094673008835	0.6114054436275895	0.6141197605736552	0.8269512278242039	0.7224641601169097	0.8355668918893018	0.8598152930219318	0.6848439224972795	0.8510789408252654	0.7242287840294437	0.6891569939103387	0.6267583255622942	0.5822398899737511	0.5137070976880889	0.3130903603445493	0.41585597581669265	0.3734983922240609	0.2991350337117269	0.5018877897764292	0.3353289650842416	0.5075938783044419	0.5018768053020073	0.6060987235161732	0.5886455898247971	0.6265655116527256	0.705140932351374	0.866295430828917	0.7780741994329516	0.6020368225424642	0.7938228611391536	0.8192361622249658	0.6183893400841789	0.5082565588488096	0.5252814782425068	0.6709001898716983	0.546258592769375	0.5581732233070844	0.6709676515594332	0.4253742170834195	0.4794186254602415	0.6902835011294466	0.558764210901589	0.5403033809895963	0.8307798727499613	0.45046110811936524	0.4019348636905546	0.35576934317092745	0.543987030106298	0.5625796298101902	0.7517812883041401	0.5433590476814303	0.4733208404522722	0.546864179967436	0.5168341349212423	0.6944530673896192
0.5605313965320081	0.5718720418257751	0.5901635395504647	0.7234957753213794	0.6950124353628705	0.5109515104983617	0.44847987496668673	0.4468118081795835	0.6412896139247692	0.510204732508745	0.44291255901614734	0.5432371029832291	0.5855117684118629	0.4591315908538245	0.4392418355419754	0.6096342828751631	0.4557627378958877	0.5099653945829565	0.4406178503063666	0.7148725033713396	0.4633481934937944	0.7175676913104865	0.4836035267434588	0.5293169051313193	0.6512948544303092	0.6830157015660916	0.666366682083742	0.74835541270177	0.8354666489495306	0.6171221279363904	0.3118842696164783	0.3785471003148251	0.35028081569161595	0.18580345382485985	0.07969851146055384	0.2923919393197254	0.2213139745703263	0.2661569276252489	0.3784339516163847	0.5765314914845245	0.4610068326810661	0.6063496841499634	0.7351641689338102	0.8399490856841041	0.6429935073112772	0.6048915175585488	0.6581400511946901	0.5210261715102118	0.7797324101922034	0.6393103197401399	0.8667968949843838	1.1565618501556958	0.8486385848391651	0.9268967183130352	0.7128458327479013	0.7146471864837751	0.7412819530550894	0.6825638840595945	0.4263788127218706	0.5820705997375598	0.29617676995107056	0.35939106259649234	0.21918391405705595	0.3283991850284034	0.41197585126005865	0.5286727882455553	0.5005437502260478	0.7187899871513262	0.801489786196001	0.6980112472647193	0.7245306788296557	0.8389264564010948	0.8976613378087853	0.7112330815433276	0.7234669691746831	0.593199039307875	0.6517101739696103	0.5888597654171168	0.40542667942367155	0.5010117352943187	0.6474452629661354	0.3694937656847907	0.8566361622249656	0.6586073649118369	0.5483248288079635	0.6320306037276656	0.6258155315115852	0.5845791395638653	0.35595149281455973	0.6963934476763635	0.44743179624260054	0.6017973852140417	0.3615386775582887	0.4977976215036367	0.23412037447325706	0.22295252632528106	0.45404538883613765	0.4762166886922504	0.4545126473518216	0.6018613311586093
0.729439585215675	0.6479632701266584	0.7198165694557573	0.572852078046735	0.8302529304859912	0.743339231889645	0.6761569188250156	0.7567137272637727	0.6414128792413	0.5278242082415185	0.4712248111241615	0.41333436679405355	0.544153246261026	0.4833512300075954	0.34840755040008564	0.5184877058742059	0.5761638685925177	0.390348489418303	0.5825255995283876	0.6130108276535997	0.5319636720539762	0.6545429927559747	0.7417800361709587	0.9643600944758371	0.6931694845246732	0.7038149418792934	0.9160490017652134	0.7704231150958836	0.2797762973718805	0.32025436590736334	0.18755995310542417	0.21832678980993014	0.02212383278156882	0.23331378243190126	0.20299700755403371	0.3475367937917023	0.18608801061561475	0.4675248354081384	0.5272385318044261	0.43287579385853736	0.4234882800560882	0.5726328386035564	0.6914065124725806	0.7584941411114062	0.6582923147796752	0.4793365067340952	0.7275351044136005	0.7518501589625459	0.6104845744078885	0.790023247616062	0.8643160792094324	0.7678183339691836	0.6411306081611163	0.7038759860136294	0.7643668521382485	0.6330324499432569	0.5733387195427346	0.5194102115206054	0.4404544365925698	0.5341183471862007	0.40989197687072065	0.2807231459800352	0.35655530003211766	0.538417618400221	0.4241990635751849	0.3487614614453951	0.5645620775950564	0.6052669691746831	0.8090830174999637	0.8152670597270828	0.8089885605468546	0.8642865133759379	1.0213468044403178	0.7154720926271214	0.7221725674230368	0.45552757603076494	0.6725223200748154	0.42010030249134944	0.6543817454495879	0.4087815246104023	0.5368085220925023	0.5581936066805773	0.5771294862813865	0.7070533566972859	0.6214452828499957	0.6698594054575779	0.6135757033228048	0.83580406779113	0.5942676625930587	0.5277687469051264	0.5989225121965733	0.44231982459201835	0.3801207940677095	0.3272703943487837	0.5247956582516106	0.512079921317915	0.5671320899503839	0.4877107017669303	0.22800275158958383	0.5944139282190979
0.6447147055730311	0.6274403051514199	0.5642081466825539	0.6162211584773664	0.7850405812087355	0.6637196987386834	0.5080128196230533	0.7824697163974845	0.7634087142309273	0.5247622940174581	0.4010381585945362	0.4464158362529941	0.4045014751390913	0.4041574377721011	0.649516618023711	0.6678306015109403	0.6957316703725982	0.43342012936676166	0.5346225563810776	0.6552661785703988	0.41442046945910743	0.7002415551012104	0.6884998608296453	0.6660479969552527	0.7140335210049734	0.4751663994095845	0.5076879156797656	0.318074108863885	0.5040848371815188	0.46750858612753243	0.4821159643230546	0.3176731835226969	0.3369197296061681	-0.006281407707304121	0.3606308377838682	0.3460004128942752	0.31119346974361506	0.48927643649223385	0.3908921314748176	0.6971681086882137	0.49483258684688486	0.8641105184787399	0.6101003709598305	0.6834940704428668	0.5576255641941179	0.6999342563911277	0.7190343712275042	0.6072916942298971	0.6998799058841728	0.9474433836496667	1.0275379046544733	0.6653864117899124	0.742496877317249	0.9801574289718678	0.734121876213053	0.7683940130413456	0.8542593944239523	0.6842528023992637	0.4788447705030851	0.4086996488073602	0.47750058514883986	0.33976703759316307	0.3762787022689438	0.2571834193772803	0.26077802210091916	0.3660014972230098	0.569225365438851	0.8692479572041995	0.8108035333769679	0.7794266617732037	0.6482104787443534	0.9075127335041047	0.6027558256793806	0.8504818514690641	0.5744180601119264	0.49385579032844373	0.5440876528728013	0.47666582521103484	0.3032510842537329	0.38040521172144415	0.3164846207591169	0.5472401836815343	0.5105077469552943	0.4715398413891302	0.6539214566019333	0.3320399385583718	0.6830039176204838	0.5478332051966044	0.38260399048908134	0.5874027758735608	0.5018759815635117	0.34984803005612997	0.41798525455924607	0.28614277851696424	0.43358285404563224	0.3397465659006632	0.3602898656647735	0.4629958194725494	0.5562483944491197	0.3641930015812087
0.4771044299673943	0.8697490282659159	0.6923041583435297	0.740812748954514	0.7468110507095106	0.8105963318361271	0.769484837198186	0.6215028774762533	0.5368419062271819	0.539624844258373	0.5840778940308586	0.4779371559846338	0.4443328143029124	0.47893691306152963	0.6015818293684785	0.4978831234861058	0.4797407424130074	0.6146474625244238	0.7167275649971392	0.5379004880129324	0.42520023183947714	0.5018249966457444	0.6597341305211255	0.6073020051698038	0.5464670310096552	0.48089724389363	0.34361643915230433	0.45741482260946587	0.40860510130185124	0.4016769112881493	0.5589624154540097	0.23951219018970693	0.25319894652208286	0.41528058823558844	0.28471522010333283	0.29046503460675055	0.47722484645843133	0.5238987323330736	0.6371615696649297	0.7157703634479649	0.6445061900473696	0.5669481669930921	0.5521978511930566	0.718008352054663	0.37602525501925815	0.6788064594711761	0.6001421093992326	0.4372675941412448	0.6357896558925479	0.6508029945293552	0.6693560995199708	0.747964999305815	0.8378011659975657	0.7222531844593882	0.8623974691662663	0.7757990437413259	0.6251311359584364	0.5402262863465883	0.4029181086965472	0.5471209994564856	0.4467840487772926	0.09380934138088015	0.31591962140330077	0.3262116270581171	0.39437560392017057	0.501951313926486	0.4836247205884291	0.7946908947920455	0.5776228523055862	0.770515127384209	0.6527235678245475	0.5886089505371893	0.7723938827378927	0.6461243252946203	0.5517312419445783	0.5695068238474987	0.47634736533851496	0.5572261162754149	0.34215031131658336	0.4782111765628456	0.43132610302506347	0.5192854201969688	0.47789714450766285	0.65620993546329	0.5907833929099122	0.6705713528075161	0.7217457090612903	0.4418166644082736	0.39309828182113504	0.5430242457758466	0.5256860319131791	0.2422159179551593	0.36039691040145916	0.37782805522679686	0.35711788562396907	0.4835044299507272	0.2783209884061929	0.41881606150896333	0.47184538000257026	0.5571532793952374
0.3472667637859071	0.474951450863448	0.6333602137289972	0.6486420409474185	0.7619043835994987	0.5463599133877048	0.5303694867247317	0.5837836800008533	0.5474058367046727	0.5547384059344239	0.6432370764825269	0.4367530563393265	0.37083419895627245	0.6351426570637457	0.5336104411766912	0.4245271652698797	0.38899914972746785	0.5680666423326886	0.6032802018086814	0.7752054568779407	0.7117823770663256	0.7398216222396561	0.968756883490746	0.6999465018823	0.578504105342125	0.5429697384814032	0.40388917666318164	0.383597517717553	0.4651904442634398	0.4446154144418162	0.488375034155072	0.13627510702366952	0.22750932813052893	0.32821739094419344	0.4460827082917699	0.38176796513440947	0.45096762725878914	0.48381184129712784	0.461639647050647	0.5307233668525551	0.48807544273256587	0.5887374143748144	0.6451052846067088	0.6638400114269695	0.5275813435222702	0.46971041025920524	0.5058388608631463	0.7225245218331622	0.48033033430385913	0.7602644979925303	0.7546384633692793	0.8569347753715474	0.8752379974069313	0.9977949449827088	0.7007810034632586	0.8161013735864	0.831479757930252	0.6428180093272473	0.4834971423076046	0.5474025881685866	0.3633684310967574	0.35506529739704784	0.2516978533764479	0.34629370161642636	0.3755905171320375	0.5501819199042111	0.6122739056918342	0.5581249105101287	0.5766380592252363	0.705176405591415	0.6535178216056061	0.6227261030417306	0.6021547678513482	0.7244064727215271	0.47836777742943526	0.4361411575740092	0.5906015193069285	0.3609717812188691	0.48738868418346437	0.5579036503967357	0.41702469628778505	0.3097891832800237	0.3564015899754678	0.3889987853344782	0.5712788613064914	0.7988311536089041	0.6277985490448832	0.7663752660612173	0.5633347974387989	0.5643937016330934	0.4164138818345354	0.4386562894083361	0.2657937767017494	0.3924310321223514	0.42278802828274964	0.3710480079722114	0.5059087981331506	0.4442119229992929	0.6281501942801485	0.4401259197368731
0.49539383193654646	0.44845947170933376	0.7758787442700565	0.5788561900557032	0.6685997194925666	0.6535571374474758	0.6633268030936152	0.6753534649001532	0.41634600718585724	0.669072395151805	0.3425460579705364	0.5296369373455063	0.3514704252662697	0.5804276466826374	0.2763230201267002	0.5454059029564284	0.7467780596685812	0.6754713020228369	0.5887385693720883	0.5369949913506042	0.8221749039016202	0.512480435898218	0.7857587937413675	0.6269210833920432	0.4085393930939171	0.590942255153095	0.33754882729392344	0.3765891876968075	0.30876024241309075	0.5098728853981299	0.16003425635779356	0.21761059353072876	0.3578612405895424	0.407024261226256	0.3202234198372924	0.3422146282709826	0.3855855946682588	0.6321583763469734	0.5673358530501058	0.6554660018990505	0.6236021531237246	0.5267607172256733	0.3985679651344095	0.31913802387429946	0.4916088246338529	0.5645296055178797	0.2397922617616035	0.45849797264627534	0.5115239344009285	0.5647755708192936	0.6772997989946734	0.8825907424213408	0.8169854886821168	0.8509089085860777	0.8390157081996006	0.9755737886720666	0.8341734883307741	0.6704202464198636	0.47049522764019924	0.36131188988174867	0.5278437215086202	0.367588123251933	0.5061323085728439	0.31240843815694463	0.4078681793400859	0.6180283003666265	0.6699107194340652	0.44789780039171057	0.5276826641405997	0.733426842844669	0.6822686033679892	0.5273287177610207	0.3655384633526123	0.5341410582047093	0.6114605493878922	0.45216201796014266	0.43058916119610513	0.4851347908052899	0.454359679281501	0.4011471621664643	0.34555958652904306	0.4992307715487796	0.5868890949443494	0.6924963715705135	0.6111286338421302	0.7898691377988185	0.5163047435590378	0.49880736049505325	0.5578895830072832	0.40025696739296945	0.5174877367916917	0.4962733557939286	0.37809501340118856	0.4349446534333161	0.3587532219603822	0.509977083542714	0.3764631950246683	0.6368434565015975	0.7525610308173167	0.37175167831947553
0.7096896448422552	0.546259727882789	0.6365767766012468	0.421624117705786	0.7045479682378252	0.48433133028025255	0.4920487477918166	0.46748213632661273	0.3757500242256421	0.43288425194934355	0.3110942448808227	0.30782611184196396	0.43910441006686685	0.5387465570670957	0.5003058344879474	0.6926992579303353	0.6951178481063083	0.8689838412217925	0.5984029415279506	0.8462013934535932	0.7983082328181698	0.9099204716758328	0.7251054082933199	0.7038527317307243	0.49013712950059846	0.5984232255154762	0.6382422882706392	0.5057116138244332	0.454875798258654	0.31783767273166097	0.3327788634898826	0.27052890544932784	0.6311939003716932	0.41353734810639153	0.4285450045759547	0.48880514326963	0.6138731570553286	0.7940730510525198	0.9445816151628019	0.6265506072577591	0.5529185525749767	0.5906252042179119	0.2362853119774342	0.5571074642644699	0.5296441499199729	0.310994271381525	0.29451263850158704	0.3637287795793257	0.36415316234213546	0.6372735832666234	0.5813088909022757	0.7574774082013175	0.7028431893111835	0.795489220847686	0.7555079015593914	0.8964351287142442	0.6922526676956939	0.642656095103187	0.7112757408738	0.5818969788866072	0.5359660880179993	0.394243416750544	0.28354008871235103	0.5871869528042495	0.5892583719135226	0.6137500507263445	0.2616963649370043	0.241907576900788	0.4973564417957076	0.7203363631802912	0.382516375100607	0.48333475547102	0.46900160322581896	0.47495117700619083	0.490275928562107	0.22376275334629714	0.36958875043522	0.3955661255523273	0.43523882772893485	0.6777492623387854	0.371549178419895	0.7721284814547587	0.5624145885199292	0.3642116425418608	0.60583481068915	0.6945480874909854	0.6626884854448643	0.8848094209163211	0.6024312331110109	0.5535324764272922	0.6427632281588795	0.5503216862580192	0.4165712423712563	0.5388444083101537	0.4384918200832324	0.4220737444708953	0.5806821142426942	0.39406666439994	0.6955298285737908	0.5337452850500539
0.48450401920650904	0.4406207366661884	0.6683092398281889	0.6451344065617739	0.5105736782358066	0.33470598687531894	0.5033572080993481	0.44621158510700554	0.32866279529740894	0.3903306081111151	0.28878219372813396	0.3088169647162319	0.5410663772923318	0.4608060133593541	0.4679361047901103	0.4676938032191187	0.39287063728855487	0.5134645244932325	0.7963283291007213	0.6750287045273369	0.489805589381452	0.7540082063174676	0.6002082725692232	0.7789909765108778	0.47380011258631693	0.5357528222664568	0.5190676360923564	0.32285052332220154	0.4334111213447158	0.296994425968955	0.44953704996515764	0.20111294767644683	0.4173454352040331	0.40068818067012113	0.4748801797080957	0.6995834812455863	0.611277834412612	0.578735897217943	0.5464278852056247	0.6840150235814584	0.550774047028913	0.776427564980472	0.4539270636671874	0.4421128063393682	0.43627006970684745	0.34978573597200346	0.24594279396737362	0.37404453418015593	0.4331433659491978	0.42795918901850905	0.419140219015804	0.717224192791109	0.658115069966021	0.6691548804876664	0.7994432378958043	0.7955762973885476	0.7844728081460826	0.7864042268120106	0.6691184554224021	0.5636318315935374	0.7762861953508436	0.7130202066521432	0.44020205815454116	0.6179880923344471	0.5537192062422989	0.31677785206307985	0.5064818624860227	0.3315674483707153	0.4337329644735586	0.4378688661582866	0.5366897088772854	0.3838070689706611	0.3294466056517166	0.19949830168832816	0.3219855328166197	0.3565416544538431	0.4971448190710389	0.5032265226195162	0.356963429114205	0.2948756900557866	0.31749189075177175	0.7437199615123135	0.524029700487063	0.5559616447502527	0.5407422374859601	0.7241364846501765	0.8671867827830773	0.597953462700095	0.5716796033261551	0.774620864752916	0.520866520862803	0.47594577309632047	0.7693556158571537	0.31964491182349675	0.4568965725258387	0.4527677310448729	0.49847430098564305	0.39552280370429826	0.4823505343724942	0.500361472495688
0.6435535179015579	0.6596503466675201	0.5024612229557418	0.48328578900674213	0.6041120444691785	0.5413919283027668	0.5137709155292616	0.12008129933776601	0.38791823674994064	0.22536929235291425	0.17263115799235362	0.3507108055363469	0.21181594665591985	0.31160891958636916	0.5050131265645208	0.5231935514624472	0.44261637731733233	0.7014766926823561	0.5184385737888721	0.7066053420415643	0.7486355394751294	0.7862234817055986	0.7805692305679434	0.674012636334863	0.6045100900673868	0.572763981228836	0.40974702304611077	0.5037122719252061	0.3937833796428941	0.276094854396975	0.36425048577120644	0.28382817889674095	0.5182372597707174	0.30676589587957426	0.6519875181692316	0.5985276952839252	0.7455961926991066	0.5554437060582107	0.540690258775191	0.48157105688300755	0.6443199548954714	0.4408273794755563	0.5759751291242552	0.5061247492725226	0.3208690759305123	0.21516218798131503	0.3145134136387949	0.37012928529272715	0.3618308046663238	0.28007296270017834	0.6098095843206512	0.5718637537561413	0.5094801112562817	0.5500105560297349	0.7561709177626542	0.5540006867681995	0.7323711938199697	0.7670229031069324	0.6997974448656223	0.6790077028041244	0.6706585022336427	0.5792127246538701	0.45393922745619436	0.47654006884515776	0.44654190401045635	0.48908366895056055	0.4239845147563077	0.6576490900842206	0.506191252534859	0.4626044277506689	0.7841455125060816	0.3558276069315839	0.3860006182830513	0.4533148998948473	0.38585461766403484	0.44585024948161145	0.41414504432700816	0.5251743937381008	0.4389154696599461	0.3247234772554807	0.48565012139488384	0.4542886179317087	0.5404298992423301	0.5167784726295247	0.5937523231698973	0.6378906916199947	0.6462058212542634	0.8438762289200665	0.524302850975551	0.557558579519024	0.4460081532993959	0.490928041993113	0.6459964908236735	0.5205276754000648	0.49004333283165347	0.449912382344799	0.5055917913824718	0.431392078473413	0.35036722091468764	0.5476676051748706
0.4661661321858364	0.32539656812572215	0.601561050701177	0.5544014994397353	0.38467987936680326	0.38459295519664616	0.2647567023692796	0.1274157744013551	0.2504960822461797	0.2896157898517645	0.1630965172910417	0.18836616748677193	0.2332359546027971	0.3048796099263298	0.5067252020011865	0.528989545456288	0.47341005913323375	0.6312140806064696	0.5731318978452931	0.704736765124276	0.6099108365038342	0.8439216377067327	0.7373300339792339	0.6039983193887972	0.6162956273674587	0.6130102733555773	0.437881001229866	0.6544685481498596	0.33486057808865277	0.3013073185106073	0.4309743031857012	0.6070060972782446	0.4019546662486557	0.3794214190509383	0.8186665296963704	0.63472755836363	0.604944236072256	0.5874087363148458	0.7067762156697153	0.70314196364537	0.5530888454044032	0.5898727970791228	0.5808712512048236	0.3302773993344158	0.3748382446968179	0.31714601820281585	0.18954381644446927	0.3038849255005259	0.47490503725015387	0.4391788612898244	0.23017905121152393	0.5904953115424227	0.5275156087969667	0.4061414866327292	0.7041919879376803	0.48043443747926	0.8172633253447883	0.5976220462508924	0.6316932931056007	0.6924316792228328	0.8942662735395822	0.7593771343607274	0.6368300692968365	0.5738836755840697	0.6944061414627489	0.5627175897161276	0.4672729781672549	0.5914996885584135	0.48442921905763836	0.47496693824053027	0.40528470026122365	0.4261904840144932	0.5149941764290089	0.4101888895555734	0.4599670773608836	0.42332495907808243	0.5300573980210478	0.3855789165079542	0.7758200940158249	0.4940655955382818	0.394334251957677	0.37109740288117654	0.651917293791619	0.5740907070704042	0.6201564484292168	0.8000994235680581	0.6439315224186775	0.5655206814647256	0.5617600723919185	0.5693820215069033	0.6448327193503963	0.6809204495752472	0.36399380543584414	0.5163596505807406	0.4598112803655965	0.36873664585444854	0.5413944878205941	0.713600647000479	0.32297536984730113	0.5095630117364777
0.6594553795675587	0.5665895874240667	0.480687756675552	0.6139866966474613	0.533998529161023	0.5756421005489981	0.1999796673445181	0.3973928756778724	0.15317289201497186	0.2912629852024414	0.38325489810480007	0.1394479682044909	0.25677212571133157	0.391759089632542	0.4824688418576427	0.5247919768873877	0.6480222538230598	0.8897554922038768	0.8972506403919704	0.6647076851369895	0.8621778520964138	0.870371785668987	0.6506984342251736	0.8358229031069324	0.5677680115356392	0.6663979903300772	0.48063351437146423	0.447687427616832	0.47418105863138715	0.35380582785443826	0.4557889425569779	0.5547939997576604	0.4969658517117371	0.6576545315450861	0.6250040103729416	0.7799064638879598	0.6462499270730675	0.8665981338672142	0.5118541053337914	0.6324189986701314	0.6109847996471909	0.6301169581160568	0.5614708492775059	0.5106842519493434	0.2611311072076745	0.40386990186906635	0.3568793736200677	0.2626425245435672	0.3757433107310679	0.25785664053430757	0.43048856713036243	0.38961874689679277	0.4847616425335274	0.6418935912135008	0.4516262907467049	0.3197770747258137	0.5893347952387405	0.8267510511528557	0.9004286736098508	0.822925639296108	0.8564333553839178	0.8125200520813802	0.7738132966356943	0.564141069255002	0.518571692899862	0.7064291991904453	0.6456804402983348	0.4674130183616534	0.2302725099881815	0.515426513785949	0.24068772574139896	0.296608639128937	0.41495051007185024	0.3978591072996769	0.2796031269995324	0.4043933019058339	0.42795452932836076	0.5462263017803307	0.5559081952505077	0.5265185150239816	0.5328486462057913	0.6580111655292201	0.45644883171070716	0.47259300158120865	0.7129693409708693	0.8103855129660936	0.5524999800828057	0.8465247272219381	0.6922181528643845	0.49554874559175827	0.6264353142024932	0.4509892561652885	0.6635359546361312	0.43102736844193046	0.775534320426158	0.5752995406044927	0.7455598846702772	0.6486870588237256	0.39379132542012374	0.5491512013068347
0.6574916522621185	0.6246380503916689	0.5301646150289652	0.4476089019359014	0.6833792256828141	0.40443365569187606	0.3796148005088802	0.11072128873081821	0.23988795098070115	0.2921450950950202	0.24849370823326833	0.46982966291940087	0.2540056268824459	0.368266012916009	0.4076628858498085	0.7172997238926833	0.5709637714232763	0.7976960999466487	0.5924774965369917	0.6733474779915001	0.8079236230426774	0.6658531270412	0.8727839185238409	0.6790501214282179	0.7620555827562765	0.6650310984074412	0.5792399518087231	0.5978293073933126	0.4762086567960718	0.526550055143128	0.39131476297455225	0.46740929722971003	0.6546725364888837	0.6547127003532262	0.32959227722868	0.49072651158589053	0.5298748818010345	0.541781275070456	0.710026670590104	0.630851227807537	0.5523276091483091	0.45124104273763277	0.5086345147479742	0.42684374799265534	0.36806406511439227	0.2736992468633753	0.06193995177538891	0.32459093892654844	0.3028338831479035	0.5194186960954467	0.3966067752462108	0.2551361997426266	0.4347537431408601	0.45390898363806653	0.5348853053605923	0.5590182522336844	0.6724069055663309	0.531547595027935	0.8685973035285437	0.8544342519910112	0.7875713616577507	0.667520639513614	0.8406721897963632	0.7408795657918268	0.6878433284315368	0.5275133474203735	0.6706457090612902	0.3833073229440581	0.4574813126047842	0.47196723194831347	0.39938313671978987	0.5361994787528538	0.6361796165598389	0.28536771116101256	0.3387191686913037	0.6321195352843518	0.4106186099764977	0.5468825956721187	0.5562101673361013	0.7153894703709649	0.5278338345799499	0.5982530011378636	0.4205704296997205	0.5644395984660262	0.5064816637474228	0.5115492358547502	0.8299429397545703	0.9172974956503015	0.6682155712626385	0.5588760080808809	0.6622881365189512	0.6605873856657203	0.5883288767652343	0.6577315378690869	0.5504952254234738	0.4829558168291461	0.45335602441798056	0.7474479947385273	0.629380957062029	0.6677078264574012
0.5333485600868424	0.6446999955332151	0.6195395984660261	0.3653699703542145	0.43997110325090294	0.41503848763658924	0.409951059953089	0.21997310623731536	0.46497540958168737	0.20006238011973998	0.1959228964400891	0.46762758704772367	0.284100399643924	0.47488693072033084	0.6330411134061722	0.5863524843741694	0.4648412702103273	0.7737945165380218	0.7832807251892178	0.5305799809694958	0.8829710701500257	0.7095174329453064	0.7858397089022862	0.6159914535235185	0.6187512366577715	0.494578616183329	0.5583644692751025	0.39853805259172714	0.4638718342202738	0.45031350640792	0.6558011527138804	0.5476495980143474	0.3574727705784204	0.4529957002193892	0.6931699129360261	0.720483304574238	0.604253835909985	0.43592929635968697	0.555447080464299	0.5487820104566106	0.5246590322310208	0.46564515032981724	0.3455663176740852	0.4062448212710972	0.637638604673024	0.19781650758745117	0.29384708264769044	0.3853936265311033	0.36346314864010565	0.16077081172651098	0.3965147430906921	0.3184787133192365	0.6238667703860821	0.5444957465872847	0.47906562203898406	0.49171566621515483	0.8474688727917957	0.7750540501323286	0.7700220595012435	0.7359294200462978	0.7553185746755623	0.9645603616995853	0.6290270195326844	0.7822821738942749	0.6663044542680381	0.6989952232234155	0.6059756326542655	0.5951536901561225	0.5102791196800049	0.21821687198044093	0.28845396398004564	0.3141874254001066	0.40128493655081865	0.32475294811979194	0.5522613134748071	0.41241801812748036	0.5037972416602375	0.5385000706018711	0.3857736384680862	0.601409955330483	0.4454690737471211	0.5060615166635252	0.8300732674749214	0.46156533054792626	0.8539692482184111	0.8553484099161961	0.574286235101897	0.5052549136052107	0.4294919128523573	0.7582063048837462	0.5124171237537796	0.5444390861191157	0.504716841079622	0.6998188131652157	0.4857806302200342	0.7343580848392484	0.5942089659875988	0.6205815489110462	0.5751306942633981	0.5629931782525571
0.7252453203843237	0.6710066008082547	0.4589607989445054	0.38269585702354453	0.5451824079671446	0.521022441528034	0.4272906209347883	0.425760008323554	0.40538507347111385	0.530383671150619	0.31862483982492207	0.19683697267977607	0.3342415837853038	0.3435269134965411	0.42993085546767007	0.509101026843878	0.6962826420566814	0.6003905149486464	0.544664899919848	0.927653120407691	0.9055032551195941	0.8189998409624522	0.6743828982468036	0.7717694801078896	0.6627912746354445	0.5499651627101452	0.4859132568679738	0.44127259390707196	0.3796177818378855	0.6696154784935137	0.47905764536093565	0.3936043835828318	0.40663495864307087	0.5010337374107081	0.49565351348477404	0.5036377898014298	0.662449750401719	0.4938249325940472	0.6011595931625523	0.5659940461422228	0.5665632590763656	0.24895183952374744	0.30876495068786003	0.5247438562121897	0.29048718247700234	0.308890371378175	0.4407997459599349	0.4582778675134893	0.29209718865883283	0.39993747177633554	0.47488734148121614	0.14282384163180328	0.31882209480217905	0.3683418134580567	0.3942359060348435	0.7867540368653104	0.5342201845682244	0.6066175963496367	0.8195251689003094	0.6751556622583832	0.5490058676388259	0.7401562055227797	0.7134940704595338	0.7833806169863503	0.6951240536707557	0.7753401041960946	0.6899862571858155	0.6374958393564096	0.27940083692217854	0.5407652333620175	0.2962416014524386	0.3779474647078148	0.42355342071564905	0.3051134997744108	0.1912784726128577	0.23693275025121507	0.3953223023910135	0.5090210899922183	0.5491506249082269	0.362763764789767	0.6187294045625544	0.5795536636554203	0.7075318823782164	0.6350527736818359	0.4596619627586798	0.5941872840796949	0.4055503864185735	0.6739043283813688	0.635943286463758	0.5886874077496389	0.6362354069549511	0.6928377853846462	0.515599522937358	0.45651139961875664	0.7482962346502184	0.5371064793383692	0.4371427917839824	0.6384829468147574	0.5184335143714642	0.5700997658604621
0.7488486440057329	0.47108991426606145	0.5372502627486295	0.8448321694691576	0.42953561896056924	0.47188613571592997	0.35763567857881573	0.3930590167639444	0.6093470517468715	0.6778392959080084	0.4809865442600898	0.3435797711472689	0.4670794840563276	0.348496325185951	0.5668143102625554	0.42701560879696665	0.7268543968415163	0.6621786471008149	0.6736631398398725	0.7597116381417441	0.7033825493208905	0.6939601982785877	0.6351183140853234	0.8296631265895213	0.6552384744029052	0.6254581555077878	0.36200491801366075	0.32584087048306787	0.47124251130988315	0.3550208868201675	0.4304502053137743	0.4210405083068036	0.4562891965303749	0.46831451343460617	0.7596903934787607	0.724498107366512	0.5975686784533125	0.47727250778812313	0.4827302260843247	0.5297022480762409	0.5721385781889888	0.5089588820603747	0.6012870036055957	0.4827703347305371	0.4211295746003936	0.4972941366779555	0.5150831234694389	0.3568415528678178	0.30546155861463675	0.4729976634714156	0.453207621068625	0.5959215095866708	0.429387160393084	0.3931508104131427	0.5903033721393619	0.598659387773776	0.7065027604231513	0.6517122388076617	0.6509216244397144	0.55931517596883	0.7434654652681629	0.8366516562522242	0.8918290887875195	0.71968092616121	0.7799532087433652	0.7435046176890356	0.4324260235396239	0.4810270592670706	0.4888110551096273	0.5692770945930068	0.6485993484660678	0.436086124665637	0.30778929589967474	0.17828287171276713	0.370036915261588	0.5089600304074726	0.35782017571798996	0.4699516562188899	0.2715575724756707	0.38819233243014284	0.6438941786457343	0.5740905480661905	0.3409319552468142	0.5114034715253288	0.41290994429685735	0.5284179695595268	0.7009930855000992	0.43747841962812023	0.5094119340495857	0.4773257828165781	0.5713404398549897	0.4383263614152443	0.6400459188501829	0.4577497791024796	0.5593620223769266	0.48992223393919954	0.5833109535236017	0.5742598272520889	0.6722777063258845	0.5764488648449184
0.6635843822694636	0.5494111986634314	0.639779355986267	0.6021433460986716	0.60763262439788	0.6257771851454066	0.6723649219870994	0.41038422766536664	0.4464967756978895	0.6252874541175342	0.6183482177777712	0.5806687292379917	0.4133764099915316	0.6399289142995623	0.5472072213580327	0.517655754994174	0.8504638178078385	0.6883711916032442	0.6180926526719626	0.7812202464198637	0.7411394527288306	0.7235478622516831	0.5607334481363757	0.6351216399067909	0.7280070204027075	0.8139084668910392	0.44696889265898887	0.47662886129815774	0.37286763829241487	0.45736129802439784	0.3409581775750391	0.4820627180120274	0.5068070778042286	0.4575284947051099	0.34314008651229266	0.3856347311870433	0.5541366900222856	0.6148963980712158	0.5482298904087627	0.3976781104532604	0.5300870455733746	0.499334934359094	0.7105424384412854	0.48622430541076017	0.6942421380999931	0.5728648910696136	0.5141237179785265	0.5112980256476798	0.40400868551349955	0.5820281435791382	0.400398052148382	0.43601245743012196	0.426489967250799	0.45069399975766034	0.353675667971868	0.3858970539552632	0.4728621592972214	0.47929632298589264	0.4860500684101463	0.4553161012766839	0.7359211010591782	0.731961870022889	0.8533098780617688	0.8053021354732568	0.602312146071871	0.766671580280211	0.6597873481313922	0.5811130559126485	0.6410474426405635	0.5879842563827944	0.5836065632572598	0.5542081201651845	0.5208102004536456	0.3248739100919509	0.45400292382748164	0.4423015126734192	0.35341178386227246	0.5302300758970113	0.408478220856186	0.3461690538632608	0.5561140982569373	0.6512582592938715	0.45533063021170084	0.5362639458778992	0.6330154983773738	0.5565693608380624	0.44721530845567425	0.4327549555563224	0.4477318271600865	0.4340769267552258	0.5812459762683713	0.48285619445581995	0.33232400285274233	0.5928240823548491	0.5766390088170671	0.4591303696214617	0.291311922999293	0.3418275958979581	0.5578626341098039	0.42612451521632
0.5863547987688341	0.4187261825438375	0.5898256878640619	0.6538255376934156	0.6428127379042213	0.35435156789988276	0.4032341658387282	0.6738275826476069	0.44054399093242647	0.5880692592520369	0.46530287525952774	0.5203254118067464	0.5947231791309137	0.47203622184321226	0.6184160195578516	0.5151649065366899	0.7287205798787002	0.6551509760675326	0.7797494677442287	0.7418232122817923	0.9257774325019614	0.9583378869873385	0.9019460094192496	0.8345509363164793	1.004680809108108	0.7739875446699338	0.5528322467545391	0.6788994721360118	0.32444857332052646	0.47212388801636584	0.5682498298871588	0.6456210899922183	0.44166725844901567	0.43553033870397573	0.5370662138880015	0.683077505353892	0.5292191245401339	0.5482651560766361	0.6293588555596725	0.5236473322209707	0.5149453424682422	0.5183643500219424	0.5052473454713218	0.4686542643380051	0.4720649772052294	0.6820194226813678	0.7939217481096583	0.7836754648164843	0.4982655513871118	0.4870339604666191	0.37620766303640396	0.584469639095436	0.5143980742323006	0.38368714935945814	0.36187590647818846	0.3366250142962123	0.4628012167655777	0.40453025258502695	0.5735588180253446	0.46943924292327094	0.6755779558824977	0.8159139635700348	0.6685645002092557	0.7492064594878431	0.7523604191177733	0.6437247250218798	0.8441866348291563	0.6836418907767723	0.4831268538949616	0.7291298219569486	0.4906386002729074	0.4525880017987145	0.33220488487944944	0.4533681307554652	0.26561804904496644	0.350708875418532	0.3379073980127141	0.342875475833443	0.5363349166752921	0.4459833222247058	0.251185590234808	0.42179650627408305	0.4811587517569217	0.41817196230700115	0.5090251070486703	0.5132271100517498	0.6127206328634377	0.5081608232284824	0.3107991232100985	0.48569185541750215	0.3703965239412179	0.47944668073703967	0.3049395896157917	0.4402812971377077	0.3097814870594072	0.2739075989847065	0.6666645465604841	0.609842292687423	0.42649130333620516	0.720527911706327
0.5439880746839791	0.6730119716005809	0.6499071749901373	0.5969601099262465	0.7434305926773727	0.34072805524346406	0.4322929839140739	0.7041966586614546	0.5464010356774456	0.5578177575539085	0.46495113947186284	0.43840104892779674	0.6465617551698455	0.47149557434938705	0.6296815003264254	0.7936590918659346	0.5959349851604403	0.5018067973634637	0.8157745505589231	0.7220230488607949	0.7187546000302343	0.9798337793951541	0.685052040512407	0.7703049710317325	0.5469309879878484	0.4801878847622796	0.3934843182177662	0.5499386333904517	0.49173927602414813	0.3102561966558781	0.2991003665263797	0.2287186276436327	0.33686741303644563	0.512849346257676	0.4698269598811038	0.5912139834205609	0.4587057638194081	0.5578331278945561	0.4223782120392858	0.6795846362261935	0.5985021177894547	0.5718449780919196	0.7241848725324556	0.6179265800543715	0.5576187579637528	0.6101689191763582	0.548656622900507	0.4486422617866041	0.6510675477733495	0.6581294840813283	0.6036929772972318	0.31476892579320026	0.6189098515443994	0.5349194072142912	0.4434589792296163	0.6015719512733756	0.6003374099580308	0.5619434763854576	0.684540026894046	0.5934041760106644	0.8965152775548553	0.5759370654655682	0.40967767100828184	0.9200319707305578	0.7597711717360511	0.7240170840193931	0.7194310387891947	0.5397485534700004	0.9544333752511109	0.657210171769552	0.6319085728938485	0.4476693873387646	0.49442705263356157	0.6699903294270634	0.3364874651511599	0.3174826464567979	0.17450078390410695	0.399992873477814	0.3960416235363571	0.3299452011144963	0.4695060486936239	0.3673834812289193	0.35700950923532815	0.48192309521202326	0.4447185591918186	0.4246184487722259	0.5945448853227946	0.45607192255594786	0.2770195286675098	0.493071017115287	0.4459464378139355	0.3788834105603801	0.3416576652281287	0.27048386768916055	0.44029785559317336	0.5159406496438823	0.5209976413874969	0.5473527847154619	0.461550905382326	0.5619898215136034
0.6333941587785412	0.5619533301965836	0.5068406938283866	0.6771022017083455	0.7171413011278134	0.6698771542279205	0.5383346781856386	0.5994985733288599	0.6283973918475507	0.7051709862144682	0.6252859170934697	0.6653000882856731	0.4512228589224282	1.0238922573614868	0.5740795326576156	0.6546900953541936	0.5330891921302583	0.6864062010976626	0.5765948544303092	0.6971953667772197	0.7788687491385191	0.676518671844804	0.8065076056348828	0.7019734463629953	0.6071930877168247	0.47489175384814375	0.42199083074034804	0.4586558852809599	0.21371287039106546	0.5354904663473583	0.35288547981521523	0.23785676200419326	0.44417423031710357	0.4356130846134091	0.5119466034516583	0.5239022127419712	0.2833439467645894	0.4680629366511546	0.5356133937882688	0.4896830263168642	0.784644280240093	0.6187850536205877	0.7230733271098351	0.5406464223801932	0.6822010224437614	0.5600905922506947	0.6271015436242395	0.5663683472112011	0.6726998012113988	0.6573678966992627	0.5511023629292844	0.5893812772871816	0.5783218496956837	0.3615794222380227	0.38542667059010405	0.33011593122217747	0.7256643765226447	0.57363176754184	0.7757320148817279	0.44279539547798025	0.7768924627502631	0.7971413806465872	0.9417320988172853	0.8490757695912277	0.7364341283210674	0.67297297156708	0.7658061326458485	0.6117793339190156	0.6650075658838293	0.8397757187898813	0.6488180866126285	0.5431680159357557	0.793004471918506	0.29237865591771517	0.25163657738596745	0.523995636167692	0.3559798418158082	0.3503755133844382	0.3549341636220027	0.45644645548107043	0.5475260102726057	0.5802053265578205	0.5118079964952404	0.5518038579855702	0.373214040838749	0.6297014442216055	0.5006079169931337	0.5692089880548502	0.40029899512337086	0.4667735633827632	0.32290060944948384	0.300518269884152	0.06602114961046479	0.19115994648858203	0.35007976673048513	0.5251657987103326	0.6295869506041912	0.5529695949275991	0.48706883082401686	0.4767658848459486
0.4837366546880161	0.5793719689405104	0.2673742457841801	0.5580537652414456	0.6070735876834071	0.5689379730896205	0.378575754107484	0.572538344099452	0.4926866613131915	0.5956979792797843	0.749681442908237	0.6832171060866448	0.49902275733640283	0.6249060663774259	0.7240186364938671	0.9950882955231648	0.6343287243945299	0.8561189611358035	0.6224218386620579	0.6845718850382869	0.4596550836597171	0.8679819265543871	0.7259612340060346	0.6940497747023631	0.44802788962240847	0.5444105714801443	0.7982472041342431	0.45041448693390373	0.35096755437352434	0.33141560658024116	0.46278398474226257	0.3029572346000503	0.41461255459936375	0.5954367783579599	0.4636156927158571	0.5082191775415382	0.6272980653987333	0.7305194602156958	0.5255531292245912	0.6392379620559947	0.6986622962341837	0.683279256616967	0.5815007883542249	0.7170183273356745	0.6216329799573023	0.6767270062823333	0.5432440064161701	0.6480235082063008	0.6451902455415071	0.6258111986800985	0.6658268914459567	0.5465700852072581	0.4782836071322558	0.4261573406195265	0.49171307357978333	0.3780500463262278	0.47765460884713457	0.5425556202906044	0.6263079346769356	0.5838710767668678	0.5711425179600593	0.5128141093238971	0.8184105229121905	0.6295629079670613	0.8983673159005382	0.8121546574484225	1.012009438600123	0.7623904222128555	0.7098604765359615	0.5937574223383586	0.6970347599044708	0.5045009340914203	0.4365039286541095	0.37391054717950034	0.5425659797984648	0.45574034930259	0.49203270830010337	0.4332219070972049	0.4213695308759018	0.4806178127553714	0.4855309791376139	0.6059637515394158	0.26600511896898604	0.42475124325794655	0.31583491005845	0.33881400550447927	0.5821472902531919	0.21007586672713507	0.444698504860379	0.34667204180910804	0.3379607812607035	0.4159969589860798	0.4763599906564191	0.5167920585895527	0.36136844214705033	0.47814155508454315	0.47710842934004427	0.43283158865376614	0.5440706659893154	0.5141999358983014
0.6175710634998495	0.46462059311238424	0.48012688037899676	0.4289872509454835	0.5179800626549937	0.24302576293271783	0.3713996488073602	0.40748397812542037	0.3863699703542145	0.35117199102442886	0.3343888409876196	0.4951290004351783	0.46440452713663594	0.613066198437592	0.6400012476830637	0.6088653172975751	0.6945117507613954	0.5723847886135651	0.6834418598592864	0.8395084161063602	0.6325049047799767	0.6769692946029737	0.8807351883324908	0.7261655734710304	0.48439393352257176	0.49472697534818016	0.5073214543852079	0.6007619207909011	0.3734774280518435	0.367806552206967	0.577063168523966	0.40097995223540095	0.2977543107059004	0.6134740602792642	0.42441151445513314	0.5271172717077003	0.45529367071560733	0.4473337992456802	0.44959557876617073	0.6558838213379321	0.6436266860571807	0.5794800118869818	0.5880007441863877	0.6288206041793443	0.5746271962040328	0.7871612097220577	0.44437616710176153	0.7151309040856251	0.4683396846183091	0.6049851198890105	0.49733876151051337	0.6425816240130364	0.6121967205130936	0.5704873569649598	0.5305533036958814	0.6833841172624409	0.5446696898967823	0.6372244180470783	0.5316702640786648	0.5038169448823728	0.5026732387741609	0.6740343999449321	0.6833204805094003	0.7986816505137387	0.6272501920967573	0.6830124596635144	0.6731902985429115	0.715450382018457	0.9105207896842602	0.791784446321161	0.6642342298904256	0.44929493833253265	0.6005665628139147	0.604264559810835	0.5160096152381373	0.3262531270078658	0.5663488736618187	0.4765243517786557	0.7400159510893708	0.45052421485836047	0.3921500264423675	0.4960958901410888	0.5281599707892262	0.44379532920955755	0.6932766087467986	0.5203414799992202	0.5005200763486901	0.4996343447101349	0.43829468877591937	0.4695948389465656	0.4967156374977272	0.32470829461980755	0.6219624309210862	0.5323508148299264	0.4573057064012197	0.5620081245819682	0.6303404575221243	0.40211117877957114	0.5846174130447791	0.44470634241807416
0.46031149015448913	0.2740713042062283	0.5523539639800457	0.3491662823398155	0.4938020338538972	0.47198324272259895	0.4623236627603967	0.5969604610522179	0.7007591779848834	0.4326844728051962	0.5413368004418786	0.5004764917103638	0.41991888383375503	0.45693616442502405	0.5572764254586081	0.4849481007413365	0.6105428116678427	0.5892325713964754	0.6190037210819421	0.7215058389213982	0.5722037387490769	0.7258600414744325	0.6552408307486817	0.43098497631853916	0.6602426371965526	0.5203940770597089	0.5062906606858416	0.43246680793707715	0.47011843330514935	0.30726485793540215	0.4993049246305029	0.4523217701769098	0.5242649573213691	0.5944514221460202	0.6387680910210787	0.4227150169479492	0.45793952999754495	0.4927502384479856	0.32956132232504165	0.6016627798636665	0.7544788016882448	0.8949012079486773	0.5989664987955515	0.6160106156646485	0.6567089571706983	0.5577990304909748	0.6103250364134649	0.7423674771214771	0.6508508303303372	0.5799920696731797	0.6188958857576393	0.5929012940842933	0.42313167038926536	0.4517388873805156	0.5093085221091693	0.5618305507262611	0.492068539332959	0.4340140806064695	0.5489348173226591	0.47698924513166274	0.4517332118301136	0.7198900975709192	0.5930736848693158	0.8196302261009918	0.719260242446425	0.6772768892375649	0.948910041482766	0.6135760632990108	0.6684845567407538	0.6025144074484641	0.7234501876633066	0.5744447152849551	0.3213709398299056	0.6700332029798791	0.5622742744849407	0.4876944281856803	0.4799825824217676	0.3053743672373985	0.5686960933131395	0.44127355234913734	0.5433492645555107	0.5993286161749954	0.6126513558942648	0.7083929397462367	0.5433779249483446	0.6023419525950773	0.4437400290941045	0.542915052282219	0.5412394681625732	0.45959606681243736	0.5479869726881097	0.49373263763156405	0.34400735164481866	0.5723431694106562	0.4244232144651834	0.5135224812790874	0.4905044763352897	0.6263878472112845	0.34831699786711023	0.40012719397064034
0.6269458724656204	0.5047188749835205	0.44823536277044695	0.358479914684406	0.22485715729800182	0.5232471687833062	0.39683092391948394	0.40103197511400746	0.625293741384147	0.785952307702821	0.4575051962710347	0.4435445253632555	0.6030779823665328	0.3736843049674151	0.39518860248129917	0.6494581687581388	0.47056474311569263	0.6720378869706715	0.8486610860354469	0.4351049202303862	0.3839351375311447	0.6625016451935977	0.5635676802601938	0.5353549511395387	0.3850001302367847	0.6343393489094128	0.506333580606553	0.4855821650273734	0.34390308283169513	0.5078990768255359	0.35093750711060523	0.6265884942617647	0.46371268710287505	0.649582553721007	0.6232320170817861	0.49584367734078283	0.5037580561218207	0.46107109883411923	0.5047549378891875	0.4857543747575978	0.6986226182160494	0.4902077646390964	0.561969177566539	0.6050443862595694	0.593809253095207	0.6631037873503648	0.6429048959630764	0.689080391747048	0.6606201448505052	0.6369825581711249	0.586709171393042	0.6310416257864168	0.5507968375661956	0.5111035819615888	0.3310591868351179	0.5997064793550364	0.56285418263584	0.5598122940257917	0.6643472902698588	0.41122432971140405	0.52055402804841	0.6195111743794546	0.5670657302751857	0.6590011637808402	0.7980158252360356	0.5292510997374764	0.5582969634361978	0.5513008281052783	0.8486874453006339	0.6340900114353032	0.46810065141726265	0.3124334547365507	0.5026515038481854	0.3844027096218051	0.6195368556433415	0.4446324123755947	0.4735658605453046	0.5211581179567927	0.3778021288230805	0.5115317476579798	0.55788981709682	0.4566571418642595	0.7005905016982952	0.6255445761646018	0.5441020868719688	0.5874523717545183	0.477453928662443	0.4214759086949138	0.5545423942734484	0.5515793758534603	0.5733831831043523	0.5284310983907741	0.6651042819968064	0.43043111164112535	0.6344501103612581	0.26674991160599093	0.504087608704964	0.40557457482623305	0.4679202088522014	0.3470490591667347
0.5465236230093432	0.42701518698578866	0.4011509318663613	0.4821359391523877	0.4152021288064135	0.379436438248947	0.33775618340552704	0.3907507088271174	0.2288887371848688	0.44984092348447247	0.6516483326141478	0.4367858839592583	0.5695590940659928	0.6399098868786692	0.6178563733438937	0.8647961352809185	0.5454586192700773	0.45901630223200923	0.6112726667923367	0.7865578551664953	0.675801013593527	0.6391300184954902	0.6025000286507595	0.39726003262419807	0.5610383507162942	0.5869689478604518	0.24826840901283898	0.2791185635919353	0.23794483672150668	0.4257571307972996	0.5206765049440477	0.5749293184269385	0.3989414755824363	0.6183051388528464	0.6596543372066027	0.5136788855904683	0.27561466802203605	0.5081899827178755	0.5689864625579246	0.39432372902881935	0.49871827211754455	0.5843714786941855	0.6793459122500081	0.4988845722078303	0.7380413033612058	0.5633583918307169	0.5681495737637048	0.639850059609913	0.7261978909774444	0.6351605693050867	0.6278730731697724	0.6186475354263555	0.5250439158804376	0.5058656441562368	0.5158996068729156	0.4833660747843152	0.47954261512930096	0.4871564197284562	0.4738995339876508	0.5835411178396228	0.5478890905442328	0.740656622900507	0.7385004615122301	0.6711965217578266	0.6560465018823	0.6450213086480125	0.8415590101637694	0.7671862814864596	0.7129760257480158	0.6207499756576884	0.5987309835543976	0.4709886532659783	0.290456536748224	0.5384711628691494	0.3878003267753263	0.5009713042062283	0.3216656794571724	0.3912399495919977	0.6198617330859268	0.4983352567843049	0.48980968150656007	0.8256851640401806	0.8017964334221526	0.7196860253130043	0.7656812066186423	0.5108700653233978	0.5572522480845743	0.7020512322243206	0.682826149409626	0.5014755597690006	0.4986709574970404	0.482963086821801	0.39576432130451467	0.5540770857594394	0.3799487036239795	0.5902360805061336	0.6436130316120044	0.4254603197151392	0.3956786426673641	0.3512657501257118
0.6745351618151216	0.5093076608196784	0.6477829291309555	0.4710045999885666	0.3669213881167853	0.19815602218458794	0.35865704687840905	0.4449168808140084	0.5269194094143496	0.6379800405710752	0.5458766264139335	0.4852603594661926	0.6370584978001917	0.3627638067575458	0.5801499359066349	0.5001395454646216	0.7494123978118755	0.48828484381502785	0.3566037674498375	0.45339707383912353	0.7796861798837671	0.42167903576111454	0.5258494743444037	0.5216108011362303	0.3849437943772177	0.29437519095922715	0.37741771778618816	0.5612440836682173	0.33165546125305656	0.4783010798286156	0.41383858258910533	0.4681758578935675	0.4535056224823293	0.5242106045976886	0.47717743468535256	0.5358141335912069	0.4903585243008941	0.30492160897263787	0.42248297773224336	0.8505361357242636	0.6031164811200831	0.40965325291120225	0.6914377235663413	0.631976281938138	0.601783390726521	0.4551067885465633	0.6704851751071403	0.5440501744462896	0.7212485512866091	0.5690467912066337	0.3939945960734626	0.6144711850030693	0.5111430877418253	0.4952560487352915	0.6067256613800266	0.49846893906021855	0.5222842829001636	0.41927335361053747	0.4944140938568206	0.36493427847504634	0.42347638350749645	0.6711764585928195	0.5950034604917032	0.657518144030817	0.7923623006509674	0.5195727529279527	0.6124771741117807	0.6541249878121771	0.7755485335861401	0.523376014697723	0.6357414446649505	0.39533598112016655	0.2791037541828193	0.4977537166401579	0.5057082946198076	0.4023418620426775	0.6127643036373798	0.5111681881903205	0.5680605957724548	0.5702347201534175	0.5872819618886568	0.7012719336229076	0.6085954860303799	0.7909286912769855	0.6587798175484985	0.7329232498161203	0.6285826221894881	0.6312019543684576	0.6547726800426878	0.5783091095247359	0.5082331897295279	0.2872580914560904	0.5634700873906494	0.3737954617130689	0.5009418377587006	0.3785569629761856	0.5020443266079885	0.43600751948259986	0.4132469457440623	0.4398724260692911
0.4097307229641587	0.5670968331160777	0.5505336777757945	0.49776313097297087	0.45338568077054053	0.47112411988917713	0.6218314936845828	0.11335195214339866	0.45125683708951636	0.2532875579036179	0.4151139260023725	0.8275213748831013	0.5321696700129221	0.42314701862932713	0.4516781502043138	0.6333246852541593	0.7346576740783632	0.6071140783897442	0.6558512189739697	0.6747991475107425	0.41876516932698726	0.4024285477065144	0.4365417604566523	0.295332644248406	0.35747670369931495	0.463077021707742	0.30296886614161944	0.18857853664788793	0.39475827252755546	0.34079106481321764	0.33220189030009317	0.3156202640536643	0.41008167698110687	0.6417230775448883	0.3779504681207386	0.3037771652615463	0.5763040081562163	0.5155823726328749	0.5349258557018428	0.5759338588805938	0.5920562739745938	0.4928599376883488	0.5248041031420667	0.48825949822670306	0.6376524225725315	0.6166907821890614	0.4726163464331805	0.4372126451850975	0.7739379753396799	0.589607122022067	0.6599386422740203	0.4604216598073183	0.5902874563675937	0.3653340201181998	0.43513432265955054	0.4992603219485317	0.4816483988825705	0.36765405896589604	0.42684660125159996	0.5817315997040589	0.5059914579236351	0.6567458238976667	0.538883242739266	0.6622416500537265	0.6821712733054093	0.6130113400005102	0.5587818713362572	0.5651838831729041	0.6235871339090486	0.5692116822929143	0.44671394366950745	0.5870837815702118	0.39984352053662775	0.6894021310231389	0.23640600010900303	0.4179191753248128	0.42070793024348496	0.6442407136955798	0.550275654738184	0.8780726999265482	0.6229448345547826	0.667808290236358	0.7120728832314057	0.6697035598776702	0.8254472306516123	0.7133135704762844	0.8799544653099975	0.6476157788514729	0.6406789805596516	0.4977884302267346	0.3249164855201997	0.3836082217512099	0.40738935553458844	0.5564453667522191	0.5093059360739728	0.44356668206707495	0.5071352766514979	0.44933899556671597	0.3506263812824374	0.5360864824251177
0.39200145747195647	0.31854388712967574	0.47098477754660517	0.386800814821593	0.2987997371263672	0.1629733447436359	0.2640404133376202	0.43666557123763783	0.44622068806490045	0.41386904061290974	0.49382582035090616	0.6315646658136442	0.23524009092907638	0.5104034759421126	0.6424206394969467	0.3903617021684409	0.4727344485128857	0.406273910108618	0.6721177752210435	0.7004974360153879	0.48789481466258866	0.33164091465090495	0.4185643632556264	0.40067809276945854	0.7226407578467499	0.36758209877561776	0.5723060906447356	0.3354660637006882	0.2732543548570705	0.3622939003716933	0.39136494847113457	0.37382865590938175	0.4397377721176279	0.40714729466997557	0.660490450896949	0.693618225732982	0.43309111783128923	0.3840810851487565	0.6602928403769368	0.6442929507965296	0.5538854643814728	0.49165145749695705	0.6162549357057963	0.39648312130271457	0.5278404222211889	0.5247513603443825	0.6217832251054654	0.5489146216874747	0.5076440726845929	0.5631388675299897	0.4752595026601539	0.581661390826857	0.6283708095764539	0.556007097721423	0.5288974691662663	0.5131453424849093	0.26232491714363776	0.42064082633189787	0.470051159355723	0.4555236495267126	0.5166892384981536	0.3232057527857823	0.5298410714550603	0.35413903753449477	0.3513609049473146	0.42858124856975394	0.42245645726278425	0.6537793206519975	0.6337440174331289	0.42658148044256516	0.6155286095414864	0.46806492860394144	0.34692086473624895	0.6019984827764603	0.5013274655945051	0.4555156463312945	0.5877402985179108	0.7172147939087054	0.774526681640397	0.7847321231012623	0.7587497548351698	0.9049124508299471	0.8200787376532146	0.711016355250081	0.738776610980191	0.7703488891455624	0.6519983834238275	0.4337906474521576	0.8957272536055539	0.6083016849446511	0.5594109137725484	0.5852396404171377	0.4722102998396126	0.36378916119610516	0.425472196396538	0.5534640077128711	0.38239189296849707	0.5519118125797002	0.5960136830792685	0.5457786956687687
0.5163410162369303	0.5811062783663768	0.4357368975944531	0.6105763591901854	0.4000133142694948	0.5295304115725735	0.47917149632798606	0.33058354968073334	0.24529084839081583	0.31341281738966087	0.5478927652749465	0.5978099818311854	0.4944186033596558	0.6159884346435182	0.40103139653200826	0.5168015126900863	0.6620350447786869	0.689101521523654	0.5949122343908781	0.635739064035197	0.5860029724287694	0.5099662845565408	0.5236071396392005	0.3954252108347538	0.40703730393855453	0.3214645067927635	0.28424097205242616	0.24930574171882236	0.4278866899972852	0.23192639893290523	0.42938397369196957	0.5335743650206732	0.3435460138026992	0.6154831963547035	0.4912444546947162	0.5073908219067808	0.5708603042647297	0.48723382796310777	0.3141613201249834	0.5612516319515801	0.4286779470489302	0.6644772425802619	0.6505137758650605	0.5056918223332919	0.5109213881667864	0.6237342409573854	0.5903724901543225	0.5319651185756423	0.486227960324282	0.3851159202218859	0.5145576674948553	0.5196468972094428	0.5025856477029975	0.4692280243593122	0.45513547544009925	0.44899225296137024	0.43960913604210516	0.45786804906996714	0.4324413563459433	0.4867907534549666	0.40697935598626706	0.6745782517903393	0.4447736627687302	0.4644674859217103	0.5461216133894214	0.5166010224270944	0.7850240271533864	0.46477555535221704	0.5870749635031997	0.48240360181211484	0.38092956576682624	0.43164786663513255	0.36127531021238746	0.39979226176160343	0.35448604958031393	0.3507844926723893	0.6640781281203954	0.5403669757915252	0.8231290909875779	0.799450587390566	0.7834830395838823	0.7765851883408246	0.980828563190258	0.9803664060430934	0.6692788171553213	0.7563365398683065	0.6003080141790424	0.7040260456235425	0.5667654012164657	0.5516867540656496	0.4659088489344968	0.4574060597439168	0.4745116182412168	0.3482384655526707	0.6062029437113419	0.5423339913674381	0.3417302459515178	0.4380046817073987	0.23496517152704555	0.429090700436895
0.5736539087785828	0.5406869771048933	0.3644299809444951	0.6757711231180961	0.3785168057286852	0.4739398237053284	0.437380144357159	0.3560300228956069	0.49966022032917223	0.4373614835293136	0.3445179761763688	0.5193562562907919	0.5493311911432321	0.352510781269037	0.5781846759772469	0.588089446086988	0.5913979130280288	0.45709792627837975	0.47195400374776614	0.6681790379778398	0.692339677968133	0.53647200427478	0.38824787768542546	0.3787721875629705	0.415876915704933	0.47608081790834134	0.29903002951244884	0.3198236229926762	0.1161910184286552	0.3794518880917013	0.31286938732209757	0.42800244903156626	0.361016158678205	0.5042852435256203	0.5186341570051608	0.5189201183164689	0.380629035769448	0.5293902808591096	0.5359197053555254	0.43332292297412556	0.5152264232668833	0.6051959144583999	0.6237906298016898	0.508725036413465	0.540748239895024	0.5051740073111939	0.46455608628628664	0.5542694028391754	0.5780031160159078	0.6394469811283333	0.45343680269193803	0.5046904884812782	0.5085440594342417	0.4110762267366752	0.4441751092903963	0.519013828866465	0.4693079148097426	0.5601737732049901	0.578158617070019	0.39946794748394177	0.39704030956820363	0.4668695595933293	0.47023545332284655	0.3806474934252426	0.4367499469402607	0.3848249612948078	0.3093399981766185	0.39928080909144104	0.4573885384296019	0.43911064213201667	0.3888925091014913	0.3501764806600709	0.4337320281154119	0.5328425113098832	0.4209009804593157	0.7391645112262143	0.5911283202504867	0.5606997835275969	0.5694741684987986	0.7967814186242603	0.8175862682361084	0.5463469788949408	0.5328431451433464	0.8159980764656931	0.801960012773672	0.7210675345229984	0.45990709548803055	0.5682816239963693	0.6744118766313975	0.5965260787410868	0.500678965092575	0.581265701541091	0.40055727435110366	0.40325482083608566	0.2977396072829265	0.512027894022525	0.40665244240639054	0.4526165716391485	0.642263919377197	0.46706433013808224
0.5292495626800778	0.7099897530451225	0.35428728627975326	0.49035691217483945	0.4353219468482582	0.6101722361475914	0.4900464510642867	0.38081806229531767	0.4124686298520245	0.40235747752315454	0.3442291218883967	0.394418753530302	0.4001255133927717	0.626325800483713	0.5022202596535477	0.40965036433465496	0.4010839538414436	0.5985091559092984	0.5529130205783788	0.5781443818261185	0.7259984474588577	0.4787209398382391	0.6321031005154972	0.42232118054461787	0.4200673600350412	0.24165134704403013	0.45498958960745817	0.35441368747938506	0.31251296976036536	0.41970512558582806	0.23167588659432825	0.4031999336815759	0.5239730090847408	0.5652645863115375	0.6821093436142727	0.6237994743527371	0.4578773971510246	0.7678694823079479	0.5405865796110265	0.6481831787042358	0.4883948146792558	0.6976499491736532	0.5689340002343397	0.4041451680302862	0.6030355770261246	0.4940654564512627	0.5232913166198905	0.5708811911848998	0.5368731482550955	0.5524025727515113	0.6023507132939023	0.5123734618467389	0.5497213638828097	0.5115622012983345	0.5556649794386219	0.6774675632404259	0.31127698640680657	0.5304703634646319	0.4631032374524592	0.5551353296695696	0.3834345258149342	0.41188885865475444	0.3996392429066039	0.45824714008254563	0.44402827828270797	0.36374964218218464	0.3764370013972037	0.4055699328032194	0.2800233138344834	0.47859591442506566	0.5651175300812139	0.36020477004307294	0.3640400754619999	0.3356373834406613	0.35793365127509225	0.561741466748869	0.5109709089124196	0.5225244467478389	0.5058301046311062	0.7013603948171293	0.6213069519508934	0.8265636875210527	0.6996624927893922	0.6963650037225987	0.7916647519659272	0.681398864853252	0.7364660416501038	0.4924997437765435	0.49577984844931733	0.551912810772819	0.49448728627975314	0.5084106862998536	0.3493809172943084	0.4123603881669532	0.6733603042480626	0.17486931445349985	0.6935420166301076	0.5234258954362292	0.5688078154071085	0.5818498276871005
0.624783479028861	0.4709649705717204	0.53081549396059	0.4042792742674348	0.5262689456603935	0.6529130183616533	0.5991052117214442	0.25628940190248384	0.3603147762249035	0.48508191107064336	0.5678597190325545	0.6788373989077379	0.5975359789201081	0.3867575945762564	0.6285128085727606	0.6255218894467371	0.5849612450396604	0.5968720418257752	0.621338840995953	0.6195578441328697	0.4441493374407756	0.5287340929701304	0.6155834459113166	0.706929638652091	0.40419677128110576	0.3608192283262174	0.3769577844812888	0.495958846709438	0.6472547965354416	0.36500461765570136	0.24972419055771655	0.29105817757503916	0.532773320459659	0.5193892627821306	0.38879439065135235	0.5417824698021165	0.46428983918073835	0.37688123090261905	0.5401815312439114	0.4324101320184986	0.787589775145708	0.41375143541303855	0.5812396514840976	0.5547758270094159	0.527030705330358	0.4890020979389288	0.5057484607342095	0.423294766111302	0.43749058785057815	0.473785440114163	0.5000790335943903	0.46589770105574463	0.46606251488997796	0.577155591606511	0.5377817587332732	0.6285756459212837	0.38648677174945145	0.5643318801781583	0.7522219490816506	0.698268786672847	0.419015840686445	0.5401619804258148	0.33488930694996766	0.6164065477901831	0.5422970142042098	0.5265141998429628	0.4178742612345896	0.4098283975358682	0.4907263591985188	0.5393945474388406	0.5529757651411097	0.27590842270653526	0.3731017644300908	0.23225682162243977	0.30944550145578875	0.17043409737024717	0.3517002406563775	0.4639680071021883	0.5927690847974139	0.6581302062171315	0.7860625259069367	0.632484508156133	0.7911933372734378	0.6783478710852505	0.7312314318829449	0.6705759572962018	0.6282004151276677	0.5512623381852955	0.3350938959715767	0.5043308996355071	0.39084152636711555	0.5673797821808946	0.32113983473895413	0.34360513883617916	0.20702016246763888	0.30547562822081464	0.5620115519894613	0.46258910819470067	0.4715278741553318	0.4321068105971476
0.6339243451618136	0.5448181550644428	0.579162435354537	0.6222239034834424	0.6256630647378824	0.4691208095347861	0.7097888696883803	0.3443086258785859	0.5186727639449112	0.32448403332688325	0.6093093060632774	0.40728313893651535	0.5916969766698819	0.4913411200396811	0.5641862041844109	0.7021267523089363	0.6194936928161932	0.5809001037527496	0.6041349630765216	0.6936623934034252	0.8135311469920621	0.7541699195695353	0.5975423081544996	0.6249177398867738	0.571976264237669	0.4959453512851425	0.38128258462182585	0.2562806213697998	0.3264284704044659	0.3165347223368087	0.5972007441530537	0.2030326839994594	0.2788559979006111	0.5809097963262695	0.5129688352408006	0.3966292808926104	0.37892419499116736	0.43197447987371673	0.46707674346703526	0.5519504217528433	0.41887446442330734	0.416454977656908	0.5326535532524946	0.5452231636971714	0.496188799053175	0.5263386599244881	0.4432848107141507	0.5156086104615105	0.33832947968121163	0.489894827946274	0.39178039616383176	0.5307431054089601	0.4833948986148134	0.4829962788513896	0.5819971864921087	0.478235287718458	0.5572684002126057	0.5906050372834881	0.4959864714081591	0.5720399231079625	0.40918478419678134	0.6952336601253268	0.45417494141928116	0.32174523866549143	0.3793358088656017	0.4912941278443881	0.32060027377392175	0.34037597272994413	0.47658250291966076	0.46575051890541763	0.5483840863282878	0.3549646635969187	0.6196291020045367	0.15831395911991686	0.3743768273692588	0.46962962318501467	0.40267313275468486	0.5108907909892947	0.6937019411181065	0.6454860098459276	0.6216952673912526	0.7336396492673725	0.5907844109868912	0.7709515414158477	0.606907049120135	0.5099623580691557	0.44867528372835225	0.6405511880564837	0.5020251953843445	0.41065189914199396	0.18463349888772063	0.272168141789091	0.3218450708110433	0.4430896116913765	0.3830366149202956	0.4448710833670426	0.452781299354433	0.4865694845080063	0.667874890634602	0.6529769554726534
0.476610544979442	0.5548295348660073	0.48542509159826075	0.4475624971895089	0.5250363631802911	0.48550066025083016	0.5208666555663727	0.6360119406664277	0.4243714234593885	0.28171553591170173	0.5131432135784934	0.27043738565738673	0.47864863295544	0.4357538800778221	0.7228287199777461	0.6146601298101066	0.7188164546193809	0.655208314520335	0.7199585994028842	0.7391689898448977	0.6822947727114769	0.6123324035586943	0.46427774166015406	0.7150516562355571	0.41507160676424604	0.3656175256644303	0.5874457752963789	0.4345842563661271	0.3474452541159009	0.3970223465588506	0.4588478798854837	0.4653478843022676	0.30393253824559696	0.616366626848945	0.34397358104989795	0.48194121499219744	0.5233165871062251	0.2416146061870641	0.37735123222432065	0.4293002737905889	0.4127723775013372	0.4701063689354435	0.44705912941692966	0.7204158914877912	0.5167289651175757	0.44203108295703175	0.4476435647377989	0.4427818360186546	0.4354319530634229	0.44041352410838897	0.544797734173289	0.51444560087509	0.4118374386921254	0.5513705865205429	0.32868575810592315	0.397568029202774	0.4107572412502266	0.5858414380647754	0.6452537608413291	0.4453675036055123	0.4242212644801755	0.5944863455214898	0.4991429640385471	0.4344601518773582	0.39818173439929516	0.5230415131167645	0.33573814312745964	0.5487014883894423	0.40562019118506654	0.3466046022052919	0.3797962280167092	0.4871227617365196	0.3852170530685731	0.5132451966977127	0.16991646121955573	0.35849908787582885	0.31031670194260164	0.37948227988041694	0.5907230223434254	0.7269380415581015	0.558900653633988	0.8374366569047413	0.735072748511169	0.7891689589274118	0.5689474536908563	0.6838295613667096	0.7377559935004945	0.5325902477248982	0.36454435530874907	0.2340858795258075	0.24031998799634868	0.32314169418822947	0.25710016333766206	0.28171221007356706	0.5164723576008099	0.6106109778075788	0.5661895984576927	0.4585910118284803	0.524000379793398	0.5019591846183924
0.8057766087634657	0.9254963892543153	0.5204977915748101	0.5732246874708848	0.7067632171252538	0.574629049019799	0.42888767053993604	0.23851228959234105	0.39245581902920446	0.46008511985567635	0.5553116403251355	0.4787918002160392	0.6281543857912236	0.3757555076542863	0.5114562187564639	0.3791904045290535	0.5720797888310707	0.6504930037979342	0.6728391457540293	0.6495705246689039	0.7290653261311426	0.5920863190207875	0.7670056401661312	0.7568299014590555	0.6838901328885216	0.6078760698991859	0.3578383242155918	0.4684800184871568	0.34206476959972787	0.39296253250711144	0.3105300869473042	0.4824028862931534	0.44459208067347133	0.25892598818868706	0.3935340311184915	0.4063401593808904	0.5017223222748737	0.30382162222298903	0.6641245571674317	0.47100158335862574	0.5127881276853838	0.3409699460702377	0.5163921094075661	0.5855004173443932	0.28342144115152396	0.5177105339458163	0.4627694624407548	0.38679683976625384	0.23320275160625104	0.28469444366942404	0.39404314956013015	0.318237666148153	0.45165045710378	0.38344664101932036	0.3369206483471812	0.44908903975955367	0.536557678511814	0.39322476035614945	0.5640641910343959	0.652323894666542	0.5827110418759431	0.6176035620777285	0.6004086258952531	0.6131377390000836	0.6565951790389113	0.3178656662068212	0.2201365288013467	0.49988946153739744	0.5245137890820775	0.569771308623012	0.48165494450602964	0.505885974494991	0.3767546044136838	0.35927871995274563	0.44736666218321464	0.37069731454550225	0.5297521840328769	0.5391967999985335	0.6596626694440737	0.527839982726209	0.7414772469803784	0.45869270345664176	0.8859662492389384	0.5865974249817621	0.6364304623905869	0.5735420033964234	0.6713183229022237	0.476541131073307	0.6313428359351523	0.33488073840623456	0.23509362431437775	0.399526392299396	0.29038305278423215	0.3166833553422501	0.40786416891714306	0.6700861909173927	0.6199149462794099	0.6482607636102358	0.6599873525481759	0.5960680137356975
0.7336343381099599	0.7727386356238442	0.8668348107058172	0.41341968107154853	0.6265306655626375	0.6662271608530961	0.6179869174866469	0.6082069298503078	0.38643147823417334	0.44239623023343455	0.5024954528795015	0.632510414675989	0.49894592768375046	0.49300452933669425	0.6436073361944092	0.6296748641338996	0.5140495163121823	0.49200232537828925	0.5630766617648703	0.5374307406479606	0.3741218408621163	0.6645635483840322	0.6457165827061084	0.7838705953374432	0.6509102358045822	0.3649334105687134	0.49820211998951325	0.5767037033981401	0.24715769836234003	0.634074239150671	0.368968309643539	0.3625385803890472	0.6006196037528329	0.5959111323950085	0.4684067730461525	0.34459344765969635	0.2983668211874282	0.5943460160194247	0.5281571352307505	0.38310146410546564	0.3870858287577955	0.44887593741234155	0.46346425506942607	0.38304977470236307	0.40560805834687963	0.2195089571540314	0.45050499973249303	0.2703674528041661	0.33436448694223747	0.19627970049539656	0.39553044472345195	0.37605801638743436	0.433807265542537	0.5762653460150028	0.46773390968194	0.4848524225558645	0.5582385870392232	0.4914479108363039	0.6145308135332254	0.6933051035352439	0.7109441632036584	0.5805164767032993	0.42237790066436776	0.4574167615775153	0.6698756481046748	0.5332836380330747	0.5059311690593136	0.6403004570787794	0.4652665495635635	0.44542031927179426	0.29052813252884546	0.5718346141339413	0.4929949228654561	0.2841501920634232	0.4133798329822409	0.3598978313091965	0.4520231482134277	0.5066326045140197	0.8014892738324235	0.48108364466658377	0.5592203568227891	0.4919164524026554	0.7048880658504117	0.5596781524210392	0.533902329795073	0.608908533142795	0.6301693608380623	0.4443342828751631	0.3230490260325233	0.2948805352341839	0.08022637904904495	0.3157040368403097	0.15227114518534757	0.23276463046270734	0.6017912679852684	0.6607765601621778	0.5201471643831895	0.7853035223266751	0.8939134865573939	0.6740717260340734
0.66171449358408	0.7903980190475048	0.8506058632220421	0.6535200520813802	0.5411916544788438	0.35171980252476703	0.4303743252862869	0.41741323920083895	0.5366361025900522	0.659010432343124	0.5366306037109984	0.37414083073201454	0.3625387835610978	0.38801413800799067	0.5919730576693617	0.32184615735650335	0.6113202773206825	0.516119051671536	0.6031783114252528	0.7240702552450974	0.48405606638575926	0.7204793758701273	0.6294904862478856	0.4851252704863346	0.5233194050142329	0.522309825043697	0.5132991960953633	0.4769781546210975	0.5597274766447977	0.5873730841700638	0.5161229273742423	0.5748698533011126	0.4475377721176279	0.4459403272186713	0.3598881895036887	0.46425286200084315	0.4326663949761337	0.6787385561050702	0.45373449268072286	0.31929289116161585	0.39929106041310103	0.3171816946649087	0.36632356119103837	0.5129486395889492	0.45127794483220485	0.40118676289921695	0.12118159527894157	0.26213697489650156	0.11918887410516388	0.3670480764406924	0.19344659020130717	0.24266219243143283	0.3711194845163398	0.45002390570016787	0.2798680667371019	0.2437407247458725	0.6415456803605296	0.40385740908800755	0.585324720605096	0.5988051565366483	0.5965403692031173	0.6105801973918976	0.5983167549606733	0.7047076564195618	0.6823978865273264	0.4292912370844495	0.6104993506827932	0.6968008943403667	0.5910155116277249	0.40093743865879117	0.4597141247576396	0.37330961965492093	0.39038484601508616	0.34810376081632843	0.45365009711090676	0.5061771608447625	0.47139147337404463	0.7818000021500571	0.4618180843959032	0.6722871471593999	0.6939999690325128	0.7444205776619748	0.5158060928781281	0.546345912233341	0.547027297773391	0.5023801664577446	0.5121226181993824	0.2799478622183489	0.2652364559160819	0.2702454506544425	0.42253286287086633	0.2602755133677711	0.5338242457591794	0.39028596786148173	0.3940504968214992	0.3800730311686594	0.5690416368033754	0.524277262447455	0.7534225762649377	0.801589706693894
0.7977609093807654	0.7588813766731486	0.7615999557988289	0.737926440934018	0.6123651605100869	0.6321904310297557	0.6008328341867728	0.4770283820854587	0.728105037266821	0.48987574527391653	0.38653640513140275	0.5267022723602177	0.4528743341031871	0.6203413585293346	0.3355925886035982	0.30908939528564183	0.6918699350199448	0.5159557373270394	0.8620235611910384	0.6895841084288735	0.5689556732920089	0.6335981228335886	0.607268029202774	0.8179862991535942	0.7502183339525165	0.7419799345849334	0.41211688966424287	0.4909827480594903	0.5619198577262299	0.37266087181310315	0.591066421476836	0.5945741817324826	0.426303491392522	0.24840735606160236	0.4382908329404064	0.24340769173716448	0.4043750739227925	0.5554553530668562	0.41430794129377774	0.42750122559914516	0.3318194690492633	0.28614685962511355	0.4082899628506823	0.39242911527155483	0.35442424357578817	0.2878870521902165	0.2698398413724631	0.06708250070293542	0.008617324692437811	0.225657859566612	0.21395310050716354	0.20210016998783809	0.27067625762082703	0.2377951105870973	0.3503853605787221	0.36014354705399704	0.5461283931357515	0.5161062231815811	0.48735870540569337	0.5235339405994259	0.43688232848170483	0.6932472129844774	0.6611013492857563	0.6538540854665983	0.5971368689103596	0.6464642462358586	0.6892824366845722	0.5763550284415871	0.47292351260641746	0.49647570993964685	0.5897898148800943	0.4591292588086918	0.432319181958322	0.4685336181575479	0.4330427652832801	0.46386330324420266	0.6570438893464012	0.5314542842051984	0.7041763194557991	0.5601811293165936	0.5962082416350702	0.5832040324568601	0.5475452011311635	0.5103721986132634	0.6338575327412845	0.5028584536323546	0.46758233949866357	0.48043683575948115	0.4047293073766456	0.47477782776243593	0.4279831654205506	0.08144083513213107	0.3139681417890908	0.4624030607477766	0.4908634865323932	0.28993909273595764	0.451948122825255	0.778771226937514	0.6044208912702854	0.7124233801195733
0.6496583056951011	0.7990834856790373	0.7320354908905087	0.5852248575253911	0.6734797601303102	0.5424761759186618	0.505514617237357	0.496661348825744	0.4765527847154617	0.5782165561887391	0.6566545116612257	0.42307413093113644	0.28115654778184973	0.5231294531305081	0.4373382469135433	0.49391669530909255	0.4680599089542541	0.27262080511800246	0.480756543381733	0.5810539816638476	0.6721140143547137	0.5314313722480313	0.6162385693720884	0.7317571617481198	0.6396979108279705	0.5210930391322037	0.633240548074524	0.48717901589392126	0.37248219596152643	0.5308425046930412	0.6812205621948982	0.29061457968636184	0.5188066913439874	0.5255124397629872	0.4361606465571338	0.48657754952172916	0.3254567288866489	0.45287978219756175	0.4324011460970383	0.3841134158721874	0.42043822042950807	0.3933027913406373	0.4157038999533489	0.4167283202504867	0.36560709768808886	0.4262344595465115	0.1865287089107862	0.20215257710996015	0.17637168403296033	0.13965172467070386	0.17267162441471384	0.1878317056902009	0.28901253693222884	0.45922019560185023	0.22992429436046735	0.36152036343963134	0.4578067355118245	0.4756665517802889	0.5042773176489178	0.36768067660459675	0.5887065632739269	0.6018159798234655	0.705033090376895	0.6138788745735095	0.6064429905559164	0.65765979635127	0.5345780265510369	0.5522628085810942	0.47818872395118484	0.4692941278610551	0.42168321623856375	0.3810596638310916	0.5139123227265524	0.5775637449225738	0.4434301774997038	0.5701761648683691	0.4605399230912953	0.4518736583519465	0.5024286515092651	0.40378291589727133	0.5758346296010179	0.5314428227014684	0.5090612030718815	0.6357608276452661	0.5710415506677595	0.4761013470523636	0.5736591095164023	0.5337898126633691	0.41574922920457413	0.279604714824943	0.6298215117867292	0.1749146326710993	0.48765781098199124	0.3885370389315319	0.27319416317865775	0.34912116287748296	0.7263216111893633	0.8421530144048819	0.6276938010357276	0.7420792853343947
0.7171398855736344	0.4396716134144222	0.703579665177794	0.9075139194021976	0.5845729251825174	0.7769615232970342	0.5681749392192228	0.7253568790572951	0.6196937104666608	0.35835294591973377	0.3920828319617138	0.07105021634740005	0.32624014833059745	0.2654315842203153	0.5673185459248004	0.33899238321482206	0.26156856801705264	0.5275030099630974	0.5481202309361198	0.7109448787059526	0.4136858685088489	0.6046284240532376	0.8412420056131489	0.6661422132019832	0.8222190494714776	0.6326578662167882	0.4790113620844287	0.4899541715855471	0.5052826067224114	0.6116780751189907	0.7718839869589879	0.36140071325223466	0.42092837325189136	0.5978273441412866	0.40260387565270495	0.4196190008701898	0.5373989310883407	0.4284131906162181	0.47729552354804083	0.38785224586784894	0.37338403554360866	0.509881789617425	0.37872606990751934	0.5002316328216032	0.1752886488491946	0.26537999640323806	0.13113055290965214	0.07464174057279205	0.5004533389968169	0.1998031468667255	0.09915834761287856	0.1373658892460652	0.20837893195836366	0.3129481890603436	0.23825637774401032	0.3791457355453254	0.4342261030250636	0.42338426521636163	0.5577746653786326	0.5615753102290546	0.3495177774377688	0.46936731810059645	0.6678960557954787	0.8320138465336	0.5434713174899135	0.7433084359902205	0.6732144538330267	0.6529843359015681	0.5572169360488054	0.5201186475441599	0.36875744662233556	0.46372576294938495	0.31095597583335965	0.5183930413322622	0.5836137692148843	0.5083219181474977	0.6390549997241596	0.6665046618402056	0.670059045481372	0.48655649038032855	0.40296465256329295	0.4455855968683171	0.41488359386523754	0.583170935413122	0.649768954493961	0.38356907816390484	0.4101428160679592	0.39754691924336005	0.5143031910512298	0.48378893372341036	0.329095686952371	0.37710609064473555	0.44673455008224394	0.38765242032247194	0.42232711888531727	0.58668011345634	0.39851154317256077	0.8423950222680902	0.9033817741836825	0.9046166379242383
0.7930457179115248	0.6937522525180251	0.6955394748127492	0.8669716067809132	0.7564507132605682	0.561571140801898	0.5249636080022789	0.5100562916250614	0.40518867093311317	0.4644650081060484	0.497670482684458	0.30047112973493806	0.3019442029213776	0.24022382396466857	0.28069901499056404	0.4062016805112003	0.22342030822150138	0.4321633937799353	0.45337492375214616	0.3538265734208624	0.5305531446916678	0.6458917958159225	0.5590547833184247	0.7052673048502454	0.50713796427272	0.770251896958603	0.6290239189505189	0.5821588224421281	0.49432744352725355	0.6021374099580308	0.6331680954378627	0.4747553884011261	0.46301555137877826	0.7084548009688926	0.39890868551349956	0.4466415904188129	0.4076834083603217	0.5193852479424039	0.11897676333422846	0.2896266242055415	0.2698955279648244	0.31500248658256125	0.3368274722280141	0.20569338804144988	0.26287512470747154	0.33165787723374673	0.08795109970414228	0.366527869721881	0.08952242384423192	-0.061871602480798926	0.20026722531480434	0.09589251130154963	0.31465155463286454	0.07315518079562455	0.29681577661808045	0.3514510025349007	0.2703730422022852	0.14619105819637568	0.37293182274330283	0.4418498784884467	0.6827514199459619	0.6154773596166967	0.6624583851972079	0.8063076785201475	0.8375202088855355	0.697645265199528	0.6902818669361406	0.6842975022838105	0.6310616845179732	0.7327528200663986	0.4870898458142475	0.46019479479539555	0.7349578065818746	0.44932418615759995	0.4743181241469566	0.4567783180420949	0.41436143716141816	0.5636358464165969	0.5017417229223242	0.5493891523625378	0.64259520112283	0.7873917692985533	0.5971208272019208	0.45943682030907174	0.4484563755439521	0.5373440836848843	0.3244267964601063	0.39884714891611306	0.48996941603952526	0.3196366679217001	0.45320493124734496	0.4453039021367401	0.4849735302485517	0.29962671915805783	0.602774636661205	0.8096013846033587	0.7039883573581367	0.6595381983622566	0.7458682677090944	0.6230205025933189
0.6408072876264554	0.5911555827562764	0.530463272343384	0.4055852965436918	0.5614194315149352	0.5027016363600303	0.46800057191515587	0.5697162293467445	0.2934487323247401	0.4452950818696696	0.2905584469988456	0.5033410228537725	0.31790368351428	0.35351674831049706	0.5472069099664475	0.5973283357008962	0.37150960198778604	0.6195471621664643	0.40953531640255136	0.5070424649419878	0.7511219468649254	0.6129879355636259	0.5974490039819389	0.6830760456318759	0.8378776643747727	0.5344501545457623	0.7069865663606753	0.691846309743875	0.5897754073982961	0.4765789054743285	0.35907830920852746	0.5588886908169735	0.4544384412686937	0.5073075791175135	0.6474968132488845	0.3103269377971851	0.24888078259073876	0.2508741949828338	0.4068490680003022	0.4955041892443486	0.2867086634295809	0.39966697357479986	0.3314712180872794	0.1466119406664278	0.3890338632807103	0.09976021149560477	0.18693313892818175	0.047557007127355666	0.07408739226589522	0.06031484025993361	-0.04412613407588617	0.08546185232241998	0.32994356470446484	0.1638038557688446	0.09966985991795463	0.2620329225057799	0.1076645178430562	0.46319910554296373	0.4803085220925023	0.47683539370459993	0.3870547104331599	0.46025836973013134	0.6972311227080851	0.7099005255639275	0.5374991850784047	0.9279320369823135	0.8735860849479179	0.5125734529965045	0.6714146040036728	0.5694530055713145	0.4889875380530918	0.5003615188802504	0.570045541223509	0.6506819839559083	0.4981030077630392	0.4964371493677917	0.618323726812094	0.46629832598897225	0.5435428160679592	0.5519971776252073	0.3871343226262164	0.5271320811168164	0.29893671430626256	0.44166380895760426	0.7433059051564866	0.5795694756744388	0.3299854113634012	0.5640076343189763	0.4426627754302158	0.27400923759479634	0.1617982332198471	0.35435926630389036	0.39794738078892444	0.40543002511233217	0.46538274142598124	0.5517198400590949	0.6658066538096594	0.719459237619797	0.6912729075153825	0.4418567730711531
0.7851612119221161	0.6732878074768982	0.7292016959949439	0.7233109645738947	0.723161050701177	0.6094623028510257	0.5693449140402222	0.4010999623990037	0.5533884854281973	0.5521405789753429	0.25163556152571387	0.48240995311375756	0.4731111147278738	0.30874937717516193	0.40077449974090995	0.5058667174013446	0.4830548230528109	0.5140049489311467	0.4097115409558355	0.6089666577830979	0.7135281590462148	0.4823121659390641	0.7264262863465882	0.5603228103544744	0.6137160946598419	0.8409045470204961	0.5404187314630505	0.7803828076944039	0.29522164210684926	0.5850748773842509	0.5344286117582118	0.6017013448523052	0.5547047810933659	0.35660054983123723	0.5679455478403511	0.3229955102976897	0.5928401306801299	0.4993084646743139	0.4134120510860205	0.3062249568780241	0.18240169597827693	0.17447245256999322	0.2088246962877851	0.19701806009525935	0.13552766434977204	0.24783591928519444	0.06227540296484535	0.0033268428280016638	0.07701206211964629	0.1427715515461161	0.040515465243162296	0.2328282782827079	0.14647191372238044	0.2654551785955662	0.11516123177264204	0.16218191548742722	0.3055344639632951	0.42011911128978263	0.37287774827699605	0.4137434366344042	0.5139693453876528	0.6538918488173271	0.6350447241351898	0.7617686563860611	0.57596513622611	0.6439759065115226	0.6674279956418845	0.6261609182143328	0.7933713307402646	0.5170142241602738	0.520020995056369	0.750990731371048	0.8714440814848261	0.5967555164878537	0.40377754510494546	0.42869237881470534	0.4274460469369106	0.32027086916136627	0.3427990878758289	0.4020670111091278	0.439733501104446	0.64152241722739	0.39783514634804507	0.4419160438418286	0.5803517202705873	0.2773383617665869	0.4653040655744045	0.6796910316956734	0.3822136344946475	0.23301656280558114	0.519839448278713	0.39783138768177373	0.4249817918174833	0.28546686535526533	0.7507786470841478	0.5190381055931316	0.4930290711037177	0.43954036698639193	0.6265355107577018	0.6972525859768619
0.6954638619756759	0.5612803276786836	0.5505318823782165	0.5087004018773165	0.5932140607226093	0.5126757143564306	0.5967317388244123	0.45659112886491515	0.567086310170553	0.49331581416907566	0.6021364095481865	0.5235757165564888	0.39117842624496224	0.4698294928982285	0.3754735567659211	0.6047571308139668	0.6946115762901052	0.5505177487203412	0.589796095529865	0.4841428293349775	0.6106827635265669	0.6638174528124997	0.5471222803404291	0.8920810321640191	0.8026519080088957	0.5989445783813272	0.7780764895103054	0.4165116668425048	0.4536199924464666	0.5107066096418224	0.3357202596535476	0.555634996194066	0.5711382601805615	0.4369508832984076	0.5949818426188295	0.7627067708460943	0.43639444806954064	0.2603976767217666	0.336137058815392	0.41452693338040136	0.07575918460172537	0.2886761229005903	0.20077265132526023	0.13162255636441045	0.04565939660734353	-0.05877181888653371	0.18362375109607076	0.20302833128411246	0.20433086430123737	0.1002791991821117	0.062263506416253445	0.14320367911416332	0.2702998674464874	0.10763256917975006	0.22965136472783204	0.12656105290123532	0.38718186470274807	0.23236429702053774	0.24242858084072577	0.32331265840211443	0.4039052205716786	0.4608207035486441	0.5881549732401243	0.8560758071255556	0.6942763901410056	0.6472166070067524	0.8151837330189251	0.6298960646290461	0.5492268561116871	0.6607786669846752	0.4877856189689028	0.37896586497875534	0.6280904398633231	0.41820597362496786	0.4850553221493704	0.5728912326676656	0.3449878427945009	0.37978535394521296	0.7140805396676347	0.5247316394384453	0.5816355085243093	0.5963058631887079	0.5232891413122449	0.360963261276424	0.47485780436514924	0.5420629543182897	0.5365789120911705	0.36570826591904704	0.44288647800833403	0.4281862880866344	0.5283173048252446	0.30190932373041235	0.48075880917511005	0.3158602821641442	0.530778660334499	0.558229166056234	0.6490826111391954	0.7119336027071385	0.7025118832649067	0.607124744889073
0.6146436044721854	0.4184660526837295	0.7571988648365849	0.5668263349145419	0.4867858927928258	0.5842497305178589	0.46590200956992045	0.553524744872406	0.653522794870731	0.6282307097138076	0.4479765115775569	0.4758290777205597	0.6325066295090155	0.6126593325723132	0.3435260345732496	0.6410201580675223	0.4736487389582491	0.561735318619277	0.6497113311669427	0.827039366593215	0.7918480278727388	0.48894021903247115	0.7541497813358721	0.6747597566002166	0.5612514354130385	0.5955276930838668	0.5930062761829856	0.5063576674615212	0.6641925179517258	0.6113503378339527	0.5134158340529358	0.5213304955081312	0.5580743341198542	0.4185968044153171	0.5718734860973816	0.5227758291928071	0.568642752032929	0.25355410753384977	0.17555406778279636	0.36532460353532714	0.18252133733210607	0.2975615762817716	0.16756409163176167	0.276653506851265	0.15683493655915226	0.38466913999887675	0.13646077464386153	0.34191208863701567	0.3580603219318646	0.270994450286266	0.1888660858179409	0.30932887014839233	0.21498113153331905	0.14760141773757018	0.26974668958727416	0.3892740801631244	0.37765090759905146	0.4394303475542103	0.4879280927944592	0.3944556467913067	0.5277040920917739	0.4920813258718024	0.7772524137222971	0.5145248950597192	0.6277293162435473	0.5577711430186234	0.4321467138879181	0.6099490746504783	0.6226928867614991	0.7162862417354061	0.8055833862930702	0.5129801289234166	0.592455909581604	0.4809649749885039	0.4533632458260145	0.6228889469904286	0.5755358419998132	0.5365015281404959	0.4027954661298526	0.5165363256292959	0.34502747442807247	0.5811079854449478	0.34656652967970325	0.38361504564870985	0.315442913237201	0.19263889839747428	0.40921438093109486	0.4869566007999213	0.7535654740850634	0.4135644228905401	0.26698893594013584	0.4992202662703895	0.25892187176293513	0.3198444348108559	0.4700385450547775	0.412366068134139	0.582623832814903	0.8203874475006923	0.7180293228603891	0.6241874475006923
0.5436185834924627	0.6862885008952738	0.5729483635316337	0.3629709133292033	0.434499361716419	0.3373035620610615	0.2674892495317793	0.699816375100607	0.5076874364503994	0.4159245682010574	0.4256913673712355	0.506725813734064	0.4876639966792454	0.5943687579554193	0.6098771718950553	0.5535835519141259	0.5582874872517456	0.3931424759922806	0.78855541270177	0.6629536040371738	0.6560684509972848	0.7936340112679654	0.6715768936543487	0.7647292080406799	0.6214766198137585	0.6424136146441215	0.630673543532237	0.7492961816654808	0.4722286581427742	0.32323959846602607	0.4876922418944103	0.547184490472331	0.5910701293584282	0.35162167080760987	0.35465024728155303	0.3213926570720792	0.5991114526201612	0.18071251926509402	0.27238947478774866	0.22042879504640223	0.1458716663824926	0.16524916075276008	0.062124153023388584	-0.060865085524766216	0.08648173219923672	0.3175117176271839	0.070860132010165	0.061589552089797106	0.1770226535503192	0.19592146765222623	0.09922856319025791	0.09091004148276605	0.12304520556461418	0.22902271318523282	0.2704536415881688	0.39024914531901767	0.3101143301630827	0.34083038068842164	0.40054647538159777	0.45292804200978004	0.49046936527151314	0.6083690649302207	0.5525728412636268	0.5612557086262786	0.4139469590110806	0.36190307181473647	0.5140411487571088	0.6509059184235049	0.44975977205062617	0.42677196674045204	0.3951823350985469	0.6159988449693917	0.6005476458126141	0.6008007353361531	0.5530131287812462	0.3090259462375754	0.5264643124709472	0.5068803409123677	0.5892663243075943	0.5036411575740093	0.5336875888211038	0.42610968368995117	0.37558539147954106	0.4124539904807478	0.432994251514332	0.538393494044259	0.5254985026603206	0.34386895449396093	0.40714789976934407	0.3664793051849209	0.44754157275167805	0.6816080362462941	0.4057324786273504	0.842773965310081	0.6119973277958535	0.7181117949125654	0.5727689589107445	0.4922323262566459	0.5010368136922296	0.43643932904221977
0.518657033644725	0.6166650412402596	0.6057247581227571	0.38666160278247375	0.5416309305529932	0.48290589632291925	0.4700742259003199	0.7294975000504181	0.6240891700296725	0.3318493948422967	0.6051414004971132	0.5401154497927529	0.8276037188652167	0.6515980101972705	0.5260049025632514	0.599304588971608	0.7020648182010157	0.6305417428061846	0.6992522569181419	0.5233687756225541	0.5554238747826818	0.5515919062355155	0.6553948058456882	0.7201495737470376	0.5122119870676574	0.7458219844159206	0.5822445916316783	0.5021064131032806	0.6349740183281526	0.44596451344293964	0.4296535444022601	0.6378593016548272	0.46969015055565655	0.3955415197502735	0.49802505846404943	0.6175425488608782	0.39617936701989287	0.44421719662237724	0.39275820629246694	0.2327630713547244	0.07429994251514338	0.25025101800197713	0.20392484645843123	0.06774454744717417	0.03461394588623268	0.1675861600165739	0.008624400379943442	0.14017345961334648	0.24589968195823864	0.09812784547123837	0.11297400067768465	0.2639263371479345	0.1805057108513376	0.32579547057997044	0.3873455567072528	0.31795385581051233	0.33105365705524537	0.255119237193119	0.45451653633821304	0.3125750231547803	0.46153873279308577	0.44784816920981746	0.5405947417939909	0.3704084845581742	0.5046105714801443	0.39097711006008334	0.59799132100334	0.6601478092336115	0.5789374276251655	0.49733065009556093	0.35263504477868673	0.35939176709849485	0.346520392157059	0.6174669294069628	0.43740561364876185	0.4469875203692899	0.4925726292413417	0.5352163353495536	0.5211374298252238	0.4814431340763866	0.6885457090446231	0.5293971665749144	0.43304954721300115	0.24590401918984206	0.22313777653441158	0.4223561591215502	0.5490588511428888	0.4977984319917811	0.5582065720908271	0.7016923655643542	0.28901719662237724	0.3845604654690017	0.35666818155681135	0.47912166859088445	0.31537997431931963	0.40894755967699814	0.4838501810297975	0.6800837440358838	0.7443151936192977	0.585563696337953
0.47704896641427674	0.44621531948929993	0.421825484675344	0.5867050792179327	0.35983689097761107	0.5835993528828516	0.4166197141724257	0.5679595688619083	0.49846447147516093	0.5147872111944302	0.3199293559779336	0.40447150959500433	0.486986807067054	0.6153063888026368	0.5777549754401827	0.438321218095613	0.5692996951919227	0.5268394085443266	0.547077269064297	0.6125942161967293	0.8146197539401461	0.7768607039919893	0.740921975582353	0.5562038867196648	0.7192202022520264	0.6153514663305245	0.4432053641254827	0.6939544034750256	0.4831009981431175	0.49853309477701174	0.5590783533763647	0.3999406606941752	0.39451019825358713	0.33437275732806926	0.5340939313058465	0.2960815113600511	0.1990316063209009	0.22279705395526328	0.32473836396664524	0.21570621653140476	0.16807923671643976	0.11023409295346331	0.18104375242610604	0.1747202773206824	0.09389314955179656	0.13731302279510416	0.10104998009113914	0.1310160306248116	0.15396869393705606	0.1722630250201631	0.13390496221483206	0.15460107104504942	0.21917403822867976	0.2809079369103281	0.18325182410667218	0.3228870765241946	0.6048489200797156	0.4829914204059742	0.36922580271710537	0.5571852855100661	0.5381918090662736	0.3272760301647994	0.6677996996087063	0.3737444546947162	0.5845902388913308	0.3953230466274025	0.5032150390318677	0.5791446357828484	0.534626012489331	0.4844420674314537	0.41100085900609706	0.5526597433331984	0.5899705003682598	0.4969799367849915	0.48590661184188055	0.5005216133894216	0.5613501766130137	0.6294152024528652	0.41013738565738667	0.4519154122417579	0.5316061988642701	0.42211586495375486	0.41358707647419335	0.38932119157824374	0.3378072235580911	0.43611431467933914	0.5125041759939972	0.31771665777476454	0.6193669161566117	0.5803608718131033	0.4184815422775372	0.4840084602575303	0.4615825780049838	0.24091775092039958	0.43375110633765146	0.3346017931475185	0.5784232277155346	0.4804003731598887	0.4415437038414852	0.6032820259070201
0.425956382160794	0.3724517754720502	0.5210283732352241	0.34700566443344094	0.5923882425050931	0.4134360252880036	0.42660247553226827	0.6258544895773074	0.5283638663757925	0.6732818779530991	0.5439445695310927	0.48318430496741505	0.4581577049958491	0.4654959718599211	0.43374182672507505	0.5955683560281015	0.4399948367465072	0.605940157180832	0.5839240139030352	0.6169885715638131	0.7895565985998629	0.5482097035904786	0.618677324282427	0.8615160151577352	0.6736435603210154	0.619574537308572	0.759018579092346	0.5344695816939149	0.5540746190107372	0.7135794884897784	0.4538873989160713	0.5088447682863598	0.3743348570570455	0.277281994989534	0.31763269946653594	0.2485143544303925	0.2683183074351472	0.2496569872601625	0.3227214875027523	0.2815881674197701	0.12039462694094738	0.07223173219090318	0.14144740950635204	0.09183931137508483	0.011539538847779529	0.23294195482846963	0.06797665294796984	0.0851575548585371	0.09120632258421518	0.1258692570853128	0.24829640473805892	0.18150888651882613	0.4047906254015732	0.2183634865823945	0.39702374231250465	0.3467835740313785	0.28198086434290515	0.5245045514539469	0.4248053045072362	0.3868847775799393	0.32573247864401744	0.18933677835795992	0.23567921243246281	0.2521733999617657	0.38901050079493793	0.30027310403725704	0.35520680396363846	0.43521606592574713	0.3325722493979425	0.3707285477065143	0.5481103307570986	0.4103821208762033	0.5747845390569518	0.6046841724639036	0.44462847925470034	0.5575010577613642	0.4673719733572941	0.5578160858096075	0.5697845213898171	0.5703147740248452	0.47997857199882465	0.38360526913963233	0.43561336948762486	0.4898035753114125	0.5480658958795742	0.5331872200279976	0.3657435492540554	0.606384274049929	0.46666692940696275	0.6143480455232065	0.4930562121229546	0.4114830726847596	0.6013743584038312	0.26302204401749996	0.5449158274194267	0.5332063910026951	0.33771257668328214	0.3026351264808518	0.5606677663791426	0.6670902852592262
0.4204024181140801	0.40613520818301707	0.43571651863774397	0.3797352037662334	0.4724332140135049	0.4568412304426068	0.41084028525089267	0.5377342409073842	0.414509005721985	0.5515181705148522	0.6614091757764916	0.7872672209146876	0.7666929839140739	0.43712218757130405	0.5607659466809205	0.4228273132238005	0.4408961463145441	0.34103254046232234	0.501651477347483	0.5372185194407653	0.3436823858832261	0.6732143389799832	0.5324895896407922	0.7127493529078521	0.7247022856439029	0.7936980852992606	0.5280626517936059	0.650749277822529	0.8315612649235207	0.5880604875695874	0.6968550019408848	0.4108056688668918	0.41486833172745763	0.3247068878825291	0.3200714897111441	0.2692035708946289	0.2753204826927915	0.22207113636844722	0.16650857287718135	0.2127698444675451	0.08398012890674944	0.048826407783139736	0.054888054800118935	0.028250505671733706	-0.026558963862542306	0.0951125192984281	0.06016399229579589	0.08732359655864216	0.09134924913843552	0.03755187049123469	0.1745020449541913	0.15725812684036128	0.14607065278896558	0.2834208979204616	0.28577043636656374	0.3895320811668176	0.25140191906752196	0.2892503489009126	0.47615491362187773	0.4874669250068461	0.2514014376047633	0.07854914308562522	0.23787383500662784	0.22102407350461462	0.1448926990065238	0.3096872376784654	0.23837750975400862	0.1287596947319105	0.37794843640023146	0.40377145437687445	0.5326781612379395	0.4984738924414831	0.47956390834357115	0.6062492910562131	0.6484579435021696	0.594516244813821	0.37888546658153116	0.6434856830039329	0.533939969475858	0.7464417428061845	0.5049241817408162	0.7433479483539648	0.43500601999286326	0.3470684907316711	0.49973873497647703	0.3797472681692733	0.4454558764473926	0.33831217917274825	0.34500615249637456	0.47623246537699937	0.42321738432735156	0.4290756017201124	0.5642823571657982	0.6354452165815729	0.34537182096992247	0.44292444453111346	0.3903081820001564	0.4303453667522191	0.477075407381629	0.41823170127341713
0.5048620775783894	0.47566236466933065	0.45291223879099485	0.402587173643435	0.5511700277557358	0.5072930987337833	0.3730489067793632	0.3105286559093817	0.7230633186946123	0.3718530519225427	0.38061248393082425	0.5372235368903944	0.5904278211539273	0.3739232144651834	0.49481221009023413	0.4883161586782051	0.3570733292932263	0.4218958614236612	0.36671704423500573	0.39797419939961753	0.5115876617063687	0.3960661498529713	0.5955558941311945	0.8641511262381788	0.514516766010966	0.630708475741274	0.7317289960350616	0.7212350977967583	0.5364407799640025	0.8213544653099976	0.7053965283746687	0.4638954639297942	0.32685623420687326	0.16843157760347327	0.16764641573001704	0.38074440831015366	0.18871495731303556	0.08225782423234229	0.0439663441747874	0.1071571153468901	-0.0598115499060724	0.08400550544589436	0.07529023669127238	0.10073802169090823	0.15063180289277672	0.07752166200737656	0.14171320169984508	0.1046771123101429	0.07767755398851404	0.04199255995283876	0.09752813921235581	0.13904884942784318	0.07426944922373777	0.19070253521718328	0.1426335475390098	0.38351184354718737	0.36112510046516244	0.26465046373728907	0.23710458015470748	0.22331566843188017	0.15612114962713186	0.0702655756544216	0.21016984445087805	-0.05202958800074864	0.14923307707654265	0.27373399576755475	0.18222009841594156	0.42470209788892765	0.3753116778594635	0.18282953484934028	0.4082619340412522	0.3982757717746188	0.25587010285772577	0.6492976303538712	0.6373435205532949	0.6816399738926415	0.5181240912050837	0.4241353870877579	0.5041333266664901	0.3925451415129169	0.6264840333435504	0.44683133028025257	0.6476763680404198	0.4820979726462752	0.45630336330579446	0.4222516275181293	0.5044894173695605	0.43030433058142714	0.31865832996241084	0.4466889094394335	0.4586364890502934	0.5775884810114136	0.6621755708026265	0.5393594098576948	0.3000739123086763	0.5227723995685887	0.5677143676807437	0.4241615674482042	0.3085881365022841	0.5576112163138992
0.48500552309636213	0.36957834452613014	0.4633753102123874	0.5032352744347726	0.35752887233178354	0.5059563424097405	0.5343457532124604	0.37489596742647024	0.5036403846368597	0.3952611125194818	0.48013453904861825	0.5160106001809049	0.4726421115992908	0.5204806721711459	0.5097858375746959	0.531074568192724	0.339492383214822	0.19884016158094875	0.26960917575982446	0.3381363918810516	0.4554347289703179	0.6184328121028542	0.6965349189086845	0.6352758336262578	0.6987920365389684	0.8302085861608666	0.6030189059343407	0.7027413762298035	0.5406264762682877	0.7012000949191821	0.5758412525431926	0.31457391452540173	0.46924594093410155	0.32496395029468284	0.47884649964890746	0.5158291903402109	0.040264447174516826	0.14284938379200396	0.12671647446990686	0.10857388580797411	0.12568124635302846	0.16125638659424485	0.04368721562788086	-0.03813805047500418	0.09713082900030184	0.039312053336080094	0.08585161873456314	0.062240347152532884	0.10123659731982898	0.03149950973700803	0.06907447992371799	0.05604942360972567	0.11278447285519734	0.09568218717796023	0.20025695860940315	0.4157372532038766	0.34540658317445416	0.30710664720948444	0.28668373743570874	0.2687074841649972	0.11678729069653693	0.07896310447226862	0.006754410058533389	-0.04081411607407581	0.05158350549622914	0.25755369895635594	0.17799831050522852	0.3817286625262237	0.35730079273767446	0.3618417118720314	0.5081205003599262	0.6058345942667481	0.7416729097154409	0.6338544542597047	0.6935826928580275	0.780499653240811	0.5956465681340557	0.7350197164058183	0.5249324411096894	0.5179338213462658	0.5907937193168954	0.7264432842636996	0.5109694469736783	0.678524353995381	0.4851108696047113	0.3970023143279964	0.4254043438317784	0.5948147033563057	0.3111305727935124	0.5273910184453223	0.5150957576375775	0.35301232934339444	0.2848347333871015	0.429975804892163	0.38742027068717333	0.4625265491202185	0.5785340576191937	0.43004190179373103	0.5465500021417234	0.527398549028216
0.6062578198155587	0.3903707211907784	0.3789547545843299	0.6471029702120442	0.5493753941312779	0.2634145907199875	0.314287403316188	0.49014729245325017	0.26876419983462907	0.4900664634279476	0.4224799743193197	0.16705951586050383	0.34001137090132905	0.387598275187626	0.3163618876566897	0.38784666968674686	0.3859349321257015	0.4053996487906931	0.44532147645245945	0.3697024401979987	0.5164743098192103	0.41649509733674617	0.6292349144919009	0.5139719866243123	0.6882599111876466	0.7401208029346112	0.6683210944423361	0.842958442615396	0.8183599288547814	0.5525232498161202	0.5245965283746687	0.6580681219385647	0.5657255310599065	0.33872538972282784	0.20870460662207557	0.0881978865106593	0.09439545949634343	0.23235252632528103	0.21011419542617893	0.1775693122534414	0.18669728142795788	0.027634618567392133	0.021975409615021535	0.006123070944713427	0.10102069914852749	0.010253796192265768	0.03471014530218386	0.0031279669577910577	0.030922311291249224	0.010945673777021759	0.017983163287160445	0.021143396933352068	0.07638071418892602	0.05280125214984864	0.18904024556650753	0.28600190803389625	0.22128625721914966	0.2752734905474996	0.29434791083630385	0.31300148840610953	0.08521812634701498	0.129294531971764	0.04305796113597027	-0.037858365446684195	0.03307247903736121	0.13826245960517958	0.046624429047369964	0.33469272550722595	0.19818793553029168	0.5318227175686824	0.3685719888077036	0.3372406253599055	0.5674898833485755	0.5039992910645467	0.6087916235613577	0.6251738173728272	0.6442311845430572	0.6337683251272827	0.7625770040739415	0.471597665704808	0.7056226115992075	0.5155240095029185	0.5839518395404146	0.4891253080206627	0.3883619009237079	0.3906508567977053	0.43570525368922286	0.48259592547535857	0.43775540826831927	0.45984324891276307	0.48612326746658807	0.6410484872015775	0.638822565197978	0.4731913541208844	0.3941519896943937	0.3870572434336178	0.5553734132121169	0.4884310961740487	0.5299040324401932	0.31814623905866857
0.6583211871614599	0.41931105730968543	0.43328534289492004	0.5292300118619812	0.42067591089497225	0.6280364272153214	0.41682771735117663	0.3593625678413812	0.5723954859970458	0.3140085154589931	0.3996779580658889	0.3957799080675639	0.32553380586252223	0.40546487560253697	0.3744053861760671	0.5613189169346323	0.4599019698021998	0.3741787530702899	0.18277158466366028	0.5481609402649171	0.4945185503582512	0.5716846318094096	0.6031683538280432	0.6043050196163533	0.6677355703926156	0.707958380780424	0.9802890706770397	0.6151731835726981	0.6560521995166206	0.7558346826190896	0.7104349586597378	0.5714896801765248	0.5036410184536557	0.47384004676123936	0.21271782600572264	0.19419399534087667	0.1361583100785505	0.1840362858782425	0.18752711005174982	0.30828243005106315	0.24126721871462936	0.10524567594374584	0.10967597496333659	0.024956841539634178	0.015270829443646966	0.013466149886305345	0.027951327226838185	0.03431953535102014	0.015207941343778947	-0.0011083918557175095	0.007133271498361373	-0.0021794267048076757	0.0880120975205843	0.07057832250887983	0.11392347510542365	0.11135581466242189	0.2841065920080216	0.2694668322710553	0.27928930476657643	0.28499036036121633	0.16825139342859263	0.030575961679651376	-0.07898689995284869	0.28256908696413807	-0.19507809735291304	-0.06997900057684847	0.11596166680083708	0.15092126223011593	0.19185377625840427	0.2968752903285272	0.3538027140385889	0.19248729511332063	0.4358064064697716	0.4447912128004727	0.7933707366745221	0.8160554900038185	0.6851124199124612	0.774552190683053	0.7248566516179346	0.6211668653885996	0.5862620908620746	0.9770828054943457	0.5513519057921703	0.43706984006742855	0.5197670067090112	0.5879869307369978	0.46382225823984347	0.5031232586330204	0.3046856542865054	0.5994229847924304	0.42862145880199165	0.5331257739830106	0.3525150257815166	0.3434918576342274	0.5401270879678313	0.41321166682583765	0.4037841216625576	0.42540016777111267	0.5254024755322683	0.4916958923411472
0.36664882066041427	0.3803472549189221	0.42781126931530356	0.7259800361542915	0.6001643698891356	0.39501635301668836	0.4163937193002283	0.3707852876934573	0.4890305462928103	0.3461303342871921	0.36762758926444894	0.3704794575556254	0.44988759765467123	0.4050544674933886	0.49951021370399673	0.2537199548788044	0.48061404082208203	0.47155999285647754	0.25356300730302705	0.3004770437916606	0.4441332824819859	0.5626242347422209	0.6938363653970165	0.7449413784298617	0.7602901461555399	0.5487466873872159	0.7692056335492892	0.5960243363449131	0.6370664192934448	0.563303255119594	0.503546117622117	0.4215717679851851	0.4054125700664402	0.3083735655994885	0.402204043490486	0.12570009710257335	0.16116075917678496	0.19176593563062772	0.2606691223317419	0.13434904371632517	0.18865691219150654	0.16829375465116503	0.13449921377916524	-0.018295799688691716	0.0671769356221274	-0.021356457329452544	0.013826204661090219	0.01295480101889368	-0.008785864142066429	0.0036582703941654454	0.002624919393697267	0.006987213461156721	0.054495282891663305	0.03786977164894871	0.07920219070805377	0.24020350469287438	0.2026458725156217	0.271233313432806	0.2354037012147489	0.045424042620462846	0.17492308196167217	0.23228691305319604	0.027426147176233595	0.10995162086795318	0.03807903131099655	-0.10535994885531119	0.12624689934283273	-0.09055840739779597	0.37266402536333887	0.40763074503141017	0.28422008738231574	0.5283137139967545	0.41443263543150577	0.33463674082363193	0.39007137710816014	0.7099511792395832	0.7289541539350793	0.7332072810096135	0.8327387173426762	0.7661969877368419	0.8681378560698525	0.8015535046678737	0.8408791726980765	0.5214767545173282	0.6546405922423613	0.6477589726127744	0.5383290578533665	0.4889780442015048	0.39603949466327537	0.4706043394149946	0.6771781060364768	0.8055403471025315	0.43194383634499667	0.57329436415065	0.427110277755694	0.4942286095414864	0.43017365171843736	0.309262771013432	0.305579554724867	0.3795150853997632
0.6601355725760067	0.6243528377168663	0.4753709928313101	0.37377662199714967	0.5660485313694147	0.5273822975475517	0.4543301156647319	0.49786290131688515	0.4248618810398477	0.4362185282743327	0.6493694425402273	0.4731921756259875	0.37266275996313913	0.46062927645915974	0.38677568783906113	0.2481025219001638	0.18368785602818483	0.1548399628256817	0.2062505917740155	0.4798915506594259	0.6057296055178796	0.420795841556468	0.5618429331210611	0.4531839538414436	0.4753886797833477	0.4986604566521013	0.8141944878372611	0.5328823284817049	0.6378763194724661	0.6025472129844774	0.6723385296210349	0.6561478070335532	0.36304957153031225	0.3861833752427774	0.35167538751443594	0.38945406336601274	0.324591756048202	0.33319202547200844	0.13606313540642168	0.10171641706838569	0.1986908992088291	0.2197627864971755	0.14377787196360708	0.06703169688996763	0.048766788103218106	0.027507883908923614	0.04985936573985879	0.021560461102219222	0.039224225958654574	0.0019370919996046579	0.03020385141872927	0.023587019122673424	0.043028148045923226	0.08806099994983202	0.14671644140236384	0.10664063202674873	0.17031034625750918	0.3795560840695612	0.10003254269571482	0.27096804465318336	0.17562419940795104	0.17037235540075157	0.305067658159608	0.04188914351230322	0.17808789356251287	0.38502557299435103	0.06819495154954958	0.17065420688648258	0.2187661785370647	0.2625539573465365	0.26564104935447475	0.40641791434139685	0.4764486462057913	0.6041822246789541	0.634137827352425	0.5030890353427699	0.7285188529329363	0.5916877346083006	0.831861633733294	0.7257410162702647	0.7705863720388593	0.9121706417220057	0.7114173335593394	0.4492916500620601	0.5633034339910009	0.7933908108731549	0.580898275204293	0.5001133584539991	0.4879960756460048	0.6073060553271329	0.3664129300259792	0.4939007265025859	0.6562165517719555	0.6547649396542342	0.6683904795977095	0.46026466359691875	0.7168780199008608	0.43237644532580133	0.41285363493799265	0.5984228390385679
0.5128565279313236	0.6148291506058243	0.4900350491954704	0.5493999778660802	0.4142355438752461	0.7905589593624234	0.44193145836698017	0.5875970385048538	0.738681741032804	0.45687956577515987	0.4523029967127462	0.3979518417238058	0.2842880106156147	0.5314816526804628	0.392831557719613	0.2854118898650815	0.2934280684771482	0.41788345692827533	0.4975650986417808	0.39461334077019716	0.441264341171708	0.4175215405041568	0.4731102689221266	0.4109866259789219	0.5369295127820888	0.450429402362496	0.4118311028242249	0.5466446048820295	0.5440704385499551	0.6547427476328125	0.49418640515640344	0.5186524799740527	0.5259164192851111	0.5011867209481052	0.32127314380497757	0.4665620201768681	0.267120100649334	0.3526769289719512	0.39638288497978535	0.40862173927609097	0.19628127728718153	0.22704824871192425	0.26042231125791504	0.10738188902005907	0.16708740556624757	0.01657400289441005	0.02818979946301914	0.041018139647367335	0.0242087694823913	0.03445299235429739	0.019773985243942305	0.016613248084407582	0.040573362477439	0.044183214071839574	0.10176715691299157	0.050003621729309194	0.301722161103936	0.43091194069976196	0.3093595445945985	0.15852665955647827	0.4505758711605859	0.2712529923042961	0.26550266545396795	0.19214647976504728	0.20150655882380897	0.04015777784777974	0.24888121320214995	0.1443332051632703	0.22151771998624648	0.30134534465163343	0.08424730128681757	0.48918448383882174	0.5067903051430864	0.3817089350701127	0.410578753103624	0.7447305882772561	0.8555274435439206	0.6982238438818629	0.8561258115506729	0.9229903647946671	0.8657167395102637	0.8217850690876642	0.42490029809123286	0.6177039021700743	0.5724973719803577	0.5199968773005819	0.5228548341031038	0.6071963715705133	0.600841038320849	0.4484561237872805	0.4755524578734671	0.6892629189840198	0.5020600458745491	0.6049972659608813	0.5292276510994209	0.37690259920221236	0.44217778581132405	0.5222013514691474	0.26153118230966466	0.40883698153001063
0.680336126890696	0.6683333862847367	0.5706409720857604	0.6446957002360563	0.9427081245986353	0.6736563269759983	0.7101766087634656	0.7387647342821253	0.6155533853980465	0.515240925701198	0.5164933262064778	0.6680971422909375	0.2839045801213733	0.4595042267786764	0.3709179121246715	0.362559796317936	0.48388966690950663	0.3081405414243479	0.40546042128449744	0.5221132303506045	0.38647261377426523	0.5006349829270478	0.4941278410211205	0.6047201867682828	0.5315679143497303	0.5595730068846825	0.4744034339910008	0.5374322644383409	0.47610580580385387	0.680109767642176	0.5659890265092027	0.8253572677509289	0.43760027600731427	0.4382999624156707	0.6159657987269997	0.47695854418475436	0.3432917715152786	0.24788232626497947	0.40913179845932596	0.30926359255186936	0.21651465920513568	0.09922394766794662	0.10827070797376132	0.1058606046226892	0.14373704559837502	0.11898835517474549	0.07021447151682858	0.0158733205096602	0.015714040888750225	0.04127908881252021	0.0318958195225507	0.033935113280501944	-0.027692361214238834	0.0656112031135492	0.18702244819487718	0.014081400973792513	0.13934920495393133	0.27048364468325087	0.23244885822807648	0.35562303339371837	0.32811955076809546	0.30880141110406106	0.17018981046331072	0.23157334696036125	0.33186199807628247	0.05188211202596871	0.269023249782786	0.3057359347356039	0.16174334164855386	0.23929971062566513	0.4433513735447323	0.4551179055078295	0.5583368181090134	0.6411173622601	0.6072891656295558	0.6274067001942218	0.5823205688450745	0.7044945518889585	0.8134463097605421	0.8166752395771822	0.5684248663589586	0.7768723708844952	0.4139026323530907	0.5558230068930161	0.5545782142560112	0.44122571436476404	0.7738188219987832	0.6502654873354146	0.36711750358051165	0.6469738460569207	0.4870538336932596	0.520387197944079	0.308114164508693	0.6725030011295301	0.606951433179646	0.40197833349250434	0.2564154210753252	0.42876428597024496	0.4571386753582305	0.8106022502929662
0.4199011527305475	0.6649411355067577	0.537404701607926	0.7491696479456706	0.7964048252778699	0.8236997702939128	0.6392196678211973	0.807703447241352	0.9325253345213651	0.37629729026152536	0.4340777482769961	0.3231913320369657	0.44822438711292534	0.29684478815355286	0.5657196125864005	0.4729234772554807	0.15658398915904614	0.39419964217385095	0.4246758291761399	0.27686506772429487	0.1988483370142644	0.3009883772086628	0.5731249546612985	0.3947027317057237	0.4048624684720813	0.43224899513170445	0.5446673865524104	0.6024276312488948	0.6040005277639859	0.6259632193419793	0.5667243981798852	0.7792993021148396	0.43393237927471745	0.5533918399837596	0.5916830771182104	0.3663635130497626	0.47339705838871404	0.3882726690090622	0.5040365906529857	0.3426429927559748	0.16036851283225678	0.3528051697869995	0.0729539021784078	0.03727019121006714	0.05474633626124431	0.18989164124515973	0.03176363011953154	0.06664960026440706	0.09775440570841795	0.029421381549944448	0.0399214831359698	0.1171688772419136	0.13299163462831765	0.08016793205019934	0.16324037363656807	0.08329342340905371	0.20895678412144592	0.26469955387151095	0.17782942224635628	0.18449532922622458	0.27138278561048546	0.3603044697184476	0.4395751423912735	0.23482599923897995	0.39871231167625953	0.48132339775337396	0.47385637332722663	0.25050190135038597	0.1882988206520807	0.33564450767945353	0.48651996812915566	0.33811797617636885	0.43110295917841834	0.36867720281254135	0.5153929242958273	0.6153894483037134	0.6716236340763031	0.7647568327060669	0.7356488030266135	0.6566131089307201	0.8468455854080135	0.6717211584773664	0.7911750474387573	0.5130165871228922	0.48071147250402146	0.7854357337969458	0.5291162359802537	0.5119381850952384	0.5152281943638174	0.44741524440397684	0.5144732674582545	0.4674680048854629	0.47704880741006317	0.5336000838522221	0.3281109248061742	0.44631085855441843	0.2799581687414717	0.4997055473970061	0.6177905348158395	0.7663451216290567
0.6183286007245858	0.8262693741050804	0.9415198489093296	0.6672081798167653	0.842025179950602	0.7340418885767139	0.5814721323781749	0.854707899342666	0.4919273507747956	0.5655504924213826	0.7293644913590211	0.480113972386935	0.6036548407199459	0.41439801239732865	0.2957829710987342	0.5254512741754325	0.46388842359322535	0.6293896934102088	0.21470574393554775	0.4295116734426798	0.16743173439096148	0.3566675565735826	0.46662208596861154	0.28649466669200074	0.3360036062288986	0.6811279271567364	0.6725211209263713	0.7342098228436387	0.5799540457155449	0.4724526831461035	0.6772007397696039	0.4739735832832905	0.7907424428747363	0.5437941654120502	0.640536027521396	0.5224395609316981	0.505071134185056	0.40481256786638187	0.26036816390634354	0.3392391722547315	0.2859246609701825	0.2454627114118525	0.3105149197953747	0.1090606642409358	0.08430564679964025	0.12335448961064144	0.10032211913615718	0.05582885249792455	0.08617956139171026	0.05307990590083975	0.1461716995500381	0.19358362923284136	0.1204544829937994	0.025051693803219144	0.11065325512792762	0.21395075302828864	0.3091976701215916	0.19956967444637297	0.1924457068612319	0.3146619428914867	0.301519709772309	0.3875298749583531	0.5916796342436409	0.48652253208043356	0.43013870185893266	0.34617781894553545	0.34923329131555325	0.7006095622367328	0.3247755089676544	0.4616922043434152	0.3400154078249742	0.4965290070520202	0.5138649705717203	0.5056561304207896	0.2389801245066328	0.7058392120057848	0.6319844551547283	0.6412168587634239	0.7762196612043553	0.7387376043131811	0.7666327237838471	0.47088781189368195	0.835622410627215	0.7260302018003478	0.47355633359284033	0.7956181064798218	0.4058927277406186	0.502352537375574	0.4738842232485829	0.6412623293350608	0.39536600849922543	0.4432143433800998	0.47899556549915256	0.3438830307169808	0.4302640143297132	0.386414493550746	0.47230828578624007	0.37897531242911286	0.5984451083787056	0.5312523099195463
0.6590976899887847	1.0898788304056726	0.7634808466591032	0.6559878671118118	0.9641885517132872	0.8779530122048235	0.7284101165680892	0.6885423412887108	0.712588688616915	0.5861989156379311	0.6895924031153493	0.5021622719335397	0.7314056953675939	0.677933909665273	0.5530371427342825	0.4327477893497512	0.4234096064045698	0.6375793162185467	0.3964362549607565	0.6679231371631349	0.5395802061921308	0.23622596388804318	0.4096075791008462	0.3739256436795576	0.22132633269781665	0.6148685746505616	0.4363281656630569	0.6241623558524301	0.8081946755422353	0.5074185017902975	0.5028264917186973	0.44607684726978614	0.39625375420781994	0.5086246521366151	0.5982398745233417	0.4507687601721446	0.36558930254985095	0.45981028660592843	0.5895060376766652	0.3886853362947452	0.5221951834723622	0.2942869947886953	0.09387488843454361	0.09027021549404401	0.13352515564995815	0.08977808838600898	-0.03203012679836009	0.05567056663668263	0.04840674657878441	0.1232694867413987	0.03866734240124031	0.09156268712787563	0.10296644579414693	0.12394129231091294	0.15416195835856322	0.029707353878211162	0.3602276930838668	0.26476941385613395	0.3998963097522085	0.4220353120024348	0.46161178609566494	0.30280754599996906	0.4130221323698412	0.4214777063258844	0.34441210630415053	0.4060519830775517	0.4584926261545932	0.6294839118736648	0.3718522370342815	0.4777536040205067	0.40275426653806334	0.44836531508084976	0.6774211672942667	0.768479355986267	0.6391407777472771	0.5622287420616647	0.7090134733070428	0.8209432290622369	0.7344685901343052	0.8683244555980734	0.8391997747106967	0.7213860120626532	0.7203956295675169	0.6417551167772615	0.4090750628891667	0.5340913740047446	0.4740319552468142	0.5183016473936559	0.4478313346803692	0.4158574134714572	0.47299942575144927	0.2917445695144256	0.43208670546436156	0.5841576873120472	0.4407372465203664	0.6112937568345562	0.20407301128479916	0.5106044807520734	0.5115728125461994	0.4258445805813855
0.6605528068160473	0.6141122829921661	0.8022628417153056	0.7205822070284863	0.6254077403551195	0.9363846163756675	0.7208254758751108	0.6750277284181365	0.4762957134864074	0.5092257055311966	0.7847406143262797	0.36543567196197374	0.7497000087835662	0.633870116108077	0.4451007574200718	0.5062832979407289	0.3614852479424039	0.6313758578935675	0.5003656176222004	0.490525899853013	0.421650315733367	0.31228688213571	0.3681328474204568	0.28820781760716674	0.43439498470042814	0.47977642765866635	0.3785794465219996	0.4463054215270039	0.36923327144836016	0.4645606443570756	0.45015641309494714	0.5170673423845733	0.5738401638143412	0.6678257541158175	0.6168181484476005	0.6908311249081435	0.39452210586913894	0.32207424800090545	0.457326098624947	0.1926505895906242	0.45317739715102456	0.32595459559678347	0.192962863782557	0.16267995666885182	0.24481753893144836	0.06769527180803636	0.004876957689378847	0.17808733046425734	0.0779253323213066	0.028069418272917646	0.03599829950493694	0.038720871386425104	0.2518853627954475	0.1599371339173823	0.09439747798316661	0.11524301483989335	0.36037461017716976	0.13065382487635935	0.2548895763904411	0.3465662271550197	0.5230602843975366	0.40355025171500386	0.33055384696027784	0.5080255509437668	0.34221462165414057	0.54323944829538	0.4457349211087428	0.44556540341652406	0.4544053641088156	0.5014628880665339	0.6480643301380821	0.44010911394151964	0.37630522718852066	0.4962503201668179	0.5005760389983669	0.6454473388544797	0.7015218165781394	0.8975428845531075	0.7786763857242216	0.8073550924932844	0.628959460675708	0.7109919636537035	0.45773225338804824	0.5490769731397884	0.40394740288951	0.7633828849797853	0.4952270261328593	0.6611583984142247	0.44091958386897256	0.2965834436779242	0.3048104720775101	0.3043706615558647	0.4511917471979674	0.2758168520965807	0.5303004084774916	0.4377431186093099	0.5276644692584355	0.46909146454047723	0.4709225983321892	0.7670705246689038
0.7111971180236277	0.7036628240481706	0.8576868623018512	0.6278106178813739	0.864328848081141	0.8330759860136294	0.6895999248813429	0.7282697009470753	0.6146954043115477	0.5501988538029592	0.47091543434234356	0.7075256039451714	0.5144650522905525	0.6499607724438032	0.5521878096769565	0.45643665027123226	0.43815471705000186	0.44140641750339726	0.4728068415146337	0.399266099051625	0.19842611627541473	0.5284795679752182	0.3107958570068775	0.3322327458344314	0.4464817211489439	0.5332263636153025	0.43106628455654084	0.3904085000085836	0.3654527007965712	0.4242068900992544	0.4744873326643157	0.5230521199978467	0.4801753102290545	0.5865509826843747	0.7251064418040412	0.5147418620593447	0.34086958389397326	0.5762998674464875	0.3666055849480012	0.5467596947485777	0.26913660168661147	0.16733815859453627	0.28911761621682985	0.21424554564029297	0.26582937144501	0.09254825091198254	0.08603208555026715	0.3258859700948743	0.1307645929450465	0.060543666307157185	0.21523910378625044	0.048639549881405286	0.07779006001992389	0.1668839670917947	0.13662206170130187	0.20817383724002025	0.25638472677859303	0.46017258950695533	0.28498887412183094	0.3388393710099985	0.7222420630313371	0.42014518568075393	0.5459424627419294	0.43608993634998006	0.5280775164041849	0.49738118231799816	0.53490600012567	0.5546655624207376	0.6470716774327854	0.5461543946247911	0.44803720898603827	0.48363965366748907	0.4680425841951479	0.6643188750001876	0.7240154387591271	0.5488133915882105	0.7775601783947275	0.7885758910444463	0.5763817852173083	0.6917747294303299	0.7167141645253601	0.6847054369940804	0.5942520714132258	0.44522423474222084	0.417055282398317	0.5966339449995427	0.46600124104955454	0.8173032285855576	0.3654219379980238	0.29186346443180766	0.35960719704072175	0.35194549482227955	0.21219551028102257	0.3489339803171452	0.5771408594327752	0.5183116071909241	0.357365471868338	0.4359904553137326	0.624533810295973	0.5008667527522814
0.7247646680470367	0.6990591095497365	0.6947472196179867	0.7295326155809796	0.6876070999214814	0.7521750452386988	0.6808903669947254	0.5468753124457799	0.5908911200480146	0.6946608872801797	0.5562361666417495	0.7312550946933429	0.44311535042345296	0.4554025020496377	0.5945024048803961	0.5525436751407247	0.32235161648450367	0.5295182345665493	0.5420801708745282	0.2708437347589713	0.529853352263835	0.4713868578517332	0.3571449780752525	0.4119422242189419	0.5850990790422614	0.339397164374856	0.36828632342090417	0.321115884837615	0.3401196766380977	0.4519837661198023	0.3020128240231701	0.43828226221328204	0.5024783357092297	0.40233216725243226	0.522381590862158	0.5906463384446357	0.312798604246346	0.36239604914530255	0.3831769135048747	0.2203826177560374	0.2595620797951146	0.39009130111947976	0.19299999773327337	0.3307419790957795	0.19618867314983857	0.05395916915131593	0.10609665866145468	-0.06476389740994792	-0.055197862343351944	-0.08598141872426279	-0.11587037018147639	0.02661690511465231	0.00475555623890711	0.19161247731398223	0.1810966078767755	0.19190938116526757	0.403855381784284	0.33267840859449455	0.48407628192147106	0.40060566225004973	0.5758658075605672	0.3264218055278466	0.2787007066353926	0.304004372549206	0.5124558874976854	0.4182017423628394	0.3679907159039716	0.4959590543149396	0.403228874548509	0.4461324874609177	0.2270158760040475	0.6647221235196068	0.5375831875211362	0.4297386797750141	0.56955802742106	0.624429265442201	0.5668053928262433	0.7023580384713529	0.6437156463479617	0.47440108647879176	0.47086736888527553	0.540579126313514	0.6146099354632899	0.577127918323169	0.4280661101019178	0.4232061215788886	0.578485713904752	0.2998845699577706	0.15072942441308035	0.1213353715873472	0.30845698724349535	0.23952578941675295	0.5036941300444463	0.3225361776587081	0.4295938805045002	0.2953271696699964	0.40470799207845687	0.711427147602745	0.7774830241168059	0.6898259904220796
1.0185338103126402	0.7830778079285768	0.7086359546527985	0.7332920144550497	0.5907293847120283	0.5604093922155605	0.6255147740415122	0.6776139966875789	0.5606930921336083	0.5449926151209674	0.5861345258149343	0.49264845850081707	0.4920151251674837	0.6359085861441997	0.8301485865875446	0.5760227220021332	0.6956354643731393	0.47992533893814865	0.6057333995350878	0.5647096395387813	0.375109122775087	0.4350324852608596	0.4413168786139501	0.44469927338074466	0.4092509517502214	0.4457507883292243	0.10741035504107532	0.49290840062261654	0.3724246477031643	0.3289435625044065	0.38671173749437704	0.417468309643539	0.4893061304124561	0.4734311734760971	0.4205044675017222	0.3929549246388364	0.5744770548419535	0.47839662111045966	0.3396923412637103	0.44631245079661275	0.20825028481588104	0.10692466757035746	0.34470402582335113	0.32211339820505247	0.24962907772055964	0.2608394946632753	0.04072006751512258	0.15110870538069265	0.05829186425106947	0.1990228589057611	0.039209588737434964	0.15035774253017709	0.1148235722246641	0.16778872615124318	0.3462411244564649	0.22568807910076288	0.4165219512817091	0.3272257187815478	0.28117528372835227	0.44126140404387393	0.4235031999014642	0.42214237440625524	0.3989506646759473	0.5314523805880856	0.534314736490517	0.42624086386622584	0.5537570027272392	0.47906294106793856	0.558758325545627	0.31549882728558987	0.31323999154310933	0.31720700271890556	0.443375698889354	0.36894720633430134	0.5223234927225572	0.33808994738360576	0.43713072959766774	0.726428172296566	0.7507195110170419	0.6566833575756424	0.44573736137340986	0.5276304601738615	0.4141421380999931	0.605054823052811	0.41324064744382394	0.40189832598897224	0.3733839184905068	0.45095128962584197	0.25005592943213006	0.3778966122602251	0.6228072279582078	0.24836644796087115	0.30389044646349805	0.5490981029330612	0.2924524026553371	0.4997718342202736	0.5502631133225032	0.5317119141823926	0.5772928779279318	0.818283962691678
0.6632500375093274	0.7294376882320714	0.7879829114971548	0.5816415705682868	0.6667704959681432	0.8653401483639318	0.7010850668709387	0.5828486263385981	0.5323506470088124	0.5930752793115686	0.6608044432177455	0.46643365129175934	0.6273190163372663	0.46066460619539756	0.5061944458694823	0.6944521553321163	0.6519962545340787	0.6779845986918656	0.7950703435807718	0.6388943663673756	0.47140291722730665	0.5035462699928217	0.7348536239043669	0.3977311072243416	0.5138391192366599	0.42659639585449016	0.228861156687319	0.471542056381161	0.4523612052719399	0.1932678635483841	0.4386047214584521	0.20108228208047518	0.4335944370192477	0.37417585347678395	0.3214284372869215	0.31833960066608435	0.37233242562594593	0.23935961964658747	0.2602149020949056	0.11582741920994255	0.19642545595791638	0.38121892356814135	0.38111380674921225	0.09013912807022728	0.2072927255238931	0.08579289777845789	-0.029739784087611576	0.06112834673452194	0.18309088372508553	0.11932536320545839	0.14523520376623322	0.09037606106561835	0.2051959298921422	0.36472944431360776	0.3950884390603019	0.4384272403552028	0.505982224678954	0.35371714142091437	0.47827525281086625	0.41175272951399894	0.5348794134044553	0.446825104848612	0.6212025373839075	0.4112856300025285	0.4519457488123437	0.37541620064598386	0.447305695367594	0.4131525903769784	0.30744365084008074	0.4923319795307911	0.3073725651896443	0.5476361864922754	0.2906983083051702	0.4593543570737958	0.3262971864587746	0.6051412944943042	0.4841739189421854	0.6623499933248232	0.4658292919429033	0.5560937701015746	0.48107849029665967	0.7500330417756073	0.5007892826659908	0.7087889955750496	0.601241491049513	0.5651114614537287	0.3938093193136286	0.214735252350854	0.14449971504244874	0.25475511232714354	0.44895962184664584	0.3481237577129128	0.49594590779989023	0.6916286625428909	0.43165564677463975	0.5774022701601593	0.6846247691730498	0.6448352590010302	0.7022821385600053	0.6621707079737613
0.6277803519793276	0.605407265542537	0.6415444900456531	0.5959858972262766	0.46185227680200197	0.5661618413054614	0.5073213682662592	0.6623752395605151	0.5215627180286946	0.6078374320419493	0.6255554281521795	0.4712554944039351	0.5090912105837472	0.5856792058156208	0.775237666131486	0.41154191947753294	0.5536887283679686	0.7228620091432424	0.7441081643496886	0.6008605405709919	0.6817334812539201	0.6803014530718398	0.6285155094276667	0.46107201310834756	0.4557039904890815	0.37315742893853365	0.4641240735212818	0.3361052514724975	0.6096362063761358	0.16426311552256145	0.46503163502166156	0.6117734971310075	0.5068749833703928	0.4908381077931899	0.4786128659742819	0.4071771188769836	0.18550291941069785	0.13025790151772376	0.23302443568087905	0.3170542841885311	0.28806975391514544	0.20677655352866864	0.2542125744665569	0.2744235744247224	0.15177772397635214	0.3118019941028438	0.19509044646349805	0.1691173556099238	0.33993364464158315	0.11958187793643205	0.09079104714608277	0.2725488736618188	0.19788628808663444	0.17618544228088717	0.2599346958527735	0.15090381161767458	0.47160611054526286	0.5453607856941544	0.49217522631016397	0.46311016071925915	0.5370830086497294	0.546498182451835	0.4655565279313236	0.5605832559896172	0.7103163773173324	0.5031539949141987	0.5289931031672341	0.5068107459347673	0.3705198775934231	0.43762768643369065	0.24232874866183962	0.10100263673654031	0.15010469715780805	0.3850619362413106	0.46398759323788774	0.27645124325794646	0.5568019433181647	0.49405297022037775	0.46824765022939785	0.48731282182311175	0.46035806275532976	0.509363744922574	0.5231501699961717	0.5517352214500351	0.5237643721058609	0.506346956794355	0.6082899076325524	0.6315660151327346	0.47471994604523693	0.3372250981984358	0.4743729339827506	0.3081382954981642	0.3454958349229589	0.4641124728805315	0.48464778051618373	0.5885012786005497	0.6715190119204826	0.6383159820235238	0.6078401218632294	0.5153803784800297
0.7250483679650844	0.8052581268070274	0.6828241353729207	0.7585593392058225	0.6859025108832051	0.5635486682897098	0.6085671767468507	0.37694641794674233	0.6309383926840728	0.5012883463078439	0.5919214499684242	0.7440175764657764	0.2824182080658472	0.6956395012967845	0.6279111986634314	0.7316763481732267	0.8030998564128616	0.7114649485044687	0.5684422397026856	0.6295719115389893	0.7384221036690808	0.8544063424347412	0.5251113576676449	0.39969343884279607	0.3200992225960656	0.44253608050613347	0.6372599310381726	0.37037230239934704	0.45338480626403266	0.34343482613955945	0.4099485556533917	0.30580020310538236	0.3494995052535561	0.35571009003405263	0.3050828540456323	0.2566568657902769	0.23910920887736875	0.2725994367850749	0.48488475324596114	0.2652124927477246	0.1696948632305424	0.4659514353797043	0.27403734368960786	0.19484178254057072	0.4039731747057965	0.1813538403101016	0.06396204666090333	0.2319474757414406	0.03784956708019438	0.0771819441881878	0.23568531197743414	0.055272945033043475	0.10486167345101316	0.2763234618050713	0.2039136234610217	0.42750231212793816	0.6201620510943541	0.4336268958460733	0.4098145024009804	0.6347518019894194	0.32100158777540944	0.5889421977349067	0.6202547678513483	0.4542773529831875	0.31330218845799424	0.4871230223434256	0.5304267103411574	0.5345920122216573	0.42925552310469584	0.6881525793266856	0.4585180402113991	0.14617948625638588	0.23703517063202195	0.3405691311486423	0.44844361770586927	0.389867744295224	0.4715410339040652	0.38580931269678653	0.5974578198322256	0.5184123227265524	0.5309558521634158	0.5814645178597234	0.5654019322845389	0.35264370164142694	0.7565456030584812	0.44172625982921887	0.48049638923764826	0.6749641225492478	0.4316125567994219	0.37153461633399953	0.44584848718491066	0.2520027162386471	0.4680545337451443	0.6166531446750007	0.4230442912737189	0.7409417560565357	0.46779440611842893	0.7233624375712624	0.8212296121680558	0.8844011814479752
0.7541003290087188	0.6203801598409024	0.6207722118636144	0.541537363573468	0.6981286802100258	0.4931237864303404	0.3424820965755593	0.5317978578098987	0.2768413607460598	0.4635083410043701	0.4444187402799509	0.6046737069365672	0.670751364727832	0.6817123271433362	0.5039572743677709	0.7517777173761772	0.7069114217193424	0.7522453999030974	0.6586557859283272	0.8473353848876997	0.7520355615590482	0.5416363631969581	0.6390041804274481	0.7300612317893092	0.41272323876582745	0.7177485976211703	0.45564384517856393	0.6331706836564504	0.5475063733355601	0.5125392561569551	0.4287673247007715	0.4228895034885092	0.23470112841323643	0.30203051757538246	0.384528377652008	0.44363955648158027	0.3256953601103765	0.251511967150463	0.08456866738635249	0.28112741479315884	0.3617934874107499	0.43409099414467833	0.13017040318235107	0.3187995450046095	0.4390837285688073	0.18565856625200583	0.1544786006995854	0.2379190317710087	0.22123500721102451	0.034023929967477606	0.2623994080843144	0.11701306472954875	0.1546162381803119	0.32999879416804556	0.3421060840445606	0.43937496571992496	0.4168580318378438	0.35787701289084173	0.5935936905994676	0.6197432290455698	0.4716375954629466	0.44078978617933384	0.42062958345062823	0.4840798109149893	0.38234837016514284	0.8573636853043273	0.45848022167587454	0.30461357045961723	0.5179524004552788	0.5623919349196088	0.2983894195696186	0.36034058117540124	0.12610043497819368	0.26372560171177883	0.20667877737093376	0.5371738063058672	0.3251347466374527	0.5022302040004062	0.49244313629311187	0.6579016010257608	0.5464454043032141	0.5779397265527537	0.6411459652347455	0.5265519168257959	0.5114288458477485	0.6210869881551863	0.2946966763285894	0.3291662668894061	0.3131901130046614	0.40083500501096636	0.4300285852408423	0.32819740949801846	0.35621950216680764	0.6799283975358682	0.6265923832314891	0.5535855858346914	0.5427995207372996	0.6470212379794733	0.8069569674096364	0.6378775848726659
0.6262947197100726	0.7530396470506471	0.6193147740248451	0.4645484452337989	0.4549935492457219	0.4788739365926532	0.18522783438761137	0.24883471350324127	0.3264880437498262	0.391492911028809	0.5163721875629705	0.5021391457373621	0.5453633032442028	0.6956088202337363	0.696837032331357	0.5439049445310302	0.6106283821021257	0.6727646724638203	0.9199921248746425	0.7400979351286143	0.7188919437865104	0.6655708713947587	0.73229837459026	0.6344910670466102	0.7561571992824478	0.5149793206519973	0.4326509848844329	0.620506788513229	0.40842265353365204	0.3569973189622859	0.5236128968917677	0.4696773838840065	0.3944933593240222	0.4353599420717984	0.3852950178179724	0.4850069828350453	0.48227105906639867	0.16941616749510546	0.39521605707551277	0.255147639162438	0.3016089107528017	0.3354409831027191	0.407377127710551	0.41364222863572564	0.23640362831281703	0.367420014513718	0.26061937849686356	0.2880795458912996	0.17177303336871774	0.15387696428955377	0.3497730112847992	0.23545568210890933	0.4895234176372343	0.41253089743544885	0.3456085375595787	0.4619165584054646	0.4549347356038269	0.482470420866153	0.40989580843892376	0.5154885715638132	0.5573594871597431	0.28853425417440237	0.5164979748630008	0.7300920056048152	0.45628646477465	0.6777593127051201	0.6656638398917571	0.4900017291124883	0.5327796320269156	0.3428592111024277	0.4415768406196099	0.4695125391322871	0.22653035857116888	0.29005931930529505	0.28127455494237275	0.638300163354329	0.3089784306617459	0.3920940858932763	0.46460903885619653	0.5424592751541251	0.5345392142058432	0.5786773043985667	0.6266860981816018	0.6163606531906429	0.5816484673343844	0.7210186983288391	0.4842337153267896	0.604404937880854	0.2825102799557523	0.36181250821480115	0.38093362477438997	0.43691052729564017	0.4858709022789105	0.5159283754519496	0.36966281298121073	0.6397555518221235	0.8168093811652677	0.8617897088939523	0.7500540059644915	0.5427096020044532
0.5756056158654873	0.45895900131353495	0.18288598332855832	0.140552396021828	0.19231385973394977	0.23844875439199142	0.174133960433285	0.36700184171547234	0.2453574355553756	0.19858430716747344	0.40651799826028734	0.46095764977771936	0.34792772840146935	0.619652866434294	0.6484190936393148	0.5632513868284177	0.7795189854364474	0.6081108188366993	0.7302337308105332	0.7039670862277853	0.794092164625696	0.8574063799857363	0.4538199769960572	0.679893127467878	0.5324966255439103	0.6476427675000056	0.701775394147945	0.48286428818697036	0.417065111908799	0.4793124441797709	0.4672305021249731	0.5095461772236964	0.5248069894685544	0.19594864398906575	0.3137191929919477	0.3597016142594446	0.31565694529238364	0.3814202839208575	0.2312076122183906	0.4764930081813835	0.3732472416519039	0.30064883169404	0.32797744571897836	0.30224871465760517	0.5320584801330569	0.24479658357613154	0.47142275070289374	0.39771614984463766	0.4565556556082071	0.41304953617937545	0.4413628969001012	0.5190012035152266	0.38364532480110736	0.46692277058675397	0.5783647121982067	0.5641480212392296	0.45884332621481144	0.631544794787062	0.5758176692182344	0.46342056661168196	0.3228226756175707	0.3992850447703532	0.40471384430020735	0.3333440417337727	0.7827950598024183	0.5436288568980412	0.47583255814612424	0.6055944105352126	0.360103422940708	0.256572929582634	0.3908477363483467	0.47615457349619783	0.5167078794421387	0.5341851529732206	0.24704351170306027	0.2746036393464427	0.40021487339414497	0.6429247581227572	0.7903465018656329	0.5759476369790467	0.7755459122333408	0.9903357205465946	0.5966794884897784	0.5541045933883916	0.39575609950330365	0.5117518505740404	0.41682976232203506	0.2817804248312582	0.5051711805362843	0.49666036608303454	0.5206560553187994	0.40092226263996	0.3602263834824958	0.578071719383897	0.5150076740700297	0.36884212484964196	0.4795126230678447	0.616163124372796	0.7667361048067776	0.6717189545022946
0.5055276312322279	0.2778449957423873	0.4390408240985054	0.33547438930465	0.28251678804488334	0.20795070439366659	0.30707652922802475	0.17139352494507787	0.21567900924374506	0.24881126709857826	0.5892858861593168	0.2932827414259812	0.6914930192483435	0.4940370499984917	0.6315693917722153	0.5561312772955151	0.7929590212140624	0.5375193166952258	0.7150044299840613	0.78566498163868	0.6307608784632794	0.7836435205699619	0.5135571175802827	0.6793130007111856	0.6087502075471667	0.47717877077075893	0.5059950200513648	0.7372608475291264	0.7064416103026732	0.4306926084874583	0.2977690339960677	0.44182302012670016	0.523815630880885	0.44041096235716926	0.37813899556671593	0.24072364951004555	0.47508502046970924	0.24304192607770791	0.08780113503007847	0.23052002333061838	0.3505498011697312	0.32792182537837256	0.3823376086966306	0.44914331074773495	0.39918010462277254	0.2882967690810474	0.5461343292597254	0.3514571352307504	0.37962198881603715	0.4025181108966056	0.5855866878138939	0.44998705440694187	0.5717373834573284	0.5306311933599575	0.46170576161934973	0.35177009844094215	0.48194623244182655	0.3366205533613309	0.30422565251312506	0.4368018571825488	0.43638780966028945	0.21268676951605903	0.33425506597591514	0.43882148751941935	0.6491875424698754	0.7098736672021809	0.6117477407817975	0.6135912658018772	0.38894204756426054	0.4165748332164137	0.4545925157350005	0.3980719446398665	0.588342994939366	0.3849935669128568	0.4652582173260926	0.2753512101237351	0.3421184156380145	0.61168426741642	0.4611500971109068	0.6192847996471909	0.6970437060582106	0.580737617546865	0.6784216111893633	0.6762883308574344	0.7855102358045822	0.5441196987220162	0.4333629499015058	0.40805744218888473	0.31508957415704864	0.5340708404439386	0.39595192564269643	0.3044239564681799	0.46261531727257454	0.5073418620426775	0.4961234507547784	0.3738234883057736	0.6896561525047081	0.7889049158136026	0.6590046684737147	0.43549125033480063
0.5877759396123998	0.4384988582030759	0.5262360628223316	0.3892593656731905	0.264891899568672	0.26782537423908415	0.4048433902331747	0.29978570285445916	0.3379085485765375	0.3619971533245633	0.47307186072097596	0.37632876412891625	0.7019040589575625	0.6613311690759807	0.6417326398649565	0.7865273242907604	0.9598237157951353	0.7358939247056715	1.0246879466139187	0.6321063534850342	0.7762703987989015	0.6372367518739248	0.7897302128506405	0.770441771523612	0.4574168432963474	0.6629809239444846	0.5775908506242083	0.47359437520094294	0.5991255906948201	0.5495667417019885	0.4077746167940118	0.6295351110304424	0.55430658314112	0.7669041472932367	0.40358602971312085	0.6505642197184894	0.34327124678804	0.29306186998955486	0.031653396415005086	0.18207575629087525	0.25291066641599347	0.2771034582583106	0.42567924555000725	0.4875403250186131	0.5934158693872055	0.5599947793283191	0.6261537431575273	0.5331565455984584	0.4567151340010511	0.45103388979807973	0.41521883966591794	0.5472775473216709	0.5492684046127223	0.6488180004770128	0.44805745323917767	0.4621204782760078	0.2684757033061377	0.6638292168409132	0.25527697312312125	0.23995528238164998	0.36760259036864484	0.3497281413624129	0.432626862711862	0.4272340178848073	0.543433525421757	0.5092047060247098	0.5848464002962745	0.2610996002394064	0.621100931891362	0.6071087583987642	0.6575393113750848	0.3743330748931514	0.4278983016883281	0.3156995935892303	0.335315785451648	0.4198266573230858	0.515739797204626	0.23642188943007003	0.3101101717528849	0.6403154895438063	0.5066785256309292	0.6761605339374828	0.632663230375605	0.8267567399369418	0.4679871206586976	0.5927267147579411	0.4895882800560881	0.5707208095347862	0.24798814533585145	0.2592159930404824	0.5220495957976222	0.5716517843056175	0.2876896757430739	0.4321962324334929	0.5028865928447106	0.39597952160732275	0.5322685503665848	0.7368166334907875	0.4776185437414093	0.6522663618585893
0.45754089036692813	0.38986262747629485	0.400918455389068	0.44147167078260907	0.24678513970620242	0.31540437251587183	0.2919201690844808	0.35597154049582314	0.29614566046000235	0.27159894653875005	0.39134992927312584	0.7332035466106521	0.6113424009069575	0.6893686806700378	0.5923491144015317	0.769143856245524	0.7686589549623066	0.8325190031035823	0.8278397354029883	0.9049557285101391	0.7301070932879723	0.5416981625846419	0.4823893511344719	0.7318839096736063	0.5470764365089009	0.7115890022085587	0.6416531667755863	0.7846030232301158	0.8372041561268042	0.5906335408721666	0.7236822820971424	0.6512186254602416	0.5132039286707766	0.3692507132605682	0.5453699571038634	0.5305382513469941	0.5105914645404771	0.15434580179708113	0.2723029635785349	0.2504299080592304	0.29547461677734477	0.2015751423746064	0.498895444045934	0.6055825493042233	0.5151746653786327	0.5446584160980268	0.46657962099328976	0.5140992822309791	0.46914058782557744	0.4982807826074058	0.49458864444907796	0.49603617547531687	0.604967812763705	0.43277778802804945	0.28744329749738373	0.3851836181492144	0.3409463163440498	0.20880182404833736	0.13814816034291588	0.1857364559160819	0.29137855211496444	0.3877299102759557	0.4003274148098259	0.7298129896608928	0.5947938650707578	0.6099929618468224	0.6178992181959491	0.8508614195109503	0.563778951858891	0.591294741793991	0.7025624883559416	0.3012566228838398	0.38638429833390586	0.23936682118742825	0.40406222333225184	0.351074903868286	0.4496650743578039	0.5827329644735586	0.3829401439304809	0.5226703016129928	0.525626781009697	0.3600559758333597	0.4659315864537078	0.3413834017434796	0.4756726226244996	0.5001665120292356	0.5722073847790301	0.6428419437615098	0.46936099768310535	0.3635434277841698	0.545212022368593	0.5497580494883115	0.4249190516548689	0.6012387261429095	0.4550137934988613	0.6366696125947339	0.5488146702387615	0.4203546927660251	0.6452085463931461	0.6466622277657026
0.5043616403334689	0.5558898413807967	0.4106101209515386	0.36483292028905445	0.26967728228131393	0.41609057675028405	0.28466186115598746	0.47784053039072205	0.4179748530836068	0.28940094734177135	0.4372583321791362	0.6260548076024016	0.5064220617013019	0.7440982685874511	0.7104305220255004	0.8706380724922544	0.7180152709380132	0.7899104787443535	0.784551046736072	0.5688244622149154	0.6003049555646558	0.5538236539434962	0.5111790556449747	0.45320131393481944	0.3665139944708536	0.38861461723735696	0.40426696254117406	0.5811774369020781	0.5307039794554558	0.6328672142978458	0.5609705953374433	0.5238176294838481	0.6001653504317865	0.8078910493794754	0.6992462788263891	0.3945808289753012	0.38391537029064615	0.29040293929455807	0.41247283903023435	0.5481100326158644	0.3705176051665371	0.5196562518740081	0.6041251026318866	0.685511885464965	0.5459259705382193	0.48564379661061025	0.5054253058206043	0.6090981405007234	0.8466788546896493	0.6121376506810765	0.4567520912970861	0.3892983812071021	0.5948471599664058	0.4909550549256223	0.436195786338338	0.3111972107427514	0.4144242501759632	0.21669860201295355	0.13227996546908516	0.254185137506144	0.3922656949075819	0.47365257049311815	0.3059648336514251	0.572262726862262	0.6121067929466798	0.7074681617062852	0.740303913220367	0.7922430523908883	0.648434170272179	0.7574758446598835	0.5026934211756613	0.5264967072460754	0.2073901483389311	0.37558829992328147	0.42075737593712914	0.5546679342169236	0.48349619489916484	0.49245717498180375	0.5229932754217987	0.6171622233489187	0.5216585530183218	0.5987207322494047	0.5110247294219964	0.612716673241841	0.48198934008417904	0.9308368181090134	0.4206615122467413	0.6656069607677938	0.36468680043354496	0.44482588218587793	0.39643817404494563	0.47754446131155825	0.7989195286675098	0.35666040805081345	0.4450189302016504	0.5785996951919228	0.5734900644367078	0.5911321915530763	0.6186367364068481	0.5234110529095689
0.43624058119206843	0.6576042113282671	0.2510755973033286	0.5013706262215951	0.20974468655086032	0.39162927204237585	0.5969641821674943	0.47893105863972063	0.5261515104816945	0.5156911001641545	0.6440823748496003	0.6976419349446095	0.7690590719987415	0.6424382292797426	0.7184512013235018	0.7176683781286871	0.808739019884027	0.8642717834522615	0.6988121880229827	0.48118332665815655	0.4354765314614172	0.5043526301280318	0.4271132546512484	0.16544663656920244	0.673012165922397	0.34913139431528273	0.5684886068980828	0.8771994743527372	0.496489569756932	0.5799171281705633	0.5510387129092256	0.5291778366293374	0.6848762841381965	0.623760262313618	0.5958551830290171	0.6305419680621537	0.5620327370175311	0.43310659859152945	0.35926828314283676	0.3584964665230296	0.44995510792702686	0.49247688258738864	0.729934903441608	0.574858963779207	0.5412791859484278	0.7604301333485337	0.4957282805161004	0.5048029061936808	0.8056211187263129	0.664329718170865	0.35182878181271815	0.6946150235814583	0.38651941163107495	0.3389687402716173	0.14728638745593436	0.11076811970517231	0.2646258556685086	0.21852048045939898	0.12219649300706481	0.5582441499199731	0.33601829638485436	0.42240095395861343	0.39088609596487656	0.4144043857995571	0.8508715891137782	0.6348103109065724	0.6575705401359804	0.4508493794085544	0.7116468861424827	0.7170286802266927	0.5757437811435338	0.5054282495819473	0.4501541163674171	0.5063114548202196	0.4024887371848688	0.30653765508119313	0.4053538712442547	0.41971827873438655	0.6178626561937226	0.6887104743109027	0.7911069939020052	0.7018862704361666	0.5726672628824665	0.6816648314513669	0.51896853269945	0.3757435470539971	0.3699722206971819	0.6117589836464	0.5501786780016338	0.4536497526017774	0.5685681683064602	0.37984739183921723	0.3372374077413052	0.6307026411699912	0.6579350536122541	0.5014858110906606	0.5776657987269997	0.6275057991703448	0.7566658738123226	0.7205587341064539
0.4982456118920486	0.481481864702748	0.6488499292731258	0.293122311224581	0.499540815264938	0.31171782378899715	0.5203856388194288	0.48668998271787545	0.687468519449099	0.7656215670215261	0.6047147077897566	0.6372786581511078	0.7083019146340712	0.6382180402447333	0.8157426902146242	0.6308567068193975	0.5454684686644198	0.5913237599463055	0.6588013139348193	0.425222914123891	0.3644885384296018	0.3219198886270488	0.3488505741068806	0.42927016909281457	0.42618939748570017	0.46160041069421676	0.5094145134346061	0.5684629145672361	0.5517913784215283	0.6229363698138001	0.6451668013369023	0.828782540487323	0.7222533191629579	0.517931805092835	0.43748273260908094	0.4791758004920465	0.5559767920516561	0.5028109314396833	0.6956881254686584	0.3070170420349474	0.5628043924163991	0.3795697804325149	0.7725245152163199	0.5190779072978768	0.7670204010072935	0.702110209320547	0.6322955081142985	0.55440328603708	0.8310962876682899	0.626422379709729	0.4072957598543029	0.5505234264708017	0.4660758181425142	0.3944157236166759	0.37645488265439064	0.09042037887337362	0.1383197826075726	0.15425049017132286	0.3467001677544457	0.511079318418605	0.28375844699884567	0.5123545315450859	0.5133166158236527	0.5649804292647089	0.6935715758634271	0.7261123448271379	0.7630687844727886	0.8030332361307575	0.6343970606054394	0.6116796187932314	0.45941375376447485	0.6568017423628394	0.45923179624260047	0.41932537205569287	0.44924799693858564	0.6735636963379531	0.40330646388795977	0.4445605030199968	0.4868650081227153	0.7024489885148626	0.6204863896893269	0.5418028509755509	0.6524279956252176	0.56003118452639	0.7180750893898691	0.6414579435021697	0.6032050593507396	0.4891395874157334	0.6002829578483831	0.7209380614252945	0.5444505432060617	0.36374417202055864	0.4840302879192967	0.6804417516397518	0.7980528399335918	0.6733456538598275	0.7511318713445907	0.7893278388377294	0.49321444278273385	0.6610297910394626
0.60588545333118	0.7225512498914556	0.6197174483790489	0.43019631635238353	0.3921127158036357	0.5920580715722302	0.34017586231035124	0.5310610043166146	0.6198853649955058	0.9413828960300782	0.5817905613332088	0.7085980764656932	0.8179506867765329	0.5963520935138116	0.7512613532591947	0.718662229982428	0.5756463804124143	0.6137546375478952	0.29583782953581605	0.19112004763126234	0.3190226270162828	0.3752252417355728	0.2868914313895987	0.26482193358124007	0.19288153784408635	0.5063769377888515	0.31630877604923213	0.494909955330483	0.5771013183516032	0.7403800538380936	0.6932603683164271	0.7657053685422666	0.7010807539066453	0.6023654917688653	0.5178534361993927	0.5377320016313767	0.41602927869255213	0.4442998762800549	0.38085969033179384	0.4793535974036646	0.5490433571322975	0.32815704911180155	0.5655435846049921	0.7664451216457238	0.6306957775381048	0.42516640162630986	0.6879765535620027	0.6602361246906376	0.719896027078051	0.41676052068713165	0.5538606553907012	0.30691692939862925	0.3752176736183509	0.4418701801264403	0.18608070085523942	0.05960098264270686	0.2210672076310024	0.20867123130429632	0.2213352965020241	0.16195464194801168	0.36397504962214855	0.47121902737089216	0.5385773088153504	0.647666129985778	0.7124805065667575	0.7985420166634417	0.5487877876097051	0.6318455500737437	0.5249431318929952	0.45037117393610937	0.6142755045675377	0.7563647475324764	0.6218643014373215	0.5695788083050868	0.6702189368351595	0.620955107943694	0.4531952673912526	0.7775732255238098	0.5947830108664547	0.6518936883994094	0.6001369837467362	0.6939758314095326	0.5101684443637757	0.44422391231700986	0.3918362660110494	0.3495527626315432	0.7276833774428356	0.486480535250851	0.5685223266916574	0.5897479041861278	0.6349393356590618	0.6239072831930047	0.49186491537025745	0.6496033279881918	0.8380356565115643	0.8214047899436003	0.7114575106740328	0.7199573560866032	0.530190066653433	0.6257240956218673
0.5957466365858697	0.4736189810029967	0.5920951635885018	0.42751299627773487	0.5063312441446365	0.7746833067742963	0.4993102115039384	0.4681972549272557	0.407700777303932	0.6693982730042348	0.572719963745706	0.6668168278459381	0.803539982742876	0.8983050748344832	0.6963848570820461	0.8093854290472031	0.5433854489143963	0.49403982592205375	0.6027747316137212	0.23621641925177694	0.33690446085154613	0.22144542855385696	0.09909378993543339	0.2157565853161777	0.18836965894596214	0.24651155418951942	0.19619407042619974	0.3730723907350213	0.270400585165507	0.6344000838688892	0.7497121482719293	0.6186867452487491	0.6227580141873761	0.6993906275849645	0.4592331323280067	0.40542621787810723	0.7205049688150071	0.5603301576325107	0.5132257099479804	0.37669662996069403	0.5428090719904078	0.5459101187681474	0.6438338831812377	0.6888326707824424	0.6223576873453814	0.6218058455549073	0.6901971003564928	0.5948667527522813	0.5580841481799268	0.5454071595230608	0.5094735943002491	0.3463013006678013	0.3590625523743046	0.16749348739408276	0.14747204840928296	0.19440954233620544	0.050352917185638946	0.0877232343157095	0.1127797225459809	0.2700193232787337	0.2584000971025734	0.5594339140820567	0.6935428425853285	0.6499440881183352	0.736641751656419	0.6672944238022308	0.7951189986867986	0.6725037012147488	0.7542665120459027	0.625741881943205	0.5702445894149528	0.6095065213061479	0.7070589107778024	0.47904183114185866	0.5441236141924428	0.6460823836831676	0.6335147872918634	0.8478453204009906	0.615024217091753	0.7881508965654257	0.6343148447100516	0.5333428955867331	0.6994063269676648	0.6575852722430479	0.5451327414343148	0.7514479792714509	0.4431535112680487	0.4492997106423321	0.34039949863671404	0.4889503753682808	0.5255987809176945	0.5437584337651615	0.3751211915949107	0.5849492756058037	0.7230338566805354	0.662247265985882	0.8966020780550685	0.7616490569833436	0.6050649573380362	0.6649617971376243
