0.851	0.5266666666666666	0.35583333333333333	0.6708333333333333	0.3735	0.537	0.6871666666666666	0.42466666666666664	0.7813333333333333	0.427	0.7625	0.3205	0.5858333333333333	0.5115	0.2825	0.7354999999999999	0.7911666666666667	0.5688333333333333	0.9181666666666667	0.7516666666666666	0.6293333333333333	0.7095	0.519	0.3516666666666666	0.5451666666666667	0.4423333333333333	0.6138333333333333	0.3728333333333333	0.5483333333333333	0.519	0.6688333333333333	0.29666666666666663	0.4265	0.46199999999999997	0.6433333333333333	0.5423333333333333	0.33916666666666667	0.586	0.34833333333333333	0.295	0.8906666666666666	0.4723333333333333	0.48566666666666664	0.6335	0.7631666666666667	0.7683333333333333	0.5385	0.8484999999999999	0.5311666666666667	0.3923333333333333	0.5021666666666667	0.7546666666666666	0.4623333333333333	0.45416666666666666	0.7321666666666666	0.635	0.5888333333333333	0.5745	0.45199999999999996	0.8193333333333334	0.36366666666666664	0.6525	0.385	0.5733333333333334	0.3143333333333333	0.3468333333333333	0.6471666666666667	0.42716666666666664	0.4598333333333333	0.42183333333333334	0.5266666666666666	0.729	0.4485	0.3773333333333333	0.6803333333333333	0.31866666666666665	0.143	0.39116666666666666	0.4668333333333333	0.4335	0.4056666666666667	0.33299999999999996	0.7896666666666666	0.9471666666666666	0.7636666666666666	0.6491666666666667	0.4265	0.6636666666666666	0.4418333333333333	0.6756666666666666	0.4688333333333333	0.41383333333333333	0.45899999999999996	0.6383333333333333	0.6591666666666667	0.41666666666666663	0.5768333333333333	0.565	0.35866666666666663	0.5033333333333333
0.6158333333333333	0.5793333333333334	0.3075	0.5246666666666666	0.5203333333333333	0.625	0.478	0.7921666666666667	0.7053333333333333	0.6193333333333333	0.49116666666666664	0.32416666666666666	0.3705	0.5153333333333333	0.35916666666666663	0.5519999999999999	0.5506666666666666	0.46249999999999997	0.4463333333333333	0.4445	0.1815	0.7326666666666667	0.5403333333333333	0.5995	0.5575	0.5203333333333333	0.30866666666666664	0.484	0.5041666666666667	0.345	0.5576666666666666	0.5311666666666667	0.7505	0.43566666666666665	0.49083333333333334	0.532	0.6629999999999999	0.6375	0.42166666666666663	0.35733333333333334	0.43	0.5648333333333333	0.6268333333333334	0.384	0.41983333333333334	0.4568333333333333	0.2763333333333333	0.5816666666666667	0.43966666666666665	0.4651666666666667	0.35616666666666663	0.5308333333333333	0.4713333333333333	0.5091666666666667	0.6143333333333333	0.5708333333333333	0.39899999999999997	0.4666666666666667	0.5758333333333333	0.871	0.6699999999999999	0.40299999999999997	0.5216666666666666	0.48783333333333334	0.5693333333333334	0.5956666666666667	0.88	0.598	0.4583333333333333	0.44166666666666665	0.36816666666666664	0.6373333333333333	0.6698333333333333	0.612	0.4393333333333333	0.4715	0.5466666666666666	0.5771666666666666	0.35233333333333333	0.4473333333333333	0.477	0.7963333333333333	0.7673333333333333	0.6551666666666667	0.5333333333333333	0.36683333333333334	0.5511666666666667	0.5836666666666667	0.161	0.255	0.378	0.6641666666666667	0.24783333333333332	0.5375	0.5345	0.7433333333333333	0.418	0.41183333333333333	0.4073333333333333	0.7028333333333333
0.4705	0.4711666666666667	0.37316666666666665	0.7093333333333333	0.5485	0.8496666666666667	0.8119999999999999	0.5935	0.5511666666666667	0.3495	0.416	0.4368333333333333	0.39599999999999996	0.74	0.225	0.5648333333333333	0.6226666666666666	0.4598333333333333	0.39816666666666667	0.5031666666666667	0.3298333333333333	0.3685	0.6131666666666666	0.29316666666666663	0.7244999999999999	0.5426666666666666	0.5805	0.49566666666666664	0.4305	0.5191666666666667	0.4515	0.538	0.636	0.729	0.5816666666666667	0.6158333333333333	0.6683333333333333	0.43116666666666664	0.31466666666666665	0.5808333333333333	0.6355	0.5648333333333333	0.4598333333333333	0.5075	0.239	0.4518333333333333	0.522	0.5328333333333333	0.37616666666666665	0.41616666666666663	0.7168333333333333	0.447	0.5888333333333333	0.709	0.5476666666666666	0.4393333333333333	0.637	0.356	0.5848333333333333	0.5453333333333333	0.32266666666666666	0.3383333333333333	0.48583333333333334	0.46416666666666667	0.48983333333333334	0.5586666666666666	0.5415	0.5975	0.4553333333333333	0.5241666666666667	0.29766666666666663	0.39699999999999996	0.4623333333333333	0.21666666666666665	0.531	0.44566666666666666	0.6073333333333333	0.5061666666666667	0.7155	0.5525	0.48483333333333334	0.623	0.35616666666666663	0.44366666666666665	0.9473333333333332	0.508	0.33449999999999996	0.3545	0.46199999999999997	0.8161666666666666	0.4053333333333333	0.322	0.4935	0.23616666666666666	0.30416666666666664	0.873	0.7586666666666666	0.7175	0.4658333333333333	0.6578333333333333
0.30983333333333335	0.4975	0.487	0.49966666666666665	0.23199999999999998	0.9048333333333333	0.3	0.6271666666666667	0.45349999999999996	0.26416666666666666	0.654	0.4746666666666666	0.30016666666666664	0.6368333333333334	0.6851666666666666	0.5411666666666667	0.5205	0.40349999999999997	0.2513333333333333	0.5283333333333333	0.47716666666666663	0.6941666666666666	0.39466666666666667	0.30433333333333334	0.47983333333333333	0.5305	0.5003333333333333	0.6288333333333334	0.4518333333333333	0.6108333333333333	0.6128333333333333	0.44566666666666666	0.7166666666666667	0.6016666666666667	0.6308333333333334	0.4106666666666667	0.4468333333333333	0.4963333333333333	0.57	0.36766666666666664	0.23366666666666666	0.5643333333333334	0.24183333333333332	0.9674999999999999	0.8518333333333333	0.6166666666666667	0.8936666666666666	0.5855	0.6859999999999999	0.39866666666666667	0.5426666666666666	0.661	0.35466666666666663	0.5968333333333333	0.422	0.39699999999999996	0.6236666666666666	0.45716666666666667	0.5486666666666666	0.5105	0.5533333333333333	0.5996666666666667	0.498	0.7145	0.8401666666666666	0.3873333333333333	0.3905	0.6498333333333333	0.45699999999999996	0.6568333333333333	0.451	0.33349999999999996	0.8868333333333333	0.6646666666666666	0.6731666666666667	0.435	0.4408333333333333	0.44866666666666666	0.3005	0.39999999999999997	0.8448333333333333	0.6649999999999999	0.35283333333333333	0.39166666666666666	0.42033333333333334	0.6868333333333333	0.345	0.42216666666666663	0.383	0.5656666666666667	0.39849999999999997	1.0046666666666666	0.5283333333333333	0.431	0.381	0.4588333333333333	0.6228333333333333	0.5865	0.6793333333333333	0.45616666666666666
0.5333333333333333	0.28049999999999997	0.347	0.5781666666666666	0.2845	1.0513333333333332	0.7555	0.5055	0.43816666666666665	0.578	0.7566666666666666	0.5365	0.653	0.5003333333333333	0.31216666666666665	0.5638333333333333	0.5811666666666666	0.19116666666666665	0.7253333333333333	0.443	0.718	0.7683333333333333	0.44566666666666666	0.5016666666666667	0.5293333333333333	0.6214999999999999	0.31416666666666665	0.39	0.7909999999999999	0.5061666666666667	0.7558333333333334	0.6936666666666667	0.33566666666666667	0.4433333333333333	0.6375	0.6735	1.0063333333333333	0.377	0.5041666666666667	0.713	0.877	0.4578333333333333	0.5446666666666666	0.5618333333333333	0.6173333333333333	0.5103333333333333	0.6133333333333333	0.6106666666666667	0.34049999999999997	0.46216666666666667	0.27849999999999997	0.5555	0.48383333333333334	0.3808333333333333	0.7631666666666667	0.29033333333333333	0.6911666666666666	0.419	0.762	0.47383333333333333	0.46799999999999997	0.5731666666666666	0.4765	0.6701666666666667	0.7855	0.7621666666666667	0.5823333333333333	0.3853333333333333	0.7061666666666666	0.5316666666666666	0.6186666666666667	0.6543333333333333	0.499	0.4388333333333333	0.6781666666666667	0.5403333333333333	0.626	0.5786666666666667	0.6413333333333333	0.6803333333333333	0.5556666666666666	0.40016666666666667	0.4825	0.30666666666666664	0.49083333333333334	0.3855	0.588	0.266	0.4875	0.5831666666666666	0.36416666666666664	0.3893333333333333	0.3718333333333333	0.30666666666666664	0.296	0.6346666666666666	0.41133333333333333	0.6353333333333333	0.7348333333333333	0.353
0.9099999999999999	0.28883333333333333	0.6786666666666666	0.46749999999999997	0.35383333333333333	0.5931666666666666	0.541	0.41966666666666663	0.6281666666666667	0.5045	0.32966666666666666	0.6261666666666666	0.6678333333333333	0.48166666666666663	0.7071666666666666	0.5565	0.8053333333333333	0.30866666666666664	0.7163333333333333	0.498	0.25316666666666665	0.3148333333333333	0.6921666666666666	0.37466666666666665	0.38466666666666666	0.43566666666666665	0.2811666666666667	0.479	0.5251666666666667	0.5335	0.5575	0.5691666666666666	0.2843333333333333	0.473	0.5285	0.49016666666666664	0.34199999999999997	0.5938333333333333	0.6421666666666667	0.6428333333333333	0.6596666666666666	0.2896666666666667	0.59	0.29966666666666664	0.6706666666666666	0.6548333333333333	0.6078333333333333	0.351	0.8578333333333333	0.7344999999999999	0.3525	0.6156666666666667	0.46749999999999997	0.6283333333333333	0.7191666666666666	0.5046666666666666	0.5726666666666667	0.7725	0.39016666666666666	0.41133333333333333	0.7738333333333333	0.5703333333333334	0.47733333333333333	0.8601666666666666	0.712	0.6961666666666666	0.6104999999999999	0.7261666666666666	0.6408333333333334	0.3173333333333333	0.6896666666666667	0.42883333333333334	0.5071666666666667	0.47966666666666663	0.4693333333333333	0.7433333333333333	0.6043333333333333	0.5895	0.5413333333333333	0.4098333333333333	0.5125	0.44416666666666665	0.24583333333333332	0.5815	0.5256666666666666	0.9221666666666667	0.5551666666666667	0.5855	0.3453333333333333	0.39399999999999996	0.5208333333333334	0.5378333333333333	0.6198333333333333	0.6793333333333333	0.385	0.519	0.5645	0.29683333333333334	0.26516666666666666	0.23866666666666667
0.35566666666666663	0.5218333333333334	0.5263333333333333	0.29916666666666664	0.6585	0.24766666666666665	0.48883333333333334	0.597	0.844	0.733	0.45716666666666667	0.31266666666666665	0.6665	0.7828333333333333	0.6981666666666666	0.6581666666666667	0.511	0.5846666666666667	0.5315	0.6001666666666666	0.30883333333333335	0.5063333333333333	0.6653333333333333	0.435	0.43766666666666665	0.48183333333333334	0.4963333333333333	0.39316666666666666	0.2815	0.5016666666666667	0.4845	0.5548333333333333	0.527	0.5498333333333333	0.4275	0.8226666666666667	0.4068333333333333	0.6091666666666666	0.8198333333333333	0.223	0.45816666666666667	0.7558333333333334	0.5116666666666666	0.5783333333333334	0.6241666666666666	0.32	0.6043333333333333	0.6881666666666666	0.5338333333333333	0.5411666666666667	0.5781666666666666	0.495	0.39299999999999996	0.4026666666666667	0.5456666666666666	0.7155	0.5549999999999999	0.5446666666666666	0.3471666666666667	0.442	0.8461666666666666	0.5516666666666666	0.7573333333333333	0.4125	0.363	0.6265	0.5605	0.45449999999999996	1.2313333333333334	0.2595	0.6403333333333333	0.45266666666666666	0.46116666666666667	0.6298333333333334	0.5263333333333333	0.39249999999999996	0.4363333333333333	0.582	0.39649999999999996	0.43816666666666665	0.35933333333333334	0.6286666666666666	0.4021666666666667	0.135	0.6034999999999999	0.769	0.5006666666666667	0.3233333333333333	0.3998333333333333	0.44716666666666666	0.2895	0.606	0.7175	0.4695	0.5555	0.7431666666666666	0.38266666666666665	0.5858333333333333	0.43	0.24933333333333332
0.5378333333333333	0.6606666666666666	0.9139999999999999	0.6114999999999999	0.5646666666666667	0.6316666666666666	0.4493333333333333	0.48816666666666664	0.3303333333333333	0.5655	0.5208333333333334	0.24933333333333332	0.5051666666666667	0.34933333333333333	0.5048333333333334	0.5716666666666667	0.5295	0.5346666666666666	0.47883333333333333	0.5265	0.6158333333333333	0.423	0.44416666666666665	0.6649999999999999	0.40066666666666667	0.48583333333333334	0.46049999999999996	0.3461666666666667	0.5063333333333333	0.4865	0.498	0.5126666666666666	0.48716666666666664	0.39166666666666666	0.5048333333333334	0.6423333333333333	0.5015	0.5383333333333333	0.41716666666666663	0.5726666666666667	0.611	0.4676666666666667	0.5986666666666667	0.3421666666666667	0.40016666666666667	0.29	0.5065	0.8271666666666666	0.8795	0.6173333333333333	0.7263333333333333	0.35866666666666663	0.5183333333333333	0.29	0.309	0.4333333333333333	0.4646666666666667	0.2573333333333333	0.5753333333333334	0.5198333333333334	0.38566666666666666	0.37416666666666665	0.33866666666666667	0.6716666666666666	0.4775	0.3928333333333333	0.3823333333333333	0.35316666666666663	0.4111666666666667	0.35666666666666663	0.6623333333333333	0.64	0.48266666666666663	0.7961666666666667	0.41383333333333333	0.41466666666666663	0.6809999999999999	0.43083333333333335	0.5589999999999999	0.6749999999999999	0.3411666666666667	0.6333333333333333	0.432	0.6521666666666667	0.3358333333333333	0.83	0.4065	0.47	0.3645	0.37133333333333335	0.6021666666666666	0.42766666666666664	0.6015	0.5153333333333333	0.3506666666666667	0.8905	0.7366666666666667	0.3453333333333333	0.5006666666666667	0.5063333333333333
0.5603333333333333	0.3875	0.6024999999999999	0.48	0.5845	0.6735	0.4658333333333333	0.5011666666666666	0.5595	0.5146666666666666	0.6353333333333333	0.4923333333333333	0.35766666666666663	0.8586666666666667	0.4713333333333333	0.5558333333333333	0.6591666666666667	0.5363333333333333	0.7668333333333333	0.2748333333333333	0.6231666666666666	0.523	0.8211666666666666	0.692	0.611	0.36866666666666664	0.5496666666666666	0.8021666666666667	0.6066666666666667	0.531	0.27216666666666667	0.5673333333333334	0.2415	0.7681666666666667	0.433	0.499	0.6194999999999999	0.6583333333333333	0.7043333333333333	0.5573333333333333	0.5335	0.6779999999999999	0.435	0.48833333333333334	0.8163333333333334	0.6016666666666667	0.192	0.837	0.5536666666666666	0.4658333333333333	0.49083333333333334	0.6146666666666667	0.4023333333333333	0.5728333333333333	0.4418333333333333	0.7633333333333333	0.4463333333333333	0.5161666666666667	0.36283333333333334	0.4965	0.47933333333333333	0.7136666666666667	0.35416666666666663	0.3456666666666667	0.748	0.433	0.3453333333333333	0.568	0.329	0.5568333333333333	0.6528333333333333	0.521	0.3828333333333333	0.45599999999999996	0.7283333333333333	0.423	0.16083333333333333	0.4058333333333333	0.5391666666666667	0.519	0.6168333333333333	0.5191666666666667	0.6193333333333333	0.3783333333333333	0.7434999999999999	0.5233333333333333	0.45349999999999996	0.2841666666666667	0.45916666666666667	0.414	0.7354999999999999	0.4558333333333333	0.832	0.39816666666666667	0.7121666666666666	0.6711666666666667	0.38166666666666665	0.5931666666666666	0.8061666666666666	0.3476666666666667
0.513	0.6044999999999999	0.6128333333333333	0.5605	0.7073333333333333	0.5818333333333333	0.4938333333333333	0.19999999999999998	0.6048333333333333	0.3463333333333333	0.3516666666666666	0.5058333333333334	0.6216666666666667	0.42033333333333334	0.6313333333333333	0.29883333333333334	0.48116666666666663	0.7078333333333333	0.42033333333333334	0.45299999999999996	0.8426666666666667	0.43316666666666664	0.587	0.5105	0.8463333333333333	0.4963333333333333	0.5771666666666666	0.7003333333333334	0.5031666666666667	0.4403333333333333	0.5051666666666667	0.30266666666666664	0.33416666666666667	0.37766666666666665	0.5196666666666666	0.7771666666666667	0.389	0.6458333333333333	0.9946666666666666	0.5619999999999999	0.2895	0.4448333333333333	0.423	0.6473333333333333	0.541	0.7451666666666666	0.38966666666666666	0.7565	0.29116666666666663	0.287	0.5233333333333333	0.7103333333333333	0.48433333333333334	0.5871666666666666	0.6518333333333333	0.6856666666666666	0.4458333333333333	0.72	0.5281666666666667	0.6036666666666667	0.2861666666666667	0.607	0.38866666666666666	0.5539999999999999	0.5228333333333333	0.4488333333333333	0.46416666666666667	0.2425	0.3988333333333333	0.3396666666666667	0.3178333333333333	0.4523333333333333	0.5436666666666666	0.4465	0.47983333333333333	0.5386666666666666	0.9155	0.37016666666666664	0.6761666666666667	0.16833333333333333	0.4676666666666667	0.5151666666666667	0.3878333333333333	0.6161666666666666	0.8953333333333333	0.7186666666666667	0.845	0.44916666666666666	0.5361666666666667	0.5821666666666666	0.6138333333333333	0.5516666666666666	0.42716666666666664	0.40049999999999997	0.5449999999999999	0.5135	0.5856666666666667	0.41783333333333333	0.5453333333333333	0.7424999999999999
0.45666666666666667	0.6173333333333333	0.476	0.31366666666666665	0.7855	0.7873333333333333	0.29783333333333334	0.3285	0.5756666666666667	0.5251666666666667	0.7266666666666667	0.4468333333333333	0.42866666666666664	0.6031666666666666	0.5435	0.7859999999999999	0.8273333333333333	0.40116666666666667	0.5459999999999999	0.45616666666666666	0.7535	0.45599999999999996	0.217	0.4628333333333333	0.35433333333333333	0.42483333333333334	0.6033333333333333	0.3585	0.6166666666666667	0.31466666666666665	0.752	0.7803333333333333	0.3421666666666667	0.6383333333333333	0.4315	0.3835	0.4666666666666667	0.43366666666666664	0.5981666666666666	0.4938333333333333	0.5941666666666666	0.26066666666666666	0.5251666666666667	0.5609999999999999	0.5815	0.6396666666666666	0.6771666666666667	0.5945	0.38916666666666666	0.6515	0.44516666666666665	0.22166666666666665	0.5561666666666667	0.34983333333333333	0.7468333333333333	0.41916666666666663	0.2558333333333333	0.5026666666666666	0.3943333333333333	0.9173333333333333	0.607	0.5365	0.444	0.5283333333333333	0.6838333333333333	0.486	0.5589999999999999	0.42883333333333334	0.39449999999999996	0.5296666666666666	0.481	0.5603333333333333	0.22133333333333333	0.8273333333333333	0.6443333333333333	0.7633333333333333	0.581	0.6618333333333333	0.8518333333333333	0.4135	0.5028333333333334	0.4658333333333333	0.40149999999999997	0.37866666666666665	0.3045	0.2035	0.4995	0.47	0.4603333333333333	0.3308333333333333	0.6605	0.7558333333333334	0.3948333333333333	0.6328333333333334	0.5881666666666666	0.48866666666666664	0.4805	0.49466666666666664	0.8616666666666667	0.33199999999999996
0.5956666666666667	0.5308333333333333	0.38916666666666666	0.37616666666666665	0.6051666666666666	0.4825	0.571	0.8068333333333333	0.8301666666666666	0.3938333333333333	0.4205	0.48	0.4726666666666666	0.31083333333333335	0.2705	0.41966666666666663	0.36783333333333335	0.5408333333333333	0.45649999999999996	0.5951666666666666	0.4668333333333333	0.6535	0.44116666666666665	0.705	0.575	0.7193333333333333	0.2195	0.3845	0.517	1.0038333333333334	0.4458333333333333	0.2575	0.31033333333333335	0.3753333333333333	0.31416666666666665	0.4098333333333333	0.45549999999999996	0.6663333333333333	0.43466666666666665	0.6078333333333333	0.7806666666666666	0.6226666666666666	0.389	0.447	0.7955	0.43316666666666664	0.3418333333333333	0.346	0.5753333333333334	0.42183333333333334	0.41583333333333333	0.48466666666666663	0.448	0.419	0.4925	0.5701666666666666	0.6093333333333333	0.4338333333333333	0.5995	0.9545	0.20766666666666667	0.5296666666666666	0.529	0.5535	0.3813333333333333	0.29466666666666663	0.7073333333333333	0.6988333333333333	1.0078333333333334	0.621	0.6066666666666667	0.355	0.7543333333333333	0.22266666666666665	0.30983333333333335	0.5675	0.6388333333333334	0.72	0.385	0.4368333333333333	0.693	0.568	0.5318333333333333	0.6848333333333333	0.7846666666666666	0.38866666666666666	0.5286666666666666	0.5021666666666667	0.4633333333333333	0.4755	0.573	0.48716666666666664	0.7786666666666666	0.4053333333333333	0.7015	0.26266666666666666	0.3848333333333333	0.5793333333333334	0.4715	0.35466666666666663
0.7055	0.7875	0.284	0.49083333333333334	0.7328333333333333	0.5768333333333333	0.6729999999999999	0.4075	0.39949999999999997	0.45616666666666666	0.442	0.6561666666666667	0.603	0.30283333333333334	0.48133333333333334	0.288	0.7635	0.476	0.4973333333333333	0.3293333333333333	0.317	0.8583333333333333	0.6296666666666666	0.6091666666666666	0.4433333333333333	0.23249999999999998	0.27116666666666667	0.2603333333333333	0.384	0.4533333333333333	0.5436666666666666	0.3358333333333333	0.309	0.8415	0.3988333333333333	0.5171666666666667	0.6498333333333333	0.48333333333333334	0.5308333333333333	0.48466666666666663	0.24316666666666667	0.2405	0.5611666666666667	0.49516666666666664	0.5646666666666667	0.5353333333333333	0.7376666666666667	0.36166666666666664	0.36833333333333335	0.22216666666666665	0.6214999999999999	0.3443333333333333	0.6343333333333333	0.3411666666666667	0.8658333333333333	0.4628333333333333	0.709	0.5313333333333333	0.506	0.8318333333333333	0.366	0.44716666666666666	0.44216666666666665	0.45816666666666667	0.3725	0.6336666666666666	0.479	0.5948333333333333	0.3308333333333333	0.5545	0.568	0.477	0.4663333333333333	0.3428333333333333	0.4038333333333333	1.1463333333333332	0.5216666666666666	0.3685	0.3225	0.6441666666666667	0.5585	0.6536666666666666	0.5498333333333333	0.5806666666666667	0.47583333333333333	0.46149999999999997	0.5	0.4125	0.506	0.5446666666666666	0.29733333333333334	0.532	0.2518333333333333	0.5715	0.5509999999999999	0.349	0.5266666666666666	0.36583333333333334	0.8076666666666666	0.5636666666666666
0.6076666666666667	0.5701666666666666	0.5638333333333333	0.6576666666666666	0.5403333333333333	0.5226666666666666	0.2383333333333333	0.3473333333333333	0.623	0.45466666666666666	0.647	0.46199999999999997	0.886	0.409	0.47983333333333333	0.44366666666666665	0.6018333333333333	0.6455	0.6859999999999999	0.6613333333333333	0.4136666666666666	0.35583333333333333	0.3403333333333333	0.628	0.7666666666666666	0.531	0.6198333333333333	0.6216666666666667	0.407	0.5123333333333333	0.7246666666666667	0.6513333333333333	0.3516666666666666	0.3723333333333333	0.26116666666666666	0.36333333333333334	0.5063333333333333	0.6838333333333333	0.5569999999999999	0.19649999999999998	0.8311666666666666	0.8568333333333333	0.4775	0.252	0.7525	0.5883333333333333	0.4061666666666667	0.7093333333333333	0.3743333333333333	0.2896666666666667	0.5569999999999999	0.23766666666666666	0.6639999999999999	0.5768333333333333	0.6063333333333333	0.781	0.824	0.6208333333333333	0.516	0.38066666666666665	1.0095	0.46599999999999997	0.2856666666666667	0.3898333333333333	0.6628333333333333	0.6958333333333333	0.32466666666666666	0.4528333333333333	0.39899999999999997	0.539	0.6253333333333333	0.49033333333333334	0.7873333333333333	0.5488333333333333	0.6813333333333333	0.4618333333333333	0.45116666666666666	0.5408333333333333	0.35616666666666663	0.5135	0.621	0.35683333333333334	0.7613333333333333	0.5693333333333334	0.7525	0.5816666666666667	0.5136666666666666	0.3438333333333333	0.5501666666666667	0.5453333333333333	0.734	0.5371666666666667	0.609	0.124	0.6736666666666666	0.5788333333333333	0.40399999999999997	0.6126666666666667	0.45216666666666666	0.43166666666666664
0.47766666666666663	0.3865	0.3943333333333333	0.654	0.9713333333333333	0.473	0.34983333333333333	0.7486666666666666	0.2475	0.4095	0.5331666666666667	0.38266666666666665	0.5673333333333334	0.427	0.3835	0.47333333333333333	0.497	0.32366666666666666	0.4705	1.0918333333333332	0.6261666666666666	0.32816666666666666	0.48733333333333334	0.45166666666666666	0.7795	0.39466666666666667	0.3885	0.49066666666666664	0.5863333333333333	0.4741666666666666	0.5113333333333333	0.6216666666666667	0.639	0.8453333333333333	0.6116666666666667	0.5441666666666667	0.9056666666666666	0.37516666666666665	0.7756666666666666	0.5816666666666667	0.6406666666666666	0.47533333333333333	0.4523333333333333	0.565	0.40599999999999997	0.6034999999999999	0.447	0.6053333333333333	0.479	0.6921666666666666	0.5571666666666667	0.3905	0.2543333333333333	0.2803333333333333	0.7406666666666667	0.8906666666666666	0.38666666666666666	0.9319999999999999	1.2661666666666667	0.3496666666666667	0.7366666666666667	0.45266666666666666	0.4795	0.39866666666666667	0.652	0.5441666666666667	0.5675	0.3283333333333333	0.6458333333333333	0.43366666666666664	0.7889999999999999	0.8385	0.622	0.5506666666666666	0.20466666666666666	0.4885	0.3118333333333333	0.5798333333333333	0.4915	0.524	0.5951666666666666	0.35183333333333333	0.3268333333333333	0.9603333333333333	0.5003333333333333	0.35866666666666663	0.45266666666666666	0.5526666666666666	0.193	0.6184999999999999	0.532	0.5325	0.7973333333333333	0.4938333333333333	0.474	0.40016666666666667	0.46549999999999997	0.6545	0.6196666666666667	0.7001666666666666
0.5015	0.6683333333333333	0.6855	0.26066666666666666	0.5121666666666667	0.5238333333333333	0.23066666666666666	0.5981666666666666	0.33666666666666667	0.6285	0.5628333333333333	0.4078333333333333	0.48833333333333334	0.5315	0.5513333333333333	0.5876666666666667	0.422	0.425	0.41	0.3848333333333333	0.8336666666666667	0.9863333333333333	0.4651666666666667	0.4688333333333333	0.48166666666666663	0.44216666666666665	0.6531666666666667	0.27416666666666667	0.5631666666666666	0.5156666666666666	0.7956666666666666	0.42333333333333334	0.8326666666666667	0.5606666666666666	0.46499999999999997	0.7879999999999999	0.45366666666666666	0.5933333333333333	0.6608333333333333	0.5315	0.5935	0.3718333333333333	0.40116666666666667	0.6104999999999999	0.5321666666666667	0.531	0.6088333333333333	0.5798333333333333	0.5098333333333334	0.576	0.6991666666666666	0.44916666666666666	0.2623333333333333	0.29633333333333334	0.415	0.5216666666666666	0.5865	0.5231666666666667	0.6295	0.5065	0.7036666666666667	0.5103333333333333	0.7523333333333333	0.381	0.5126666666666666	0.37416666666666665	0.6728333333333333	0.475	0.5846666666666667	0.6638333333333333	0.4508333333333333	0.5696666666666667	0.659	0.5596666666666666	0.6003333333333333	0.30766666666666664	0.5881666666666666	0.45116666666666666	0.45316666666666666	0.5598333333333333	0.424	0.7621666666666667	0.31266666666666665	0.443	0.5041666666666667	0.2843333333333333	0.7951666666666667	0.4945	0.481	0.51	0.7528333333333334	0.4453333333333333	0.6373333333333333	0.4885	0.427	0.5203333333333333	0.5206666666666666	0.4563333333333333	0.21516666666666667	0.5463333333333333
0.5501666666666667	0.329	0.6216666666666667	0.7234999999999999	0.5911666666666666	0.5173333333333333	0.8413333333333333	0.5093333333333333	0.2833333333333333	0.6278333333333334	0.4365	0.8373333333333333	0.3455	0.3451666666666667	0.64	0.9203333333333333	0.4703333333333333	0.5753333333333334	0.2783333333333333	0.6005	0.22866666666666666	0.8216666666666667	0.3378333333333333	0.4068333333333333	0.6456666666666666	0.42266666666666663	0.531	0.6455	0.5881666666666666	0.4405	0.36	0.5633333333333334	0.8561666666666666	0.4805	0.38916666666666666	0.7183333333333333	1.159	0.6171666666666666	0.36716666666666664	0.542	0.5431666666666667	0.5221666666666667	0.601	0.4378333333333333	0.8684999999999999	0.3873333333333333	0.7188333333333333	0.5185	0.29266666666666663	0.5571666666666667	0.5923333333333333	0.5519999999999999	0.5328333333333333	0.8476666666666667	0.40199999999999997	0.4125	0.5273333333333333	0.9764999999999999	0.4116666666666666	0.5461666666666667	0.6008333333333333	0.5106666666666666	0.505	0.419	0.43466666666666665	0.5825	0.238	0.4105	0.432	0.817	0.44666666666666666	0.3396666666666667	0.597	0.5275	0.411	0.3735	0.6813333333333333	0.7613333333333333	0.32416666666666666	0.6855	0.5495	0.5916666666666667	0.49366666666666664	0.9061666666666667	0.5003333333333333	0.5676666666666667	0.43033333333333335	0.4393333333333333	0.3545	0.2705	0.7096666666666667	0.4938333333333333	0.3188333333333333	0.5341666666666667	0.36033333333333334	0.46066666666666667	0.6508333333333333	0.2555	0.4275	0.42566666666666664
0.5081666666666667	0.648	0.4681666666666667	0.4633333333333333	0.32616666666666666	0.49466666666666664	0.5531666666666667	0.45616666666666666	0.7055	0.6741666666666667	0.24983333333333332	0.4285	0.2568333333333333	0.5449999999999999	0.616	0.4478333333333333	0.423	0.6226666666666666	0.71	0.6551666666666667	0.6913333333333334	0.3898333333333333	0.688	0.4295	0.5368333333333333	0.349	0.6455	0.5908333333333333	0.8581666666666666	0.9323333333333333	0.36783333333333335	0.21633333333333332	0.3848333333333333	0.5381666666666667	0.6078333333333333	0.725	0.2655	0.5001666666666666	0.5436666666666666	0.4483333333333333	0.4875	0.48	0.8664999999999999	0.5056666666666666	0.7505	0.5256666666666666	0.3	0.5395	0.4745	0.41	0.21366666666666667	0.6819999999999999	0.5766666666666667	0.6826666666666666	0.291	0.5103333333333333	0.4666666666666667	0.6515	0.8083333333333333	0.5596666666666666	0.30333333333333334	0.6773333333333333	0.7771666666666667	0.3978333333333333	0.4693333333333333	0.3243333333333333	0.31266666666666665	0.7598333333333334	0.6244999999999999	0.5483333333333333	0.6968333333333333	0.6941666666666666	0.6993333333333334	0.2776666666666667	0.35566666666666663	0.38916666666666666	0.40299999999999997	0.6395	0.5415	0.27349999999999997	0.6471666666666667	0.7518333333333334	0.6679999999999999	0.48683333333333334	0.5446666666666666	0.5421666666666667	0.9711666666666666	0.331	0.5791666666666666	0.4938333333333333	0.6256666666666666	0.7711666666666667	0.3468333333333333	0.38216666666666665	0.7384999999999999	0.5006666666666667	0.6906666666666667	0.39716666666666667	0.5205	0.5303333333333333
0.5896666666666667	0.5023333333333333	0.6473333333333333	0.374	0.5396666666666666	0.6361666666666667	0.7148333333333333	0.29866666666666664	0.449	0.6471666666666667	0.6218333333333333	0.6475	0.6203333333333333	0.6134999999999999	0.6118333333333333	0.639	0.576	0.565	0.643	0.5915	0.5783333333333334	0.5733333333333334	0.33716666666666667	0.5538333333333333	0.5366666666666666	0.8303333333333333	0.6668333333333333	0.564	0.43766666666666665	0.3913333333333333	0.46366666666666667	0.13116666666666665	0.43	0.7126666666666667	0.5358333333333333	0.5585	0.4885	0.43966666666666665	0.46366666666666667	0.29783333333333334	0.5166666666666666	0.5358333333333333	0.5828333333333333	0.35916666666666663	0.6313333333333333	0.18366666666666667	0.3793333333333333	0.5153333333333333	0.39249999999999996	0.345	0.29933333333333334	0.41716666666666663	0.877	0.44	0.4701666666666667	0.5813333333333334	0.4528333333333333	0.48383333333333334	0.7284999999999999	0.5135	0.4075	0.4691666666666667	0.39749999999999996	0.64	0.3778333333333333	0.6536666666666666	0.6481666666666667	0.6266666666666666	0.5958333333333333	0.5681666666666666	0.6576666666666666	0.5211666666666667	0.4825	0.373	0.45599999999999996	0.37	0.4656666666666667	0.6563333333333333	0.4488333333333333	0.32166666666666666	0.5076666666666666	0.57	0.5743333333333334	0.48383333333333334	0.1758333333333333	0.7526666666666666	0.4068333333333333	0.9391666666666666	0.5196666666666666	0.3228333333333333	0.41333333333333333	0.3968333333333333	0.5995	0.4518333333333333	0.16699999999999998	0.46166666666666667	0.33299999999999996	0.4608333333333333	0.27449999999999997	0.6946666666666667
0.45566666666666666	0.3248333333333333	0.3735	0.7915	0.48583333333333334	0.5196666666666666	0.32066666666666666	0.7326666666666667	0.303	0.3595	0.3928333333333333	0.47983333333333333	0.5246666666666666	0.3153333333333333	0.414	0.5976666666666667	1.1693333333333333	0.2645	0.8378333333333333	0.35933333333333334	0.5655	0.448	0.8851666666666667	0.7324999999999999	0.5963333333333333	0.45766666666666667	0.6638333333333333	0.7055	0.62	0.4523333333333333	0.3158333333333333	0.5281666666666667	0.5223333333333333	0.41083333333333333	0.266	0.37716666666666665	0.7228333333333333	0.6041666666666666	0.4538333333333333	0.42016666666666663	0.5436666666666666	0.5893333333333333	0.30016666666666664	0.5736666666666667	0.6708333333333333	0.5183333333333333	0.437	0.589	0.7881666666666667	0.4745	0.38166666666666665	0.329	0.45666666666666667	0.486	0.34249999999999997	0.5303333333333333	0.522	0.25116666666666665	0.39549999999999996	0.3413333333333333	0.45216666666666666	0.5388333333333333	0.587	0.3441666666666667	0.5828333333333333	0.4695	0.358	0.5486666666666666	0.5951666666666666	0.7695	0.53	0.597	0.7626666666666666	0.24183333333333332	0.31116666666666665	0.6749999999999999	0.40066666666666667	0.605	0.364	0.6171666666666666	0.387	0.38	0.31716666666666665	0.5573333333333333	0.4973333333333333	0.5021666666666667	0.7628333333333334	0.4018333333333333	0.5691666666666666	0.4628333333333333	0.537	0.6005	0.7733333333333333	0.2698333333333333	0.44016666666666665	0.4945	0.6561666666666667	0.541	0.3468333333333333	0.7543333333333333
0.5579999999999999	0.6628333333333333	0.31216666666666665	0.6511666666666667	0.35616666666666663	0.39116666666666666	0.6136666666666667	0.5238333333333333	0.4348333333333333	0.5036666666666666	0.3298333333333333	0.5556666666666666	0.8513333333333333	0.4543333333333333	0.297	0.6681666666666667	0.7383333333333333	0.4101666666666667	0.4568333333333333	0.4195	0.32216666666666666	0.4413333333333333	0.4453333333333333	0.46749999999999997	0.36716666666666664	0.641	0.5653333333333334	0.5	0.8516666666666667	0.39166666666666666	0.7696666666666666	0.42383333333333334	0.4051666666666667	0.22083333333333333	0.5973333333333333	0.31083333333333335	0.5595	0.47833333333333333	0.5288333333333333	0.6385	0.6401666666666667	1.1261666666666665	0.6855	0.4741666666666666	0.3878333333333333	0.378	0.3753333333333333	0.41466666666666663	0.5416666666666666	0.22433333333333333	0.29866666666666664	0.5748333333333333	0.7615	0.13166666666666665	0.347	0.653	0.33766666666666667	0.37366666666666665	0.4428333333333333	0.5875	0.4036666666666667	0.5693333333333334	0.5595	0.5825	0.652	0.5435	0.498	0.5373333333333333	0.433	0.4905	0.6306666666666666	0.637	0.5715	0.5413333333333333	0.7021666666666666	0.721	0.314	0.30583333333333335	0.4646666666666667	1.0245	0.6318333333333334	0.6561666666666667	0.5941666666666666	0.5798333333333333	0.6068333333333333	0.614	0.3878333333333333	0.7661666666666667	0.501	0.585	0.5486666666666666	0.307	0.5848333333333333	0.3948333333333333	0.5418333333333333	0.6799999999999999	0.4495	0.5459999999999999	0.4333333333333333	0.4855
0.5405	0.536	0.8666666666666666	0.7173333333333333	0.3213333333333333	0.6043333333333333	0.4948333333333333	0.2798333333333333	0.2891666666666667	0.4096666666666667	0.535	0.8945	0.4805	0.5105	0.431	0.3318333333333333	0.21366666666666667	0.34983333333333333	0.7354999999999999	0.7121666666666666	0.3883333333333333	0.8698333333333333	0.6346666666666666	0.3913333333333333	0.29333333333333333	0.5455	0.7838333333333333	0.6765	0.29966666666666664	0.5331666666666667	0.2708333333333333	0.6465	0.3675	0.408	0.39466666666666667	0.8346666666666667	0.4785	0.4358333333333333	0.4651666666666667	0.5539999999999999	0.575	0.31033333333333335	0.695	0.6071666666666666	0.5513333333333333	0.5041666666666667	0.7975	0.45499999999999996	1.0078333333333334	0.6258333333333334	0.2975	0.43716666666666665	0.43616666666666665	0.8283333333333333	0.4766666666666666	0.5155	0.5043333333333333	0.5695	0.4715	0.45416666666666666	0.5086666666666666	0.5816666666666667	0.5963333333333333	0.39816666666666667	0.3575	0.7178333333333333	0.725	0.46066666666666667	0.42616666666666664	0.42216666666666663	0.7001666666666666	0.21283333333333332	0.3873333333333333	0.4018333333333333	0.6341666666666667	0.629	0.501	0.6008333333333333	0.44816666666666666	0.49466666666666664	1.1961666666666666	0.35283333333333333	0.41566666666666663	0.5436666666666666	0.6015	0.3418333333333333	0.5816666666666667	0.27516666666666667	0.7506666666666666	0.6695	0.7288333333333333	0.3408333333333333	0.8118333333333333	0.697	0.58	0.6628333333333333	0.30733333333333335	0.8321666666666666	0.4656666666666667	0.23433333333333334
0.7008333333333333	0.828	0.856	0.656	0.4036666666666667	0.5623333333333334	0.42133333333333334	0.6083333333333333	0.5465	0.5368333333333333	0.5975	0.5081666666666667	0.48366666666666663	0.38516666666666666	0.52	0.46649999999999997	0.5905	0.42033333333333334	0.5703333333333334	0.20016666666666666	0.4408333333333333	0.4065	0.5115	0.5455	0.6218333333333333	0.5863333333333333	0.689	0.48516666666666663	0.8121666666666666	0.7643333333333333	0.7821666666666667	0.767	0.5111666666666667	0.4963333333333333	0.5915	0.5901666666666666	0.41516666666666663	0.4711666666666667	0.5473333333333333	0.48083333333333333	0.27466666666666667	0.262	0.6591666666666667	0.5795	0.3793333333333333	0.6146666666666667	0.39466666666666667	0.2383333333333333	0.496	0.47883333333333333	0.4656666666666667	0.6441666666666667	0.9116666666666666	0.48383333333333334	0.44066666666666665	0.13799999999999998	0.5103333333333333	0.5896666666666667	0.5651666666666666	0.5468333333333333	0.539	0.5525	0.2853333333333333	0.4056666666666667	0.43516666666666665	0.4165	0.6941666666666666	0.7736666666666666	0.6915	0.45649999999999996	0.7215	0.4388333333333333	0.487	0.326	0.39766666666666667	0.6234999999999999	0.6306666666666666	0.5311666666666667	0.6323333333333333	0.5178333333333334	0.6525	0.5051666666666667	0.3838333333333333	0.4695	0.3383333333333333	0.4923333333333333	0.48133333333333334	0.414	0.6998333333333333	0.4345	0.6184999999999999	0.3645	0.4715	0.3998333333333333	0.45449999999999996	0.6396666666666666	0.6575	0.6916666666666667	0.5405	0.4338333333333333
0.5893333333333333	0.512	0.6378333333333334	0.2845	0.5681666666666666	0.37216666666666665	0.4065	0.368	0.36533333333333334	0.39649999999999996	0.3188333333333333	0.5533333333333333	0.2856666666666667	0.6485	0.48716666666666664	0.36333333333333334	0.4693333333333333	0.5681666666666666	0.24516666666666667	0.7324999999999999	0.4745	0.6903333333333334	0.40166666666666667	0.2841666666666667	0.42366666666666664	0.5011666666666666	0.6715	0.5758333333333333	0.47483333333333333	0.6163333333333333	0.5995	0.48766666666666664	0.5198333333333334	0.5803333333333334	0.42566666666666664	0.33	0.5008333333333334	0.5958333333333333	0.5381666666666667	0.30583333333333335	0.6881666666666666	0.36066666666666664	0.39249999999999996	0.2145	0.7016666666666667	0.4513333333333333	0.5978333333333333	0.43866666666666665	0.49216666666666664	0.247	0.18483333333333332	0.6273333333333333	0.6194999999999999	0.8666666666666666	0.5486666666666666	0.5113333333333333	0.5388333333333333	0.3085	0.46549999999999997	0.6811666666666667	0.6124999999999999	0.5061666666666667	0.5245	0.3895	0.5718333333333333	0.269	0.3908333333333333	0.6871666666666666	0.443	0.39916666666666667	0.7344999999999999	0.3378333333333333	0.5383333333333333	0.4131666666666666	0.5113333333333333	0.19433333333333333	0.6358333333333334	0.6256666666666666	0.6043333333333333	0.46416666666666667	0.4638333333333333	0.5331666666666667	0.36666666666666664	0.5518333333333333	0.6686666666666666	0.34149999999999997	0.7715	0.3443333333333333	0.6948333333333333	0.7736666666666666	0.6401666666666667	0.5961666666666666	0.39549999999999996	0.6104999999999999	0.5863333333333333	0.5549999999999999	0.25	0.36316666666666664	0.5625	0.7083333333333333
0.193	0.2791666666666667	0.30133333333333334	0.5098333333333334	0.4588333333333333	0.5761666666666666	0.3938333333333333	0.6196666666666667	0.8131666666666666	0.649	0.5173333333333333	0.5716666666666667	0.6156666666666667	0.482	0.41716666666666663	0.4415	0.8848333333333332	0.718	0.4383333333333333	0.39549999999999996	0.5455	0.7581666666666667	0.6828333333333333	0.572	0.437	0.488	0.32316666666666666	0.6445	0.8291666666666666	0.43866666666666665	0.5968333333333333	0.3478333333333333	0.437	0.49	0.4978333333333333	0.40049999999999997	0.425	0.31266666666666665	0.48283333333333334	0.425	0.5313333333333333	0.47716666666666663	0.5271666666666667	0.4988333333333333	0.30516666666666664	0.7598333333333334	0.23116666666666666	0.719	0.5973333333333333	0.2748333333333333	0.7991666666666667	0.7686666666666666	0.6305	0.6653333333333333	0.45199999999999996	0.3065	0.513	0.7076666666666667	0.6973333333333334	0.6753333333333333	0.8251666666666666	0.3401666666666667	0.3783333333333333	0.4676666666666667	0.657	0.522	0.5945	0.5425	0.652	0.31166666666666665	0.44466666666666665	0.5395	0.365	0.495	0.3213333333333333	0.6968333333333333	0.7873333333333333	0.33849999999999997	0.4963333333333333	0.5241666666666667	0.4835	0.7238333333333333	0.5671666666666666	0.8623333333333333	0.47583333333333333	0.45799999999999996	0.6986666666666667	0.7196666666666667	0.8583333333333333	0.5158333333333334	0.6646666666666666	0.5238333333333333	0.3428333333333333	0.4038333333333333	0.3495	0.7414999999999999	0.6831666666666666	0.5341666666666667	0.625	0.6048333333333333
0.5296666666666666	0.5489999999999999	0.8286666666666667	0.6184999999999999	0.5481666666666667	0.236	0.5753333333333334	0.4398333333333333	0.4358333333333333	0.5773333333333334	0.4126666666666666	0.661	0.2068333333333333	0.3273333333333333	0.7001666666666666	0.3025	0.6561666666666667	0.5973333333333333	0.613	0.5213333333333333	0.32516666666666666	0.2915	0.7939999999999999	0.5499999999999999	0.5785	0.6236666666666666	0.6286666666666666	0.43616666666666665	0.7091666666666666	0.4075	0.42133333333333334	0.2895	0.40016666666666667	0.46849999999999997	0.8013333333333333	0.4686666666666667	0.4723333333333333	0.5843333333333333	0.4105	0.5595	0.5278333333333333	0.5653333333333334	0.39249999999999996	0.6776666666666666	0.6673333333333333	0.511	0.36416666666666664	0.3938333333333333	0.6838333333333333	0.5191666666666667	0.442	0.4751666666666666	0.5563333333333333	0.6531666666666667	0.4985	0.4388333333333333	0.4938333333333333	0.4508333333333333	0.42583333333333334	0.6476666666666666	0.5711666666666666	0.23283333333333334	0.36916666666666664	0.7953333333333333	0.5468333333333333	0.6243333333333333	0.2838333333333333	0.6406666666666666	0.389	0.4385	0.23566666666666666	0.4725	0.6741666666666667	0.42766666666666664	0.6478333333333333	0.3165	0.5591666666666667	0.61	0.3458333333333333	0.531	0.4245	0.4505	0.5206666666666666	0.5001666666666666	0.6413333333333333	0.486	0.44166666666666665	0.438	0.7573333333333333	0.45516666666666666	0.43116666666666664	0.7773333333333333	0.6643333333333333	0.2375	0.7126666666666667	0.3705	0.3705	0.7778333333333333	0.4965	0.6231666666666666
0.6451666666666667	0.364	0.5549999999999999	0.6048333333333333	0.48416666666666663	0.6681666666666667	0.6441666666666667	0.44	0.7768333333333333	0.725	0.37716666666666665	0.3163333333333333	0.33916666666666667	0.4185	0.37216666666666665	0.3436666666666667	0.4493333333333333	0.4043333333333333	0.4963333333333333	0.4695	0.4988333333333333	0.40049999999999997	0.7286666666666667	0.208	0.30516666666666664	0.719	0.7631666666666667	0.636	0.3455	0.36583333333333334	0.5551666666666667	0.7035	0.773	0.44766666666666666	0.29366666666666663	0.6478333333333333	0.4081666666666667	0.44516666666666665	0.46016666666666667	0.3788333333333333	0.7655	0.6335	0.5818333333333333	0.5236666666666666	0.5198333333333334	0.6341666666666667	0.5665	0.33599999999999997	0.5663333333333334	0.2705	0.49516666666666664	0.5046666666666666	0.4698333333333333	0.473	0.7096666666666667	0.8011666666666667	0.45716666666666667	0.606	0.6328333333333334	0.48583333333333334	0.7178333333333333	0.6353333333333333	0.8315	0.6581666666666667	0.19366666666666665	0.47583333333333333	0.4608333333333333	0.827	0.49466666666666664	0.48983333333333334	0.3918333333333333	0.6571666666666667	0.4018333333333333	0.651	0.36183333333333334	0.22383333333333333	0.6801666666666667	0.593	0.8295	0.5516666666666666	0.6113333333333333	0.8009999999999999	0.6096666666666667	0.5798333333333333	0.5588333333333333	0.7253333333333333	0.702	0.4741666666666666	0.3993333333333333	0.36616666666666664	0.36966666666666664	0.6488333333333333	0.7003333333333334	0.6593333333333333	0.538	0.5791666666666666	0.5858333333333333	0.508	0.824	0.5788333333333333
0.48533333333333334	0.6575	0.4633333333333333	0.6428333333333333	0.8988333333333333	0.31316666666666665	0.7394999999999999	0.6841666666666666	0.5858333333333333	0.6735	0.297	0.42733333333333334	0.48266666666666663	0.4053333333333333	0.818	0.4923333333333333	0.5773333333333334	0.45466666666666666	0.5095	0.37516666666666665	0.41383333333333333	0.4765	0.5243333333333333	0.6168333333333333	0.4678333333333333	0.5098333333333334	0.41733333333333333	0.4983333333333333	0.6288333333333334	0.5973333333333333	0.5579999999999999	0.696	0.37266666666666665	0.36166666666666664	0.35266666666666663	0.481	0.5575	0.35566666666666663	0.5368333333333333	0.6656666666666666	0.5651666666666666	0.7013333333333334	0.892	0.8378333333333333	0.6811666666666667	0.6158333333333333	0.39949999999999997	0.732	0.36033333333333334	0.30333333333333334	0.33166666666666667	0.45	0.17566666666666667	0.8366666666666667	0.29316666666666663	0.37766666666666665	0.7403333333333333	0.6056666666666667	0.486	0.3753333333333333	0.40099999999999997	0.5148333333333334	0.5668333333333333	0.4428333333333333	0.3298333333333333	0.7783333333333333	0.42566666666666664	0.5045	0.33116666666666666	0.35466666666666663	0.5238333333333333	0.6525	0.7115	0.608	0.6545	0.3208333333333333	0.3575	0.3305	0.5873333333333333	0.3305	0.5213333333333333	0.3125	0.6385	0.41433333333333333	0.45866666666666667	0.37516666666666665	0.8385	0.27249999999999996	0.4958333333333333	0.4058333333333333	0.7601666666666667	0.6473333333333333	0.5831666666666666	0.7078333333333333	0.4305	0.3738333333333333	0.48466666666666663	0.594	0.571	0.415
0.5046666666666666	0.46699999999999997	0.6001666666666666	0.5921666666666666	0.5033333333333333	0.6378333333333334	0.5321666666666667	0.5475	0.6398333333333334	0.7086666666666667	0.5506666666666666	0.285	0.6758333333333333	0.9188333333333333	0.54	0.632	0.5463333333333333	0.41633333333333333	0.5816666666666667	0.29033333333333333	0.7256666666666667	0.447	0.4515	0.3471666666666667	0.6625	0.4485	0.3198333333333333	0.6843333333333333	0.5625	0.5046666666666666	0.48466666666666663	0.4368333333333333	0.39899999999999997	0.3875	0.2896666666666667	0.5018333333333334	0.41233333333333333	0.6056666666666667	0.6455	0.3408333333333333	0.39466666666666667	0.2568333333333333	0.7723333333333333	0.7423333333333333	0.262	0.607	0.5631666666666666	0.41666666666666663	0.40116666666666667	0.3793333333333333	0.5459999999999999	0.36033333333333334	0.4765	0.5978333333333333	0.451	0.7155	0.524	0.365	0.5335	0.5475	0.33866666666666667	0.3805	0.21166666666666667	0.4368333333333333	0.7236666666666667	0.3428333333333333	0.5313333333333333	0.33799999999999997	0.3843333333333333	0.30233333333333334	0.31466666666666665	0.3465	0.40166666666666667	0.602	0.3118333333333333	0.738	0.9213333333333333	0.7205	0.5843333333333333	0.5766666666666667	0.5743333333333334	0.3358333333333333	0.5725	0.525	0.759	0.6526666666666666	0.44066666666666665	0.6501666666666667	0.6645	0.565	0.47716666666666663	0.42683333333333334	0.4475	0.6436666666666666	0.38916666666666666	0.6063333333333333	0.6663333333333333	0.7813333333333333	0.30133333333333334	0.38966666666666666
0.7091666666666666	0.4375	0.6421666666666667	0.513	0.5818333333333333	0.47933333333333333	0.5631666666666666	0.7244999999999999	0.428	0.6158333333333333	0.6978333333333333	0.5008333333333334	0.6041666666666666	0.24033333333333332	0.5425	0.9635	0.479	0.7443333333333333	0.5166666666666666	0.3993333333333333	0.5208333333333334	0.48	0.5383333333333333	0.46649999999999997	0.248	0.17099999999999999	0.22133333333333333	0.5008333333333334	0.7676666666666666	0.6483333333333333	0.616	0.3428333333333333	0.3895	0.3785	0.46349999999999997	0.33266666666666667	0.35366666666666663	0.3853333333333333	0.7543333333333333	0.27799999999999997	0.9696666666666667	0.3305	0.5618333333333333	0.5248333333333333	0.6603333333333333	0.48766666666666664	0.42566666666666664	0.28833333333333333	0.2823333333333333	0.5451666666666667	0.5273333333333333	0.12883333333333333	0.5938333333333333	0.42266666666666663	0.6975	0.5121666666666667	0.3605	0.8043333333333333	0.7206666666666667	0.3848333333333333	0.488	0.5469999999999999	0.5503333333333333	0.24883333333333332	0.22899999999999998	0.4548333333333333	0.2618333333333333	0.23133333333333334	0.48383333333333334	0.5185	0.29216666666666663	0.6629999999999999	0.5138333333333334	0.3938333333333333	0.7859999999999999	0.5101666666666667	0.33449999999999996	0.2733333333333333	1.2065	0.7528333333333334	0.48866666666666664	0.7516666666666666	0.5936666666666667	0.40299999999999997	0.5656666666666667	0.5433333333333333	0.5103333333333333	0.48516666666666663	0.6518333333333333	0.40549999999999997	0.7708333333333333	0.5331666666666667	0.6646666666666666	0.5913333333333333	0.648	0.4395	0.2786666666666667	0.6888333333333333	0.5135	0.4845
0.5535	0.7351666666666666	0.5216666666666666	0.4435	0.7153333333333333	0.6223333333333333	0.564	0.6835	0.45599999999999996	0.6223333333333333	0.6803333333333333	0.48916666666666664	0.318	0.39466666666666667	0.6709999999999999	0.43216666666666664	0.513	0.3188333333333333	0.8111666666666666	0.3193333333333333	0.2835	0.38516666666666666	0.5163333333333333	0.8564999999999999	0.6953333333333334	0.48066666666666663	0.5553333333333333	0.5323333333333333	0.3178333333333333	0.612	0.5841666666666666	0.49183333333333334	0.3065	0.6128333333333333	0.7045	0.46499999999999997	0.5568333333333333	0.38	0.34199999999999997	0.429	0.4448333333333333	0.5838333333333333	0.813	0.46799999999999997	0.5326666666666666	0.27016666666666667	0.46216666666666667	0.4448333333333333	0.48783333333333334	0.49133333333333334	0.24216666666666667	0.4333333333333333	0.4698333333333333	0.46016666666666667	0.6403333333333333	0.6871666666666666	0.3998333333333333	0.8009999999999999	0.4815	0.5845	0.8736666666666666	0.37516666666666665	0.5285	0.433	0.3908333333333333	0.634	0.158	0.7136666666666667	0.3198333333333333	0.41	0.5741666666666666	0.46216666666666667	0.35333333333333333	0.7918333333333333	0.4413333333333333	0.432	0.8268333333333333	0.5576666666666666	0.36366666666666664	0.31116666666666665	0.40166666666666667	0.33149999999999996	0.3763333333333333	0.4943333333333333	0.6071666666666666	0.2513333333333333	0.3845	0.32416666666666666	0.5631666666666666	0.9471666666666666	0.6636666666666666	0.4548333333333333	0.614	0.4598333333333333	0.8661666666666666	0.36466666666666664	0.433	0.41983333333333334	0.7516666666666666	0.595
0.5579999999999999	0.29883333333333334	0.45	0.4003333333333333	0.6785	0.7078333333333333	0.5551666666666667	0.5531666666666667	0.3218333333333333	0.41333333333333333	0.4033333333333333	0.5348333333333333	0.47933333333333333	0.758	0.46049999999999996	0.42066666666666663	0.40499999999999997	0.2608333333333333	0.6506666666666666	0.3793333333333333	0.7131666666666666	0.5605	0.3973333333333333	0.5788333333333333	0.8658333333333333	0.2688333333333333	0.6536666666666666	0.2838333333333333	0.4438333333333333	0.44216666666666665	0.357	0.2808333333333333	0.28933333333333333	0.3445	0.5466666666666666	0.3875	0.5283333333333333	0.34249999999999997	0.43	0.5075	0.5816666666666667	0.29716666666666663	0.5948333333333333	0.49016666666666664	0.5525	0.49033333333333334	0.4745	0.31083333333333335	0.30733333333333335	0.45399999999999996	0.20099999999999998	0.42633333333333334	0.31566666666666665	0.7281666666666666	0.7043333333333333	0.3875	0.7011666666666666	0.473	0.4716666666666667	0.7478333333333333	0.7943333333333333	0.478	0.7531666666666667	0.5396666666666666	0.40299999999999997	0.3843333333333333	0.38816666666666666	0.3328333333333333	0.27499999999999997	0.5055	0.6808333333333333	0.5391666666666667	0.3406666666666667	0.44416666666666665	0.4498333333333333	0.7711666666666667	0.5418333333333333	0.6416666666666666	0.4628333333333333	0.644	0.6745	0.5631666666666666	0.3118333333333333	0.5051666666666667	0.42783333333333334	0.563	0.5161666666666667	0.5031666666666667	0.2545	0.4385	0.3516666666666666	0.35866666666666663	0.42216666666666663	0.3908333333333333	0.476	1.0411666666666666	0.48366666666666663	0.30166666666666664	0.8086666666666666	0.3323333333333333
0.48883333333333334	0.597	0.35783333333333334	0.7526666666666666	0.6839999999999999	0.5003333333333333	0.6849999999999999	0.4076666666666667	0.2548333333333333	0.5375	0.6038333333333333	0.703	0.21033333333333332	0.6013333333333333	0.6073333333333333	0.4775	0.541	0.45916666666666667	0.5283333333333333	0.6253333333333333	0.3	0.6084999999999999	0.29233333333333333	0.622	0.5965	0.505	0.45116666666666666	0.5063333333333333	0.4948333333333333	0.6256666666666666	0.7091666666666666	0.5135	0.5551666666666667	0.5865	0.3025	0.33149999999999996	0.5083333333333333	0.7393333333333333	0.5956666666666667	0.5396666666666666	0.6033333333333333	0.41133333333333333	0.4028333333333333	0.6728333333333333	0.3933333333333333	0.5268333333333333	0.20416666666666666	0.421	0.35483333333333333	0.6523333333333333	0.31416666666666665	0.32416666666666666	0.2733333333333333	0.5603333333333333	0.3448333333333333	0.7491666666666666	0.35416666666666663	0.6111666666666666	0.268	0.747	0.6753333333333333	0.47383333333333333	0.33416666666666667	0.6759999999999999	0.5463333333333333	0.6849999999999999	0.657	0.5518333333333333	0.5988333333333333	0.39616666666666667	0.3898333333333333	0.3293333333333333	0.7653333333333333	0.34883333333333333	0.5161666666666667	0.48283333333333334	0.44416666666666665	0.5495	0.4003333333333333	0.5178333333333334	0.41766666666666663	0.2886666666666667	0.6233333333333333	0.4353333333333333	0.6561666666666667	0.6709999999999999	0.6093333333333333	0.3476666666666667	0.45849999999999996	0.6516666666666666	0.6961666666666666	0.45849999999999996	0.4353333333333333	0.5265	0.7156666666666667	0.41283333333333333	0.36066666666666664	0.39249999999999996	0.3868333333333333	0.427
0.5946666666666667	0.38616666666666666	0.7101666666666666	1.015	0.5938333333333333	0.45649999999999996	0.38766666666666666	0.15816666666666665	0.7005	0.5116666666666666	0.39516666666666667	0.4885	0.5601666666666667	0.3903333333333333	0.5918333333333333	0.7456666666666666	0.47333333333333333	0.45749999999999996	0.5513333333333333	0.4755	0.4475	0.48566666666666664	0.4453333333333333	0.37	0.3803333333333333	0.6593333333333333	0.46116666666666667	0.45766666666666667	0.4661666666666667	0.38016666666666665	0.4568333333333333	0.591	0.2955	0.5371666666666667	0.5755	0.8338333333333333	0.5375	0.6819999999999999	0.3155	0.584	0.8068333333333333	0.26866666666666666	0.4998333333333333	0.29083333333333333	0.25866666666666666	0.43083333333333335	0.494	0.5235	0.43866666666666665	0.478	0.427	0.3338333333333333	0.5013333333333333	0.515	0.35983333333333334	0.29033333333333333	0.3788333333333333	0.5565	0.5235	0.4028333333333333	0.45549999999999996	0.5068333333333334	0.7331666666666666	0.4673333333333333	0.5335	0.7631666666666667	0.29383333333333334	0.5368333333333333	0.6418333333333334	0.5941666666666666	0.5013333333333333	0.7841666666666667	0.43216666666666664	0.36316666666666664	0.35333333333333333	0.5796666666666667	0.7253333333333333	0.7615	0.5798333333333333	0.7341666666666666	0.42466666666666664	0.4141666666666666	0.7631666666666667	0.3813333333333333	0.4728333333333333	0.6495	0.7705	0.35583333333333333	0.6224999999999999	0.2728333333333333	0.6081666666666666	0.4563333333333333	0.699	0.31	0.20666666666666667	0.45749999999999996	0.35883333333333334	0.5785	0.4095	0.5233333333333333
0.4988333333333333	0.3406666666666667	0.7936666666666666	0.35383333333333333	0.5628333333333333	0.5725	0.316	0.716	0.4333333333333333	0.5308333333333333	0.5601666666666667	0.659	0.619	0.4048333333333333	0.5585	0.6053333333333333	0.4195	0.4713333333333333	0.36533333333333334	0.39966666666666667	0.39449999999999996	0.35383333333333333	0.6383333333333333	0.541	0.4735	0.8694999999999999	0.6246666666666666	0.6228333333333333	0.5846666666666667	0.27399999999999997	0.4736666666666666	0.38166666666666665	0.6728333333333333	0.3468333333333333	0.5588333333333333	0.6958333333333333	0.5985	0.42833333333333334	0.4255	0.35683333333333334	0.45599999999999996	0.5376666666666666	0.4076666666666667	0.31616666666666665	0.4448333333333333	0.37466666666666665	0.4483333333333333	0.26216666666666666	0.4425	0.5803333333333334	0.27366666666666667	0.472	0.33599999999999997	0.43916666666666665	0.5381666666666667	0.5908333333333333	0.29283333333333333	0.4543333333333333	0.5151666666666667	0.42133333333333334	0.2896666666666667	0.3426666666666667	0.4505	0.6148333333333333	0.4658333333333333	0.5513333333333333	0.5875	0.5736666666666667	0.24766666666666665	0.39466666666666667	0.4628333333333333	0.2905	0.6745	0.5018333333333334	0.6018333333333333	0.7785	0.4638333333333333	0.4023333333333333	0.43	0.42833333333333334	0.637	0.5048333333333334	0.5721666666666666	0.5619999999999999	0.538	0.4716666666666667	0.6781666666666667	0.421	0.49083333333333334	0.4048333333333333	0.2793333333333333	0.9163333333333333	0.5813333333333334	0.5496666666666666	0.5821666666666666	0.3173333333333333	0.6333333333333333	0.9273333333333333	0.5423333333333333	0.39116666666666666
0.6425	0.6173333333333333	0.5155	0.48266666666666663	0.5449999999999999	0.35766666666666663	0.3848333333333333	0.7521666666666667	0.5028333333333334	0.29683333333333334	0.8858333333333333	0.4073333333333333	0.7411666666666666	0.6368333333333334	0.5686666666666667	0.957	0.5455	0.2851666666666667	0.429	0.7575	0.5073333333333333	0.5398333333333333	0.855	0.7686666666666666	0.32016666666666665	0.5586666666666666	0.5268333333333333	0.43566666666666665	0.48066666666666663	0.3728333333333333	0.7403333333333333	0.36033333333333334	0.5856666666666667	0.6256666666666666	0.5425	0.48933333333333334	0.448	0.46366666666666667	0.8161666666666666	0.6453333333333333	0.4098333333333333	0.26266666666666666	0.40399999999999997	0.5516666666666666	0.565	0.646	0.359	0.3496666666666667	0.40299999999999997	0.3788333333333333	0.2538333333333333	0.7371666666666666	0.7468333333333333	0.19833333333333333	0.43316666666666664	0.33899999999999997	0.15233333333333332	0.5375	0.5201666666666667	0.4943333333333333	0.512	0.4141666666666666	0.18566666666666667	0.374	0.3818333333333333	0.33449999999999996	0.3973333333333333	0.622	0.6906666666666667	0.49183333333333334	1.0195	0.4721666666666666	0.585	0.7215	0.6835	0.45249999999999996	0.45966666666666667	0.7735	0.7206666666666667	0.33	0.3476666666666667	0.4031666666666667	0.26366666666666666	0.5293333333333333	0.7855	0.51	0.514	0.7841666666666667	0.42066666666666663	0.39916666666666667	0.541	0.1615	0.33749999999999997	0.6685	0.424	0.5448333333333333	0.3168333333333333	0.8208333333333333	0.504	0.5458333333333333
0.5658333333333333	0.4835	0.48066666666666663	0.7278333333333333	0.5601666666666667	0.32466666666666666	0.31566666666666665	0.5648333333333333	0.6071666666666666	0.4051666666666667	0.3328333333333333	0.2535	0.40349999999999997	0.4131666666666666	0.5711666666666666	0.6578333333333333	0.6708333333333333	0.33516666666666667	0.5935	0.77	0.3555	0.4458333333333333	0.5846666666666667	0.4993333333333333	0.19733333333333333	0.37066666666666664	0.42583333333333334	0.6108333333333333	0.48666666666666664	0.5515	0.29033333333333333	0.5081666666666667	0.2415	0.246	0.5576666666666666	0.49133333333333334	0.6983333333333334	0.39349999999999996	0.3015	0.4063333333333333	0.3953333333333333	0.5701666666666666	0.2638333333333333	0.3853333333333333	0.48966666666666664	0.2881666666666667	0.5273333333333333	0.48583333333333334	0.30833333333333335	0.3838333333333333	0.46749999999999997	0.346	0.2523333333333333	0.569	0.7358333333333333	0.3358333333333333	0.4983333333333333	0.5611666666666667	0.49083333333333334	0.5281666666666667	0.6021666666666666	0.4755	0.4333333333333333	0.5026666666666666	0.6488333333333333	0.3775	0.6118333333333333	0.45699999999999996	0.5446666666666666	0.7148333333333333	0.29866666666666664	0.5426666666666666	0.5178333333333334	0.34983333333333333	0.4323333333333333	0.4548333333333333	0.646	0.40116666666666667	0.5806666666666667	0.5375	0.6188333333333333	0.5469999999999999	0.3125	0.4141666666666666	0.5538333333333333	0.6458333333333333	0.48716666666666664	0.18216666666666667	0.591	0.8921666666666667	0.27116666666666667	0.3223333333333333	0.5248333333333333	0.7616666666666666	0.29933333333333334	0.4395	0.4688333333333333	0.5105	0.8494999999999999	0.5505
0.5855	0.5601666666666667	0.3293333333333333	0.271	0.4975	0.4885	0.763	0.6651666666666667	0.48916666666666664	0.6244999999999999	0.331	0.33649999999999997	0.7241666666666666	0.5541666666666667	0.4513333333333333	0.2643333333333333	0.6813333333333333	0.6403333333333333	0.259	0.3255	0.2855	0.36866666666666664	0.45799999999999996	0.30733333333333335	0.5971666666666666	0.30966666666666665	0.5888333333333333	0.564	0.7528333333333334	0.30983333333333335	0.6541666666666667	0.041999999999999996	0.6046666666666667	0.6441666666666667	0.5	0.529	0.8828333333333334	0.49116666666666664	0.49033333333333334	0.3175	0.323	0.48716666666666664	0.496	0.8193333333333334	0.5421666666666667	0.3411666666666667	0.3933333333333333	0.434	0.384	0.23233333333333334	0.36733333333333335	0.54	0.7535	0.17416666666666666	0.326	0.4543333333333333	0.27616666666666667	0.4648333333333333	0.48433333333333334	0.45416666666666666	0.41983333333333334	0.41083333333333333	0.6016666666666667	0.5171666666666667	0.5936666666666667	0.2773333333333333	0.5956666666666667	0.3511666666666667	0.3785	0.4955	0.42333333333333334	0.5933333333333333	0.4018333333333333	0.7048333333333333	0.6241666666666666	0.6513333333333333	0.382	0.474	0.45799999999999996	0.30183333333333334	0.6465	0.3273333333333333	0.7111666666666666	0.414	0.4736666666666666	0.36216666666666664	0.62	0.5698333333333333	0.5068333333333334	0.5931666666666666	0.9773333333333333	0.46099999999999997	0.6031666666666666	0.4081666666666667	0.4353333333333333	0.6818333333333333	0.4305	0.6598333333333333	0.35083333333333333	0.5021666666666667
0.5491666666666667	0.9375	0.7143333333333333	0.3725	0.41483333333333333	0.652	0.7488333333333334	0.6348333333333334	0.3428333333333333	0.6301666666666667	0.4085	0.365	0.5961666666666666	0.9185	0.7736666666666666	0.49616666666666664	0.39366666666666666	0.46799999999999997	0.5946666666666667	0.8148333333333333	0.5851666666666666	0.7274999999999999	0.4718333333333333	0.3105	0.747	0.44566666666666666	0.47816666666666663	0.438	0.7338333333333333	0.3401666666666667	0.5731666666666666	0.6426666666666666	0.7018333333333333	0.2905	0.4695	0.483	0.5918333333333333	0.33666666666666667	0.1335	0.7178333333333333	0.5446666666666666	0.41883333333333334	0.5093333333333333	0.4363333333333333	0.237	0.25816666666666666	0.2465	0.41933333333333334	0.4081666666666667	0.3238333333333333	0.315	0.2865	0.28583333333333333	0.4091666666666667	0.4731666666666666	0.3448333333333333	0.5378333333333333	0.5436666666666666	0.7991666666666667	0.46316666666666667	0.4121666666666666	0.38066666666666665	0.4373333333333333	0.5096666666666666	0.5218333333333334	0.5525	0.3818333333333333	0.5438333333333333	0.7845	0.2365	0.58	0.29366666666666663	0.5681666666666666	0.5915	0.6608333333333333	0.4751666666666666	0.6405	0.6933333333333334	0.43566666666666665	0.27599999999999997	0.4013333333333333	0.5925	0.5403333333333333	0.36166666666666664	0.7406666666666667	0.35916666666666663	0.49466666666666664	0.4683333333333333	0.5548333333333333	0.3105	1.0293333333333332	0.6098333333333333	0.6156666666666667	0.6796666666666666	0.5633333333333334	0.41883333333333334	0.5051666666666667	0.6761666666666667	0.2593333333333333	0.4795
0.5516666666666666	1.0251666666666666	0.47783333333333333	0.38616666666666666	0.5833333333333333	0.3468333333333333	0.6829999999999999	0.5431666666666667	0.4318333333333333	0.5429999999999999	0.522	0.6775	0.6908333333333333	0.7076666666666667	0.5016666666666667	1.0414999999999999	0.4475	0.4705	0.5763333333333334	0.6698333333333333	0.9123333333333333	0.5618333333333333	0.6338333333333334	0.5936666666666667	0.49866666666666665	0.4993333333333333	0.6251666666666666	0.3575	0.5178333333333334	0.44516666666666665	0.7698333333333333	0.634	0.3805	0.441	0.31166666666666665	0.33816666666666667	0.4923333333333333	0.35366666666666663	0.431	0.42916666666666664	0.36783333333333335	0.28633333333333333	0.5365	0.3625	0.6853333333333333	0.3813333333333333	0.5471666666666667	0.8006666666666666	0.5061666666666667	0.216	0.2068333333333333	0.33	0.32816666666666666	0.2851666666666667	0.2708333333333333	0.36616666666666664	0.45299999999999996	0.5251666666666667	0.4751666666666666	0.5298333333333333	0.4666666666666667	0.4478333333333333	0.3915	0.29166666666666663	0.2818333333333333	0.48466666666666663	0.5973333333333333	0.43166666666666664	0.4065	0.51	0.5716666666666667	0.3793333333333333	0.49066666666666664	0.7688333333333333	0.5916666666666667	0.5338333333333333	0.29933333333333334	0.6535	0.5348333333333333	0.3785	0.6108333333333333	0.479	0.6243333333333333	0.46849999999999997	0.5185	0.771	0.3728333333333333	0.592	0.46399999999999997	0.5095	0.4988333333333333	0.4673333333333333	0.384	0.5361666666666667	0.5715	0.5103333333333333	0.7261666666666666	0.992	0.6138333333333333	0.5965
0.7695	0.3416666666666667	0.2255	0.6164999999999999	0.39816666666666667	0.2748333333333333	0.5646666666666667	0.4593333333333333	0.5038333333333334	0.762	0.4408333333333333	0.5591666666666667	0.6943333333333334	0.5511666666666667	0.4983333333333333	0.7828333333333333	0.6346666666666666	0.32966666666666666	0.4155	0.6311666666666667	0.7976666666666666	0.27066666666666667	0.43716666666666665	0.3208333333333333	0.6696666666666666	0.6628333333333333	0.24966666666666665	0.4335	0.5063333333333333	0.6656666666666666	0.40066666666666667	0.3843333333333333	0.5323333333333333	0.28099999999999997	0.4603333333333333	0.4375	0.5188333333333334	0.5413333333333333	0.621	0.25766666666666665	0.36866666666666664	0.3655	0.37966666666666665	0.35983333333333334	0.6605	0.6463333333333333	0.30283333333333334	0.35366666666666663	0.3505	0.21733333333333332	0.45899999999999996	0.3463333333333333	0.368	0.213	0.384	0.4835	0.20416666666666666	0.3085	0.5638333333333333	0.24	0.4983333333333333	0.48483333333333334	0.46549999999999997	0.509	0.6285	0.24683333333333332	0.32766666666666666	0.48366666666666663	0.46799999999999997	0.49616666666666664	0.5826666666666667	0.5233333333333333	0.5156666666666666	0.7286666666666667	0.3456666666666667	0.5873333333333333	0.4933333333333333	0.5025	0.48083333333333333	0.40166666666666667	0.48783333333333334	0.22999999999999998	0.8013333333333333	0.3285	0.5306666666666666	0.824	0.5533333333333333	0.42316666666666664	0.6948333333333333	0.7028333333333333	0.645	0.436	0.5778333333333333	0.6953333333333334	0.3595	0.45499999999999996	0.7716666666666666	0.5246666666666666	0.38966666666666666	0.261
0.51	0.2788333333333333	0.5021666666666667	0.7915	0.48433333333333334	0.3813333333333333	0.2855	0.48666666666666664	0.4433333333333333	0.6676666666666666	0.48	0.4428333333333333	0.4708333333333333	0.527	0.17633333333333331	0.49266666666666664	0.5766666666666667	0.5135	0.601	0.5618333333333333	0.604	0.6661666666666667	0.5286666666666666	0.6431666666666667	0.44166666666666665	0.9	0.24666666666666665	0.4755	0.5768333333333333	0.534	0.3208333333333333	0.8793333333333333	0.5016666666666667	0.5386666666666666	0.309	0.585	0.29183333333333333	0.3863333333333333	0.2658333333333333	0.614	0.43516666666666665	0.45766666666666667	0.4046666666666667	0.37066666666666664	0.3466666666666667	0.45516666666666666	0.3448333333333333	0.4618333333333333	0.253	0.24516666666666667	0.25966666666666666	0.27849999999999997	0.21833333333333332	0.238	0.3368333333333333	0.4063333333333333	0.13183333333333333	0.16883333333333334	0.2905	0.2835	0.494	0.16183333333333333	0.5383333333333333	0.4483333333333333	0.27949999999999997	0.46549999999999997	0.24766666666666665	0.4353333333333333	0.3963333333333333	0.8089999999999999	0.2595	0.4958333333333333	0.224	0.6533333333333333	0.32266666666666666	0.7406666666666667	0.4731666666666666	0.33449999999999996	0.38266666666666665	0.49316666666666664	0.511	0.5488333333333333	0.39366666666666666	0.514	0.7961666666666667	0.4373333333333333	0.42716666666666664	0.5858333333333333	0.4705	0.6796666666666666	0.51	0.6298333333333334	0.899	0.5165	0.3481666666666667	0.3645	0.6363333333333333	0.27316666666666667	0.3768333333333333	0.33666666666666667
0.368	0.659	0.49316666666666664	0.5456666666666666	0.692	0.7296666666666667	0.4335	0.6849999999999999	0.6588333333333333	0.5968333333333333	0.6961666666666666	0.7423333333333333	0.46599999999999997	0.6256666666666666	0.4706666666666667	0.5293333333333333	0.45549999999999996	0.5805	0.33866666666666667	0.4698333333333333	0.4358333333333333	0.693	0.6571666666666667	0.4335	0.33249999999999996	0.5025	0.4438333333333333	0.5765	0.3718333333333333	0.5501666666666667	0.46066666666666667	0.30783333333333335	0.4398333333333333	0.32	0.4363333333333333	0.25966666666666666	0.3555	0.39116666666666666	0.4445	0.534	0.30983333333333335	0.41083333333333333	0.15166666666666667	0.35683333333333334	0.357	0.2635	0.054	0.15116666666666667	0.1235	0.07233333333333333	0.1245	0.36766666666666664	0.16233333333333333	0.30466666666666664	0.2225	0.42083333333333334	0.179	0.1625	0.44216666666666665	0.153	0.47733333333333333	0.27466666666666667	0.6451666666666667	0.44066666666666665	0.5433333333333333	0.6016666666666667	0.638	0.45849999999999996	0.22483333333333333	0.31666666666666665	0.39366666666666666	0.3245	0.5463333333333333	0.33899999999999997	0.5315	0.7743333333333333	0.2906666666666667	0.3275	0.448	0.2853333333333333	0.6861666666666666	0.4678333333333333	0.5648333333333333	0.367	0.651	0.30983333333333335	0.27349999999999997	0.4125	0.8818333333333334	0.491	0.33616666666666667	0.715	0.446	0.4101666666666667	0.655	0.2891666666666667	0.6596666666666666	0.5186666666666666	0.6298333333333334	0.6276666666666666
0.5718333333333333	0.5298333333333333	0.5579999999999999	0.5726666666666667	0.41466666666666663	0.48483333333333334	0.5431666666666667	0.8115	0.4111666666666667	0.472	0.34049999999999997	0.86	0.5655	0.5678333333333333	0.31216666666666665	0.4071666666666667	0.7406666666666667	0.41733333333333333	0.308	0.5603333333333333	0.6536666666666666	0.348	0.73	0.7943333333333333	0.4398333333333333	0.5721666666666666	0.6853333333333333	0.3348333333333333	0.35033333333333333	0.5593333333333333	0.44766666666666666	0.26866666666666666	0.27349999999999997	0.7056666666666667	0.6104999999999999	0.35583333333333333	0.46199999999999997	0.5713333333333334	0.3595	0.7463333333333333	0.36883333333333335	0.2673333333333333	0.5498333333333333	0.16966666666666666	0.23033333333333333	0.33249999999999996	0.212	0.2585	0.18933333333333333	0.06583333333333333	0.15	0.25033333333333335	0.12883333333333333	0.2823333333333333	0.3446666666666667	0.31266666666666665	0.27899999999999997	0.358	0.49466666666666664	0.29	0.7939999999999999	0.532	0.15266666666666667	0.5111666666666667	0.316	0.6648333333333333	0.25316666666666665	0.5458333333333333	0.5549999999999999	0.4433333333333333	0.6386666666666666	0.4603333333333333	0.8905	0.6731666666666667	0.42183333333333334	0.4696666666666667	0.25316666666666665	0.4785	0.6859999999999999	0.5816666666666667	0.20666666666666667	0.2856666666666667	0.32216666666666666	0.41133333333333333	0.3963333333333333	0.44866666666666666	0.5211666666666667	0.3973333333333333	0.5275	0.3973333333333333	0.8155	0.7531666666666667	0.5425	0.5333333333333333	0.4553333333333333	0.3753333333333333	0.7603333333333333	0.5085	0.40099999999999997	0.4543333333333333
0.45499999999999996	0.4081666666666667	0.48983333333333334	0.30633333333333335	0.30016666666666664	0.5041666666666667	0.5271666666666667	0.6796666666666666	0.5218333333333334	0.7225	0.39949999999999997	0.8336666666666667	0.2783333333333333	0.41616666666666663	0.40149999999999997	0.5231666666666667	0.5589999999999999	0.21616666666666665	0.6421666666666667	0.5168333333333334	0.5998333333333333	0.526	0.5101666666666667	0.7294999999999999	0.2835	0.706	0.6298333333333334	0.5751666666666666	0.6789999999999999	0.5985	0.416	0.363	0.7713333333333333	0.33316666666666667	0.5548333333333333	0.4975	0.359	0.5476666666666666	0.6821666666666667	0.3468333333333333	0.28633333333333333	0.17416666666666666	0.39866666666666667	0.42616666666666664	0.19233333333333333	0.24466666666666667	0.1765	0.12	0.32716666666666666	0.16466666666666666	0.20116666666666666	0.09133333333333334	0.12716666666666665	0.14483333333333334	0.121	0.14783333333333332	0.3426666666666667	0.10266666666666667	0.17133333333333334	0.2705	0.18133333333333332	0.313	0.6931666666666666	0.6138333333333333	0.528	0.30783333333333335	0.38666666666666666	0.5393333333333333	0.424	0.588	0.5168333333333334	0.48066666666666663	0.5483333333333333	0.42083333333333334	0.45699999999999996	0.3475	0.6613333333333333	0.43516666666666665	0.3411666666666667	0.42583333333333334	0.2753333333333333	0.4063333333333333	0.5446666666666666	0.3775	0.3808333333333333	0.5898333333333333	0.4721666666666666	0.27216666666666667	0.6605	0.3763333333333333	0.384	0.594	0.41716666666666663	0.4425	0.4955	0.37266666666666665	0.844	0.5631666666666666	0.4785	0.319
0.35516666666666663	0.7798333333333333	0.6223333333333333	0.2638333333333333	0.5911666666666666	0.6719999999999999	0.5968333333333333	0.174	0.6203333333333333	0.5853333333333333	0.8221666666666666	0.447	0.571	0.5715	0.5231666666666667	0.6806666666666666	0.4513333333333333	0.5683333333333334	0.533	0.5866666666666667	0.6453333333333333	0.30366666666666664	0.5953333333333333	0.2673333333333333	0.6218333333333333	0.5075	0.4775	0.4973333333333333	0.3868333333333333	0.32266666666666666	0.29416666666666663	0.37083333333333335	0.6231666666666666	0.4668333333333333	0.6666666666666666	0.6064999999999999	0.5918333333333333	0.48266666666666663	0.2891666666666667	0.09783333333333333	0.46216666666666667	0.39999999999999997	0.23666666666666666	0.1575	0.2368333333333333	0.0815	0.12933333333333333	0.07433333333333333	0.10916666666666666	0.15316666666666667	0.09799999999999999	0.14083333333333334	0.07866666666666666	0.20283333333333334	0.09433333333333332	0.194	0.37316666666666665	0.22666666666666666	0.43033333333333335	0.3403333333333333	0.39016666666666666	0.6786666666666666	0.4135	0.45116666666666666	0.326	0.5518333333333333	0.37066666666666664	0.443	0.5306666666666666	0.5438333333333333	0.45949999999999996	0.6313333333333333	0.6656666666666666	0.46166666666666667	0.37266666666666665	0.64	0.3188333333333333	0.8408333333333333	0.6849999999999999	0.4958333333333333	0.36483333333333334	0.7088333333333333	0.4091666666666667	0.41966666666666663	0.705	0.4713333333333333	0.57	0.5241666666666667	0.5955	0.47	0.7474999999999999	0.5423333333333333	0.8015	0.413	0.3268333333333333	0.4295	0.39449999999999996	0.21133333333333332	0.45249999999999996	0.37916666666666665
0.36666666666666664	0.4343333333333333	0.533	0.699	0.6118333333333333	0.4945	0.5146666666666666	0.5898333333333333	0.5336666666666666	0.39566666666666667	0.5213333333333333	0.3235	0.6925	0.48283333333333334	0.5155	0.5468333333333333	0.4731666666666666	0.888	0.6639999999999999	0.45566666666666666	0.24883333333333332	0.3753333333333333	0.46016666666666667	0.5975	0.7625	0.4651666666666667	0.4295	0.4105	0.6181666666666666	0.20299999999999999	0.47433333333333333	0.3868333333333333	0.4608333333333333	0.7371666666666666	0.6971666666666666	0.285	0.23066666666666666	0.6016666666666667	0.09716666666666667	0.534	0.3173333333333333	0.3168333333333333	0.14666666666666667	0.3438333333333333	0.11116666666666666	0.22416666666666665	0.0395	0.06899999999999999	0.003833333333333333	0.0515	0.05583333333333333	0.074	0.09316666666666666	0.09816666666666667	0.131	0.12866666666666665	0.11299999999999999	0.282	0.19333333333333333	0.3258333333333333	0.30216666666666664	0.35133333333333333	0.5513333333333333	0.2935	0.5263333333333333	0.5555	0.6101666666666666	0.3055	0.5266666666666666	0.653	0.5698333333333333	0.3803333333333333	0.522	0.5853333333333333	0.2495	0.7374999999999999	0.36616666666666664	0.41966666666666663	0.2105	0.6973333333333334	0.5515	0.47633333333333333	0.4445	0.415	0.3245	0.5631666666666666	0.7545	0.39349999999999996	0.3445	0.32766666666666666	0.5991666666666666	0.3451666666666667	0.4101666666666667	0.4508333333333333	0.6598333333333333	0.5461666666666667	0.9575	0.5658333333333333	0.5651666666666666	0.4468333333333333
0.5538333333333333	0.4205	0.709	0.8753333333333333	0.42333333333333334	0.5861666666666666	0.3476666666666667	0.5356666666666666	0.38566666666666666	0.45649999999999996	0.45249999999999996	0.39516666666666667	0.5213333333333333	0.6471666666666667	0.6113333333333333	0.6571666666666667	0.44366666666666665	0.5408333333333333	0.45066666666666666	0.6688333333333333	0.22383333333333333	0.8156666666666667	0.33449999999999996	0.24116666666666667	0.5453333333333333	0.4735	0.3685	0.6181666666666666	0.7563333333333333	0.30983333333333335	0.7463333333333333	0.47433333333333333	0.5333333333333333	0.418	0.42816666666666664	0.4548333333333333	0.42783333333333334	0.43266666666666664	0.649	0.45916666666666667	0.1885	0.27499999999999997	0.33016666666666666	0.1085	0.1265	0.016999999999999998	0.096	0.04483333333333333	0.104	0.03666666666666667	0.004	0.10283333333333333	0.07416666666666666	0.008833333333333334	0.32916666666666666	0.11216666666666666	0.15633333333333332	0.10233333333333333	0.22116666666666665	0.36183333333333334	0.26416666666666666	0.31816666666666665	0.48933333333333334	0.4155	0.5618333333333333	0.532	0.6378333333333334	0.47716666666666663	0.5186666666666666	0.6923333333333334	0.32816666666666666	0.33566666666666667	0.5225	0.33766666666666667	0.5485	0.19416666666666665	0.30716666666666664	0.6128333333333333	0.566	0.4815	0.8891666666666667	0.47633333333333333	0.6508333333333333	0.5315	0.7476666666666666	0.5128333333333334	0.493	0.5491666666666667	0.7371666666666666	0.298	0.27449999999999997	1.0666666666666667	0.33016666666666666	0.35516666666666663	0.7418333333333333	0.48733333333333334	0.7456666666666666	0.6193333333333333	0.5956666666666667	0.5916666666666667
0.43116666666666664	0.5541666666666667	0.7755	0.5016666666666667	0.6301666666666667	0.8783333333333333	0.299	0.40249999999999997	0.5366666666666666	0.623	0.7835	0.17183333333333334	0.7045	0.5648333333333333	0.48783333333333334	0.5546666666666666	0.6653333333333333	0.7618333333333334	0.5933333333333333	0.603	0.5591666666666667	0.6144999999999999	0.37316666666666665	0.6256666666666666	0.36616666666666664	0.5151666666666667	0.48	0.5376666666666666	0.449	0.6174999999999999	0.39449999999999996	0.4136666666666666	0.6673333333333333	0.41283333333333333	0.22233333333333333	0.43916666666666665	0.306	0.448	0.6226666666666666	0.3388333333333333	0.23216666666666666	0.143	0.23233333333333334	0.08533333333333333	0.10049999999999999	0.20249999999999999	0.10049999999999999	0.04733333333333333	0.006833333333333333	0.0745	0.028499999999999998	0.072	0.09999999999999999	0.041999999999999996	0.13416666666666666	0.2568333333333333	0.15633333333333332	0.16833333333333333	0.23433333333333334	0.5478333333333333	0.2821666666666667	0.22483333333333333	0.3348333333333333	0.5081666666666667	0.5596666666666666	0.535	0.48883333333333334	0.2425	0.2826666666666667	0.5058333333333334	0.41466666666666663	0.45616666666666666	0.45766666666666667	0.2798333333333333	0.38916666666666666	0.8233333333333333	0.46166666666666667	0.8736666666666666	0.6084999999999999	0.5446666666666666	0.4115	0.43033333333333335	0.6138333333333333	0.9858333333333333	0.5255	0.5166666666666666	0.4295	0.3915	0.9285	0.7935	0.524	0.5003333333333333	0.29433333333333334	0.713	0.9608333333333333	0.8198333333333333	0.5	0.7205	0.415	0.6158333333333333
0.5996666666666667	0.7013333333333334	0.4038333333333333	0.701	0.8263333333333333	0.36183333333333334	0.5398333333333333	0.4026666666666667	0.639	0.7806666666666666	0.6156666666666667	0.418	0.3565	0.6965	0.7131666666666666	0.4028333333333333	0.4505	0.6386666666666666	0.5175	0.6661666666666667	0.4953333333333333	0.7068333333333333	0.7948333333333333	0.2545	0.2835	0.4088333333333333	0.49916666666666665	0.7384999999999999	0.761	0.3463333333333333	0.49266666666666664	0.576	0.24916666666666665	0.4408333333333333	0.3133333333333333	0.4078333333333333	0.3476666666666667	0.3815	0.23416666666666666	0.2513333333333333	0.386	0.3258333333333333	0.1855	0.13433333333333333	0.18883333333333333	0.10049999999999999	0.054	0.0015	0.004166666666666667	0.0	0.0	0.001	0.017499999999999998	0.029166666666666667	0.058499999999999996	0.12516666666666668	0.14383333333333334	0.13849999999999998	0.35816666666666663	0.27349999999999997	0.3431666666666667	0.2573333333333333	0.5429999999999999	0.48916666666666664	0.42983333333333335	0.4195	0.28883333333333333	0.2816666666666667	0.645	0.4085	0.9256666666666666	0.3238333333333333	0.35883333333333334	0.47783333333333333	0.5111666666666667	0.3441666666666667	0.33066666666666666	0.4415	0.6288333333333334	0.6638333333333333	0.5378333333333333	0.8656666666666666	0.3585	0.5851666666666666	0.4691666666666667	0.5661666666666666	0.5489999999999999	0.7121666666666666	0.4646666666666667	0.304	0.4716666666666667	0.39766666666666667	0.41916666666666663	0.7421666666666666	0.2901666666666667	0.3595	0.26766666666666666	0.4983333333333333	0.6946666666666667	0.376
0.5993333333333333	0.6016666666666667	0.383	0.38916666666666666	0.7401666666666666	0.4995	0.6056666666666667	0.509	0.5499999999999999	0.25916666666666666	0.5193333333333333	0.658	0.8166666666666667	0.5541666666666667	0.4855	0.6431666666666667	0.40049999999999997	0.5223333333333333	0.5691666666666666	0.442	0.49316666666666664	0.6083333333333333	0.40166666666666667	0.7301666666666666	0.5003333333333333	0.24833333333333332	0.5643333333333334	0.48966666666666664	0.5601666666666667	0.6666666666666666	0.8158333333333333	0.3833333333333333	0.40099999999999997	0.35816666666666663	0.2703333333333333	0.6326666666666666	0.4081666666666667	0.586	0.22483333333333333	0.3915	0.3133333333333333	0.179	0.057999999999999996	0.12133333333333333	0.0705	0.08466666666666667	0.09916666666666667	0.024166666666666666	0.014333333333333333	0.0	0.0	0.0021666666666666666	0.057499999999999996	0.012166666666666666	0.05483333333333333	0.13849999999999998	0.177	0.135	0.2853333333333333	0.26416666666666666	0.2773333333333333	0.2558333333333333	0.3348333333333333	0.3323333333333333	0.703	0.4343333333333333	0.45916666666666667	0.5085	0.6278333333333334	0.8021666666666667	0.477	0.6301666666666667	0.48566666666666664	0.4618333333333333	0.627	0.40499999999999997	0.5651666666666666	0.42666666666666664	0.7555	0.365	0.5078333333333334	0.45766666666666667	0.5538333333333333	0.5271666666666667	0.5558333333333333	0.2435	0.6616666666666666	0.6038333333333333	0.5175	0.427	0.57	0.5475	0.592	0.36116666666666664	0.5371666666666667	0.5733333333333334	0.5631666666666666	0.6023333333333333	0.6843333333333333	0.6008333333333333
0.23933333333333331	0.509	0.8158333333333333	0.39749999999999996	0.4948333333333333	0.7151666666666666	0.5428333333333333	0.7721666666666667	0.6616666666666666	0.5143333333333333	0.568	0.5961666666666666	0.45649999999999996	0.36533333333333334	0.3748333333333333	0.45166666666666666	0.5455	0.6326666666666666	0.2891666666666667	0.2813333333333333	0.6561666666666667	0.35466666666666663	0.5481666666666667	0.46849999999999997	0.6506666666666666	0.6553333333333333	0.6848333333333333	0.34149999999999997	0.8546666666666667	0.16116666666666665	0.754	0.38916666666666666	0.4795	0.7236666666666667	0.3773333333333333	0.28583333333333333	0.4125	0.258	0.4923333333333333	0.2733333333333333	0.4553333333333333	0.3265	0.29366666666666663	0.16633333333333333	0.19783333333333333	0.050166666666666665	0.003833333333333333	0.11966666666666666	0.06816666666666667	0.0	0.0	0.016166666666666666	0.09216666666666666	0.11966666666666666	0.08416666666666667	0.15716666666666665	0.19116666666666665	0.23333333333333334	0.17533333333333334	0.2853333333333333	0.30633333333333335	0.5338333333333333	0.19733333333333333	0.39249999999999996	0.3193333333333333	0.7595	0.1825	0.44216666666666665	0.5065	0.7096666666666667	0.42816666666666664	0.5515	0.3843333333333333	0.44616666666666666	0.6023333333333333	0.9165	0.6685	0.5605	0.4483333333333333	0.35183333333333333	0.4071666666666667	0.372	0.6114999999999999	0.5078333333333334	0.5573333333333333	0.6154999999999999	0.29816666666666664	0.7905	0.48133333333333334	0.4618333333333333	0.6068333333333333	0.23366666666666666	0.42133333333333334	0.43366666666666664	0.42983333333333335	0.6765	0.5183333333333333	0.7511666666666666	0.36916666666666664	0.584
0.5758333333333333	0.7185	0.47966666666666663	0.5388333333333333	0.37416666666666665	0.3878333333333333	0.43066666666666664	0.5256666666666666	0.29566666666666663	0.39599999999999996	0.5986666666666667	0.5509999999999999	0.24583333333333332	0.39649999999999996	0.29116666666666663	0.28633333333333333	0.40066666666666667	0.6011666666666666	0.6134999999999999	0.6718333333333333	0.7095	0.23166666666666666	0.4475	0.6646666666666666	0.35466666666666663	0.48583333333333334	0.8325	0.6084999999999999	0.30766666666666664	0.6375	0.5615	0.384	0.613	0.5613333333333334	0.41783333333333333	0.5485	0.4081666666666667	0.18433333333333332	0.21583333333333332	0.29516666666666663	0.22083333333333333	0.39816666666666667	0.19066666666666665	0.27599999999999997	0.19133333333333333	0.05283333333333333	0.043	0.09133333333333334	0.04933333333333333	0.03833333333333333	0.031	0.016999999999999998	0.024666666666666667	0.0465	0.20916666666666667	0.2853333333333333	0.15716666666666665	0.14666666666666667	0.29216666666666663	0.188	0.31	0.29466666666666663	0.4101666666666667	0.49	0.6146666666666667	0.15983333333333333	0.47383333333333333	0.5565	0.7023333333333334	0.6866666666666666	0.5843333333333333	0.484	0.4761666666666666	0.7173333333333333	0.36233333333333334	0.17099999999999999	0.6618333333333333	0.4083333333333333	0.7876666666666666	0.6908333333333333	0.2565	0.5598333333333333	0.5953333333333333	0.5701666666666666	0.4285	0.7156666666666667	0.5321666666666667	0.5416666666666666	0.4131666666666666	0.765	0.5876666666666667	0.542	0.46599999999999997	0.7344999999999999	0.6063333333333333	0.5676666666666667	0.4393333333333333	0.42133333333333334	0.5481666666666667	0.5385
0.514	0.49066666666666664	0.7036666666666667	0.8581666666666666	0.4358333333333333	0.29633333333333334	0.47633333333333333	0.7038333333333333	0.5226666666666666	0.387	0.8106666666666666	0.2613333333333333	0.4478333333333333	0.2813333333333333	0.36983333333333335	0.4573333333333333	0.7751666666666667	0.3888333333333333	0.4115	0.47483333333333333	0.7073333333333333	0.3575	0.6428333333333333	0.39649999999999996	0.5681666666666666	0.46499999999999997	0.4943333333333333	0.19849999999999998	0.643	0.34099999999999997	0.4923333333333333	0.35933333333333334	0.45666666666666667	0.42366666666666664	0.2643333333333333	0.4438333333333333	0.5523333333333333	0.328	0.11633333333333333	0.425	0.44816666666666666	0.1865	0.165	0.19433333333333333	0.14633333333333332	0.12316666666666666	0.0595	0.13883333333333334	0.017166666666666667	0.0185	0.012333333333333333	0.13749999999999998	0.06616666666666667	0.11266666666666666	0.17333333333333334	0.16733333333333333	0.1445	0.10033333333333333	0.186	0.29633333333333334	0.36883333333333335	0.291	0.4275	0.39766666666666667	0.46549999999999997	0.3758333333333333	0.7311666666666666	0.565	0.45199999999999996	0.3438333333333333	0.2363333333333333	0.4065	0.5363333333333333	0.46849999999999997	0.23616666666666666	0.5505	0.40349999999999997	0.606	0.45366666666666666	0.602	0.5311666666666667	0.6116666666666667	0.2703333333333333	0.6633333333333333	0.47933333333333333	0.48966666666666664	0.19716666666666666	0.37	0.3815	0.35783333333333334	0.5126666666666666	0.3845	0.42466666666666664	0.4628333333333333	0.659	0.29583333333333334	0.708	0.7005	0.518	0.6076666666666667
0.36216666666666664	0.5428333333333333	0.48516666666666663	0.40449999999999997	0.45966666666666667	0.5675	0.2665	0.6865	0.45649999999999996	0.48816666666666664	0.5338333333333333	0.37116666666666664	0.423	0.37266666666666665	0.699	0.7161666666666666	0.41733333333333333	0.5438333333333333	0.7073333333333333	0.5248333333333333	0.46016666666666667	0.44966666666666666	0.5051666666666667	0.45916666666666667	0.6156666666666667	0.35266666666666663	0.4493333333333333	0.37366666666666665	0.33599999999999997	0.5745	0.3168333333333333	0.3938333333333333	0.22883333333333333	0.6723333333333333	0.262	0.618	0.3408333333333333	0.32916666666666666	0.32366666666666666	0.1075	0.36433333333333334	0.27399999999999997	0.39466666666666667	0.1495	0.2643333333333333	0.12466666666666666	0.06016666666666667	0.12683333333333333	0.031166666666666665	0.07383333333333333	0.07833333333333332	0.06333333333333332	0.107	0.1275	0.1115	0.14866666666666667	0.2518333333333333	0.134	0.11499999999999999	0.30983333333333335	0.39499999999999996	0.25083333333333335	0.6233333333333333	0.7488333333333334	0.3625	0.46549999999999997	0.4973333333333333	0.6546666666666666	0.41966666666666663	0.39999999999999997	0.6083333333333333	0.5781666666666666	0.3473333333333333	0.7328333333333333	0.585	0.7011666666666666	0.9595	0.6243333333333333	0.6585	0.3768333333333333	0.5183333333333333	0.3525	0.43616666666666665	0.3223333333333333	0.598	0.5251666666666667	0.5756666666666667	0.7253333333333333	0.953	0.4508333333333333	0.383	0.5786666666666667	0.5598333333333333	0.525	0.6166666666666667	0.33549999999999996	0.6575	0.42166666666666663	0.4983333333333333	0.48666666666666664
0.3983333333333333	0.3408333333333333	0.8571666666666666	1.0458333333333334	0.6071666666666666	0.6073333333333333	0.5295	0.297	0.5993333333333333	0.5336666666666666	0.566	0.47816666666666663	0.4205	0.46066666666666667	0.307	0.41133333333333333	0.6113333333333333	0.49466666666666664	0.535	0.25083333333333335	0.469	0.48733333333333334	0.7925	0.36283333333333334	0.36233333333333334	0.521	0.5976666666666667	0.7528333333333334	0.2415	0.37766666666666665	0.3928333333333333	0.2115	0.48716666666666664	0.6528333333333333	0.6691666666666667	0.45249999999999996	0.24716666666666665	0.5495	0.8288333333333333	0.37066666666666664	0.2798333333333333	0.3295	0.15	0.5088333333333334	0.21183333333333332	0.19083333333333333	0.204	0.06899999999999999	0.2678333333333333	0.33316666666666667	0.1885	0.18866666666666665	0.0645	0.3516666666666666	0.23383333333333334	0.15883333333333333	0.17266666666666666	0.11483333333333333	0.34049999999999997	0.4345	0.6244999999999999	0.5469999999999999	0.4343333333333333	0.5656666666666667	0.245	0.5138333333333334	0.4718333333333333	0.7566666666666666	0.5473333333333333	0.563	0.7216666666666667	0.8043333333333333	0.30466666666666664	0.6671666666666667	0.3453333333333333	0.5055	0.6679999999999999	0.574	0.5583333333333333	0.8593333333333333	0.40399999999999997	0.258	0.325	0.6188333333333333	0.48583333333333334	0.689	0.422	0.18733333333333332	0.45499999999999996	0.2985	0.5218333333333334	0.369	0.418	1.05	0.31	0.45116666666666666	0.5509999999999999	0.33766666666666667	0.5553333333333333	0.4681666666666667
0.6551666666666667	0.49066666666666664	0.6448333333333333	0.3193333333333333	0.4458333333333333	0.5401666666666667	0.7563333333333333	0.851	0.5633333333333334	0.29483333333333334	0.6793333333333333	0.48866666666666664	0.8721666666666666	0.7896666666666666	0.37216666666666665	0.6256666666666666	0.525	0.5141666666666667	0.5375	0.5313333333333333	0.7501666666666666	0.3125	0.5376666666666666	0.6375	0.44266666666666665	0.5173333333333333	0.4445	0.4698333333333333	0.37416666666666665	0.6916666666666667	0.5896666666666667	0.41766666666666663	0.4393333333333333	0.4051666666666667	0.42	0.6516666666666666	0.8211666666666666	0.6749999999999999	0.3983333333333333	0.42683333333333334	0.32966666666666666	0.35333333333333333	0.48783333333333334	0.2563333333333333	0.0665	0.17016666666666666	0.058499999999999996	0.06733333333333333	0.2688333333333333	0.47916666666666663	0.22233333333333333	0.09516666666666666	0.23433333333333334	0.19116666666666665	0.10416666666666666	0.1485	0.24516666666666667	0.578	0.16316666666666665	0.23716666666666666	0.3168333333333333	0.31316666666666665	0.30316666666666664	0.5021666666666667	0.5038333333333334	0.5353333333333333	0.283	0.35283333333333333	0.2075	0.5983333333333333	0.3473333333333333	0.53	0.5986666666666667	0.6053333333333333	0.5943333333333333	0.5703333333333334	0.5046666666666666	0.6629999999999999	0.6143333333333333	0.3715	0.421	0.4315	0.6676666666666666	0.27	0.6878333333333333	0.4785	0.3863333333333333	0.5126666666666666	0.5975	0.6233333333333333	0.3818333333333333	0.48316666666666663	0.7111666666666666	0.5063333333333333	0.6813333333333333	0.3148333333333333	0.6164999999999999	0.36883333333333335	0.5253333333333333	0.6426666666666666
0.774	0.3775	0.6073333333333333	0.25516666666666665	0.33516666666666667	0.7195	0.7464999999999999	0.4968333333333333	0.3635	0.6103333333333333	0.3075	0.30383333333333334	0.307	0.48166666666666663	0.407	0.4938333333333333	0.39716666666666667	0.451	0.4518333333333333	0.48133333333333334	0.45299999999999996	0.5511666666666667	0.6521666666666667	0.2773333333333333	0.3773333333333333	0.6493333333333333	0.5341666666666667	0.3153333333333333	0.4036666666666667	0.709	0.3863333333333333	0.6194999999999999	0.428	0.6679999999999999	0.39599999999999996	0.6053333333333333	0.20333333333333334	0.487	0.16466666666666666	0.36216666666666664	0.47983333333333333	0.42616666666666664	0.19883333333333333	0.3953333333333333	0.2485	0.4493333333333333	0.1795	0.1115	0.252	0.25316666666666665	0.182	0.14783333333333332	0.14466666666666667	0.1535	0.18016666666666667	0.2563333333333333	0.31966666666666665	0.40399999999999997	0.5671666666666666	0.19566666666666666	0.24483333333333332	0.35333333333333333	0.31466666666666665	0.6265	0.5271666666666667	0.4938333333333333	0.7661666666666667	0.36083333333333334	0.49133333333333334	0.261	0.3165	0.3853333333333333	0.709	0.7451666666666666	0.6433333333333333	0.6158333333333333	0.3118333333333333	0.4885	0.5321666666666667	0.494	0.3885	0.5906666666666667	0.6456666666666666	0.627	0.5176666666666666	0.5773333333333334	0.33899999999999997	0.5153333333333333	0.7173333333333333	0.4915	0.6698333333333333	0.695	0.585	0.5056666666666666	0.3923333333333333	0.42066666666666663	0.45016666666666666	0.38116666666666665	0.5396666666666666	0.5315
0.5848333333333333	0.7145	0.645	0.47533333333333333	0.46066666666666667	0.6051666666666666	0.41866666666666663	0.7726666666666666	0.4121666666666666	0.6779999999999999	0.4033333333333333	0.5385	0.6983333333333334	0.48966666666666664	0.6253333333333333	0.523	0.48	0.6048333333333333	0.4741666666666666	0.5065	0.7271666666666666	0.33416666666666667	0.29333333333333333	0.48183333333333334	0.415	0.3743333333333333	0.2525	0.5533333333333333	0.659	0.5851666666666666	0.6629999999999999	0.5673333333333334	0.641	0.7045	0.29833333333333334	0.4095	0.3738333333333333	0.3125	0.2773333333333333	0.2788333333333333	0.4723333333333333	0.08883333333333333	0.2575	0.35883333333333334	0.22216666666666665	0.20233333333333334	0.2055	0.30566666666666664	0.09783333333333333	0.32416666666666666	0.13816666666666666	0.06283333333333332	0.10266666666666667	0.14883333333333332	0.17066666666666666	0.4388333333333333	0.20733333333333331	0.31616666666666665	0.48416666666666663	0.6431666666666667	0.5579999999999999	0.7901666666666667	0.45449999999999996	0.5596666666666666	0.19816666666666666	0.6018333333333333	0.5275	0.4053333333333333	0.1915	0.271	0.36116666666666664	0.6214999999999999	0.42383333333333334	0.4736666666666666	0.5643333333333334	0.5469999999999999	0.5423333333333333	0.39716666666666667	0.6121666666666666	0.6151666666666666	0.7601666666666667	0.36866666666666664	0.6033333333333333	0.44766666666666666	0.48933333333333334	0.5963333333333333	0.2826666666666667	0.7996666666666666	0.7424999999999999	0.4126666666666666	0.6821666666666667	0.4543333333333333	0.5961666666666666	0.5549999999999999	0.5411666666666667	0.42933333333333334	0.29433333333333334	0.5021666666666667	0.436	0.6174999999999999
0.3998333333333333	0.8893333333333333	0.754	0.6201666666666666	0.3263333333333333	0.373	0.6698333333333333	0.36933333333333335	0.7063333333333333	0.39	0.414	0.7483333333333333	0.698	0.5378333333333333	0.355	0.33849999999999997	0.5439999999999999	0.42066666666666663	0.5696666666666667	0.6395	0.26866666666666666	0.3263333333333333	0.6921666666666666	0.8961666666666667	0.6618333333333333	0.5031666666666667	0.58	0.5015	0.7234999999999999	0.43966666666666665	0.649	0.4358333333333333	0.4633333333333333	0.5305	0.8051666666666666	0.40116666666666667	0.5813333333333334	0.38616666666666666	0.5538333333333333	0.421	0.46316666666666667	0.3535	0.33799999999999997	0.23516666666666666	0.218	0.27216666666666667	0.283	0.5983333333333333	0.26766666666666666	0.358	0.30166666666666664	0.4663333333333333	0.2255	0.30933333333333335	0.24216666666666667	0.185	0.5753333333333334	0.42883333333333334	0.422	0.2465	0.2583333333333333	0.7656666666666666	0.43416666666666665	0.5073333333333333	0.6463333333333333	0.6811666666666667	0.5873333333333333	0.4425	0.535	0.22133333333333333	0.7205	0.5975	0.45666666666666667	0.6749999999999999	0.6801666666666667	0.29433333333333334	0.8883333333333333	0.449	0.46549999999999997	0.4375	0.5685	0.5615	0.292	0.7063333333333333	0.3755	0.4533333333333333	0.29366666666666663	0.266	0.6521666666666667	0.6793333333333333	0.327	0.2563333333333333	0.5676666666666667	0.4865	0.732	0.528	0.7548333333333334	0.4443333333333333	0.49133333333333334	0.45249999999999996
0.3735	0.3918333333333333	0.38716666666666666	0.6231666666666666	0.2768333333333333	0.6458333333333333	0.9575	0.33299999999999996	0.30783333333333335	0.4498333333333333	0.7166666666666667	0.36566666666666664	0.2965	0.5368333333333333	0.616	0.5928333333333333	0.5441666666666667	0.6343333333333333	0.4075	0.8481666666666666	0.5685	0.7868333333333333	0.5531666666666667	0.7376666666666667	0.18366666666666667	0.33249999999999996	0.8193333333333334	0.49716666666666665	0.49716666666666665	0.35716666666666663	0.3363333333333333	0.3763333333333333	0.3685	0.6366666666666666	0.42916666666666664	0.42466666666666664	0.37566666666666665	0.3491666666666667	0.371	0.3383333333333333	0.7266666666666667	0.5015	0.5118333333333334	0.2881666666666667	0.3213333333333333	0.26166666666666666	0.7418333333333333	0.13949999999999999	0.269	0.36333333333333334	0.36633333333333334	0.486	0.5416666666666666	0.33949999999999997	0.19583333333333333	0.6066666666666667	0.30316666666666664	0.30166666666666664	0.5333333333333333	0.5286666666666666	0.29333333333333333	0.578	0.435	0.30683333333333335	0.3343333333333333	0.3765	0.627	0.7118333333333333	0.4295	0.32816666666666666	0.8463333333333333	0.5595	0.4745	0.5845	0.6766666666666666	0.7356666666666667	0.3308333333333333	0.6716666666666666	0.49366666666666664	0.6333333333333333	0.4623333333333333	0.4328333333333333	0.37466666666666665	0.6363333333333333	0.6788333333333333	0.6331666666666667	0.4215	0.2513333333333333	0.6081666666666666	0.36333333333333334	0.39249999999999996	0.35633333333333334	0.307	0.7541666666666667	0.6841666666666666	0.5241666666666667	0.5371666666666667	0.6613333333333333	0.45416666666666666	0.9376666666666666
0.2613333333333333	0.5198333333333334	0.47866666666666663	0.4058333333333333	0.22933333333333333	0.3263333333333333	0.5215	0.5948333333333333	0.5135	0.48616666666666664	0.2823333333333333	0.497	0.4013333333333333	0.5881666666666666	0.6044999999999999	0.5661666666666666	0.42366666666666664	0.4698333333333333	0.6705	0.45449999999999996	0.6216666666666667	0.43033333333333335	0.6458333333333333	0.5406666666666666	0.48833333333333334	0.5816666666666667	0.7456666666666666	0.5673333333333334	0.2698333333333333	0.5216666666666666	0.22033333333333333	0.5775	0.33866666666666667	0.5813333333333334	0.5231666666666667	0.36533333333333334	0.48666666666666664	0.3183333333333333	0.29333333333333333	0.38016666666666665	0.7601666666666667	0.4703333333333333	0.42433333333333334	0.46149999999999997	0.4661666666666667	0.49516666666666664	0.2783333333333333	0.2058333333333333	0.3495	0.303	0.48	0.31166666666666665	0.6033333333333333	0.268	0.3298333333333333	0.5423333333333333	0.5469999999999999	0.477	0.25016666666666665	0.6006666666666667	0.45866666666666667	0.578	0.444	0.15816666666666665	0.282	0.4965	0.661	0.6121666666666666	0.46266666666666667	0.5298333333333333	0.4493333333333333	0.42583333333333334	0.41783333333333333	0.48833333333333334	0.496	0.42216666666666663	0.5818333333333333	0.5675	0.3858333333333333	0.9568333333333333	0.43966666666666665	0.5395	0.6611666666666667	0.5233333333333333	0.5479999999999999	0.45116666666666666	0.20099999999999998	0.4656666666666667	0.7956666666666666	0.5366666666666666	0.451	0.325	0.3895	0.40149999999999997	0.5003333333333333	0.3525	0.611	0.353	0.4463333333333333	0.47816666666666663
0.5065	0.5418333333333333	0.8548333333333333	0.5746666666666667	0.5878333333333333	0.7106666666666667	0.30433333333333334	0.5499999999999999	0.4663333333333333	0.5353333333333333	0.5613333333333334	0.5761666666666666	0.417	0.6063333333333333	0.7076666666666667	0.35933333333333334	0.7786666666666666	0.5466666666666666	0.6244999999999999	0.6853333333333333	0.49	0.4716666666666667	0.5685	0.8586666666666667	0.7381666666666666	0.3313333333333333	0.6445	0.5143333333333333	0.8223333333333334	0.705	0.5236666666666666	0.42483333333333334	0.6525	0.269	0.6583333333333333	0.574	0.16599999999999998	0.6581666666666667	0.6666666666666666	0.25866666666666666	0.45816666666666667	0.5038333333333334	0.48833333333333334	0.567	0.2763333333333333	0.4708333333333333	0.28683333333333333	0.5031666666666667	0.212	0.372	0.605	0.34199999999999997	0.6156666666666667	0.4603333333333333	0.42616666666666664	0.48633333333333334	0.6963333333333334	0.2683333333333333	0.4666666666666667	0.19466666666666665	0.5463333333333333	0.30266666666666664	0.6968333333333333	0.5216666666666666	0.529	0.2843333333333333	0.2965	0.2455	0.6703333333333333	0.1895	0.39966666666666667	0.7378333333333333	0.5975	0.3145	0.3278333333333333	0.31716666666666665	1.1255	0.5401666666666667	0.819	0.9425	0.42183333333333334	0.3988333333333333	0.4155	0.38516666666666666	0.7474999999999999	0.2605	0.5473333333333333	0.4668333333333333	0.5078333333333334	0.478	0.42283333333333334	0.39916666666666667	0.5131666666666667	0.612	0.6078333333333333	0.8484999999999999	0.4686666666666667	0.642	0.618	0.8205
0.6343333333333333	0.5041666666666667	0.3378333333333333	0.596	0.6214999999999999	0.9495	0.4578333333333333	0.4328333333333333	0.45816666666666667	0.5496666666666666	0.46149999999999997	0.46149999999999997	0.5156666666666666	0.6811666666666667	0.6228333333333333	0.7141666666666666	0.3773333333333333	0.42066666666666663	0.5	0.5025	0.5511666666666667	0.48816666666666664	0.6425	0.39766666666666667	0.5916666666666667	0.6708333333333333	0.5118333333333334	0.2683333333333333	0.7163333333333333	0.2703333333333333	0.41133333333333333	0.4538333333333333	0.8121666666666666	0.22749999999999998	0.5688333333333333	0.43316666666666664	0.5155	0.42333333333333334	0.5439999999999999	0.22333333333333333	0.41133333333333333	0.24833333333333332	0.5435	0.4965	0.4403333333333333	0.3501666666666667	0.4533333333333333	0.25316666666666665	0.292	0.33616666666666667	0.3383333333333333	0.4323333333333333	0.15683333333333332	0.29683333333333334	0.26266666666666666	0.479	0.502	0.4716666666666667	0.37516666666666665	0.49133333333333334	0.46216666666666667	0.5095	0.5805	0.4205	0.5163333333333333	0.5046666666666666	0.45216666666666666	0.45199999999999996	0.42383333333333334	0.40199999999999997	0.2678333333333333	0.34099999999999997	0.42783333333333334	0.6015	0.40099999999999997	0.632	0.866	0.36433333333333334	0.659	0.7195	0.6758333333333333	0.5411666666666667	0.493	0.5158333333333334	0.3743333333333333	0.6111666666666666	0.732	0.6661666666666667	0.9301666666666666	0.3825	0.38666666666666666	0.4121666666666666	0.45949999999999996	0.5935	0.3193333333333333	0.5495	0.2895	0.4993333333333333	0.3835	0.413
0.3765	0.2896666666666667	0.47866666666666663	0.49616666666666664	0.6869999999999999	0.2825	0.5158333333333334	0.5686666666666667	0.5245	0.5036666666666666	0.33066666666666666	0.35233333333333333	0.6174999999999999	0.409	0.2848333333333333	0.46699999999999997	0.6475	0.5641666666666666	0.46699999999999997	0.6076666666666667	0.40299999999999997	0.416	0.736	0.4558333333333333	0.388	0.4505	0.49166666666666664	0.5053333333333333	0.3348333333333333	0.29633333333333334	0.6335	0.45016666666666666	0.4741666666666666	0.4938333333333333	0.7378333333333333	0.5103333333333333	0.2185	0.325	0.5153333333333333	0.7736666666666666	0.7131666666666666	0.4766666666666666	0.39266666666666666	0.3253333333333333	0.27666666666666667	0.37716666666666665	0.3845	0.22066666666666665	0.20816666666666667	0.42516666666666664	0.49266666666666664	0.2645	0.5583333333333333	0.39866666666666667	0.42633333333333334	0.5258333333333333	0.3208333333333333	0.7453333333333333	0.39249999999999996	0.7145	0.30166666666666664	0.3411666666666667	0.5805	1.0454999999999999	0.6288333333333334	0.4425	0.3773333333333333	0.6268333333333334	0.2505	0.33366666666666667	0.5271666666666667	0.48283333333333334	0.5763333333333334	0.49166666666666664	0.4925	0.3878333333333333	0.21266666666666667	0.24283333333333332	0.40066666666666667	0.53	0.4708333333333333	0.3463333333333333	0.43033333333333335	0.39916666666666667	0.699	0.46116666666666667	0.4706666666666667	0.33949999999999997	0.438	0.3223333333333333	0.6275	0.6028333333333333	0.41916666666666663	0.20283333333333334	0.519	0.694	0.24	0.5261666666666667	0.37	0.5003333333333333
0.716	0.4033333333333333	0.43066666666666664	0.7531666666666667	0.5771666666666666	0.701	0.5681666666666666	0.59	0.6361666666666667	0.3423333333333333	0.4653333333333333	0.30633333333333335	0.408	0.4023333333333333	0.48933333333333334	0.29966666666666664	0.44116666666666665	0.6775	0.5816666666666667	0.3411666666666667	0.45	0.5426666666666666	0.43616666666666665	0.4756666666666666	0.37716666666666665	0.38466666666666666	0.2816666666666667	0.605	0.5596666666666666	0.5773333333333334	0.4993333333333333	0.4318333333333333	0.33666666666666667	0.5331666666666667	0.5486666666666666	0.3828333333333333	0.6876666666666666	0.578	0.7344999999999999	0.376	0.5335	0.5565	0.6098333333333333	0.43166666666666664	0.4983333333333333	0.097	0.5353333333333333	0.5541666666666667	0.2663333333333333	0.4785	0.4741666666666666	0.6846666666666666	0.30233333333333334	0.5036666666666666	0.6415	0.32066666666666666	0.6408333333333334	0.29716666666666663	0.36716666666666664	0.58	0.5415	0.537	0.1945	0.6134999999999999	0.4775	0.7561666666666667	0.622	0.7414999999999999	0.5	0.165	0.31166666666666665	0.45699999999999996	0.6931666666666666	0.4958333333333333	0.34833333333333333	0.418	0.26516666666666666	0.525	0.5793333333333334	0.38316666666666666	0.5568333333333333	0.4988333333333333	0.5376666666666666	0.30683333333333335	0.3323333333333333	0.657	0.42183333333333334	0.23716666666666666	0.7798333333333333	0.5918333333333333	0.46166666666666667	0.41716666666666663	0.8108333333333333	0.40016666666666667	0.8233333333333333	0.41533333333333333	0.345	0.6508333333333333	0.7155	0.2803333333333333
0.41633333333333333	0.2856666666666667	0.5186666666666666	0.8221666666666666	1.0711666666666666	0.7211666666666666	0.5825	1.1431666666666667	0.6798333333333333	0.2583333333333333	0.5135	0.41483333333333333	0.42783333333333334	0.2703333333333333	0.6506666666666666	0.6631666666666667	0.6236666666666666	0.19483333333333333	0.7783333333333333	0.74	0.902	0.9615	0.3431666666666667	0.20783333333333331	0.5006666666666667	0.32266666666666666	0.519	0.4136666666666666	0.691	0.45449999999999996	0.4741666666666666	0.5616666666666666	0.5805	0.2871666666666667	0.5008333333333334	0.35233333333333333	0.4973333333333333	0.5511666666666667	0.52	0.6356666666666666	0.6385	0.6605	0.8261666666666666	0.4285	0.43016666666666664	0.3733333333333333	0.36083333333333334	0.5915	0.414	0.21433333333333332	0.5651666666666666	0.4696666666666667	0.5015	0.5336666666666666	0.42633333333333334	0.42716666666666664	0.294	0.4683333333333333	0.4718333333333333	0.41333333333333333	0.4473333333333333	0.3888333333333333	0.48983333333333334	0.46049999999999996	0.6023333333333333	0.44266666666666665	0.4053333333333333	0.416	0.5871666666666666	0.37316666666666665	0.6656666666666666	0.645	0.529	0.5936666666666667	0.2405	0.48616666666666664	0.359	0.7063333333333333	0.4083333333333333	0.417	0.694	0.3718333333333333	0.4393333333333333	0.4705	0.6823333333333333	0.6543333333333333	0.36616666666666664	0.42833333333333334	0.43516666666666665	0.6306666666666666	0.36316666666666664	0.5588333333333333	0.765	0.6173333333333333	0.413	0.4638333333333333	0.5313333333333333	0.5356666666666666	0.2728333333333333	0.7601666666666667
0.35883333333333334	0.59	0.35033333333333333	0.654	0.33399999999999996	0.5046666666666666	0.39316666666666666	0.26966666666666667	0.7148333333333333	0.46249999999999997	0.729	0.4348333333333333	0.5313333333333333	0.8256666666666667	0.4028333333333333	0.3878333333333333	0.2881666666666667	0.418	0.352	0.66	0.46416666666666667	0.5449999999999999	0.6073333333333333	0.3908333333333333	0.6548333333333333	0.3515	0.2495	0.5883333333333333	0.4593333333333333	0.5908333333333333	0.8713333333333333	0.3323333333333333	0.9199999999999999	0.34833333333333333	0.6829999999999999	0.43066666666666664	0.7121666666666666	0.6201666666666666	0.4245	0.45549999999999996	0.5135	0.7401666666666666	0.32566666666666666	0.42866666666666664	0.42933333333333334	0.5125	0.6253333333333333	0.3323333333333333	0.305	0.423	0.25516666666666665	0.3878333333333333	0.39716666666666667	0.362	0.5355	0.3358333333333333	0.6985	0.49216666666666664	0.47866666666666663	0.2628333333333333	0.386	0.4063333333333333	0.36	0.46316666666666667	0.33299999999999996	0.44016666666666665	0.488	0.9541666666666666	0.5253333333333333	0.45816666666666667	0.48616666666666664	0.43616666666666665	0.5543333333333333	0.436	0.6118333333333333	0.36766666666666664	0.7825	0.6505	0.36966666666666664	0.4121666666666666	0.661	0.5559999999999999	0.43866666666666665	0.6525	0.47766666666666663	0.49716666666666665	0.7878333333333333	0.5661666666666666	0.6705	0.6445	0.44566666666666666	0.5875	0.4938333333333333	0.5788333333333333	0.6011666666666666	0.5996666666666667	0.48083333333333333	0.2518333333333333	0.5396666666666666	0.7166666666666667
0.48	0.5055	0.374	1.0283333333333333	0.4088333333333333	0.7995	0.6966666666666667	0.41666666666666663	0.42366666666666664	0.586	0.6878333333333333	0.44016666666666665	0.5306666666666666	0.7818333333333333	0.5466666666666666	0.3436666666666667	0.3268333333333333	0.5608333333333333	0.7003333333333334	0.6833333333333333	0.697	0.6351666666666667	0.219	0.5341666666666667	0.6486666666666666	0.5288333333333333	0.4068333333333333	0.6473333333333333	0.41716666666666663	0.7383333333333333	0.6843333333333333	0.5253333333333333	0.4121666666666666	0.4355	0.47983333333333333	0.8646666666666666	0.4718333333333333	0.8263333333333333	0.40249999999999997	0.22949999999999998	0.2535	0.38666666666666666	0.20533333333333334	0.5318333333333333	0.39649999999999996	0.32016666666666665	0.4115	0.4923333333333333	0.3828333333333333	0.30033333333333334	0.5398333333333333	0.2865	0.47733333333333333	0.8181666666666666	0.49116666666666664	0.451	0.4653333333333333	0.39266666666666666	0.30366666666666664	0.542	0.3575	0.4048333333333333	0.39649999999999996	0.48	0.236	0.407	0.5813333333333334	0.7433333333333333	0.6739999999999999	0.6335	0.5393333333333333	0.431	0.4681666666666667	0.5745	0.30733333333333335	0.49766666666666665	0.5228333333333333	0.6054999999999999	0.7979999999999999	0.5693333333333334	0.3813333333333333	0.473	0.5308333333333333	0.42633333333333334	0.6213333333333333	0.33016666666666666	0.6918333333333333	0.4111666666666667	0.5705	0.6961666666666666	0.1445	0.73	0.5938333333333333	0.451	0.8141666666666666	0.45849999999999996	0.3153333333333333	0.4706666666666667	0.6153333333333333	0.5293333333333333
0.24966666666666665	0.44616666666666666	0.4435	0.4448333333333333	0.5106666666666666	0.24116666666666667	0.42233333333333334	0.38	0.5368333333333333	0.5648333333333333	0.31816666666666665	0.3245	0.5908333333333333	0.4548333333333333	0.5373333333333333	0.6368333333333334	0.6338333333333334	0.587	0.47883333333333333	0.36683333333333334	0.5048333333333334	0.5831666666666666	0.8345	0.52	0.49	0.345	0.5281666666666667	0.3743333333333333	0.5211666666666667	0.5628333333333333	0.693	0.9123333333333333	0.523	0.5236666666666666	0.8305	0.3778333333333333	0.7088333333333333	0.6148333333333333	0.5456666666666666	0.38166666666666665	0.42783333333333334	0.571	0.43316666666666664	0.4413333333333333	0.31566666666666665	0.49616666666666664	0.5715	0.5705	0.373	0.4013333333333333	0.28783333333333333	0.36933333333333335	0.324	0.5136666666666666	0.36783333333333335	0.2743333333333333	0.243	0.6703333333333333	0.3818333333333333	0.5195	0.536	0.5545	0.5423333333333333	0.6453333333333333	0.5725	0.5395	0.31083333333333335	0.48633333333333334	0.5605	0.49616666666666664	0.40099999999999997	0.5403333333333333	0.46449999999999997	0.4943333333333333	0.29283333333333333	0.386	0.6628333333333333	0.39549999999999996	0.5731666666666666	0.6298333333333334	0.6635	0.42983333333333335	0.581	0.6263333333333333	0.6739999999999999	0.473	0.7845	0.5523333333333333	0.49166666666666664	0.3745	0.41733333333333333	0.44316666666666665	0.3888333333333333	0.6458333333333333	0.4323333333333333	0.5228333333333333	0.5205	0.45316666666666666	0.7166666666666667	0.5188333333333334
0.5493333333333333	0.45016666666666666	0.46416666666666667	0.6563333333333333	0.5508333333333333	0.6283333333333333	0.6051666666666666	0.7051666666666666	0.5278333333333333	0.5921666666666666	0.6613333333333333	0.47966666666666663	0.8376666666666667	0.8731666666666666	0.41466666666666663	0.7281666666666666	0.41083333333333333	0.6133333333333333	0.6839999999999999	0.5938333333333333	0.3798333333333333	0.41933333333333334	0.389	0.3968333333333333	0.37166666666666665	0.29633333333333334	0.5535	0.33716666666666667	0.3953333333333333	0.47816666666666663	0.7443333333333333	0.6613333333333333	0.2565	0.5433333333333333	0.33066666666666666	0.428	0.5968333333333333	0.5155	0.6616666666666666	0.5095	0.6771666666666667	0.38466666666666666	0.4205	0.42283333333333334	0.47533333333333333	0.46266666666666667	0.20616666666666666	0.2783333333333333	0.25666666666666665	0.5965	0.2718333333333333	0.27399999999999997	0.48916666666666664	0.4295	0.33816666666666667	0.4765	0.2865	0.4418333333333333	0.387	0.24866666666666665	0.30616666666666664	0.4051666666666667	0.623	0.42516666666666664	0.6313333333333333	0.4805	0.48916666666666664	0.5808333333333333	0.48533333333333334	0.6739999999999999	0.3938333333333333	0.3505	0.7973333333333333	0.45249999999999996	0.5539999999999999	0.46499999999999997	0.36766666666666664	0.5855	0.46066666666666667	0.6246666666666666	0.6218333333333333	0.6144999999999999	0.5911666666666666	0.39449999999999996	0.48533333333333334	0.5031666666666667	0.23249999999999998	0.7168333333333333	0.5938333333333333	0.33549999999999996	0.5148333333333334	0.40099999999999997	0.5733333333333334	0.749	0.7735	0.48083333333333333	0.426	0.35583333333333333	0.6315	0.4975
0.5516666666666666	0.5228333333333333	0.391	0.49266666666666664	0.5163333333333333	0.6023333333333333	0.6224999999999999	0.42983333333333335	0.5688333333333333	0.45	0.4106666666666667	0.3765	0.6291666666666667	0.6828333333333333	0.25066666666666665	0.48216666666666663	0.5496666666666666	0.5609999999999999	0.701	0.6038333333333333	0.3155	0.4716666666666667	0.323	0.25716666666666665	0.5708333333333333	0.37133333333333335	0.44416666666666665	0.5753333333333334	0.4948333333333333	0.5036666666666666	0.5258333333333333	0.5965	0.5051666666666667	0.7603333333333333	0.5478333333333333	0.2985	0.5148333333333334	0.654	0.5436666666666666	0.5646666666666667	0.29133333333333333	0.7715	0.36233333333333334	0.6618333333333333	0.4375	0.4445	0.4121666666666666	0.46599999999999997	0.49166666666666664	0.5326666666666666	0.27216666666666667	0.42733333333333334	0.26016666666666666	0.23466666666666666	0.44416666666666665	0.3978333333333333	0.252	0.41333333333333333	0.507	0.29766666666666663	0.24	0.37	0.3773333333333333	0.5469999999999999	0.5393333333333333	0.3685	0.7645	0.7166666666666667	0.2648333333333333	0.5978333333333333	0.7081666666666666	0.7111666666666666	0.46199999999999997	0.5056666666666666	0.5891666666666666	0.6601666666666667	0.4335	0.609	0.4513333333333333	0.7548333333333334	0.373	0.33699999999999997	0.5088333333333334	0.6298333333333334	0.35816666666666663	0.442	0.38966666666666666	0.7603333333333333	0.6789999999999999	0.6481666666666667	0.5368333333333333	0.5136666666666666	0.5536666666666666	0.5638333333333333	0.568	0.6266666666666666	0.5646666666666667	0.34049999999999997	0.3675	0.7373333333333333
0.33949999999999997	0.45599999999999996	0.5598333333333333	0.4686666666666667	0.4488333333333333	0.6768333333333333	0.31266666666666665	0.5591666666666667	0.3785	0.49166666666666664	0.43016666666666664	0.4388333333333333	0.5823333333333333	0.4333333333333333	0.5898333333333333	0.587	0.6114999999999999	0.4658333333333333	0.3705	0.37216666666666665	0.21216666666666667	0.528	0.39116666666666666	0.3545	0.3195	0.2896666666666667	0.541	0.4065	0.4548333333333333	0.5545	0.4741666666666666	0.6238333333333334	0.24916666666666665	0.582	0.6316666666666666	0.741	0.43266666666666664	0.5711666666666666	0.38616666666666666	0.6595	0.4683333333333333	0.475	0.46049999999999996	0.497	0.4438333333333333	0.38916666666666666	0.2668333333333333	0.352	0.3333333333333333	0.39116666666666666	0.23299999999999998	0.30583333333333335	0.5083333333333333	0.268	0.503	0.48566666666666664	0.43	0.7843333333333333	0.5865	0.27266666666666667	0.35033333333333333	0.567	0.7568333333333334	0.27999999999999997	0.3723333333333333	0.5515	0.7463333333333333	0.3938333333333333	0.41	0.33349999999999996	0.6138333333333333	0.46199999999999997	0.8046666666666666	0.46066666666666667	0.24416666666666667	0.6148333333333333	0.8471666666666666	0.48683333333333334	0.6174999999999999	0.6943333333333334	0.49016666666666664	0.5668333333333333	0.47933333333333333	0.32416666666666666	0.4355	0.6208333333333333	0.4923333333333333	0.6945	0.25466666666666665	0.32166666666666666	0.6168333333333333	0.40599999999999997	0.532	0.256	0.6553333333333333	0.6451666666666667	0.4468333333333333	0.6488333333333333	0.83	0.7683333333333333
0.566	0.5628333333333333	0.5108333333333334	0.411	0.7381666666666666	0.44216666666666665	0.6798333333333333	0.5558333333333333	0.4393333333333333	0.48466666666666663	0.5485	0.5541666666666667	0.661	0.45599999999999996	0.43	0.6265	0.7675	0.36783333333333335	0.6673333333333333	0.4041666666666667	0.5653333333333334	0.6144999999999999	0.8408333333333333	0.588	0.36133333333333334	0.7456666666666666	0.3918333333333333	0.5585	0.42833333333333334	0.5748333333333333	0.4558333333333333	0.4095	0.3923333333333333	0.527	0.5831666666666666	0.6741666666666667	0.714	0.44766666666666666	0.5915	0.321	0.2185	0.6131666666666666	0.4568333333333333	0.38066666666666665	0.31966666666666665	0.22716666666666666	0.537	0.3455	0.4036666666666667	0.3163333333333333	0.3243333333333333	0.483	0.5123333333333333	0.46549999999999997	0.19333333333333333	0.42416666666666664	0.3828333333333333	0.6238333333333334	0.6208333333333333	0.35733333333333334	0.5708333333333333	0.7115	0.5071666666666667	0.41783333333333333	0.41766666666666663	0.8338333333333333	0.3843333333333333	0.5953333333333333	0.25566666666666665	0.6691666666666667	0.35716666666666663	0.8898333333333333	0.30133333333333334	0.49316666666666664	0.5013333333333333	0.6198333333333333	0.46249999999999997	0.446	0.5538333333333333	0.3148333333333333	0.43616666666666665	0.5021666666666667	0.3915	0.5996666666666667	0.3968333333333333	0.5171666666666667	0.7444999999999999	0.5291666666666667	0.5505	0.5589999999999999	0.46066666666666667	0.45916666666666667	0.4175	0.41666666666666663	0.485	0.525	0.42266666666666663	0.351	0.5096666666666666	0.7728333333333333
0.5108333333333334	0.3605	0.8441666666666666	0.5273333333333333	0.6679999999999999	1.1153333333333333	0.598	0.6316666666666666	0.4195	0.6448333333333333	0.4418333333333333	0.4618333333333333	0.775	0.7899999999999999	0.6691666666666667	0.5051666666666667	0.7086666666666667	0.49116666666666664	0.5725	0.7394999999999999	0.36966666666666664	0.4033333333333333	0.47733333333333333	0.39266666666666666	0.7901666666666667	0.3758333333333333	0.29366666666666663	0.3895	0.5971666666666666	0.2663333333333333	0.6168333333333333	0.384	0.2748333333333333	0.6443333333333333	0.6101666666666666	0.21783333333333332	0.5435	0.5781666666666666	0.5036666666666666	0.4975	0.42	0.7441666666666666	0.27	0.31066666666666665	0.3278333333333333	0.28733333333333333	0.4018333333333333	0.316	0.41533333333333333	0.3445	0.365	0.30016666666666664	0.36716666666666664	0.533	0.3813333333333333	0.4041666666666667	0.6796666666666666	0.2528333333333333	0.3401666666666667	0.4373333333333333	0.7573333333333333	0.35233333333333333	0.5358333333333333	0.6116666666666667	0.424	0.5688333333333333	0.47933333333333333	0.22883333333333333	0.6288333333333334	0.4096666666666667	0.5833333333333333	0.3823333333333333	0.4076666666666667	0.6281666666666667	0.6144999999999999	0.304	0.3993333333333333	0.45799999999999996	0.6326666666666666	0.5123333333333333	0.3443333333333333	0.5518333333333333	0.5	0.5001666666666666	0.8108333333333333	0.17116666666666666	0.5831666666666666	0.29283333333333333	0.355	0.43166666666666664	0.43866666666666665	0.35483333333333333	0.2803333333333333	0.33999999999999997	0.444	0.298	0.6883333333333334	0.8075	0.6438333333333333	0.4993333333333333
0.39799999999999996	0.7463333333333333	0.3705	0.591	0.3455	0.5268333333333333	0.4051666666666667	0.29916666666666664	0.36783333333333335	0.4428333333333333	0.7025	0.45166666666666666	0.6463333333333333	0.3446666666666667	0.3825	0.6403333333333333	0.847	0.5418333333333333	0.4608333333333333	0.45749999999999996	0.4105	0.7118333333333333	0.4915	0.5236666666666666	0.349	0.4683333333333333	0.4973333333333333	0.47816666666666663	0.6871666666666666	0.5421666666666667	0.6043333333333333	0.6066666666666667	0.5456666666666666	0.4568333333333333	0.45849999999999996	0.5491666666666667	0.6196666666666667	0.9096666666666666	0.6468333333333333	0.657	0.4343333333333333	0.33949999999999997	0.46016666666666667	0.42616666666666664	0.5088333333333334	0.5549999999999999	0.3303333333333333	0.3615	0.29816666666666664	0.4033333333333333	0.4741666666666666	0.33999999999999997	0.4058333333333333	0.5678333333333333	0.22083333333333333	0.5155	0.5193333333333333	0.43816666666666665	0.5016666666666667	0.45666666666666667	0.3813333333333333	0.5343333333333333	0.4935	0.6699999999999999	0.5705	0.7919999999999999	0.4618333333333333	0.522	0.7098333333333333	0.7223333333333333	0.3075	0.5606666666666666	0.38366666666666666	0.4323333333333333	0.46799999999999997	0.6203333333333333	0.7651666666666667	0.49116666666666664	0.5943333333333333	0.8696666666666666	0.4415	0.5041666666666667	0.435	0.5106666666666666	0.42833333333333334	0.592	0.43	0.18416666666666667	0.47966666666666663	0.355	0.5653333333333334	0.5675	0.5385	0.717	0.4593333333333333	0.45716666666666667	0.48616666666666664	0.6091666666666666	0.47383333333333333	0.5011666666666666
0.7506666666666666	0.38966666666666666	0.5375	0.5735	0.2748333333333333	0.5263333333333333	0.6848333333333333	0.22333333333333333	0.6735	0.36766666666666664	0.3575	0.5619999999999999	0.6495	0.8343333333333333	0.6651666666666667	0.35233333333333333	0.44816666666666666	0.624	0.6268333333333334	0.6376666666666666	0.3915	0.27399999999999997	0.7551666666666667	0.29716666666666663	0.8553333333333333	0.5628333333333333	0.6206666666666667	0.576	0.5775	0.4136666666666666	0.5395	0.34099999999999997	0.7401666666666666	0.62	0.6178333333333333	0.2835	0.2748333333333333	0.7193333333333333	0.5018333333333334	0.7875	0.443	0.36116666666666664	0.35	0.3825	0.39749999999999996	0.7518333333333334	0.41616666666666663	0.41983333333333334	0.4593333333333333	0.44566666666666666	0.19083333333333333	0.3903333333333333	0.27466666666666667	0.27399999999999997	0.4726666666666666	0.363	0.5485	0.47966666666666663	0.3413333333333333	0.22599999999999998	0.3843333333333333	0.41983333333333334	0.5638333333333333	0.32616666666666666	0.35883333333333334	0.3838333333333333	0.43	0.5196666666666666	0.19666666666666666	0.6038333333333333	0.3471666666666667	0.7976666666666666	0.5183333333333333	0.8461666666666666	0.351	0.42166666666666663	0.718	0.7993333333333333	0.30433333333333334	0.44016666666666665	0.6759999999999999	0.4445	0.6206666666666667	0.6134999999999999	0.331	0.5393333333333333	0.5519999999999999	0.6748333333333333	0.7528333333333334	0.505	0.30233333333333334	0.41666666666666663	0.8608333333333333	0.4091666666666667	0.7291666666666666	0.5326666666666666	0.5918333333333333	0.4205	0.626	0.5106666666666666
0.19849999999999998	0.37166666666666665	0.7373333333333333	0.5106666666666666	0.6896666666666667	0.6728333333333333	0.7733333333333333	0.4623333333333333	0.3516666666666666	0.3795	0.48333333333333334	0.4693333333333333	0.5561666666666667	0.39	0.4328333333333333	0.18566666666666667	0.636	0.508	0.5236666666666666	0.30383333333333334	0.45316666666666666	0.4385	0.5091666666666667	0.5276666666666666	0.5745	0.31616666666666665	0.4978333333333333	0.35666666666666663	0.5046666666666666	0.5081666666666667	0.5536666666666666	0.40499999999999997	0.7201666666666666	0.588	0.5243333333333333	0.5471666666666667	0.3458333333333333	0.5363333333333333	0.7828333333333333	0.5883333333333333	0.8361666666666666	0.35383333333333333	0.4275	0.5085	0.2838333333333333	0.315	0.3253333333333333	0.31216666666666665	0.7231666666666666	0.4993333333333333	0.448	0.5378333333333333	0.3426666666666667	0.5825	0.6521666666666667	0.5913333333333333	0.6038333333333333	0.3825	0.6975	0.354	0.5196666666666666	0.4656666666666667	0.6788333333333333	0.5205	0.37866666666666665	0.5461666666666667	0.5373333333333333	0.39949999999999997	0.5468333333333333	0.9091666666666667	0.5931666666666666	0.7451666666666666	0.3125	0.612	0.38416666666666666	0.49166666666666664	0.6613333333333333	0.4895	0.47933333333333333	0.32616666666666666	0.4061666666666667	0.26616666666666666	0.3515	0.8083333333333333	0.7553333333333333	0.6255	0.4716666666666667	0.5276666666666666	0.43916666666666665	0.5603333333333333	0.5579999999999999	0.367	0.5823333333333333	0.6168333333333333	0.573	0.5953333333333333	0.6508333333333333	0.6191666666666666	0.6571666666666667	0.5
0.6679999999999999	0.4995	0.4995	0.46316666666666667	0.6875	0.4388333333333333	0.5443333333333333	0.45349999999999996	0.3453333333333333	0.5471666666666667	0.40066666666666667	0.388	0.6415	0.5833333333333333	0.5338333333333333	0.6418333333333334	0.5509999999999999	0.5626666666666666	0.7561666666666667	0.6184999999999999	0.5208333333333334	0.6993333333333334	0.6768333333333333	0.6034999999999999	0.3605	0.31716666666666665	0.5418333333333333	0.46216666666666667	0.5741666666666666	0.33566666666666667	0.48783333333333334	0.33999999999999997	0.5201666666666667	0.5531666666666667	0.218	0.708	0.49966666666666665	0.36033333333333334	0.4105	0.48716666666666664	0.37666666666666665	0.6094999999999999	0.535	0.35733333333333334	0.33299999999999996	0.15316666666666667	0.32216666666666666	0.608	0.3123333333333333	0.45866666666666667	0.5023333333333333	0.5413333333333333	0.6883333333333334	0.36266666666666664	0.262	0.5609999999999999	0.33	0.2871666666666667	0.5411666666666667	0.38016666666666665	0.717	0.4473333333333333	0.19716666666666666	0.48483333333333334	0.5776666666666667	0.36433333333333334	0.355	0.4475	0.20883333333333332	0.5469999999999999	0.5251666666666667	0.5103333333333333	0.42466666666666664	0.5508333333333333	0.4423333333333333	0.5236666666666666	0.4285	0.3878333333333333	0.49133333333333334	0.4428333333333333	0.4533333333333333	0.5073333333333333	0.5403333333333333	0.374	0.4663333333333333	0.3818333333333333	0.6123333333333333	0.47783333333333333	0.6718333333333333	0.601	0.6726666666666666	1.0325	0.5383333333333333	0.3285	0.5238333333333333	0.624	0.352	0.42133333333333334	0.6028333333333333	0.7863333333333333
0.5748333333333333	0.27749999999999997	0.7085	0.5756666666666667	0.5893333333333333	0.488	0.601	0.2648333333333333	0.40116666666666667	0.9115	0.5583333333333333	0.5291666666666667	0.5251666666666667	0.4338333333333333	0.3143333333333333	0.4696666666666667	0.7236666666666667	0.7118333333333333	0.357	0.5165	0.6163333333333333	0.2635	0.43033333333333335	0.5693333333333334	0.5418333333333333	0.5233333333333333	0.4935	0.31566666666666665	0.7763333333333333	0.6048333333333333	0.6303333333333333	0.7354999999999999	0.5523333333333333	0.5196666666666666	0.5935	0.5931666666666666	0.6193333333333333	0.6031666666666666	0.47766666666666663	0.5565	0.5305	0.3451666666666667	0.3403333333333333	0.4393333333333333	0.38166666666666665	0.38466666666666666	0.38666666666666666	0.3755	0.36083333333333334	0.45266666666666666	0.312	0.29983333333333334	0.48816666666666664	0.37416666666666665	0.5428333333333333	0.6226666666666666	0.4815	0.3685	0.3481666666666667	0.47583333333333333	0.518	0.8046666666666666	0.5418333333333333	0.3476666666666667	0.5848333333333333	0.31266666666666665	0.42133333333333334	0.2345	0.30816666666666664	0.4048333333333333	0.5596666666666666	0.7645	0.43766666666666665	0.42716666666666664	0.579	0.5308333333333333	0.45466666666666666	0.6911666666666666	0.43033333333333335	0.7638333333333333	0.5816666666666667	0.46399999999999997	0.6713333333333333	0.49716666666666665	0.24166666666666667	0.49466666666666664	0.41883333333333334	0.4053333333333333	0.411	0.5208333333333334	0.6798333333333333	0.3958333333333333	0.6138333333333333	0.5619999999999999	0.5566666666666666	0.6886666666666666	0.4265	0.7133333333333333	0.3773333333333333	0.6343333333333333
0.6903333333333334	0.7613333333333333	0.3953333333333333	0.8906666666666666	0.8413333333333333	0.5813333333333334	0.41866666666666663	0.30516666666666664	0.2793333333333333	0.3455	0.45966666666666667	0.764	0.7651666666666667	0.4063333333333333	0.6081666666666666	0.4948333333333333	0.7823333333333333	0.4933333333333333	0.4668333333333333	0.4538333333333333	0.4078333333333333	0.371	0.39416666666666667	0.3978333333333333	0.9113333333333333	0.36833333333333335	0.42883333333333334	0.5463333333333333	0.6161666666666666	0.5611666666666667	0.5135	0.6228333333333333	0.5341666666666667	0.3758333333333333	0.5891666666666666	0.6241666666666666	0.843	0.4425	0.5235	0.6718333333333333	0.374	0.37266666666666665	0.32316666666666666	0.33616666666666667	0.5396666666666666	0.25083333333333335	0.5055	0.6061666666666666	0.1915	0.40299999999999997	0.3705	0.501	0.4741666666666666	0.3505	0.5366666666666666	0.539	0.7241666666666666	0.4746666666666666	0.3838333333333333	0.314	0.36116666666666664	0.59	0.573	0.2125	0.5581666666666667	0.4438333333333333	0.7895	0.758	0.5951666666666666	0.822	0.38666666666666666	0.4988333333333333	0.5153333333333333	0.5205	0.589	0.4583333333333333	0.7721666666666667	0.5608333333333333	0.5661666666666666	0.8498333333333333	0.6625	0.8456666666666667	0.3178333333333333	0.48066666666666663	0.6124999999999999	0.3218333333333333	0.7123333333333333	0.8391666666666666	0.5838333333333333	0.5213333333333333	0.5796666666666667	0.6738333333333333	0.4698333333333333	0.716	0.6826666666666666	0.26416666666666666	0.444	0.2628333333333333	0.414	0.6428333333333333
0.42766666666666664	0.5028333333333334	0.43033333333333335	0.7451666666666666	0.6791666666666667	0.8218333333333333	0.44066666666666665	0.30983333333333335	0.3163333333333333	0.36516666666666664	0.497	0.445	0.4355	0.6011666666666666	0.4673333333333333	0.6841666666666666	0.5748333333333333	0.49033333333333334	0.43916666666666665	0.4953333333333333	0.3233333333333333	0.9754999999999999	0.3175	0.4395	0.8428333333333333	0.6621666666666667	0.5418333333333333	0.7596666666666666	0.5896666666666667	0.49866666666666665	0.413	0.5408333333333333	0.49216666666666664	1.0418333333333334	0.6475	0.48083333333333333	0.45	0.48366666666666663	0.5068333333333334	0.37566666666666665	0.431	0.7148333333333333	0.3888333333333333	0.2861666666666667	0.532	0.3273333333333333	0.5905	0.499	0.6084999999999999	0.3168333333333333	0.45616666666666666	0.3075	0.4938333333333333	0.2828333333333333	0.32516666666666666	0.48066666666666663	0.6895	0.383	0.45749999999999996	0.33749999999999997	0.27549999999999997	0.42983333333333335	0.8295	0.542	0.45866666666666667	0.2518333333333333	0.8426666666666667	0.437	0.5886666666666667	0.386	0.5216666666666666	0.5141666666666667	0.5153333333333333	0.24916666666666665	0.3123333333333333	0.9181666666666667	0.5113333333333333	0.5006666666666667	0.6578333333333333	0.33416666666666667	0.5231666666666667	0.4405	0.5771666666666666	1.056	0.2945	0.522	0.43166666666666664	0.5225	0.6685	0.62	0.7796666666666666	0.612	0.5651666666666666	0.469	0.45066666666666666	0.2688333333333333	0.5245	0.6111666666666666	0.8398333333333333	0.7646666666666666
0.5281666666666667	0.48316666666666663	0.6905	0.5981666666666666	0.4746666666666666	0.4658333333333333	0.6041666666666666	0.5338333333333333	0.35233333333333333	0.7384999999999999	0.6778333333333333	0.4415	0.4558333333333333	0.4691666666666667	0.3783333333333333	0.4995	0.6393333333333333	0.5173333333333333	0.4048333333333333	0.41183333333333333	0.7513333333333333	0.5535	0.5335	0.38666666666666666	0.45966666666666667	0.8008333333333333	0.49183333333333334	0.5921666666666666	0.4453333333333333	0.38316666666666666	0.23299999999999998	0.3278333333333333	0.6285	0.5418333333333333	0.7536666666666666	0.34049999999999997	0.45349999999999996	0.6054999999999999	0.4495	0.5445	0.2838333333333333	0.35866666666666663	0.35266666666666663	0.3491666666666667	0.6128333333333333	0.423	0.24566666666666667	0.482	0.6036666666666667	0.6121666666666666	0.5841666666666666	0.48183333333333334	0.4463333333333333	0.48133333333333334	0.49716666666666665	0.3293333333333333	0.31916666666666665	0.5353333333333333	0.5356666666666666	0.5686666666666667	0.83	0.5056666666666666	0.49266666666666664	0.4115	0.6843333333333333	0.4345	0.4548333333333333	0.3825	0.44916666666666666	0.5856666666666667	0.39549999999999996	0.45549999999999996	0.39316666666666666	0.7401666666666666	0.5995	0.33199999999999996	0.35266666666666663	0.572	0.3015	0.6108333333333333	0.5235	0.6656666666666666	0.381	0.6011666666666666	0.4468333333333333	0.5205	0.30316666666666664	0.41683333333333333	0.38816666666666666	0.6943333333333334	0.4523333333333333	0.741	0.414	0.48183333333333334	0.3318333333333333	0.5418333333333333	0.8614999999999999	0.5301666666666667	0.6533333333333333	0.5228333333333333
0.3443333333333333	0.27949999999999997	0.6171666666666666	0.6705	0.5761666666666666	0.5525	0.6985	0.36366666666666664	0.4983333333333333	0.7608333333333334	0.7136666666666667	0.4638333333333333	0.4463333333333333	0.34199999999999997	0.4415	0.39449999999999996	0.47916666666666663	0.5619999999999999	0.2818333333333333	0.615	0.295	0.6231666666666666	0.448	0.4693333333333333	0.9505	0.7605	0.6028333333333333	0.29983333333333334	0.3481666666666667	0.4423333333333333	0.501	0.474	0.29183333333333333	0.8286666666666667	0.44566666666666666	0.8681666666666666	0.6376666666666666	0.29033333333333333	0.5261666666666667	0.7198333333333333	0.25416666666666665	0.5459999999999999	0.4498333333333333	0.49066666666666664	0.235	0.7311666666666666	0.5593333333333333	0.4825	0.4855	0.3481666666666667	0.3895	0.5298333333333333	0.38466666666666666	0.2748333333333333	0.5863333333333333	0.46199999999999997	0.3963333333333333	0.43066666666666664	0.48066666666666663	0.7085	0.4568333333333333	0.5115	0.5721666666666666	0.424	0.40166666666666667	0.498	0.3743333333333333	0.3893333333333333	0.6693333333333333	0.7494999999999999	0.349	0.6381666666666667	0.4343333333333333	0.48716666666666664	0.38366666666666666	0.8378333333333333	0.6571666666666667	0.5716666666666667	0.5	0.6983333333333334	0.5133333333333333	0.2901666666666667	0.4705	0.4453333333333333	0.4693333333333333	0.8808333333333334	0.33366666666666667	0.6836666666666666	0.488	0.5876666666666667	0.4071666666666667	0.2465	0.5243333333333333	0.45899999999999996	0.5198333333333334	0.8015	0.33366666666666667	0.6446666666666666	0.21033333333333332	0.48483333333333334
0.5643333333333334	0.4623333333333333	0.5926666666666667	0.25216666666666665	0.45466666666666666	0.34049999999999997	0.6725	0.41616666666666663	0.3353333333333333	0.45649999999999996	0.5365	0.4126666666666666	0.7853333333333333	0.625	0.48266666666666663	0.6903333333333334	0.45	1.0818333333333332	0.4563333333333333	0.5096666666666666	0.8533333333333333	0.4676666666666667	0.732	0.7115	0.4305	0.3885	0.33399999999999996	0.8161666666666666	0.5281666666666667	0.5711666666666666	0.5529999999999999	0.5181666666666667	0.632	0.45799999999999996	0.472	0.769	0.5053333333333333	0.3825	0.258	0.4715	0.353	0.4693333333333333	0.39016666666666666	0.6738333333333333	0.39399999999999996	0.7973333333333333	0.5281666666666667	0.47433333333333333	0.635	0.48983333333333334	0.4603333333333333	0.36266666666666664	0.5305	0.5403333333333333	0.4023333333333333	0.6773333333333333	0.3138333333333333	0.3025	0.903	0.4255	0.3953333333333333	0.4705	0.4988333333333333	0.33399999999999996	0.4245	0.584	0.6108333333333333	0.5661666666666666	0.5261666666666667	0.2523333333333333	0.6071666666666666	0.5268333333333333	0.43033333333333335	0.42566666666666664	0.8041666666666666	0.38366666666666666	0.6286666666666666	0.358	0.5773333333333334	0.3288333333333333	0.5975	0.5465	0.5506666666666666	0.8428333333333333	0.37916666666666665	0.4928333333333333	0.47583333333333333	0.527	0.44666666666666666	0.5695	0.732	0.19033333333333333	0.9135	0.5516666666666666	0.3858333333333333	0.8728333333333333	0.29366666666666663	0.4145	0.5643333333333334	0.5516666666666666
0.48016666666666663	0.2615	0.4646666666666667	0.6485	0.38366666666666666	0.6224999999999999	0.16733333333333333	0.5378333333333333	0.3763333333333333	0.5028333333333334	0.42783333333333334	0.5311666666666667	0.391	0.3903333333333333	0.3775	0.661	0.27149999999999996	0.6755	0.542	0.8676666666666666	0.41333333333333333	0.5131666666666667	0.5371666666666667	0.5529999999999999	0.46849999999999997	0.49066666666666664	0.6133333333333333	0.7839999999999999	0.375	0.2575	0.6046666666666667	0.7853333333333333	0.5786666666666667	0.5201666666666667	0.5758333333333333	0.20116666666666666	0.7611666666666667	0.526	0.35516666666666663	0.4973333333333333	0.25766666666666665	0.7151666666666666	0.493	0.7453333333333333	0.48916666666666664	0.6023333333333333	0.5098333333333334	0.49316666666666664	0.43666666666666665	0.32516666666666666	0.348	0.374	0.5658333333333333	0.6821666666666667	0.7486666666666666	0.36	0.3215	0.5623333333333334	0.45616666666666666	0.651	0.38366666666666666	0.6491666666666667	0.35966666666666663	0.6071666666666666	0.572	0.6108333333333333	0.8484999999999999	0.6625	0.3818333333333333	0.4756666666666666	0.42416666666666664	0.642	0.5295	0.717	0.5315	0.8486666666666667	0.596	0.45466666666666666	0.35516666666666663	0.6064999999999999	0.4965	0.6218333333333333	0.9673333333333333	0.377	0.49	0.7578333333333334	0.5038333333333334	0.4553333333333333	0.3478333333333333	0.4068333333333333	0.3423333333333333	0.29666666666666663	0.42983333333333335	0.3773333333333333	0.5111666666666667	0.8604999999999999	0.6555	0.48516666666666663	0.538	0.39216666666666666
0.38816666666666666	0.5848333333333333	0.3253333333333333	0.645	0.351	0.5185	0.4676666666666667	0.5381666666666667	0.2831666666666667	0.5968333333333333	0.5938333333333333	0.7233333333333333	0.426	0.4453333333333333	0.5046666666666666	0.5955	0.28933333333333333	0.6633333333333333	0.7181666666666666	0.288	0.7978333333333333	0.5236666666666666	0.6548333333333333	0.3406666666666667	0.6576666666666666	0.5925	0.48133333333333334	0.4938333333333333	0.21033333333333332	0.5183333333333333	0.836	0.7421666666666666	0.4465	0.5685	0.6636666666666666	0.6491666666666667	0.7354999999999999	0.29583333333333334	0.626	0.4696666666666667	0.4701666666666667	0.6358333333333334	0.4378333333333333	0.4443333333333333	0.8558333333333333	0.5068333333333334	0.6678333333333333	0.32	0.4548333333333333	0.637	0.5173333333333333	0.3915	0.4413333333333333	0.5261666666666667	0.5021666666666667	0.8173333333333334	0.6046666666666667	0.5185	0.5318333333333333	0.5456666666666666	0.42133333333333334	0.5933333333333333	0.5518333333333333	0.5846666666666667	0.3295	0.8815	0.6	0.3413333333333333	0.6321666666666667	0.5948333333333333	0.8494999999999999	0.7165	0.42933333333333334	0.5658333333333333	0.6121666666666666	0.6588333333333333	0.5191666666666667	0.32216666666666666	0.3273333333333333	0.3401666666666667	0.6793333333333333	0.6295	0.20766666666666667	0.4706666666666667	0.36533333333333334	0.30716666666666664	0.4063333333333333	0.5656666666666667	0.46849999999999997	0.5421666666666667	0.6675	0.3625	0.5285	0.3848333333333333	0.48116666666666663	0.7161666666666666	0.5555	0.46799999999999997	0.46366666666666667	0.4975
0.4086666666666667	0.2378333333333333	0.29233333333333333	0.4948333333333333	0.6253333333333333	0.372	0.27649999999999997	0.22949999999999998	0.39316666666666666	0.6265	0.729	0.6988333333333333	0.5443333333333333	0.5806666666666667	0.451	0.832	0.7484999999999999	0.46099999999999997	0.5006666666666667	0.5646666666666667	0.5516666666666666	0.30666666666666664	0.9376666666666666	0.8091666666666666	0.48366666666666663	0.8231666666666666	0.45249999999999996	0.48333333333333334	0.9056666666666666	0.487	0.5086666666666666	0.6573333333333333	0.3555	0.5091666666666667	0.483	0.5471666666666667	0.767	0.4958333333333333	0.5423333333333333	0.3443333333333333	0.31266666666666665	0.6168333333333333	0.4136666666666666	0.384	0.472	0.6436666666666666	0.46049999999999996	0.8574999999999999	0.6153333333333333	0.5519999999999999	0.5033333333333333	0.4515	0.445	0.5946666666666667	0.6326666666666666	0.8361666666666666	0.589	0.7113333333333333	0.7778333333333333	0.9308333333333333	0.5076666666666666	0.32	0.4728333333333333	0.4731666666666666	0.4363333333333333	0.39249999999999996	0.5896666666666667	0.42216666666666663	0.28733333333333333	0.514	0.6553333333333333	0.4953333333333333	0.732	0.4573333333333333	0.38266666666666665	0.5115	0.6228333333333333	0.5756666666666667	0.365	0.5948333333333333	0.3795	0.588	0.2708333333333333	0.7708333333333333	0.41333333333333333	0.6486666666666666	0.5598333333333333	0.40199999999999997	0.5963333333333333	0.385	0.578	0.42116666666666663	0.5933333333333333	0.7661666666666667	0.22999999999999998	0.7553333333333333	0.4875	0.6433333333333333	0.33899999999999997	0.566
0.3815	0.6451666666666667	0.706	0.46299999999999997	0.9433333333333334	0.325	0.5298333333333333	0.4488333333333333	0.89	0.5953333333333333	0.3428333333333333	0.6741666666666667	0.30116666666666664	0.7458333333333333	0.4708333333333333	0.5523333333333333	0.5861666666666666	0.6071666666666666	0.6761666666666667	0.497	0.6629999999999999	0.45966666666666667	0.6568333333333333	0.36883333333333335	0.4328333333333333	0.35816666666666663	0.46166666666666667	0.5755	0.37466666666666665	0.6323333333333333	0.5425	0.6871666666666666	0.4855	0.43116666666666664	0.514	0.7363333333333333	0.7278333333333333	0.7661666666666667	0.27599999999999997	0.5981666666666666	0.647	0.5005	0.5525	0.7548333333333334	0.49216666666666664	0.26666666666666666	0.7643333333333333	0.6551666666666667	0.46166666666666667	0.5523333333333333	0.4741666666666666	0.9431666666666666	0.43866666666666665	0.45466666666666666	0.4735	0.7304999999999999	0.5066666666666666	0.4613333333333333	0.49133333333333334	0.45416666666666666	0.327	0.29283333333333333	0.512	0.3398333333333333	0.6234999999999999	0.4701666666666667	0.8476666666666667	0.391	0.439	0.44566666666666666	0.4131666666666666	0.5041666666666667	0.8038333333333333	0.7206666666666667	0.4225	1.0361666666666667	0.40116666666666667	0.431	0.7496666666666666	0.6961666666666666	0.5791666666666666	0.6376666666666666	0.6856666666666666	0.753	0.8478333333333333	0.494	0.3783333333333333	0.31366666666666665	0.3555	0.35083333333333333	0.47866666666666663	0.323	0.5868333333333333	0.18733333333333332	0.6108333333333333	0.6428333333333333	0.3893333333333333	0.3988333333333333	0.39699999999999996	0.6868333333333333
0.4533333333333333	0.6066666666666667	0.45866666666666667	0.746	0.3338333333333333	0.8971666666666667	0.8873333333333333	0.5543333333333333	0.5885	0.6765	0.6093333333333333	0.8216666666666667	0.25666666666666665	0.4028333333333333	0.5725	0.42383333333333334	0.4105	0.5253333333333333	0.4365	0.47533333333333333	0.25716666666666665	0.6316666666666666	0.4508333333333333	0.5563333333333333	0.23316666666666666	0.48633333333333334	0.5711666666666666	0.476	0.33316666666666667	0.5125	0.45516666666666666	0.45616666666666666	0.5088333333333334	0.3218333333333333	0.8318333333333333	0.5891666666666666	0.4915	0.6508333333333333	0.4698333333333333	0.45866666666666667	0.37066666666666664	0.8025	0.6098333333333333	0.7673333333333333	0.5873333333333333	0.5416666666666666	0.573	0.4668333333333333	0.628	0.5308333333333333	0.4335	0.3953333333333333	0.2618333333333333	0.8723333333333333	0.6273333333333333	0.46316666666666667	0.6496666666666666	0.7135	0.44566666666666666	0.43416666666666665	0.37133333333333335	0.26116666666666666	0.5685	0.4483333333333333	0.2768333333333333	0.6298333333333334	0.3815	0.5361666666666667	0.21866666666666665	0.5075	0.5786666666666667	0.6978333333333333	0.637	0.8423333333333333	0.5265	0.4068333333333333	0.346	0.27199999999999996	0.5925	0.5635	0.6204999999999999	0.6233333333333333	0.6505	0.38716666666666666	0.425	0.4963333333333333	0.6571666666666667	0.508	0.31016666666666665	0.4485	0.8083333333333333	0.5471666666666667	0.5218333333333334	0.5168333333333334	0.4696666666666667	0.4835	0.388	0.23116666666666666	0.6458333333333333	0.4368333333333333
0.4683333333333333	0.3383333333333333	0.314	0.4705	0.7211666666666666	0.6805	0.3873333333333333	0.5361666666666667	0.5161666666666667	0.6523333333333333	0.4255	0.2635	0.495	0.39249999999999996	0.821	0.5766666666666667	0.49266666666666664	0.5496666666666666	0.42583333333333334	0.3585	0.6681666666666667	0.41866666666666663	0.4958333333333333	0.344	0.9146666666666666	0.36833333333333335	0.4715	0.427	0.6068333333333333	0.5156666666666666	0.35316666666666663	0.189	0.5953333333333333	0.29883333333333334	0.7786666666666666	0.8923333333333333	0.442	0.7691666666666667	0.8568333333333333	0.5463333333333333	0.422	0.6038333333333333	0.6775	0.5473333333333333	0.536	0.296	0.5078333333333334	0.5418333333333333	0.6315	0.6576666666666666	0.518	0.2373333333333333	0.6993333333333334	0.33249999999999996	0.43266666666666664	0.5091666666666667	0.2801666666666667	0.5636666666666666	0.41616666666666663	0.731	0.6825	0.6348333333333334	0.5803333333333334	0.45466666666666666	0.473	0.5621666666666667	0.4126666666666666	0.47783333333333333	0.35516666666666663	0.33916666666666667	0.5285	0.48133333333333334	0.42033333333333334	0.613	0.6326666666666666	0.8628333333333333	0.36816666666666664	0.36816666666666664	0.27316666666666667	0.6044999999999999	0.49216666666666664	0.43316666666666664	0.6713333333333333	0.6381666666666667	0.5213333333333333	0.633	0.5466666666666666	0.2708333333333333	0.5806666666666667	0.6518333333333333	0.418	0.5398333333333333	0.626	0.49666666666666665	0.5848333333333333	0.27299999999999996	0.608	0.8783333333333333	0.488	0.46249999999999997
0.7083333333333333	0.5006666666666667	0.6355	0.6088333333333333	0.33599999999999997	0.4503333333333333	0.7801666666666667	0.6683333333333333	0.5893333333333333	0.3763333333333333	0.35416666666666663	0.5411666666666667	0.8125	0.6101666666666666	0.372	0.5145	0.6016666666666667	0.5058333333333334	0.3305	0.4215	0.3476666666666667	0.6365	0.5818333333333333	0.606	0.491	0.7158333333333333	0.594	0.5818333333333333	0.3501666666666667	0.48316666666666663	0.8096666666666666	0.4105	0.43666666666666665	0.3308333333333333	0.3813333333333333	0.6295	0.40166666666666667	1.0405	0.8785	0.48566666666666664	0.8283333333333333	0.7898333333333333	0.5481666666666667	0.36083333333333334	0.5	0.6163333333333333	0.3605	0.48816666666666664	0.5236666666666666	0.52	0.40016666666666667	0.502	0.485	0.31166666666666665	0.5421666666666667	0.6935	0.6101666666666666	0.46699999999999997	0.27166666666666667	0.48883333333333334	0.6781666666666667	0.473	0.5603333333333333	0.5108333333333334	0.49	0.43566666666666665	0.5011666666666666	0.6608333333333333	0.46199999999999997	0.6688333333333333	0.6673333333333333	0.717	0.52	0.5301666666666667	0.2895	0.5741666666666666	0.27166666666666667	0.566	0.5313333333333333	0.2653333333333333	0.5896666666666667	0.5568333333333333	0.6918333333333333	0.48583333333333334	0.5121666666666667	0.42383333333333334	0.48783333333333334	0.5559999999999999	0.604	0.48916666666666664	0.5071666666666667	0.5908333333333333	0.6438333333333333	0.7633333333333333	0.44116666666666665	0.9003333333333333	0.4145	0.7985	0.7775	0.48883333333333334
0.3895	0.6186666666666667	0.4103333333333333	0.7835	0.4038333333333333	0.3893333333333333	0.32316666666666666	0.7175	0.365	0.893	0.7464999999999999	0.42683333333333334	0.5996666666666667	0.47533333333333333	0.7433333333333333	0.5365	0.6525	0.6648333333333333	0.5398333333333333	0.31366666666666665	0.6546666666666666	0.7201666666666666	0.5425	0.6333333333333333	0.46166666666666667	0.45949999999999996	0.537	0.507	0.30916666666666665	0.6024999999999999	0.7008333333333333	0.6798333333333333	0.8116666666666666	0.184	0.2573333333333333	0.2558333333333333	0.40599999999999997	0.5173333333333333	0.511	0.33	0.7198333333333333	0.2801666666666667	0.8776666666666666	0.34833333333333333	0.8161666666666666	0.7765	0.8119999999999999	0.3753333333333333	0.46166666666666667	0.29133333333333333	0.6248333333333334	0.3793333333333333	0.49016666666666664	0.39116666666666666	0.6108333333333333	0.7685	0.23249999999999998	0.5345	0.5826666666666667	0.8071666666666666	0.7306666666666667	0.5236666666666666	0.34349999999999997	0.6595	0.3433333333333333	0.5313333333333333	0.7623333333333333	0.7635	0.4885	0.5545	0.698	0.5426666666666666	0.31966666666666665	0.6201666666666666	0.614	0.2555	0.42066666666666663	0.5549999999999999	0.41833333333333333	0.5896666666666667	0.6108333333333333	0.37016666666666664	0.6736666666666666	0.41333333333333333	0.4568333333333333	0.7381666666666666	0.39849999999999997	0.4493333333333333	0.45899999999999996	0.7113333333333333	0.5836666666666667	0.5571666666666667	0.39299999999999996	0.3815	0.9381666666666666	0.7046666666666667	0.3853333333333333	0.6626666666666666	0.495	0.578
0.31816666666666665	0.33949999999999997	0.3283333333333333	0.4795	0.7011666666666666	0.5145	0.9215	0.5549999999999999	0.7201666666666666	0.48583333333333334	0.43366666666666664	0.49566666666666664	0.48783333333333334	0.29733333333333334	0.5738333333333333	0.4895	0.30666666666666664	0.35316666666666663	0.6531666666666667	0.5276666666666666	0.49133333333333334	0.4046666666666667	0.7063333333333333	0.6798333333333333	0.42033333333333334	0.42383333333333334	0.45399999999999996	0.535	0.39866666666666667	0.33549999999999996	0.4195	0.6081666666666666	0.4115	0.374	0.5176666666666666	0.29933333333333334	0.5499999999999999	0.52	0.6233333333333333	0.5376666666666666	0.595	0.574	0.4978333333333333	0.5176666666666666	0.713	0.4165	0.563	0.8628333333333333	0.47916666666666663	0.568	0.39516666666666667	0.5539999999999999	0.5125	0.438	0.4661666666666667	0.4033333333333333	0.5553333333333333	0.6563333333333333	0.5135	0.43466666666666665	0.2875	0.4673333333333333	0.7366666666666667	0.6729999999999999	0.519	0.4028333333333333	0.3755	0.412	0.526	0.5155	0.30666666666666664	0.5676666666666667	0.4598333333333333	0.4865	0.7156666666666667	0.573	0.5203333333333333	0.7334999999999999	0.47633333333333333	0.30666666666666664	0.75	0.6308333333333334	0.42433333333333334	0.41866666666666663	0.4703333333333333	0.5043333333333333	0.629	0.19783333333333333	0.5116666666666666	0.6575	0.4056666666666667	0.7556666666666666	0.6751666666666667	0.48733333333333334	0.531	0.5088333333333334	0.433	0.447	0.618	0.6268333333333334
0.48516666666666663	0.5136666666666666	0.6708333333333333	0.30866666666666664	0.441	0.473	0.58	0.5393333333333333	0.7983333333333333	0.3393333333333333	0.5463333333333333	0.5938333333333333	0.37133333333333335	0.5028333333333334	0.4613333333333333	0.3665	0.5553333333333333	0.38	0.3773333333333333	0.8816666666666666	0.485	0.5468333333333333	0.41966666666666663	0.5961666666666666	0.3105	0.6585	0.6236666666666666	0.3915	0.438	0.45316666666666666	0.473	0.4275	0.388	0.5306666666666666	0.5075	0.4053333333333333	0.5483333333333333	0.44416666666666665	0.5816666666666667	0.3396666666666667	0.5723333333333334	0.27566666666666667	0.4328333333333333	0.628	0.47333333333333333	0.5371666666666667	0.4593333333333333	0.6038333333333333	0.4728333333333333	0.44966666666666666	0.6903333333333334	0.36883333333333335	0.2763333333333333	0.5043333333333333	0.45399999999999996	0.697	0.4131666666666666	0.44066666666666665	0.5375	0.3728333333333333	0.5021666666666667	0.4435	0.5603333333333333	0.432	0.4698333333333333	0.47883333333333333	0.41133333333333333	0.6578333333333333	0.4463333333333333	0.45449999999999996	0.5153333333333333	0.8683333333333333	0.59	0.5243333333333333	0.5178333333333334	0.45616666666666666	0.6936666666666667	0.6626666666666666	0.3338333333333333	0.3451666666666667	0.19533333333333333	0.283	0.25416666666666665	0.32116666666666666	0.5955	0.6365	0.5671666666666666	0.5721666666666666	0.7998333333333333	0.7065	0.5045	0.7316666666666667	0.41966666666666663	0.6296666666666666	0.8976666666666666	0.7601666666666667	0.6779999999999999	0.44766666666666666	0.5735	0.5406666666666666
0.656	0.2758333333333333	0.41333333333333333	0.5429999999999999	0.4393333333333333	0.634	0.6655	0.699	0.537	0.8093333333333333	0.30766666666666664	0.7765	0.5251666666666667	0.4671666666666667	0.36766666666666664	0.4028333333333333	0.32366666666666666	0.493	0.5581666666666667	0.69	0.42216666666666663	0.5411666666666667	0.6123333333333333	0.5608333333333333	0.40399999999999997	0.4488333333333333	0.5525	0.3075	0.36466666666666664	0.47833333333333333	0.39616666666666667	0.5478333333333333	0.5695	0.5896666666666667	0.6708333333333333	0.47683333333333333	0.2823333333333333	0.7999999999999999	0.48633333333333334	0.48633333333333334	0.5251666666666667	0.709	0.4623333333333333	0.33	0.483	0.6521666666666667	0.4465	0.5395	0.692	0.5691666666666666	0.6593333333333333	0.5371666666666667	0.31866666666666665	0.2901666666666667	0.43816666666666665	0.6761666666666667	0.6948333333333333	0.5798333333333333	0.5056666666666666	0.5123333333333333	0.3443333333333333	0.372	0.6091666666666666	0.6296666666666666	0.3745	0.5469999999999999	0.416	0.36333333333333334	0.692	0.3763333333333333	0.39116666666666666	0.6301666666666667	0.5791666666666666	0.4086666666666667	0.5701666666666666	0.6068333333333333	0.6021666666666666	0.4701666666666667	0.6008333333333333	0.7421666666666666	0.21383333333333332	0.3443333333333333	0.19999999999999998	0.4686666666666667	0.2838333333333333	0.5183333333333333	0.3223333333333333	0.783	0.626	0.29983333333333334	0.8041666666666666	0.5638333333333333	0.2821666666666667	0.7376666666666667	0.42933333333333334	0.8121666666666666	0.46699999999999997	0.5805	0.3148333333333333	0.3173333333333333
0.7284999999999999	0.4323333333333333	0.6266666666666666	0.4328333333333333	0.7421666666666666	0.4021666666666667	0.8081666666666666	0.5378333333333333	0.4953333333333333	0.4061666666666667	0.8103333333333333	0.35383333333333333	0.5451666666666667	0.5479999999999999	0.5076666666666666	0.5418333333333333	0.33916666666666667	0.45966666666666667	0.8521666666666666	0.35216666666666663	0.35816666666666663	0.5235	0.5973333333333333	0.6753333333333333	0.746	0.3928333333333333	0.38516666666666666	0.504	0.46399999999999997	0.5993333333333333	0.976	1.0148333333333333	0.37666666666666665	0.6516666666666666	0.3481666666666667	0.32566666666666666	0.7474999999999999	0.4485	0.33916666666666667	0.48283333333333334	0.4756666666666666	0.6405	0.5456666666666666	0.5471666666666667	0.6561666666666667	0.6295	0.7421666666666666	0.6721666666666667	0.33316666666666667	0.4265	0.6863333333333334	0.5825	0.3695	0.5931666666666666	0.841	0.4383333333333333	0.9904999999999999	0.5871666666666666	0.3908333333333333	0.6388333333333334	0.5985	1.0135	0.48733333333333334	0.5751666666666666	0.5533333333333333	0.34299999999999997	0.3765	0.4958333333333333	0.3908333333333333	0.5246666666666666	0.49666666666666665	0.49766666666666665	0.43416666666666665	0.37366666666666665	0.5635	0.5489999999999999	0.39866666666666667	0.5095	0.6151666666666666	0.6158333333333333	0.5148333333333334	0.5115	0.6078333333333333	0.34933333333333333	0.5443333333333333	0.834	0.7434999999999999	0.4965	0.4071666666666667	0.6478333333333333	0.5521666666666667	0.30016666666666664	0.2615	0.5913333333333333	0.41333333333333333	1.1126666666666667	0.2896666666666667	0.23916666666666667	0.6194999999999999	0.472
0.441	0.6218333333333333	0.8541666666666666	0.41916666666666663	0.7353333333333333	0.6901666666666666	0.442	0.9116666666666666	0.431	0.7761666666666667	0.4815	0.35216666666666663	0.2825	0.5459999999999999	0.7998333333333333	0.7088333333333333	0.606	0.5141666666666667	0.5035	0.6605	0.5091666666666667	0.7085	0.35366666666666663	0.8841666666666667	0.7363333333333333	0.6436666666666666	0.6226666666666666	0.7676666666666666	0.4705	0.5708333333333333	0.6828333333333333	0.5658333333333333	0.42	0.33616666666666667	0.427	0.3248333333333333	0.7311666666666666	0.6243333333333333	0.6689999999999999	0.571	0.49366666666666664	0.6666666666666666	0.39566666666666667	0.48883333333333334	0.35333333333333333	0.5628333333333333	0.41566666666666663	0.38916666666666666	0.6503333333333333	0.44466666666666665	0.5486666666666666	0.4693333333333333	0.6341666666666667	0.768	0.564	0.7826666666666666	0.5348333333333333	0.4583333333333333	0.47	0.3875	0.697	0.5738333333333333	0.4735	0.30683333333333335	0.6728333333333333	0.7546666666666666	0.5718333333333333	0.6826666666666666	0.39349999999999996	0.5155	0.5196666666666666	0.52	0.6729999999999999	0.3525	0.5226666666666666	0.7966666666666666	0.7955	0.4126666666666666	0.6188333333333333	0.7108333333333333	0.5215	0.25716666666666665	0.5471666666666667	0.5103333333333333	0.29	0.3025	0.6703333333333333	0.36283333333333334	0.6458333333333333	0.39866666666666667	0.741	0.5366666666666666	0.8343333333333333	0.41866666666666663	0.39949999999999997	0.5579999999999999	0.5508333333333333	0.2955	0.4345	0.352
0.5006666666666667	0.6823333333333333	0.7836666666666666	0.20083333333333334	0.4383333333333333	0.7181666666666666	0.413	0.4998333333333333	0.4438333333333333	0.47816666666666663	0.3833333333333333	0.4745	0.432	0.47	0.3471666666666667	0.6553333333333333	0.6426666666666666	0.4378333333333333	0.42833333333333334	0.5095	0.416	0.355	0.3783333333333333	0.42966666666666664	0.5135	0.8313333333333333	0.5123333333333333	0.2945	0.6371666666666667	0.8736666666666666	0.5551666666666667	0.31016666666666665	0.6171666666666666	0.9295	0.5075	0.41616666666666663	0.748	0.837	0.35433333333333333	0.27749999999999997	0.74	0.36983333333333335	0.6971666666666666	0.4718333333333333	0.5076666666666666	0.41883333333333334	0.47483333333333333	0.5451666666666667	0.5688333333333333	0.5658333333333333	0.4713333333333333	0.3753333333333333	0.5211666666666667	0.2798333333333333	0.8171666666666666	0.5439999999999999	0.4106666666666667	0.46416666666666667	0.5378333333333333	0.7031666666666666	0.23049999999999998	0.485	0.39016666666666666	0.5873333333333333	0.45216666666666666	0.33866666666666667	0.5618333333333333	0.7301666666666666	0.46099999999999997	0.6868333333333333	0.5291666666666667	0.46116666666666667	0.4735	0.4048333333333333	0.9113333333333333	0.5208333333333334	0.36566666666666664	0.476	0.6343333333333333	0.2861666666666667	0.485	0.8516666666666667	0.4023333333333333	0.3443333333333333	0.6955	0.7358333333333333	0.32916666666666666	0.6471666666666667	0.43166666666666664	0.48533333333333334	0.486	0.7086666666666667	0.519	0.5265	0.4051666666666667	0.49016666666666664	0.35733333333333334	0.3728333333333333	0.6605	0.5541666666666667
0.6203333333333333	0.42066666666666663	0.4775	0.766	0.527	0.2798333333333333	0.5061666666666667	0.29383333333333334	0.5781666666666666	0.30716666666666664	0.5198333333333334	0.61	0.623	0.33016666666666666	0.9353333333333333	0.2803333333333333	0.5636666666666666	0.5061666666666667	0.5076666666666666	0.48333333333333334	0.7611666666666667	0.48833333333333334	0.4323333333333333	0.476	0.41433333333333333	0.6118333333333333	0.5875	0.25966666666666666	0.48483333333333334	0.43716666666666665	0.5938333333333333	0.5636666666666666	0.6596666666666666	0.23566666666666666	0.418	0.6326666666666666	0.41983333333333334	0.3888333333333333	0.6699999999999999	0.34983333333333333	0.4375	0.312	0.5263333333333333	0.367	0.38516666666666666	0.42766666666666664	0.5341666666666667	0.5238333333333333	0.5468333333333333	0.6485	0.5338333333333333	0.6448333333333333	0.7558333333333334	0.38466666666666666	0.6626666666666666	0.6851666666666666	0.39566666666666667	0.416	0.5541666666666667	0.539	0.6295	0.42866666666666664	0.43266666666666664	0.5818333333333333	0.42616666666666664	0.757	0.3485	0.615	0.3138333333333333	0.5611666666666667	0.7633333333333333	0.5265	0.1615	1.1236666666666666	0.43166666666666664	0.9854999999999999	0.35933333333333334	0.4751666666666666	0.43133333333333335	0.431	0.4548333333333333	0.43133333333333335	0.637	0.40099999999999997	0.7913333333333333	0.357	0.5958333333333333	0.5015	0.7141666666666666	0.6711666666666667	0.41616666666666663	0.33499999999999996	0.431	0.3858333333333333	0.39316666666666666	0.3928333333333333	0.725	0.5196666666666666	0.6718333333333333	0.5788333333333333
