0.5044166666666667	0.4896166666666667	0.58765	0.5054666666666667	0.5587	0.55565	0.5281833333333333	0.4558666666666667	0.599	0.49335	0.5098833333333334	0.4566	0.5592166666666667	0.511	0.53385	0.5199666666666667	0.4763833333333334	0.5658500000000001	0.49293333333333333	0.5547333333333334	0.49983333333333335	0.4860333333333334	0.5236000000000001	0.5199	0.5105833333333334	0.5821000000000001	0.5633833333333333	0.4799166666666667	0.5610666666666667	0.4792	0.5498833333333334	0.44961666666666666	0.5099666666666667	0.5257833333333334	0.48013333333333336	0.5431833333333334	0.5324166666666666	0.5510833333333334	0.5141833333333333	0.5546	0.5124833333333334	0.5168833333333334	0.47023333333333334	0.4843166666666667	0.4835166666666667	0.5173333333333333	0.5469833333333334	0.53125	0.5967166666666667	0.4823	0.44838333333333336	0.5440166666666667	0.4901666666666667	0.5511833333333334	0.5465333333333333	0.5831333333333334	0.5461166666666667	0.5268333333333334	0.5512666666666667	0.5710333333333334	0.5338	0.5441666666666667	0.5097333333333334	0.42665000000000003	0.516	0.49960000000000004	0.5553833333333333	0.5144666666666667	0.48941666666666667	0.5503666666666667	0.5506166666666666	0.5542166666666667	0.6102000000000001	0.4442666666666667	0.5265666666666667	0.4844166666666667	0.6102833333333334	0.5092	0.47378333333333333	0.5094500000000001	0.5369333333333334	0.5244	0.5172	0.47665	0.46465	0.4841666666666667	0.55405	0.5019166666666667	0.5530833333333334	0.6229166666666667	0.5519166666666667	0.5526833333333334	0.44785	0.4904833333333334	0.4845666666666667	0.43833333333333335	0.51435	0.539	0.5281333333333333	0.46288333333333337
0.58985	0.5936166666666667	0.6103833333333334	0.53385	0.5064000000000001	0.4858	0.5722	0.5278333333333334	0.5284	0.4975	0.5617166666666666	0.5380166666666667	0.51905	0.5522666666666667	0.5494666666666667	0.6047333333333333	0.4956166666666667	0.5227	0.4868	0.50905	0.46605	0.5638500000000001	0.4990333333333334	0.4887166666666667	0.5106833333333334	0.4328166666666667	0.5114833333333334	0.4122	0.47158333333333335	0.4566	0.5563833333333333	0.5412	0.55745	0.46830000000000005	0.48140000000000005	0.4486	0.5451666666666667	0.4592833333333334	0.6216166666666667	0.4499166666666667	0.58845	0.5936166666666667	0.4820166666666667	0.48535	0.5288166666666667	0.5671333333333334	0.5421333333333334	0.49023333333333335	0.52285	0.4943	0.5424666666666667	0.4666666666666667	0.5265500000000001	0.42386666666666667	0.5475833333333333	0.49670000000000003	0.5066333333333334	0.5816166666666667	0.5891833333333334	0.5043333333333334	0.5627166666666666	0.5329166666666667	0.49438333333333334	0.5516333333333333	0.5773166666666667	0.49546666666666667	0.6108	0.52635	0.5630333333333334	0.5461	0.5347000000000001	0.5945166666666667	0.5738333333333333	0.4999	0.5745166666666667	0.5447166666666667	0.5642666666666667	0.4597833333333334	0.5059833333333333	0.5714333333333333	0.5211166666666667	0.48623333333333335	0.5139666666666667	0.50575	0.5039	0.5415166666666666	0.4958	0.47245000000000004	0.49338333333333334	0.5280166666666667	0.50085	0.5669500000000001	0.5845333333333333	0.40953333333333336	0.6105166666666667	0.5308333333333334	0.5825	0.4454166666666667	0.5233833333333333	0.48305000000000003
0.4466	0.5457666666666667	0.5240833333333333	0.5602166666666667	0.52185	0.5306833333333334	0.53495	0.51165	0.43191666666666667	0.5104166666666667	0.5418333333333334	0.4728	0.53215	0.54105	0.49796666666666667	0.4656166666666667	0.5352833333333333	0.54795	0.49878333333333336	0.47181666666666666	0.5043500000000001	0.5639166666666667	0.5023	0.5251333333333333	0.45875000000000005	0.51185	0.4819333333333334	0.49928333333333336	0.5184166666666666	0.4865166666666667	0.5050666666666667	0.5204333333333333	0.43903333333333333	0.49025	0.5940333333333334	0.5617666666666667	0.5086333333333334	0.4728833333333334	0.5341333333333333	0.5251166666666667	0.4917666666666667	0.5595333333333333	0.5421666666666667	0.41383333333333333	0.40765	0.51235	0.5331833333333333	0.5222166666666667	0.5221833333333333	0.60305	0.45840000000000003	0.5121833333333333	0.4596166666666667	0.5368666666666667	0.47353333333333336	0.5669000000000001	0.4801	0.5576833333333333	0.41963333333333336	0.5085833333333334	0.5062333333333333	0.4829166666666667	0.56125	0.4982666666666667	0.5106333333333334	0.5191666666666667	0.5219333333333334	0.49441666666666667	0.5057333333333334	0.4905333333333334	0.5376166666666667	0.46643333333333337	0.49158333333333337	0.49618333333333337	0.5837833333333333	0.5165333333333334	0.49005000000000004	0.4873166666666667	0.5278666666666667	0.5231	0.4938666666666667	0.4734166666666667	0.48525	0.5848666666666666	0.5268	0.5669166666666667	0.4885333333333334	0.51105	0.5280666666666667	0.5864166666666667	0.5395166666666666	0.5376333333333334	0.5550333333333334	0.6124	0.5410333333333334	0.51415	0.6023000000000001	0.5978666666666667	0.46795000000000003	0.544
0.49645	0.48735	0.55565	0.5003333333333334	0.5375166666666666	0.5519166666666667	0.5988333333333333	0.49108333333333337	0.49833333333333335	0.5066166666666667	0.55855	0.46038333333333337	0.46223333333333333	0.5597500000000001	0.5934666666666667	0.49188333333333334	0.5966	0.6306166666666667	0.4878	0.47158333333333335	0.5422833333333333	0.5131333333333333	0.54205	0.55405	0.5048833333333334	0.40478333333333333	0.49138333333333334	0.4392166666666667	0.45735000000000003	0.46721666666666667	0.5255333333333334	0.5800000000000001	0.4107	0.48250000000000004	0.5001	0.5433666666666667	0.5022666666666666	0.4991333333333334	0.5557833333333334	0.5045833333333334	0.5583666666666667	0.5105833333333334	0.5548000000000001	0.6267166666666667	0.4550166666666667	0.49223333333333336	0.5382	0.5668000000000001	0.5050166666666667	0.5477833333333334	0.4901666666666667	0.5135500000000001	0.5842166666666667	0.6133666666666667	0.5100666666666667	0.5586333333333333	0.5466	0.47540000000000004	0.5481833333333334	0.56205	0.5601666666666667	0.4997166666666667	0.5278	0.50705	0.5628333333333334	0.5507833333333334	0.5354666666666666	0.56565	0.5346666666666667	0.4741	0.4683333333333334	0.5678833333333334	0.5541166666666667	0.5138666666666667	0.51895	0.44010000000000005	0.57025	0.4570166666666667	0.5088666666666667	0.55115	0.5302	0.5607333333333333	0.57755	0.52345	0.5510666666666667	0.5819	0.52245	0.60275	0.48965000000000003	0.5939666666666666	0.4748833333333334	0.4988	0.5071166666666667	0.5135000000000001	0.5623833333333333	0.5359166666666667	0.44551666666666667	0.5555333333333333	0.5212	0.4386666666666667
0.4670166666666667	0.5499833333333334	0.5489	0.4723666666666667	0.5671	0.47063333333333335	0.59385	0.4926166666666667	0.5347166666666667	0.6123166666666667	0.52215	0.5231333333333333	0.5225000000000001	0.48691666666666666	0.48858333333333337	0.5737	0.5236333333333334	0.45563333333333333	0.5052666666666666	0.5690666666666667	0.4671666666666667	0.43528333333333336	0.5495333333333333	0.48833333333333334	0.5223833333333333	0.42650000000000005	0.5699666666666667	0.5607166666666666	0.44293333333333335	0.5414666666666667	0.4514666666666667	0.5645166666666667	0.5344666666666666	0.61565	0.54835	0.5417333333333334	0.5439666666666667	0.5321	0.5196500000000001	0.5605666666666667	0.53905	0.5730500000000001	0.4668166666666667	0.47140000000000004	0.5361333333333334	0.5081666666666667	0.6057833333333333	0.5010166666666667	0.5668666666666667	0.56325	0.4880333333333334	0.50425	0.5840666666666667	0.6191833333333333	0.551	0.54455	0.5206833333333334	0.5074833333333334	0.5393833333333333	0.5529166666666667	0.4762166666666667	0.5297833333333334	0.5676	0.54415	0.5488000000000001	0.5048166666666667	0.4775166666666667	0.5428833333333334	0.47590000000000005	0.48855000000000004	0.5113166666666666	0.4755666666666667	0.5567666666666667	0.47790000000000005	0.5998833333333333	0.5870833333333334	0.6019	0.5818666666666666	0.5324833333333333	0.4438666666666667	0.5315500000000001	0.5478666666666667	0.5728	0.4739666666666667	0.5369333333333334	0.5492166666666667	0.47325	0.49668333333333337	0.5224833333333334	0.4567666666666667	0.4527166666666667	0.43243333333333334	0.5592666666666667	0.5744	0.47836666666666666	0.5337666666666667	0.5266666666666667	0.6371	0.502	0.4885333333333334
0.49145	0.5180333333333333	0.59995	0.4964	0.5449833333333334	0.44678333333333337	0.46730000000000005	0.5125500000000001	0.5716	0.5125333333333334	0.46435000000000004	0.48358333333333337	0.4909833333333334	0.47798333333333337	0.5550333333333334	0.4478166666666667	0.5634833333333333	0.50005	0.5274333333333333	0.5602	0.5135500000000001	0.54815	0.5419	0.4806	0.5224	0.53325	0.5929166666666666	0.5006666666666667	0.4711666666666667	0.4669166666666667	0.5884666666666667	0.47995000000000004	0.5440333333333334	0.5538666666666667	0.5703833333333334	0.5367500000000001	0.6131	0.4805166666666667	0.5481166666666667	0.5985	0.48173333333333335	0.5633666666666667	0.5752	0.44148333333333334	0.5438500000000001	0.45163333333333333	0.5172333333333333	0.45711666666666667	0.5060166666666667	0.5881833333333334	0.4737166666666667	0.5730500000000001	0.52515	0.5024666666666667	0.5289166666666667	0.5123	0.5005166666666667	0.5808	0.54255	0.5368	0.5600833333333334	0.5738333333333333	0.4656666666666667	0.51095	0.5486666666666667	0.4889	0.5253666666666666	0.4111666666666667	0.5426	0.5355166666666666	0.5271	0.49628333333333335	0.5297000000000001	0.5015166666666667	0.4792166666666667	0.5669500000000001	0.5803666666666667	0.5048333333333334	0.5527833333333334	0.53	0.4830666666666667	0.5245500000000001	0.47990000000000005	0.4767	0.46121666666666666	0.5799833333333334	0.4845666666666667	0.5079333333333333	0.48491666666666666	0.48090000000000005	0.5453	0.45675000000000004	0.5311166666666667	0.5831000000000001	0.5518833333333334	0.5930000000000001	0.5028666666666667	0.47350000000000003	0.5179333333333334	0.49105000000000004
0.45263333333333333	0.48286666666666667	0.5447833333333334	0.5821500000000001	0.4259833333333334	0.54825	0.66245	0.48600000000000004	0.48205000000000003	0.5824833333333334	0.5440666666666667	0.5078166666666667	0.5138333333333334	0.56315	0.5032	0.5101333333333333	0.56135	0.50395	0.5242	0.49283333333333335	0.5340833333333334	0.5300666666666667	0.5283166666666667	0.5430166666666667	0.6163000000000001	0.47808333333333336	0.5005666666666667	0.5744833333333333	0.47655000000000003	0.4537333333333334	0.5562666666666667	0.5511333333333334	0.5467000000000001	0.52105	0.5126000000000001	0.527	0.5206000000000001	0.5665166666666667	0.5595	0.5016	0.5452	0.6129166666666667	0.5375666666666666	0.5432333333333333	0.5660166666666667	0.5450666666666667	0.4907	0.49470000000000003	0.5529666666666667	0.5022333333333333	0.6158333333333333	0.5236166666666667	0.5961166666666667	0.6163000000000001	0.5694333333333333	0.5978166666666667	0.4810666666666667	0.52325	0.5089166666666667	0.5296333333333334	0.5250166666666667	0.5006666666666667	0.5683666666666667	0.4794333333333334	0.6038333333333333	0.6028666666666667	0.5420833333333334	0.6034	0.5057333333333334	0.51875	0.46665	0.5162666666666667	0.5431833333333334	0.43213333333333337	0.5579000000000001	0.57445	0.5366000000000001	0.5033666666666667	0.46725	0.5029	0.44773333333333337	0.4935666666666667	0.60505	0.5219166666666667	0.5731166666666667	0.4918166666666667	0.4404666666666667	0.48936666666666667	0.5608833333333334	0.49588333333333334	0.46166666666666667	0.5682333333333334	0.5080833333333333	0.48103333333333337	0.5531333333333334	0.5040333333333333	0.5209333333333334	0.5431833333333334	0.6029666666666667	0.46630000000000005
0.4986333333333334	0.42625	0.5459166666666667	0.5535166666666667	0.5733833333333334	0.5038666666666667	0.6301	0.4529666666666667	0.5135666666666667	0.48383333333333334	0.5763666666666667	0.5149666666666667	0.53705	0.4793	0.4335666666666667	0.5078	0.5769166666666667	0.5804	0.5236166666666667	0.49645	0.5133666666666666	0.5224333333333333	0.59385	0.5826166666666667	0.5426666666666667	0.6053000000000001	0.5142666666666666	0.5503666666666667	0.4975833333333334	0.5118	0.47768333333333335	0.5422666666666667	0.60755	0.4951166666666667	0.6723833333333333	0.5578000000000001	0.4670166666666667	0.42775	0.5426833333333334	0.52515	0.47303333333333336	0.48883333333333334	0.5447500000000001	0.5330166666666667	0.48715	0.49618333333333337	0.5953333333333334	0.5822333333333334	0.6026833333333333	0.5284333333333333	0.5072	0.6245166666666667	0.5441	0.5860166666666667	0.5505166666666667	0.4869	0.4508666666666667	0.5092333333333333	0.53315	0.47905000000000003	0.5736	0.4731	0.5680666666666667	0.5175666666666667	0.5755666666666667	0.51695	0.5493833333333333	0.5604666666666667	0.6049333333333333	0.5412833333333333	0.5232666666666667	0.5615	0.6417833333333334	0.5088333333333334	0.49695	0.5749000000000001	0.5769166666666667	0.49433333333333335	0.5165333333333334	0.5524666666666667	0.5036666666666667	0.49333333333333335	0.6100333333333333	0.4844	0.4991666666666667	0.51815	0.5558666666666667	0.5701833333333334	0.51705	0.4807166666666667	0.55935	0.5391666666666667	0.5382	0.4426166666666667	0.5262666666666667	0.5228166666666667	0.5733	0.44755	0.58235	0.4929833333333334
0.5577166666666666	0.5086666666666667	0.44511666666666666	0.5103166666666666	0.5242	0.5264	0.5969333333333333	0.4952166666666667	0.5158333333333334	0.4765666666666667	0.4780666666666667	0.4800666666666667	0.50025	0.5542166666666667	0.5329666666666667	0.48460000000000003	0.5706333333333333	0.5225833333333334	0.5481166666666667	0.5331166666666667	0.5844833333333334	0.6097166666666667	0.6142500000000001	0.5680666666666667	0.5282166666666667	0.5762333333333334	0.5423333333333333	0.5394166666666667	0.48250000000000004	0.5445333333333333	0.5462	0.5568500000000001	0.4613666666666667	0.5491666666666667	0.5540833333333334	0.5582	0.464	0.5428000000000001	0.49463333333333337	0.5076666666666667	0.5307833333333334	0.6429833333333334	0.5704333333333333	0.4215166666666667	0.461	0.46173333333333333	0.48183333333333334	0.43060000000000004	0.5988833333333333	0.47063333333333335	0.4717	0.54105	0.60545	0.5752333333333334	0.48755000000000004	0.56225	0.49395	0.5035833333333334	0.5101166666666667	0.51025	0.5317000000000001	0.5008833333333333	0.5267833333333334	0.5358	0.5501833333333334	0.5296000000000001	0.5047833333333334	0.5020333333333333	0.6152000000000001	0.5525	0.5155833333333334	0.49668333333333337	0.5206166666666667	0.55545	0.5211333333333333	0.5093333333333333	0.5191666666666667	0.5875166666666667	0.6066666666666667	0.5855333333333334	0.5059333333333333	0.5273666666666667	0.55035	0.5584666666666667	0.5481	0.5023	0.5512833333333333	0.5885	0.58725	0.47515	0.5377166666666667	0.45063333333333333	0.4854333333333334	0.5544333333333333	0.6284166666666667	0.4624166666666667	0.51605	0.5028333333333334	0.5346166666666667	0.45783333333333337
0.48125	0.5413666666666667	0.5215833333333334	0.50895	0.5767333333333333	0.5280833333333333	0.5541666666666667	0.4806166666666667	0.5261166666666667	0.4955666666666667	0.5531	0.53695	0.5517500000000001	0.5227	0.5315333333333334	0.5213166666666667	0.5195000000000001	0.5527500000000001	0.5481833333333334	0.5361833333333333	0.5147333333333334	0.5072	0.46778333333333333	0.5978666666666667	0.5490166666666667	0.5259333333333334	0.5391333333333334	0.57475	0.4899666666666667	0.5656833333333333	0.56405	0.5663333333333334	0.6169833333333333	0.44555	0.5633666666666667	0.48615	0.5502166666666667	0.5413333333333333	0.5294666666666666	0.49846666666666667	0.5255500000000001	0.5209166666666667	0.5670166666666667	0.5592833333333334	0.5875666666666667	0.4635	0.5548500000000001	0.5634166666666667	0.6393333333333333	0.57525	0.5673666666666667	0.5211166666666667	0.5749000000000001	0.5386333333333334	0.5884666666666667	0.5054666666666667	0.41981666666666667	0.51265	0.52775	0.48855000000000004	0.5573833333333333	0.5316000000000001	0.51235	0.4638166666666667	0.48333333333333334	0.5070333333333333	0.4572666666666667	0.5425333333333333	0.51705	0.5218333333333334	0.5508833333333334	0.49555000000000005	0.5232	0.5033500000000001	0.4601166666666667	0.4534	0.58435	0.5092	0.5116666666666667	0.46855	0.57225	0.5089333333333333	0.5135166666666667	0.5478833333333334	0.5200833333333333	0.5158666666666667	0.5511166666666667	0.6496666666666667	0.5286833333333334	0.47635	0.6227	0.41653333333333337	0.5416333333333334	0.49338333333333334	0.5432166666666667	0.5499333333333334	0.45875000000000005	0.5331666666666667	0.5111666666666667	0.5700166666666667
0.6075333333333334	0.5921500000000001	0.47655000000000003	0.5276833333333334	0.5885166666666667	0.42560000000000003	0.51985	0.5790000000000001	0.51535	0.5155333333333334	0.5298333333333334	0.48013333333333336	0.47685	0.5403833333333333	0.49443333333333334	0.47823333333333334	0.49933333333333335	0.45765	0.4982166666666667	0.49796666666666667	0.5499	0.5100166666666667	0.4513166666666667	0.49728333333333335	0.54095	0.5651666666666667	0.52885	0.6385500000000001	0.5341333333333333	0.6144833333333334	0.55035	0.5182666666666667	0.4963166666666667	0.5011666666666666	0.5921333333333334	0.5212166666666667	0.5198833333333334	0.51495	0.43148333333333333	0.5743666666666667	0.47585	0.5775	0.5463333333333333	0.54035	0.5020333333333333	0.5077	0.5770500000000001	0.49735	0.53285	0.5381833333333333	0.48533333333333334	0.48865000000000003	0.5244166666666666	0.56255	0.5053	0.4209666666666667	0.49023333333333335	0.5627333333333333	0.45163333333333333	0.5733666666666667	0.5272166666666667	0.5359333333333334	0.6152666666666667	0.5531833333333334	0.4187166666666667	0.46793333333333337	0.56135	0.47385000000000005	0.5165000000000001	0.6065	0.5142	0.5155500000000001	0.46521666666666667	0.5431666666666667	0.47025	0.4739333333333334	0.48375	0.4991333333333334	0.5928166666666667	0.5085666666666667	0.6446166666666667	0.4502166666666667	0.4855666666666667	0.5043	0.56865	0.5517166666666667	0.5066666666666667	0.49823333333333336	0.5749333333333334	0.4595166666666667	0.43975000000000003	0.4763666666666667	0.49510000000000004	0.5616333333333333	0.5718166666666666	0.4601	0.50395	0.4875666666666667	0.44711666666666666	0.5102166666666667
0.4955333333333334	0.5762333333333334	0.50305	0.5109333333333334	0.5011	0.62765	0.58925	0.47200000000000003	0.4391166666666667	0.5014166666666667	0.5834	0.4865333333333334	0.38795	0.40371666666666667	0.57055	0.5780500000000001	0.5413833333333333	0.5057333333333334	0.5584	0.62395	0.5749666666666667	0.5219166666666667	0.5531	0.6208	0.5297833333333334	0.5968	0.6503833333333333	0.5853666666666667	0.5236333333333334	0.5744833333333333	0.4853	0.5408833333333334	0.48415	0.47231666666666666	0.5392333333333333	0.46926666666666667	0.49035	0.5932833333333334	0.44828333333333337	0.50085	0.6070833333333333	0.5459166666666667	0.5299333333333334	0.45795	0.5900333333333334	0.40525	0.48735	0.5362666666666667	0.5619833333333334	0.4774166666666667	0.5060833333333333	0.48483333333333334	0.56565	0.4448666666666667	0.5282666666666667	0.5463666666666667	0.5546	0.5261166666666667	0.5287666666666667	0.5675666666666667	0.5648333333333334	0.5548166666666667	0.5207666666666667	0.49765000000000004	0.5944	0.52345	0.45278333333333337	0.5698333333333334	0.5234833333333334	0.5278833333333334	0.47598333333333337	0.4861166666666667	0.6070666666666666	0.5799166666666667	0.45543333333333336	0.49996666666666667	0.46140000000000003	0.45711666666666667	0.5171666666666667	0.50775	0.4230666666666667	0.5301333333333333	0.5898166666666667	0.49563333333333337	0.5241	0.53925	0.49155000000000004	0.4904	0.50595	0.48353333333333337	0.45555	0.49533333333333335	0.5675833333333333	0.48575	0.5062666666666666	0.4512333333333334	0.5309	0.5994333333333334	0.5432666666666667	0.5681166666666667
0.6095333333333334	0.5536833333333333	0.47381666666666666	0.5198	0.5256666666666667	0.5657666666666666	0.5885833333333333	0.52085	0.5061	0.5265666666666667	0.5544666666666667	0.44773333333333337	0.5298666666666667	0.5253833333333333	0.5866166666666667	0.4565	0.48350000000000004	0.5251833333333333	0.53935	0.5401666666666667	0.5600833333333334	0.4842166666666667	0.5288166666666667	0.5363	0.5823166666666667	0.6138166666666667	0.65295	0.5155000000000001	0.51385	0.5407333333333334	0.5293666666666667	0.5002166666666666	0.5579166666666667	0.5281666666666667	0.5070333333333333	0.47485000000000005	0.5293833333333333	0.5054166666666667	0.5700000000000001	0.5147166666666667	0.5372333333333333	0.4854	0.5419666666666667	0.59095	0.5356166666666667	0.5609666666666667	0.5325833333333334	0.48518333333333336	0.48315	0.5164333333333334	0.50605	0.49783333333333335	0.5174666666666667	0.49610000000000004	0.5954666666666667	0.48991666666666667	0.58065	0.48713333333333336	0.4988	0.5705	0.62065	0.4657833333333334	0.5772	0.4675	0.4663666666666667	0.46635000000000004	0.5360833333333334	0.46638333333333337	0.6029333333333333	0.4829166666666667	0.5439666666666667	0.48528333333333334	0.46493333333333337	0.5357500000000001	0.5323833333333333	0.5558833333333334	0.49620000000000003	0.48088333333333333	0.4591	0.45733333333333337	0.6434166666666667	0.5168166666666667	0.5728500000000001	0.46645000000000003	0.5328666666666667	0.5754166666666667	0.4592	0.5848166666666667	0.5900500000000001	0.5189333333333334	0.52805	0.56405	0.49260000000000004	0.5018	0.5444833333333333	0.49638333333333334	0.5416333333333334	0.5665833333333333	0.5328166666666667	0.47405
0.49128333333333335	0.5612333333333334	0.4562666666666667	0.5182666666666667	0.5123166666666666	0.5107833333333334	0.48495000000000005	0.48125	0.5534666666666667	0.4792	0.49443333333333334	0.48578333333333334	0.5846	0.44925000000000004	0.44115000000000004	0.4474666666666667	0.47868333333333335	0.49418333333333336	0.50105	0.6385000000000001	0.49873333333333336	0.5402333333333333	0.54285	0.5203	0.49078333333333335	0.51975	0.5765333333333333	0.5428833333333334	0.52835	0.5272333333333333	0.5665166666666667	0.49888333333333335	0.50455	0.5185000000000001	0.525	0.50465	0.5532666666666667	0.5673666666666667	0.5994	0.5384666666666666	0.5200666666666667	0.5290166666666667	0.4920666666666667	0.44520000000000004	0.5354	0.5400666666666667	0.48113333333333336	0.5922833333333334	0.45635000000000003	0.561	0.56035	0.47528333333333334	0.49463333333333337	0.5128833333333334	0.49918333333333337	0.47150000000000003	0.45840000000000003	0.48055000000000003	0.5299833333333334	0.4658166666666667	0.5014166666666667	0.5729500000000001	0.57215	0.5521666666666667	0.5101	0.5118166666666667	0.5187833333333334	0.5562	0.46765	0.6222500000000001	0.5944333333333334	0.5389833333333334	0.5187166666666667	0.51315	0.5373833333333333	0.5007833333333334	0.519	0.5906	0.50895	0.5613166666666667	0.5415666666666666	0.5215333333333334	0.57365	0.4421666666666667	0.5342833333333333	0.5392666666666667	0.5227333333333334	0.4397166666666667	0.59555	0.46215	0.48131666666666667	0.5660333333333334	0.44378333333333336	0.5623166666666667	0.48610000000000003	0.50455	0.5694833333333333	0.5453	0.6368	0.47653333333333336
0.48258333333333336	0.5727166666666667	0.5823166666666667	0.5828	0.5004000000000001	0.5023166666666667	0.5456500000000001	0.48313333333333336	0.41723333333333334	0.4787666666666667	0.48253333333333337	0.5739166666666667	0.5060166666666667	0.4807666666666667	0.49091666666666667	0.5554666666666667	0.5460666666666667	0.4734166666666667	0.6058166666666667	0.5349666666666667	0.5857166666666667	0.48100000000000004	0.55155	0.5624833333333333	0.47668333333333335	0.47715	0.4919	0.55935	0.4955833333333334	0.4834833333333334	0.48886666666666667	0.6044	0.5103666666666667	0.5153333333333333	0.4501	0.5779333333333334	0.5642666666666667	0.53415	0.5693666666666667	0.4844166666666667	0.5090833333333333	0.5609666666666667	0.46918333333333334	0.5268166666666667	0.5832	0.558	0.5777833333333333	0.5372333333333333	0.53245	0.5717	0.6028	0.6049166666666667	0.5104500000000001	0.5064000000000001	0.5259	0.4992166666666667	0.4610166666666667	0.48500000000000004	0.5241666666666667	0.47295000000000004	0.5401333333333334	0.56205	0.5220333333333333	0.4784333333333334	0.5555833333333333	0.4769666666666667	0.5616833333333333	0.5572666666666667	0.5364333333333333	0.5209666666666667	0.5384	0.5346500000000001	0.4766166666666667	0.5517333333333334	0.5446500000000001	0.41795000000000004	0.5353	0.5245833333333334	0.48633333333333334	0.5845	0.4690666666666667	0.48385	0.5283	0.5278833333333334	0.5813666666666667	0.5314166666666666	0.4898166666666667	0.5121333333333333	0.602	0.5003000000000001	0.63615	0.4864833333333334	0.47626666666666667	0.5078666666666667	0.4602833333333334	0.5937166666666667	0.46013333333333334	0.48728333333333335	0.5215000000000001	0.52035
0.5874	0.4982666666666667	0.41435	0.5140333333333333	0.42985	0.5678666666666667	0.4766666666666667	0.5316666666666667	0.4799833333333334	0.4896666666666667	0.55305	0.5105666666666667	0.5228833333333334	0.5690666666666667	0.60485	0.5720500000000001	0.6144166666666667	0.5718166666666666	0.5402166666666667	0.4844666666666667	0.5047833333333334	0.5383833333333333	0.5795166666666667	0.5170666666666667	0.56245	0.5267166666666667	0.49663333333333337	0.49228333333333335	0.43383333333333335	0.49898333333333333	0.682	0.5278166666666667	0.6277166666666667	0.5301166666666667	0.5860000000000001	0.4685166666666667	0.5451333333333334	0.46205	0.5471166666666667	0.5200166666666667	0.5455666666666666	0.5199	0.5866	0.47653333333333336	0.5359333333333334	0.5512	0.48395000000000005	0.5322333333333333	0.5513	0.5861500000000001	0.45990000000000003	0.58865	0.5083833333333334	0.5750166666666667	0.5552333333333334	0.4875166666666667	0.5483666666666667	0.4347166666666667	0.5197166666666667	0.5356166666666667	0.47708333333333336	0.53995	0.44025000000000003	0.5960166666666668	0.5134833333333334	0.44645	0.4945166666666667	0.5583333333333333	0.525	0.5582333333333334	0.5343	0.48555000000000004	0.5343833333333333	0.6043833333333334	0.48200000000000004	0.5153833333333333	0.48353333333333337	0.47468333333333335	0.52525	0.5477500000000001	0.5917333333333333	0.49778333333333336	0.4919833333333334	0.4995	0.58015	0.4698	0.5663666666666667	0.46958333333333335	0.5997666666666667	0.5322166666666667	0.48003333333333337	0.4609166666666667	0.59035	0.5177166666666667	0.5072333333333333	0.5024166666666667	0.5977166666666667	0.57515	0.5431666666666667	0.46071666666666666
0.5024000000000001	0.5319333333333334	0.5444166666666667	0.5232	0.47163333333333335	0.5798	0.49275	0.5044000000000001	0.4846666666666667	0.5955333333333334	0.6208333333333333	0.56765	0.5508833333333334	0.6494	0.48673333333333335	0.5367833333333334	0.4399	0.5676666666666667	0.5027333333333334	0.5141833333333333	0.47668333333333335	0.4872166666666667	0.5315333333333334	0.5264833333333333	0.5058333333333334	0.49933333333333335	0.4837	0.5132833333333333	0.5	0.45845	0.5356666666666667	0.48645000000000005	0.5784833333333333	0.5191	0.518	0.5507333333333334	0.6003000000000001	0.4951666666666667	0.5429	0.5516833333333334	0.5300833333333334	0.5160833333333333	0.5496166666666666	0.54035	0.5716833333333333	0.46545000000000003	0.5866	0.53445	0.5626	0.6186666666666667	0.5140833333333333	0.51785	0.5550833333333334	0.4957166666666667	0.53825	0.5126666666666667	0.5729166666666667	0.5105833333333334	0.5635666666666667	0.5230166666666667	0.47873333333333334	0.5167833333333334	0.5229333333333334	0.3984166666666667	0.4763833333333334	0.48335	0.46221666666666666	0.48736666666666667	0.57245	0.48505000000000004	0.5790666666666667	0.47175	0.5889666666666667	0.4923666666666667	0.42688333333333334	0.5403	0.5502833333333333	0.5198	0.5523833333333333	0.5205833333333334	0.526	0.57855	0.5373	0.5327166666666667	0.6410666666666667	0.5459333333333334	0.59765	0.5352666666666667	0.5063166666666666	0.5607500000000001	0.5208666666666667	0.5385666666666666	0.4731166666666667	0.5335	0.4928666666666667	0.5054166666666667	0.4729666666666667	0.47985	0.5054500000000001	0.6115666666666667
0.5161666666666667	0.5009166666666667	0.5245333333333334	0.5190333333333333	0.4970833333333334	0.5159	0.5669833333333334	0.5511166666666667	0.5131	0.4325833333333334	0.5373166666666667	0.5194333333333334	0.54645	0.5011666666666666	0.48345000000000005	0.5090333333333333	0.5191	0.46995000000000003	0.60285	0.49548333333333333	0.5887333333333333	0.6063000000000001	0.5370833333333334	0.5079166666666667	0.49743333333333334	0.49373333333333336	0.4919833333333334	0.45361666666666667	0.5376000000000001	0.5153666666666666	0.5625166666666667	0.49678333333333335	0.5422833333333333	0.54025	0.48545000000000005	0.5272	0.5100833333333333	0.47778333333333334	0.5891333333333334	0.45213333333333333	0.5027333333333334	0.5471666666666667	0.5874	0.5597500000000001	0.5079333333333333	0.58075	0.4907	0.5733333333333334	0.5085666666666667	0.5434	0.5145833333333334	0.5273	0.5573333333333333	0.46235000000000004	0.5508500000000001	0.5702166666666667	0.5771166666666667	0.5037	0.5977	0.6661166666666667	0.4291166666666667	0.5368166666666667	0.5175500000000001	0.5110833333333333	0.4552166666666667	0.4850166666666667	0.5577333333333334	0.5781333333333334	0.49845	0.5376666666666667	0.46240000000000003	0.4852	0.5356166666666667	0.5257166666666667	0.46498333333333336	0.5128833333333334	0.45565	0.5775666666666667	0.4946666666666667	0.5272333333333333	0.5134666666666667	0.5784833333333333	0.62805	0.5772833333333334	0.5860000000000001	0.5368833333333334	0.5952833333333334	0.5439166666666667	0.5488000000000001	0.5423	0.5229166666666667	0.4190166666666667	0.4375666666666667	0.44858333333333333	0.47135000000000005	0.5483333333333333	0.4736	0.49200000000000005	0.51835	0.5370166666666667
0.5230333333333334	0.5009666666666667	0.4986666666666667	0.48993333333333333	0.4869833333333334	0.51005	0.5185500000000001	0.5531166666666667	0.5224666666666667	0.4484666666666667	0.46240000000000003	0.5367166666666667	0.6014166666666667	0.60995	0.5072666666666666	0.5404666666666667	0.5447000000000001	0.47698333333333337	0.5839166666666666	0.48108333333333336	0.48078333333333334	0.45348333333333335	0.5166833333333334	0.6305000000000001	0.5731166666666667	0.4044166666666667	0.44720000000000004	0.5432833333333333	0.5271	0.4923	0.5386000000000001	0.46353333333333335	0.56475	0.5586833333333333	0.6007166666666667	0.55	0.55965	0.4387166666666667	0.5243833333333333	0.4900166666666667	0.5823833333333334	0.39743333333333336	0.47235000000000005	0.5340166666666667	0.5121833333333333	0.48495000000000005	0.5173833333333333	0.47105	0.4518666666666667	0.48513333333333336	0.5545166666666667	0.5600666666666667	0.4996333333333334	0.5329833333333334	0.5895833333333333	0.4592833333333334	0.54355	0.4482666666666667	0.5101	0.4780166666666667	0.5445166666666666	0.6183500000000001	0.4418166666666667	0.5186666666666667	0.47878333333333334	0.53495	0.5056833333333334	0.5552666666666667	0.4843	0.4904	0.5345166666666666	0.5384666666666666	0.5160833333333333	0.5716833333333333	0.6287333333333334	0.5719166666666667	0.5471833333333334	0.5334666666666666	0.5079	0.5978666666666667	0.5659500000000001	0.5514833333333333	0.5553	0.49660000000000004	0.5033166666666667	0.41850000000000004	0.54795	0.5122833333333333	0.45193333333333335	0.4674666666666667	0.5300833333333334	0.5321833333333333	0.5804166666666667	0.6221333333333333	0.6061833333333334	0.44	0.52015	0.5146333333333334	0.5617666666666667	0.47163333333333335
0.5464166666666667	0.59035	0.48983333333333334	0.5576666666666666	0.5545166666666667	0.5620166666666667	0.48063333333333336	0.5511	0.5364166666666667	0.5104166666666667	0.5806	0.5256500000000001	0.5790000000000001	0.5584166666666667	0.5407000000000001	0.5497166666666667	0.57355	0.6001666666666667	0.55415	0.43735	0.5264	0.51135	0.5531666666666667	0.5083833333333334	0.4503666666666667	0.6136	0.5511166666666667	0.47445000000000004	0.45388333333333336	0.45080000000000003	0.4749666666666667	0.44455	0.5068833333333334	0.546	0.5563166666666667	0.45278333333333337	0.5614833333333333	0.5039833333333333	0.4493666666666667	0.49008333333333337	0.4993	0.5424666666666667	0.5379833333333334	0.47263333333333335	0.503	0.5059666666666667	0.5399	0.6041833333333334	0.5413833333333333	0.45683333333333337	0.5930666666666667	0.4519	0.43906666666666666	0.5644666666666667	0.4317166666666667	0.49568333333333336	0.4688333333333334	0.5081833333333333	0.5460333333333334	0.4879833333333334	0.5173666666666666	0.5227333333333334	0.5609833333333334	0.60695	0.6038666666666667	0.4903	0.5142166666666667	0.5715	0.5242166666666667	0.5720833333333334	0.5700666666666667	0.4938666666666667	0.5277666666666667	0.5859666666666667	0.4819833333333334	0.47095000000000004	0.5225666666666667	0.5155000000000001	0.49896666666666667	0.5781833333333334	0.5301666666666667	0.5379	0.4978166666666667	0.4513166666666667	0.51895	0.5456166666666666	0.5095500000000001	0.46945000000000003	0.47918333333333335	0.5240666666666667	0.5035833333333334	0.45328333333333337	0.5528333333333334	0.5635333333333333	0.44085	0.5116833333333334	0.5207	0.5739166666666667	0.5142333333333333	0.4779666666666667
0.4864666666666667	0.4718833333333334	0.5218833333333334	0.45143333333333335	0.5288	0.5766333333333333	0.5636666666666666	0.48591666666666666	0.6134333333333334	0.5215833333333334	0.5693166666666667	0.5894833333333334	0.5329833333333334	0.5604333333333333	0.48928333333333335	0.57415	0.6072000000000001	0.5159	0.5014666666666667	0.5804166666666667	0.5287666666666667	0.5777	0.49193333333333333	0.4730166666666667	0.5537166666666667	0.5592333333333334	0.55125	0.49735	0.5249166666666667	0.5193333333333333	0.54355	0.5630000000000001	0.5225500000000001	0.5062333333333333	0.48218333333333335	0.5576	0.5157	0.5635666666666667	0.5407500000000001	0.5494166666666667	0.5875666666666667	0.4372166666666667	0.47285000000000005	0.4950833333333334	0.5007	0.46713333333333334	0.4905666666666667	0.45363333333333333	0.5211666666666667	0.5667166666666666	0.5014500000000001	0.5115333333333334	0.5600833333333334	0.5195833333333334	0.5885	0.5629833333333334	0.5	0.5970500000000001	0.4772666666666667	0.41395000000000004	0.51095	0.41155	0.5475	0.4706	0.5627166666666666	0.47778333333333334	0.552	0.5126000000000001	0.5003000000000001	0.51565	0.4613333333333334	0.58575	0.5078166666666667	0.4848	0.5759166666666667	0.5138333333333334	0.5575666666666667	0.5174500000000001	0.51715	0.51295	0.5196166666666667	0.4502166666666667	0.50915	0.5335666666666667	0.4799833333333334	0.4767166666666667	0.4973	0.5337333333333334	0.5770333333333334	0.5578666666666667	0.6001500000000001	0.5332166666666667	0.54555	0.5682	0.5947833333333333	0.46908333333333335	0.5569166666666667	0.4898666666666667	0.42565000000000003	0.57985
0.4744666666666667	0.5429	0.5196833333333334	0.5633166666666667	0.48450000000000004	0.5527833333333334	0.4849	0.4566	0.6114833333333334	0.49191666666666667	0.50285	0.5177	0.4754666666666667	0.5200833333333333	0.5022666666666666	0.5227833333333334	0.51905	0.5610833333333334	0.5055333333333334	0.5232833333333333	0.5006166666666667	0.6428666666666667	0.4510166666666667	0.5302666666666667	0.46345000000000003	0.4874	0.4462166666666667	0.4632833333333334	0.53535	0.5168166666666667	0.60565	0.52195	0.50765	0.4779166666666667	0.5557333333333334	0.5002333333333333	0.5081833333333333	0.5706	0.5805333333333333	0.4827666666666667	0.4806	0.5437500000000001	0.45455	0.5235166666666667	0.5987666666666667	0.42723333333333335	0.50705	0.5339666666666667	0.49695	0.5168	0.46190000000000003	0.5200666666666667	0.5060833333333333	0.53955	0.5386500000000001	0.48893333333333333	0.44473333333333337	0.5299333333333334	0.5280333333333334	0.47208333333333335	0.6646500000000001	0.5421666666666667	0.5719000000000001	0.4918166666666667	0.5021	0.4645666666666667	0.5370333333333334	0.5023833333333334	0.43745	0.5709166666666667	0.4476	0.57335	0.5235166666666667	0.5344833333333333	0.5103833333333334	0.5468666666666667	0.5843333333333334	0.48295000000000005	0.50915	0.5777	0.5335	0.5661	0.46185000000000004	0.5875	0.5295666666666667	0.49541666666666667	0.5887	0.47135000000000005	0.48625	0.46171666666666666	0.5411666666666667	0.5267166666666667	0.5403333333333333	0.49446666666666667	0.6002000000000001	0.5045666666666667	0.5668000000000001	0.5505166666666667	0.6687833333333334	0.5103
0.49343333333333333	0.6048166666666667	0.5568833333333334	0.52035	0.46018333333333333	0.47523333333333334	0.48515	0.52815	0.5350333333333334	0.47450000000000003	0.5081333333333333	0.5095166666666667	0.54335	0.5395166666666666	0.5261833333333333	0.4990333333333334	0.5164833333333334	0.5598000000000001	0.5267166666666667	0.5327833333333334	0.5231666666666667	0.5870166666666667	0.4928166666666667	0.5421833333333334	0.5004166666666667	0.5194500000000001	0.5350833333333334	0.5960666666666667	0.5062166666666666	0.5278833333333334	0.44983333333333336	0.50665	0.6423833333333334	0.50935	0.5287333333333334	0.4752	0.5150833333333333	0.53	0.6160333333333333	0.5216333333333334	0.56165	0.4773833333333334	0.55125	0.46498333333333336	0.4871166666666667	0.4957166666666667	0.5304	0.5272	0.52305	0.4726166666666667	0.46921666666666667	0.5187333333333334	0.47355	0.4991166666666667	0.5219833333333334	0.49925	0.50325	0.50915	0.5012333333333333	0.49635	0.51915	0.5231333333333333	0.5060666666666667	0.5679666666666667	0.5236166666666667	0.5573333333333333	0.4839666666666667	0.5646166666666667	0.5867666666666667	0.5034833333333334	0.5805	0.5512166666666667	0.46530000000000005	0.5363	0.59945	0.6092666666666667	0.49945	0.4763833333333334	0.48195000000000005	0.5695333333333333	0.49935	0.5114833333333334	0.5393	0.5407666666666667	0.47828333333333334	0.5393166666666667	0.5146333333333334	0.5416666666666667	0.5538833333333334	0.56325	0.5416500000000001	0.5177833333333334	0.518	0.42408333333333337	0.5730166666666667	0.55235	0.5964	0.5466666666666667	0.5492333333333334	0.4538666666666667
0.5500833333333334	0.42658333333333337	0.5363666666666667	0.51695	0.5243666666666666	0.6128	0.5033333333333334	0.53205	0.47223333333333334	0.5403333333333333	0.5063333333333334	0.4856666666666667	0.47705000000000003	0.5304666666666666	0.4986333333333334	0.5139166666666667	0.5036666666666667	0.5838666666666666	0.5660166666666667	0.48786666666666667	0.5167833333333334	0.5002666666666666	0.5288166666666667	0.5743833333333334	0.47353333333333336	0.5663833333333333	0.45675000000000004	0.5408666666666667	0.5456500000000001	0.517	0.5153166666666666	0.5694	0.5004500000000001	0.47331666666666666	0.4617666666666667	0.5095666666666667	0.5314666666666666	0.5485	0.4594166666666667	0.50685	0.4857166666666667	0.6222833333333334	0.5644	0.4608166666666667	0.52695	0.5670333333333334	0.37223333333333336	0.49625	0.4935666666666667	0.5819666666666667	0.5275666666666667	0.5029833333333333	0.48285	0.46088333333333337	0.4644666666666667	0.48538333333333333	0.4911666666666667	0.5420833333333334	0.4719666666666667	0.48273333333333335	0.5201833333333333	0.48568333333333336	0.49173333333333336	0.5420666666666667	0.51335	0.49585	0.4401333333333334	0.48768333333333336	0.4977666666666667	0.5710166666666667	0.5141	0.5131333333333333	0.49635	0.52545	0.52485	0.4436833333333334	0.4679666666666667	0.5083166666666666	0.4838166666666667	0.5306166666666667	0.5163666666666666	0.6620333333333334	0.5340833333333334	0.5582833333333334	0.48031666666666667	0.5372166666666667	0.4901666666666667	0.48058333333333336	0.52905	0.49213333333333337	0.5216000000000001	0.5154500000000001	0.5013166666666667	0.5370166666666667	0.45743333333333336	0.49510000000000004	0.5630666666666667	0.5304833333333333	0.5358666666666667	0.5161
0.5471666666666667	0.49165000000000003	0.48686666666666667	0.5543833333333333	0.5400666666666667	0.5636	0.5850666666666667	0.4701166666666667	0.5539000000000001	0.4599666666666667	0.5458500000000001	0.5819833333333334	0.4969166666666667	0.5170166666666667	0.5246833333333334	0.5515666666666666	0.4827	0.4799333333333334	0.5663	0.51875	0.5443166666666667	0.5973	0.4883166666666667	0.5147166666666667	0.47868333333333335	0.5265833333333334	0.4607	0.5614166666666667	0.5689833333333334	0.51435	0.5241166666666667	0.48758333333333337	0.44293333333333335	0.5285666666666667	0.48693333333333333	0.49888333333333335	0.5175500000000001	0.4423166666666667	0.48535	0.4839	0.49665000000000004	0.45020000000000004	0.4547666666666667	0.5055166666666667	0.5461833333333334	0.4775166666666667	0.5640833333333334	0.46545000000000003	0.5059333333333333	0.46358333333333335	0.5618333333333334	0.5235666666666667	0.4943166666666667	0.49135	0.5309166666666667	0.5534333333333333	0.5295	0.47390000000000004	0.4438666666666667	0.5436666666666667	0.45888333333333337	0.41495000000000004	0.4980333333333334	0.5672166666666667	0.4479	0.5003333333333334	0.5723	0.4582	0.5262333333333333	0.56105	0.5210333333333333	0.48568333333333336	0.4774666666666667	0.51535	0.5848166666666667	0.52275	0.5934666666666667	0.5232	0.5981833333333334	0.4959166666666667	0.43063333333333337	0.6437333333333334	0.43091666666666667	0.4726666666666667	0.51085	0.4873	0.5223333333333333	0.5589166666666667	0.6230666666666667	0.5201333333333333	0.5255166666666667	0.62485	0.42328333333333334	0.5848333333333333	0.5964666666666667	0.5365833333333334	0.6133500000000001	0.4972166666666667	0.5669500000000001	0.5245833333333334
0.4582666666666667	0.50185	0.5526666666666666	0.5645666666666667	0.5196333333333334	0.5437166666666667	0.5731666666666667	0.5117666666666667	0.6142666666666667	0.5504	0.5545666666666667	0.5079166666666667	0.4171666666666667	0.5205833333333334	0.5639166666666667	0.43193333333333334	0.5528000000000001	0.5754666666666667	0.5476666666666667	0.51395	0.48368333333333335	0.49965000000000004	0.4908	0.55365	0.5042666666666666	0.5057166666666667	0.5564833333333333	0.5095166666666667	0.55245	0.5331166666666667	0.5047333333333334	0.4772	0.5469	0.49375	0.5990166666666666	0.6158333333333333	0.4777166666666667	0.47063333333333335	0.48353333333333337	0.49155000000000004	0.5163	0.4799166666666667	0.4162666666666667	0.4375666666666667	0.5181166666666667	0.4660666666666667	0.4892	0.4872666666666667	0.4392666666666667	0.5110833333333333	0.49788333333333334	0.49513333333333337	0.4880666666666667	0.5078833333333334	0.5682166666666667	0.4542833333333334	0.5277333333333334	0.56315	0.4720666666666667	0.5262666666666667	0.5383333333333333	0.5539833333333334	0.53245	0.5108666666666667	0.5303833333333333	0.5303833333333333	0.46776666666666666	0.56025	0.5070666666666667	0.43355000000000005	0.5748333333333333	0.6200333333333333	0.44118333333333337	0.49498333333333333	0.5514666666666667	0.4936666666666667	0.4900666666666667	0.4805666666666667	0.5827333333333333	0.5134666666666667	0.5726166666666667	0.5454333333333333	0.5421666666666667	0.5222833333333333	0.5425	0.5346000000000001	0.5159	0.501	0.5534666666666667	0.5270333333333334	0.49878333333333336	0.48395000000000005	0.46130000000000004	0.5617333333333333	0.5024833333333334	0.45843333333333336	0.43005000000000004	0.5078333333333334	0.5161833333333333	0.5779666666666667
0.5656333333333333	0.43046666666666666	0.50765	0.5373166666666667	0.4965	0.47135000000000005	0.5516	0.53895	0.5012	0.56955	0.5647166666666666	0.4814833333333334	0.5314833333333333	0.5040333333333333	0.5229833333333334	0.5396166666666667	0.5271833333333333	0.43745	0.5127833333333334	0.5380166666666667	0.45453333333333334	0.5202333333333333	0.5829833333333334	0.5535	0.5064500000000001	0.45633333333333337	0.5565	0.4913666666666667	0.5161666666666667	0.49443333333333334	0.5246166666666667	0.5203166666666666	0.5376666666666667	0.4586	0.5374166666666667	0.5013500000000001	0.4465	0.4502166666666667	0.5353166666666667	0.49375	0.47723333333333334	0.5664333333333333	0.42510000000000003	0.5773166666666667	0.49955000000000005	0.4803	0.5007333333333334	0.5539166666666667	0.47415	0.4886166666666667	0.49495	0.49993333333333334	0.458	0.4174833333333334	0.43745	0.5211833333333333	0.4880333333333334	0.4982666666666667	0.6064833333333334	0.5128666666666667	0.5033500000000001	0.5077333333333334	0.5115166666666667	0.5076833333333334	0.4885666666666667	0.5117	0.5840833333333334	0.5188666666666667	0.49905000000000005	0.5916333333333333	0.5422666666666667	0.5007	0.5918833333333333	0.5319833333333334	0.5615333333333333	0.5410666666666667	0.5100666666666667	0.5965	0.5035833333333334	0.48275	0.57435	0.49795	0.5182	0.5458666666666667	0.5288	0.43920000000000003	0.4713	0.5577500000000001	0.5316000000000001	0.51385	0.5118333333333334	0.5569000000000001	0.5308833333333334	0.5042166666666666	0.5492333333333334	0.5336666666666667	0.46188333333333337	0.4963666666666667	0.47973333333333334	0.48450000000000004
0.5775333333333333	0.5225333333333334	0.48350000000000004	0.5260833333333333	0.5334833333333333	0.5632833333333334	0.5916166666666667	0.5422333333333333	0.46565	0.5215666666666667	0.4865166666666667	0.5500333333333334	0.49263333333333337	0.53545	0.48400000000000004	0.5374	0.4930666666666667	0.5175500000000001	0.5454666666666667	0.46873333333333334	0.46185000000000004	0.5748833333333334	0.5108166666666667	0.5675833333333333	0.5226166666666667	0.5745	0.4325333333333334	0.49748333333333333	0.4559	0.5175500000000001	0.6054166666666667	0.5281666666666667	0.48873333333333335	0.5061333333333333	0.4907166666666667	0.4829	0.5045166666666667	0.4937166666666667	0.48538333333333333	0.5378666666666667	0.4970833333333334	0.48893333333333333	0.4110666666666667	0.45966666666666667	0.5517666666666667	0.5871166666666667	0.4782166666666667	0.4945333333333334	0.45053333333333334	0.5477166666666667	0.5017833333333334	0.50255	0.47803333333333337	0.47308333333333336	0.5279166666666667	0.43370000000000003	0.5325	0.5181	0.41631666666666667	0.48908333333333337	0.5339333333333334	0.5239666666666667	0.4525	0.5400666666666667	0.5044166666666667	0.5162833333333333	0.5529333333333334	0.46671666666666667	0.5474666666666667	0.4900333333333334	0.5573166666666667	0.5735833333333333	0.44711666666666666	0.5305666666666667	0.5412833333333333	0.4730166666666667	0.5019	0.4882	0.46648333333333336	0.41535	0.48303333333333337	0.46040000000000003	0.5653833333333333	0.53035	0.45311666666666667	0.5159333333333334	0.5799833333333334	0.5315833333333334	0.5401833333333333	0.49260000000000004	0.5	0.47513333333333335	0.48028333333333334	0.5944833333333334	0.49410000000000004	0.54055	0.5735666666666667	0.5462166666666667	0.4931666666666667	0.47213333333333335
0.5204	0.5394	0.5406333333333334	0.6133333333333334	0.5177666666666667	0.52905	0.5290666666666667	0.5685666666666667	0.5166333333333334	0.61475	0.61455	0.52195	0.57525	0.5196000000000001	0.47281666666666666	0.61545	0.5000666666666667	0.6046166666666667	0.5626833333333333	0.4937	0.50075	0.49305000000000004	0.5118666666666667	0.5206833333333334	0.48936666666666667	0.5947833333333333	0.5441833333333334	0.5644666666666667	0.5219333333333334	0.525	0.45613333333333334	0.45945	0.5713	0.5107333333333334	0.5480666666666667	0.5281166666666667	0.5268166666666667	0.55565	0.46130000000000004	0.4493166666666667	0.50595	0.5392333333333333	0.4582833333333334	0.47481666666666666	0.5445333333333333	0.5608666666666667	0.5665	0.41633333333333333	0.4517666666666667	0.47768333333333335	0.4781	0.42500000000000004	0.5228333333333334	0.53205	0.4763	0.45988333333333337	0.47700000000000004	0.5034333333333334	0.4352666666666667	0.4274833333333333	0.5615666666666667	0.5608833333333334	0.48791666666666667	0.47175	0.5607166666666666	0.55825	0.47228333333333333	0.5161333333333333	0.5135833333333334	0.5726166666666667	0.5300166666666667	0.5612666666666667	0.52685	0.5879833333333334	0.48923333333333335	0.45883333333333337	0.5226666666666667	0.5231	0.5122833333333333	0.5417500000000001	0.5215000000000001	0.5278166666666667	0.6363666666666667	0.4671666666666667	0.5410833333333334	0.5721166666666667	0.48625	0.50195	0.5758333333333333	0.5184666666666667	0.4970666666666667	0.52615	0.4941666666666667	0.54525	0.5624	0.59055	0.48786666666666667	0.4315	0.56135	0.5529666666666667
0.44125000000000003	0.5321666666666667	0.5671666666666667	0.5790000000000001	0.5111333333333333	0.4796666666666667	0.552	0.5611833333333334	0.5354333333333333	0.5218	0.56855	0.54125	0.5326333333333334	0.5899	0.4446	0.50195	0.5441333333333334	0.5346833333333334	0.49898333333333333	0.43733333333333335	0.4927666666666667	0.5201166666666667	0.4870333333333334	0.4879833333333334	0.4370833333333334	0.54205	0.5191833333333333	0.4554666666666667	0.5568666666666667	0.4764666666666667	0.5003333333333334	0.51025	0.49998333333333334	0.39221666666666666	0.4371333333333334	0.4391333333333334	0.46968333333333334	0.47285000000000005	0.4997666666666667	0.45285000000000003	0.5407166666666667	0.6015166666666667	0.4869833333333334	0.48288333333333333	0.4409666666666667	0.43068333333333336	0.4932666666666667	0.47103333333333336	0.4629666666666667	0.43555000000000005	0.5043	0.5214833333333334	0.5563	0.5209833333333334	0.4655	0.5923833333333334	0.4890333333333334	0.51985	0.45243333333333335	0.5935833333333334	0.5476500000000001	0.5291	0.47113333333333335	0.62825	0.46235000000000004	0.4689166666666667	0.46175000000000005	0.52195	0.4706	0.5203166666666666	0.48713333333333336	0.5611333333333334	0.49838333333333334	0.46955	0.5486666666666667	0.48028333333333334	0.6286833333333334	0.58125	0.5369666666666667	0.49948333333333333	0.47005	0.42695	0.5846	0.5970666666666667	0.5494666666666667	0.53295	0.49023333333333335	0.5147833333333334	0.5831000000000001	0.5614166666666667	0.5458833333333334	0.5137333333333334	0.6407833333333334	0.519	0.6118166666666667	0.5853833333333334	0.4965833333333334	0.5058333333333334	0.5682333333333334	0.5101
0.5489166666666667	0.5516833333333334	0.5353333333333333	0.5361666666666667	0.6058166666666667	0.5317500000000001	0.5115500000000001	0.5206833333333334	0.46843333333333337	0.5434	0.47923333333333334	0.5508500000000001	0.437	0.47013333333333335	0.4883166666666667	0.5354666666666666	0.5154	0.4731	0.5394333333333333	0.48165	0.56935	0.5604333333333333	0.4963666666666667	0.48715	0.46603333333333335	0.4482166666666667	0.42081666666666667	0.6186333333333334	0.5064833333333334	0.5181333333333333	0.5668166666666667	0.5084000000000001	0.6011333333333334	0.4897166666666667	0.4789166666666667	0.49468333333333336	0.5421	0.4963	0.5281666666666667	0.41131666666666666	0.5296333333333334	0.4856166666666667	0.5438333333333334	0.5034833333333334	0.4696166666666667	0.47433333333333333	0.54285	0.541	0.48823333333333335	0.39198333333333335	0.44858333333333333	0.45458333333333334	0.46465	0.49615000000000004	0.5203	0.5134500000000001	0.4335333333333334	0.42855000000000004	0.44435	0.5228	0.40728333333333333	0.5434666666666667	0.4749166666666667	0.4950166666666667	0.5236833333333334	0.5328833333333334	0.5145166666666667	0.5426833333333334	0.5861166666666667	0.4721166666666667	0.50525	0.5070833333333333	0.4844666666666667	0.46203333333333335	0.47526666666666667	0.50295	0.5057333333333334	0.5141	0.51885	0.5379166666666667	0.4777	0.5797833333333333	0.57575	0.4636166666666667	0.4775666666666667	0.5549666666666667	0.4932166666666667	0.5257166666666667	0.55	0.5209666666666667	0.5172833333333333	0.47178333333333333	0.5373666666666667	0.59275	0.5204166666666666	0.6041333333333334	0.5603833333333333	0.4575	0.5018	0.54415
0.49775	0.4822666666666667	0.5267000000000001	0.45245	0.43715000000000004	0.4803	0.54355	0.5481	0.5941833333333334	0.5017	0.47625	0.59945	0.6274333333333334	0.5826	0.47965	0.4695666666666667	0.55045	0.53885	0.49915000000000004	0.5277666666666667	0.5249333333333334	0.6181666666666666	0.5363666666666667	0.5745	0.6152333333333334	0.5102833333333333	0.4750666666666667	0.5246166666666667	0.49398333333333333	0.4404166666666667	0.508	0.4938	0.5139166666666667	0.48215	0.48573333333333335	0.46598333333333336	0.5285333333333334	0.5471333333333334	0.49091666666666667	0.5479	0.4341166666666667	0.5175833333333334	0.39783333333333337	0.5339666666666667	0.4625	0.4604166666666667	0.54105	0.5356000000000001	0.5433833333333333	0.4796166666666667	0.4754666666666667	0.4435	0.4382166666666667	0.3799666666666667	0.45461666666666667	0.42518333333333336	0.5206666666666667	0.5202833333333333	0.4734666666666667	0.5159	0.5412333333333333	0.51305	0.42788333333333334	0.5459166666666667	0.5161	0.5145666666666667	0.42515000000000003	0.5541666666666667	0.47858333333333336	0.53885	0.5392666666666667	0.55245	0.48885	0.5171166666666667	0.47098333333333336	0.5364833333333333	0.4519	0.4567	0.47525	0.48893333333333333	0.45006666666666667	0.5565166666666667	0.5252333333333333	0.5372833333333333	0.4395	0.5279666666666667	0.5552666666666667	0.4586	0.5192333333333333	0.5285500000000001	0.47675	0.5230166666666667	0.51135	0.47263333333333335	0.53	0.5209666666666667	0.5147	0.5224	0.58015	0.5723333333333334
0.45185000000000003	0.5302166666666667	0.6021666666666667	0.5330333333333334	0.45865	0.46415	0.5459666666666667	0.5203166666666666	0.5379833333333334	0.5729000000000001	0.5609166666666667	0.5397500000000001	0.41195000000000004	0.5652	0.5802166666666667	0.5220333333333333	0.5016333333333334	0.5528833333333334	0.5726333333333333	0.4477166666666667	0.5556666666666666	0.4396666666666667	0.46348333333333336	0.48468333333333335	0.55015	0.5304833333333333	0.4982666666666667	0.47250000000000003	0.42825	0.41668333333333335	0.52075	0.5226333333333334	0.43920000000000003	0.5078666666666667	0.6095	0.5153166666666666	0.4160666666666667	0.47978333333333334	0.47665	0.4615666666666667	0.46845000000000003	0.4192166666666667	0.49310000000000004	0.40223333333333333	0.48165	0.4603666666666667	0.451	0.4864	0.46223333333333333	0.50665	0.5259	0.45455	0.4555166666666667	0.45685000000000003	0.49255000000000004	0.4099666666666667	0.5450666666666667	0.48736666666666667	0.48486666666666667	0.5394	0.5459666666666667	0.4703333333333334	0.49393333333333334	0.5033333333333334	0.5157833333333334	0.4491666666666667	0.4922166666666667	0.50095	0.4724166666666667	0.4948166666666667	0.47975	0.5154500000000001	0.5011833333333333	0.4834333333333334	0.4210666666666667	0.5418833333333334	0.5808166666666666	0.5768	0.41983333333333334	0.56275	0.5927666666666667	0.43228333333333335	0.5213666666666666	0.5014500000000001	0.5277833333333334	0.5059333333333333	0.59225	0.4952666666666667	0.4991666666666667	0.5039833333333333	0.5198833333333334	0.49673333333333336	0.5400666666666667	0.5452833333333333	0.5276166666666667	0.54455	0.5402166666666667	0.5222666666666667	0.5361666666666667	0.5047166666666667
0.5762166666666667	0.5108666666666667	0.5820833333333334	0.5631166666666667	0.5115833333333334	0.4979166666666667	0.4937	0.4463166666666667	0.49625	0.43915000000000004	0.4968	0.5474833333333333	0.5492666666666667	0.4982666666666667	0.5044000000000001	0.6430833333333333	0.48893333333333333	0.5269333333333334	0.54745	0.49835	0.47131666666666666	0.50715	0.4628333333333334	0.5687833333333333	0.4922666666666667	0.5484333333333333	0.4765666666666667	0.5243666666666666	0.5942666666666667	0.5908833333333333	0.5540333333333334	0.43278333333333335	0.47503333333333336	0.5075666666666667	0.5036833333333334	0.5114333333333334	0.4066166666666667	0.5299833333333334	0.5444166666666667	0.5168333333333334	0.4662	0.43683333333333335	0.4598666666666667	0.47128333333333333	0.4554666666666667	0.38965	0.46753333333333336	0.41615	0.4997666666666667	0.5063333333333334	0.4224666666666667	0.42715000000000003	0.43460000000000004	0.4414666666666667	0.43198333333333333	0.4144666666666667	0.47428333333333333	0.4286666666666667	0.46493333333333337	0.4719166666666667	0.48610000000000003	0.4452166666666667	0.4506833333333334	0.48163333333333336	0.53695	0.47528333333333334	0.4456	0.5879666666666667	0.4401666666666667	0.5082833333333333	0.45320000000000005	0.4698166666666667	0.48855000000000004	0.5203666666666666	0.43743333333333334	0.5479166666666667	0.5456	0.4636	0.48423333333333335	0.49343333333333333	0.48575	0.5249166666666667	0.5164	0.4966666666666667	0.5722	0.5759333333333334	0.5147166666666667	0.5152	0.5569333333333334	0.5725333333333333	0.5141166666666667	0.5065000000000001	0.5016666666666667	0.49341666666666667	0.5156333333333334	0.49546666666666667	0.57455	0.5363166666666667	0.49463333333333337	0.5483166666666667
0.5291333333333333	0.5540333333333334	0.5968333333333333	0.5446666666666667	0.52215	0.6748333333333334	0.5305333333333334	0.5059666666666667	0.51115	0.46463333333333334	0.5631666666666667	0.5620166666666667	0.5208666666666667	0.5454666666666667	0.5330833333333334	0.5593833333333333	0.5460833333333334	0.5585833333333333	0.5399166666666667	0.4801666666666667	0.4945166666666667	0.5034833333333334	0.4434666666666667	0.5522333333333334	0.6316	0.6457666666666667	0.4824333333333334	0.5214333333333333	0.47323333333333334	0.5589166666666667	0.43888333333333335	0.4822	0.5198333333333334	0.51125	0.5070666666666667	0.4524666666666667	0.5144833333333334	0.4467666666666667	0.42005000000000003	0.4642666666666667	0.5192666666666667	0.45315	0.5017166666666667	0.4352666666666667	0.4773666666666667	0.44530000000000003	0.45516666666666666	0.5102333333333333	0.44325000000000003	0.4620666666666667	0.41378333333333334	0.43335	0.4298166666666667	0.5131166666666667	0.50375	0.51405	0.4521	0.51275	0.4441666666666667	0.4774166666666667	0.49255000000000004	0.48078333333333334	0.44688333333333335	0.5183666666666666	0.5026333333333334	0.4680166666666667	0.46	0.5099166666666667	0.47483333333333333	0.5824666666666667	0.49165000000000003	0.5237166666666667	0.5137	0.6269166666666667	0.5621	0.5184833333333334	0.5839166666666666	0.5752166666666667	0.5045166666666667	0.5420166666666667	0.53905	0.5276833333333334	0.4699166666666667	0.5881000000000001	0.5245166666666667	0.4752	0.5279333333333334	0.52205	0.5462833333333333	0.5192166666666667	0.5159666666666667	0.5327833333333334	0.5546166666666666	0.5655333333333333	0.5144333333333334	0.49975	0.5069	0.4835166666666667	0.5531	0.48633333333333334
0.5357000000000001	0.5075833333333334	0.5667	0.5378666666666667	0.5588166666666667	0.5198666666666667	0.4922666666666667	0.46543333333333337	0.54615	0.5158166666666667	0.5077333333333334	0.5035833333333334	0.5116	0.5266500000000001	0.5380166666666667	0.6045666666666667	0.5123166666666666	0.5810000000000001	0.5178833333333334	0.5099	0.5868833333333333	0.5336000000000001	0.5801666666666667	0.56045	0.5013166666666667	0.47050000000000003	0.47553333333333336	0.5446666666666667	0.4732	0.4673666666666667	0.5363833333333333	0.47218333333333334	0.4429	0.46985000000000005	0.48138333333333333	0.4806	0.48065	0.5251666666666667	0.47931666666666667	0.37046666666666667	0.48073333333333335	0.4573166666666667	0.4768666666666667	0.4140666666666667	0.4655	0.4393666666666667	0.46878333333333333	0.42891666666666667	0.42318333333333336	0.40900000000000003	0.44235	0.4987166666666667	0.42238333333333333	0.3927833333333334	0.45135000000000003	0.4538166666666667	0.42791666666666667	0.5281166666666667	0.4862166666666667	0.49125	0.47781666666666667	0.5746833333333333	0.5384166666666667	0.4485166666666667	0.47518333333333335	0.5024000000000001	0.5091333333333333	0.4179166666666667	0.5825333333333333	0.48963333333333336	0.45288333333333336	0.5433333333333333	0.49495	0.46945000000000003	0.54135	0.5555666666666667	0.4739666666666667	0.5761333333333334	0.5063166666666666	0.4862166666666667	0.46613333333333334	0.5522166666666667	0.4638333333333334	0.5479833333333334	0.5032333333333333	0.5847666666666667	0.5237	0.48253333333333337	0.4977166666666667	0.5679333333333334	0.5630666666666667	0.5544	0.5125500000000001	0.4686166666666667	0.43748333333333334	0.45525000000000004	0.5666833333333333	0.4910166666666667	0.5355	0.49483333333333335
0.6163333333333334	0.4471333333333333	0.5109166666666667	0.5386500000000001	0.4103833333333334	0.5599333333333334	0.5406333333333334	0.5831333333333334	0.48800000000000004	0.4796666666666667	0.49018333333333336	0.48738333333333334	0.5350166666666667	0.51275	0.52505	0.51725	0.5025333333333334	0.53	0.5322166666666667	0.438	0.4939	0.5299166666666667	0.5040333333333333	0.4747	0.5046333333333334	0.4476	0.47213333333333335	0.46771666666666667	0.5254	0.5355166666666666	0.5487166666666667	0.48415	0.5096666666666667	0.46978333333333333	0.4791666666666667	0.4346166666666667	0.4820666666666667	0.4417666666666667	0.48935	0.46613333333333334	0.48500000000000004	0.5331333333333333	0.41508333333333336	0.4626	0.39215	0.47533333333333333	0.42333333333333334	0.45480000000000004	0.4012833333333333	0.43543333333333334	0.30656666666666665	0.41673333333333334	0.4198	0.38515	0.41225	0.4639166666666667	0.4438166666666667	0.3549333333333333	0.3993666666666667	0.444	0.45366666666666666	0.5320166666666667	0.5250166666666667	0.5216333333333334	0.5137166666666667	0.48988333333333334	0.52295	0.4280333333333334	0.54835	0.48181666666666667	0.47331666666666666	0.453	0.55905	0.38438333333333335	0.5476666666666667	0.4859	0.5549333333333334	0.51785	0.4689166666666667	0.49743333333333334	0.5037333333333334	0.49028333333333335	0.5382666666666667	0.4416166666666667	0.5080833333333333	0.48233333333333334	0.6153500000000001	0.5204	0.59585	0.5064000000000001	0.4837666666666667	0.5237166666666667	0.5760000000000001	0.4287666666666667	0.5440833333333334	0.48591666666666666	0.5641333333333334	0.5154500000000001	0.4965	0.5535166666666667
0.53605	0.4602833333333334	0.49425	0.6078166666666667	0.5577666666666667	0.4493666666666667	0.5501166666666667	0.45243333333333335	0.5367500000000001	0.5081833333333333	0.5429333333333334	0.49318333333333336	0.5550666666666667	0.5677	0.5055833333333334	0.5244	0.5708833333333334	0.5041	0.47768333333333335	0.47805000000000003	0.5270166666666667	0.4499	0.56235	0.49000000000000005	0.5301666666666667	0.5135166666666667	0.5438833333333334	0.5105833333333334	0.41218333333333335	0.5296833333333334	0.53415	0.45378333333333337	0.5141	0.4528666666666667	0.5023	0.4635166666666667	0.42696666666666666	0.47733333333333333	0.4349	0.45061666666666667	0.3611666666666667	0.3633	0.45808333333333334	0.44210000000000005	0.44388333333333335	0.3635666666666667	0.32538333333333336	0.39755	0.3463333333333333	0.39788333333333337	0.4445	0.4123833333333334	0.44598333333333334	0.43170000000000003	0.4290666666666667	0.41090000000000004	0.49955000000000005	0.50915	0.46108333333333335	0.4648666666666667	0.40763333333333335	0.4632666666666667	0.41178333333333333	0.5198666666666667	0.4842666666666667	0.3702166666666667	0.4995	0.4855166666666667	0.4772666666666667	0.49228333333333335	0.5081166666666667	0.50975	0.42368333333333336	0.49023333333333335	0.54125	0.42818333333333336	0.54895	0.5195000000000001	0.5123333333333333	0.3955	0.5401333333333334	0.5639166666666667	0.4878166666666667	0.5436	0.5071666666666667	0.4952166666666667	0.49155000000000004	0.5143666666666666	0.5610333333333334	0.5439833333333334	0.5173666666666666	0.5808333333333333	0.5828333333333333	0.50715	0.5203666666666666	0.5091166666666667	0.5398000000000001	0.4920833333333334	0.5372	0.5048833333333334
0.5169166666666667	0.4806166666666667	0.5078333333333334	0.5322666666666667	0.46643333333333337	0.48353333333333337	0.5299333333333334	0.43598333333333333	0.4950833333333334	0.5512333333333334	0.5915666666666667	0.544	0.49545	0.5554	0.4764166666666667	0.5551	0.49348333333333333	0.5590666666666667	0.48418333333333335	0.5745333333333333	0.5431666666666667	0.5050833333333333	0.47158333333333335	0.5369666666666667	0.4871666666666667	0.5496	0.4805166666666667	0.56475	0.5731333333333334	0.41268333333333335	0.5697333333333333	0.49783333333333335	0.5366500000000001	0.46325	0.5114500000000001	0.47663333333333335	0.4877166666666667	0.36065	0.39973333333333333	0.4239	0.5013333333333334	0.3524666666666667	0.44135	0.3672166666666667	0.4428166666666667	0.41985	0.40753333333333336	0.3640166666666667	0.35081666666666667	0.34393333333333337	0.4046666666666667	0.36848333333333333	0.3897666666666667	0.3924	0.4795666666666667	0.38598333333333334	0.38135	0.43460000000000004	0.4637	0.41773333333333335	0.4542666666666667	0.5015000000000001	0.4880333333333334	0.48203333333333337	0.48313333333333336	0.5190833333333333	0.4617	0.4651666666666667	0.4955666666666667	0.61695	0.5006333333333334	0.43298333333333333	0.51125	0.4540166666666667	0.44	0.48423333333333335	0.43460000000000004	0.4975333333333334	0.49018333333333336	0.4877166666666667	0.5505	0.5271833333333333	0.5415666666666666	0.5532833333333333	0.6449666666666667	0.5580833333333334	0.5730833333333334	0.45613333333333334	0.6116833333333334	0.5407500000000001	0.5163166666666666	0.5479333333333334	0.5609166666666667	0.5373666666666667	0.5481166666666667	0.5877333333333333	0.5749500000000001	0.47448333333333337	0.5245000000000001	0.55955
0.5563666666666667	0.6001500000000001	0.55595	0.5803166666666667	0.5680833333333334	0.5345166666666666	0.6544666666666668	0.5429666666666667	0.4822166666666667	0.4794833333333334	0.49895	0.5211833333333333	0.5091833333333333	0.5010666666666667	0.5574333333333333	0.5812666666666667	0.5106166666666667	0.5589833333333334	0.56475	0.56355	0.5323333333333333	0.5448500000000001	0.48218333333333335	0.6075666666666667	0.4479	0.5017666666666667	0.43333333333333335	0.47545000000000004	0.46038333333333337	0.43305000000000005	0.4690166666666667	0.4824166666666667	0.5377166666666667	0.5571333333333334	0.5354	0.39783333333333337	0.38998333333333335	0.46655	0.4669166666666667	0.42493333333333333	0.4532166666666667	0.4093333333333333	0.34845000000000004	0.3781666666666667	0.455	0.3955	0.3249666666666667	0.28878333333333334	0.2992166666666667	0.29723333333333335	0.41573333333333334	0.4304	0.3957333333333333	0.3662	0.37355	0.36225	0.3076166666666667	0.3262333333333334	0.3785	0.4467166666666667	0.4567166666666667	0.39695	0.48428333333333334	0.4747	0.4910333333333334	0.4190666666666667	0.4884	0.4351166666666667	0.4811166666666667	0.5098666666666667	0.52585	0.4429	0.5056	0.42615000000000003	0.52895	0.61895	0.5519833333333334	0.5213166666666667	0.5955833333333334	0.5781166666666667	0.4694666666666667	0.4547333333333334	0.5254333333333333	0.4781	0.5425833333333333	0.55195	0.537	0.5026666666666667	0.5322166666666667	0.4777166666666667	0.5852333333333334	0.4859333333333334	0.5003166666666667	0.6060166666666666	0.5170833333333333	0.47045000000000003	0.48078333333333334	0.507	0.5757833333333333	0.5252166666666667
0.5512666666666667	0.5644166666666667	0.5596333333333333	0.49773333333333336	0.5105333333333334	0.5172666666666667	0.5287833333333334	0.5770500000000001	0.5372	0.4962666666666667	0.5167166666666667	0.5044333333333334	0.5280333333333334	0.4779333333333334	0.5718333333333334	0.5529666666666667	0.46075000000000005	0.48338333333333333	0.5694833333333333	0.5206166666666667	0.5846166666666667	0.4941166666666667	0.5629500000000001	0.42560000000000003	0.48253333333333337	0.5327833333333334	0.4472666666666667	0.44123333333333337	0.49058333333333337	0.46485000000000004	0.48586666666666667	0.5118	0.4252166666666667	0.5071	0.46093333333333336	0.44978333333333337	0.4249666666666667	0.4734666666666667	0.3993333333333334	0.4779666666666667	0.46858333333333335	0.40993333333333337	0.3813666666666667	0.33493333333333336	0.29735	0.36060000000000003	0.34463333333333335	0.3447	0.3089	0.2987666666666667	0.30645	0.2964333333333333	0.3219666666666667	0.3747166666666667	0.37678333333333336	0.2854166666666667	0.32416666666666666	0.41708333333333336	0.3657	0.39705	0.36313333333333336	0.44270000000000004	0.4346166666666667	0.4616166666666667	0.5016333333333334	0.4266666666666667	0.4340666666666667	0.5868166666666667	0.5671666666666667	0.46163333333333334	0.5496666666666667	0.49405000000000004	0.46895000000000003	0.5411	0.4595166666666667	0.51605	0.4795666666666667	0.5202166666666667	0.4408	0.49693333333333334	0.47390000000000004	0.45048333333333335	0.44673333333333337	0.5333333333333333	0.5184833333333334	0.5232	0.4964	0.59595	0.5790166666666667	0.45238333333333336	0.4619166666666667	0.53005	0.5202333333333333	0.5376166666666667	0.4876666666666667	0.5022333333333333	0.5094333333333334	0.5754833333333333	0.5835666666666667	0.55435
0.4665166666666667	0.5173166666666666	0.5594333333333333	0.4819666666666667	0.4553166666666667	0.4534666666666667	0.4782	0.5307833333333334	0.5810000000000001	0.5956666666666667	0.49923333333333336	0.5660666666666667	0.5093666666666667	0.5407500000000001	0.42535	0.44493333333333335	0.45105	0.4987666666666667	0.5253	0.44980000000000003	0.5863166666666667	0.46090000000000003	0.5055666666666667	0.52005	0.47363333333333335	0.5182666666666667	0.5417333333333334	0.458	0.5487500000000001	0.46338333333333337	0.46923333333333334	0.44145	0.41600000000000004	0.5139166666666667	0.4956666666666667	0.4465166666666667	0.41276666666666667	0.4784333333333334	0.4537666666666667	0.40578333333333333	0.38703333333333334	0.3452	0.3972333333333333	0.33613333333333334	0.3755	0.31025	0.2967166666666667	0.25095	0.2686	0.2564	0.22506666666666666	0.2799666666666667	0.2764166666666667	0.3018	0.3100833333333333	0.3388333333333334	0.37406666666666666	0.3027666666666667	0.45615	0.4421833333333334	0.36848333333333333	0.4209333333333333	0.42375	0.5049	0.43363333333333337	0.45413333333333333	0.4812166666666667	0.48755000000000004	0.4328666666666667	0.4858166666666667	0.49493333333333334	0.47678333333333334	0.5349	0.4906166666666667	0.5619666666666667	0.5206000000000001	0.40313333333333334	0.5541333333333334	0.5065166666666667	0.5147	0.5093333333333333	0.5312833333333333	0.5257166666666667	0.5241666666666667	0.5277333333333334	0.5559333333333334	0.5453666666666667	0.5775333333333333	0.4848	0.4829833333333334	0.51985	0.5633333333333334	0.5964166666666667	0.5255833333333334	0.5138833333333334	0.5345333333333333	0.4814166666666667	0.4412666666666667	0.4719166666666667	0.5743666666666667
0.5063666666666667	0.4918	0.5497166666666667	0.4796666666666667	0.5081666666666667	0.5056	0.5585833333333333	0.5110666666666667	0.5373666666666667	0.5711333333333334	0.5674166666666667	0.63365	0.5590666666666667	0.5304833333333333	0.5348666666666667	0.5472833333333333	0.47433333333333333	0.5288166666666667	0.47018333333333334	0.5265333333333334	0.43285	0.4743666666666667	0.5497666666666667	0.48086666666666666	0.5373333333333333	0.5331833333333333	0.43243333333333334	0.4824	0.4804166666666667	0.5748333333333333	0.5029833333333333	0.44005	0.49205000000000004	0.46963333333333335	0.4383666666666667	0.48395000000000005	0.39221666666666666	0.4142	0.4411333333333334	0.36558333333333337	0.35181666666666667	0.3439666666666667	0.3453666666666667	0.27505	0.27963333333333334	0.37013333333333337	0.22923333333333334	0.20538333333333333	0.17930000000000001	0.23878333333333335	0.22421666666666668	0.2134	0.18673333333333333	0.2225	0.27195	0.2775666666666667	0.2813833333333334	0.32448333333333335	0.4242	0.42805000000000004	0.4254	0.4796666666666667	0.5335	0.4129666666666667	0.47855000000000003	0.43753333333333333	0.5428166666666667	0.5347166666666667	0.5435166666666666	0.5302166666666667	0.5210833333333333	0.5371333333333334	0.44573333333333337	0.4778	0.47163333333333335	0.42335	0.5354833333333333	0.5382	0.5031	0.4582833333333334	0.4965166666666667	0.4983666666666667	0.5317500000000001	0.5930500000000001	0.4812	0.4889	0.5125833333333334	0.45518333333333333	0.6028333333333333	0.57645	0.5317500000000001	0.5545166666666667	0.5298	0.5467666666666667	0.5580666666666667	0.4887	0.5187666666666667	0.5634	0.47103333333333336	0.55825
0.5033333333333334	0.5213333333333333	0.4158	0.46118333333333333	0.47055	0.5987166666666667	0.55245	0.5820500000000001	0.50895	0.48668333333333336	0.5457500000000001	0.5729666666666667	0.5212833333333333	0.42858333333333337	0.4991666666666667	0.5878333333333333	0.6244833333333334	0.5590666666666667	0.5638000000000001	0.49113333333333337	0.5451666666666667	0.43	0.5056333333333334	0.4683166666666667	0.59755	0.5989166666666667	0.56775	0.52635	0.46573333333333333	0.4535166666666667	0.5115333333333334	0.46465	0.42998333333333333	0.4425	0.47285000000000005	0.4549	0.4161666666666667	0.4643333333333334	0.42378333333333335	0.4108833333333334	0.31861666666666666	0.37925000000000003	0.31675000000000003	0.21841666666666668	0.2361	0.20561666666666667	0.21698333333333333	0.19098333333333334	0.18231666666666668	0.1579	0.17633333333333334	0.16596666666666668	0.17156666666666667	0.19228333333333333	0.21543333333333334	0.22903333333333334	0.30960000000000004	0.23271666666666668	0.34690000000000004	0.37688333333333335	0.35123333333333334	0.3929	0.41028333333333333	0.4930666666666667	0.4799166666666667	0.41185	0.47093333333333337	0.5168	0.52705	0.45516666666666666	0.5514833333333333	0.47703333333333336	0.4713333333333334	0.4488166666666667	0.4645666666666667	0.45998333333333336	0.5236833333333334	0.46493333333333337	0.5489333333333334	0.4807166666666667	0.5159166666666667	0.53445	0.5541666666666667	0.5403833333333333	0.46040000000000003	0.5439	0.47340000000000004	0.5782833333333334	0.5317666666666667	0.5773666666666667	0.5107333333333334	0.5108166666666667	0.5363166666666667	0.5665166666666667	0.5402833333333333	0.5391	0.49568333333333336	0.5179666666666667	0.5599000000000001	0.46008333333333334
0.5555166666666667	0.5659833333333334	0.45663333333333334	0.5416166666666667	0.5076833333333334	0.52835	0.47573333333333334	0.46575	0.5002666666666666	0.5261	0.5118333333333334	0.53385	0.5093333333333333	0.54455	0.5784666666666667	0.5032166666666666	0.5212333333333333	0.5678500000000001	0.5233	0.5235833333333334	0.52975	0.5077833333333334	0.40713333333333335	0.5346166666666667	0.5221833333333333	0.49870000000000003	0.5661166666666667	0.5538000000000001	0.4935666666666667	0.4587833333333334	0.46066666666666667	0.4542333333333334	0.4579166666666667	0.45663333333333334	0.46971666666666667	0.43025	0.3922	0.40413333333333334	0.3975666666666667	0.3313166666666667	0.36973333333333336	0.33526666666666666	0.2909666666666667	0.25808333333333333	0.20731666666666668	0.23218333333333335	0.1516	0.15228333333333335	0.1306	0.14605	0.12373333333333333	0.14128333333333334	0.14803333333333335	0.16895000000000002	0.1933666666666667	0.19135000000000002	0.24910000000000002	0.3117166666666667	0.32078333333333336	0.34831666666666666	0.36208333333333337	0.37288333333333334	0.33171666666666666	0.3973666666666667	0.52175	0.43753333333333333	0.36585	0.51215	0.49400000000000005	0.5123166666666666	0.5033833333333334	0.49385	0.5033666666666667	0.47473333333333334	0.45516666666666666	0.5017	0.5093666666666667	0.5154333333333334	0.6080166666666666	0.5344166666666667	0.4841166666666667	0.5113333333333333	0.5482	0.5194	0.5349	0.5019166666666667	0.5682	0.4849666666666667	0.5321166666666667	0.5683333333333334	0.5376000000000001	0.4458166666666667	0.5087166666666667	0.4203	0.5891666666666667	0.40898333333333337	0.5259	0.6138833333333333	0.5442666666666667	0.5874833333333334
0.6103333333333334	0.4764166666666667	0.53095	0.5267333333333334	0.48791666666666667	0.4470166666666667	0.49105000000000004	0.5329166666666667	0.5703333333333334	0.4612833333333334	0.4846666666666667	0.4733333333333334	0.5396000000000001	0.5956	0.4536	0.4715166666666667	0.5529333333333334	0.5507166666666667	0.5356500000000001	0.5124166666666667	0.4455	0.5212333333333333	0.5115833333333334	0.47833333333333333	0.5208666666666667	0.4406166666666667	0.5587333333333334	0.4973	0.49660000000000004	0.5265666666666667	0.48228333333333334	0.4285166666666667	0.4326666666666667	0.39871666666666666	0.42993333333333333	0.4356666666666667	0.4327666666666667	0.4113833333333334	0.3867666666666667	0.37283333333333335	0.31685	0.2807	0.27355	0.20455	0.23383333333333334	0.14631666666666668	0.11806666666666667	0.09825	0.11626666666666667	0.0935	0.08865	0.08836666666666668	0.08273333333333334	0.15241666666666667	0.14771666666666666	0.18308333333333335	0.25318333333333337	0.26525	0.29473333333333335	0.37883333333333336	0.38225000000000003	0.37318333333333337	0.49746666666666667	0.42841666666666667	0.42800000000000005	0.4933	0.4538666666666667	0.5137833333333334	0.4781666666666667	0.58885	0.43046666666666666	0.5562666666666667	0.5076	0.44105	0.5248333333333334	0.4928166666666667	0.5071833333333333	0.5052166666666666	0.49728333333333335	0.48255000000000003	0.4608166666666667	0.4777666666666667	0.5515833333333333	0.5700500000000001	0.5253666666666666	0.48108333333333336	0.5412333333333333	0.5953333333333334	0.5062333333333333	0.4441333333333334	0.47895000000000004	0.49018333333333336	0.4761666666666667	0.4933	0.5168333333333334	0.5457500000000001	0.57345	0.60265	0.4815166666666667	0.5186333333333334
0.5856833333333333	0.46745000000000003	0.5187166666666667	0.4623333333333334	0.5542333333333334	0.42413333333333336	0.48683333333333334	0.5061833333333333	0.52775	0.46563333333333334	0.49123333333333336	0.5618000000000001	0.4847166666666667	0.5286666666666667	0.47013333333333335	0.44398333333333334	0.48303333333333337	0.5007333333333334	0.5214666666666667	0.45966666666666667	0.4789333333333334	0.5325333333333334	0.4509666666666667	0.5661666666666667	0.5055000000000001	0.5151166666666667	0.4241666666666667	0.6157666666666667	0.45763333333333334	0.4542333333333334	0.49568333333333336	0.4381666666666667	0.45640000000000003	0.4816166666666667	0.4841666666666667	0.4566	0.3468	0.3585166666666667	0.4240333333333334	0.37483333333333335	0.34505	0.2748666666666667	0.2767	0.18551666666666666	0.1922	0.14946666666666666	0.1085	0.10731666666666667	0.07343333333333334	0.05756666666666667	0.08135	0.05163333333333334	0.09293333333333334	0.12868333333333334	0.15046666666666667	0.15471666666666667	0.2185	0.20901666666666668	0.2800666666666667	0.29268333333333335	0.38620000000000004	0.35513333333333336	0.33115	0.3378333333333334	0.53045	0.41723333333333334	0.41105	0.47895000000000004	0.49846666666666667	0.52275	0.49665000000000004	0.45890000000000003	0.47318333333333334	0.5417000000000001	0.5622166666666667	0.5150166666666667	0.5879333333333333	0.59155	0.5435	0.5750666666666667	0.5082166666666666	0.50565	0.5053166666666666	0.6561666666666667	0.4446166666666667	0.5305500000000001	0.4951666666666667	0.5592333333333334	0.5133333333333333	0.5274666666666666	0.5444833333333333	0.53555	0.5281	0.5022833333333333	0.52885	0.48313333333333336	0.5207666666666667	0.5682166666666667	0.5670000000000001	0.5382333333333333
0.6107333333333334	0.5928	0.5127166666666667	0.47373333333333334	0.5287000000000001	0.5667666666666666	0.5307333333333334	0.47055	0.5560166666666667	0.5641666666666667	0.5194333333333334	0.5067166666666667	0.45568333333333333	0.49500000000000005	0.43585	0.6177666666666667	0.45345	0.5157333333333334	0.4754166666666667	0.48140000000000005	0.5040333333333333	0.5049333333333333	0.4587666666666667	0.5121	0.5166666666666667	0.45990000000000003	0.5240833333333333	0.47143333333333337	0.51	0.4875666666666667	0.48233333333333334	0.49513333333333337	0.4542666666666667	0.45298333333333335	0.4567833333333334	0.4588666666666667	0.35525	0.3347	0.3714	0.3003	0.28073333333333333	0.255	0.24383333333333335	0.17115	0.1626166666666667	0.10016666666666667	0.07033333333333333	0.059250000000000004	0.0262	0.026716666666666666	0.03163333333333333	0.03323333333333334	0.05556666666666667	0.07366666666666667	0.12610000000000002	0.16233333333333333	0.19775	0.24828333333333336	0.24583333333333335	0.3199666666666667	0.2852166666666667	0.4293666666666667	0.39016666666666666	0.45943333333333336	0.48095000000000004	0.4509166666666667	0.4387166666666667	0.5057166666666667	0.41285	0.4015	0.48436666666666667	0.4525166666666667	0.51185	0.5956166666666667	0.5168666666666667	0.4195666666666667	0.47848333333333337	0.45695	0.48410000000000003	0.47903333333333337	0.53855	0.5784833333333333	0.48885	0.5204666666666667	0.5116666666666667	0.6304500000000001	0.5728166666666666	0.43178333333333335	0.6003333333333334	0.4103333333333333	0.4574666666666667	0.6181166666666666	0.6062000000000001	0.53245	0.5556166666666666	0.55535	0.50485	0.5055666666666667	0.6002666666666667	0.4756
0.42973333333333336	0.5394333333333333	0.5392666666666667	0.4975833333333334	0.5329666666666667	0.44861666666666666	0.5092666666666666	0.4711166666666667	0.49765000000000004	0.48125	0.4502166666666667	0.5594333333333333	0.5260666666666667	0.4847166666666667	0.5015000000000001	0.48573333333333335	0.5162666666666667	0.5622666666666667	0.5337833333333334	0.4624666666666667	0.4985833333333334	0.5437166666666667	0.5013666666666667	0.3929166666666667	0.5613833333333333	0.5699666666666667	0.5659500000000001	0.5249166666666667	0.4769333333333334	0.5265333333333334	0.4607	0.49058333333333337	0.5121166666666667	0.4620166666666667	0.48891666666666667	0.3786333333333334	0.3592166666666667	0.3506166666666667	0.3630166666666667	0.36565000000000003	0.3409666666666667	0.25508333333333333	0.22671666666666668	0.18078333333333335	0.13396666666666668	0.09543333333333334	0.08573333333333334	0.04	0.019950000000000002	0.009850000000000001	0.017583333333333333	0.026183333333333336	0.04098333333333334	0.06933333333333333	0.10505	0.1297	0.19256666666666666	0.24103333333333335	0.3184666666666667	0.31205	0.34978333333333333	0.3668666666666667	0.35823333333333335	0.4915166666666667	0.4725666666666667	0.45705	0.36100000000000004	0.48078333333333334	0.50965	0.4747166666666667	0.4834833333333334	0.4966666666666667	0.5342166666666667	0.49555000000000005	0.5149833333333333	0.5048333333333334	0.5400166666666667	0.5915333333333334	0.5288833333333334	0.43801666666666667	0.4550666666666667	0.4572666666666667	0.48258333333333336	0.4787666666666667	0.45966666666666667	0.4837	0.4488166666666667	0.5475	0.5539666666666667	0.5270166666666667	0.49878333333333336	0.44143333333333334	0.55125	0.5935333333333334	0.41973333333333335	0.5267000000000001	0.48995	0.48473333333333335	0.5318166666666667	0.5256000000000001
0.5314	0.46918333333333334	0.6588	0.5285333333333334	0.5247666666666667	0.5193833333333333	0.5733833333333334	0.5026833333333334	0.5469833333333334	0.5256833333333334	0.46853333333333336	0.5166166666666667	0.5396166666666667	0.4383166666666667	0.48518333333333336	0.4529166666666667	0.5186166666666667	0.4534166666666667	0.5330833333333334	0.6315833333333334	0.5922000000000001	0.47240000000000004	0.5246833333333334	0.3880166666666667	0.44755	0.46925	0.5019333333333333	0.50725	0.5940166666666667	0.5134500000000001	0.47065	0.4575	0.41928333333333334	0.4143833333333333	0.45708333333333334	0.4179666666666667	0.4852	0.39666666666666667	0.37246666666666667	0.3053	0.2607333333333334	0.26525	0.2164	0.20545000000000002	0.13918333333333335	0.08018333333333334	0.05488333333333333	0.040433333333333335	0.0081	0.0046500000000000005	0.0029333333333333334	0.006500000000000001	0.04203333333333333	0.0784	0.07973333333333334	0.18618333333333334	0.15685000000000002	0.17991666666666667	0.22763333333333335	0.25343333333333334	0.2879666666666667	0.3959166666666667	0.44878333333333337	0.4154166666666667	0.3296	0.4910666666666667	0.46818333333333334	0.4741666666666667	0.48558333333333337	0.4436666666666667	0.4078666666666667	0.4858166666666667	0.47626666666666667	0.537	0.44861666666666666	0.5046666666666667	0.5515666666666666	0.51865	0.4323166666666667	0.5202833333333333	0.5983666666666667	0.6297166666666667	0.4529	0.51335	0.45695	0.47200000000000003	0.5038166666666667	0.59495	0.5045000000000001	0.47131666666666666	0.49968333333333337	0.5149666666666667	0.5296500000000001	0.5215333333333334	0.6184833333333334	0.5063	0.5242666666666667	0.50215	0.54145	0.61995
0.5059333333333333	0.5046666666666667	0.6369333333333334	0.5037333333333334	0.5953666666666667	0.5873833333333334	0.5968166666666667	0.4861666666666667	0.49565000000000003	0.43283333333333335	0.5527833333333334	0.5168	0.4918	0.5201333333333333	0.48203333333333337	0.5543166666666667	0.46171666666666666	0.5732333333333334	0.5226166666666667	0.51285	0.4866666666666667	0.5340666666666667	0.5258166666666667	0.438	0.5518333333333334	0.5554166666666667	0.5013000000000001	0.4434666666666667	0.5082	0.5585166666666667	0.455	0.4900666666666667	0.46476666666666666	0.43851666666666667	0.5338833333333334	0.5197333333333334	0.37645	0.37768333333333337	0.36560000000000004	0.32763333333333333	0.30815000000000003	0.23131666666666667	0.21738333333333335	0.16820000000000002	0.12346666666666667	0.09291666666666668	0.06091666666666667	0.03605	0.00715	0.002766666666666667	0.006366666666666667	0.0068000000000000005	0.0198	0.06261666666666667	0.08865	0.11616666666666667	0.17878333333333335	0.21980000000000002	0.28445000000000004	0.3127166666666667	0.36188333333333333	0.3497	0.4502666666666667	0.48455000000000004	0.4084666666666667	0.43746666666666667	0.5270833333333333	0.46488333333333337	0.44220000000000004	0.4985666666666667	0.5927166666666667	0.4793833333333334	0.5466166666666666	0.508	0.4509666666666667	0.5501666666666667	0.5038666666666667	0.4419666666666667	0.5112333333333333	0.50275	0.6102000000000001	0.47835	0.5902666666666667	0.49628333333333335	0.5113166666666666	0.50325	0.40373333333333333	0.5609500000000001	0.5056166666666667	0.4947666666666667	0.62095	0.5422	0.5015166666666667	0.5841833333333334	0.48793333333333333	0.5577	0.48641666666666666	0.5893333333333334	0.5523	0.5161166666666667
0.53345	0.5431833333333334	0.4618666666666667	0.5511	0.54845	0.5013500000000001	0.49243333333333333	0.5767333333333333	0.5096833333333334	0.5135500000000001	0.5960666666666667	0.5209833333333334	0.6332666666666666	0.5835333333333333	0.5498000000000001	0.5497666666666667	0.44435	0.5235666666666667	0.5113333333333333	0.5572	0.5379833333333334	0.4829166666666667	0.4710166666666667	0.45803333333333335	0.6156333333333334	0.4567166666666667	0.5146166666666667	0.4494166666666667	0.49050000000000005	0.4646166666666667	0.5803333333333334	0.4828	0.5110666666666667	0.4148833333333333	0.4587333333333334	0.45675000000000004	0.3522	0.36193333333333333	0.3462166666666667	0.3163666666666667	0.34813333333333335	0.2791166666666667	0.21315	0.20228333333333334	0.1505166666666667	0.07826666666666666	0.06488333333333333	0.042800000000000005	0.025433333333333336	0.008433333333333334	0.023816666666666667	0.020916666666666667	0.03715	0.07625	0.1145	0.12283333333333334	0.18378333333333335	0.19671666666666668	0.24885000000000002	0.33175	0.3906833333333333	0.43493333333333334	0.38198333333333334	0.40298333333333336	0.40935000000000005	0.39113333333333333	0.49668333333333337	0.4751166666666667	0.5432833333333333	0.5096333333333334	0.4177	0.5383166666666667	0.4036	0.45105	0.5029	0.4854666666666667	0.4371166666666667	0.5016166666666667	0.44028333333333336	0.51625	0.48868333333333336	0.52445	0.5437500000000001	0.4964	0.5192166666666667	0.5490666666666667	0.47231666666666666	0.5314	0.5737166666666667	0.4134166666666667	0.5439166666666667	0.5007333333333334	0.5201	0.5859500000000001	0.5718666666666667	0.5655833333333333	0.5901000000000001	0.53855	0.49560000000000004	0.5558666666666667
0.5066333333333334	0.5193833333333333	0.5590833333333334	0.4439666666666667	0.6085	0.5096166666666667	0.5076166666666667	0.5521666666666667	0.5378333333333334	0.5072333333333333	0.4983	0.5428666666666667	0.4980333333333334	0.46663333333333334	0.6061333333333334	0.553	0.38428333333333337	0.5680166666666667	0.49555000000000005	0.5045000000000001	0.5129833333333333	0.5233833333333333	0.5319666666666667	0.47431666666666666	0.4819833333333334	0.52795	0.5358166666666667	0.48168333333333335	0.4683666666666667	0.47155	0.5231	0.5278166666666667	0.4600666666666667	0.4801	0.45615	0.4582333333333334	0.3819166666666667	0.46366666666666667	0.41468333333333335	0.3856833333333334	0.30555	0.29746666666666666	0.24335	0.17343333333333333	0.17885	0.13528333333333334	0.0825	0.04911666666666667	0.05201666666666667	0.031516666666666665	0.032350000000000004	0.0296	0.05455	0.08698333333333334	0.11075	0.14736666666666667	0.18858333333333335	0.2127	0.1943	0.30625	0.31133333333333335	0.36795	0.3346	0.4171	0.4052	0.4214	0.45343333333333335	0.4392166666666667	0.46243333333333336	0.41200000000000003	0.48463333333333336	0.5656166666666667	0.41928333333333334	0.5779333333333334	0.47368333333333335	0.49263333333333337	0.4766166666666667	0.46785000000000004	0.40671666666666667	0.5757	0.5549666666666667	0.60395	0.5197	0.5143166666666666	0.5097333333333334	0.5055166666666667	0.46523333333333333	0.63975	0.46395000000000003	0.4758666666666667	0.53	0.5674166666666667	0.6175833333333334	0.5215833333333334	0.5015166666666667	0.4949	0.5711666666666667	0.4998	0.48160000000000003	0.5093
0.5888666666666666	0.5910833333333334	0.5536	0.55705	0.5447833333333334	0.5561666666666667	0.5650333333333334	0.5422	0.5255166666666667	0.6215166666666667	0.5760333333333334	0.5901666666666667	0.5291333333333333	0.5125166666666667	0.5175333333333334	0.5566	0.47768333333333335	0.5101666666666667	0.4156166666666667	0.5248833333333334	0.5105166666666667	0.45758333333333334	0.5601	0.5186333333333334	0.4747	0.5307333333333334	0.5795833333333333	0.45968333333333333	0.5270666666666667	0.4972166666666667	0.5396833333333334	0.4878	0.5486	0.46066666666666667	0.37410000000000004	0.41578333333333334	0.4278666666666667	0.43138333333333334	0.3713166666666667	0.4186666666666667	0.29615	0.27616666666666667	0.25178333333333336	0.19056666666666666	0.15521666666666667	0.1573	0.0999	0.09576666666666667	0.06943333333333333	0.06105	0.0562	0.043633333333333336	0.07141666666666667	0.12895	0.10261666666666668	0.21130000000000002	0.22463333333333335	0.24118333333333333	0.3801	0.3028	0.30593333333333333	0.3620166666666667	0.38716666666666666	0.5024500000000001	0.446	0.4900166666666667	0.42015	0.5047833333333334	0.46943333333333337	0.54095	0.6353500000000001	0.42723333333333335	0.46690000000000004	0.4876166666666667	0.45385000000000003	0.5966833333333333	0.47985	0.4804666666666667	0.5487333333333334	0.57435	0.5928333333333333	0.4611	0.5315833333333334	0.5297166666666667	0.5082666666666666	0.5709500000000001	0.5699166666666667	0.5539000000000001	0.5372333333333333	0.5567333333333334	0.5143833333333333	0.56635	0.4619166666666667	0.5061333333333333	0.5113333333333333	0.5309166666666667	0.46973333333333334	0.5148166666666667	0.49883333333333335	0.5822333333333334
0.4888	0.4637833333333334	0.42413333333333336	0.5469666666666667	0.5552333333333334	0.6093666666666667	0.5329333333333334	0.5185666666666667	0.5419833333333334	0.47950000000000004	0.5673	0.5386333333333334	0.5571	0.5423833333333333	0.4844833333333334	0.49833333333333335	0.55715	0.41405000000000003	0.47465	0.5263666666666666	0.53535	0.51065	0.5181333333333333	0.46066666666666667	0.5273333333333333	0.47383333333333333	0.45898333333333335	0.51205	0.35258333333333336	0.5282166666666667	0.4896166666666667	0.5279333333333334	0.44830000000000003	0.45198333333333335	0.39708333333333334	0.48568333333333336	0.3954166666666667	0.3743166666666667	0.3626166666666667	0.36393333333333333	0.34886666666666666	0.2637	0.2766	0.2545	0.22633333333333333	0.18023333333333333	0.11901666666666667	0.11916666666666667	0.07126666666666667	0.11225	0.057183333333333336	0.08725000000000001	0.10993333333333334	0.11786666666666668	0.1632	0.17800000000000002	0.25073333333333336	0.23320000000000002	0.3121	0.337	0.39765	0.41988333333333333	0.34521666666666667	0.38280000000000003	0.43360000000000004	0.48123333333333335	0.46238333333333337	0.43878333333333336	0.44453333333333334	0.4896666666666667	0.5872833333333334	0.4615	0.5037666666666667	0.48345000000000005	0.4393666666666667	0.5348333333333334	0.4823	0.5025166666666667	0.4318666666666667	0.5665333333333333	0.5116	0.47836666666666666	0.48318333333333335	0.5897333333333333	0.43238333333333334	0.49078333333333335	0.6012833333333334	0.5428666666666667	0.52	0.6624333333333333	0.5689666666666667	0.5307166666666667	0.5425333333333333	0.40690000000000004	0.4952666666666667	0.5388333333333334	0.5828833333333333	0.5234833333333334	0.49733333333333335	0.5644333333333333
0.51425	0.5401166666666667	0.5533833333333333	0.4986333333333334	0.46993333333333337	0.5058666666666667	0.46613333333333334	0.5456666666666667	0.4869833333333334	0.5133166666666666	0.42978333333333335	0.5192166666666667	0.4765166666666667	0.4966666666666667	0.5084000000000001	0.5591	0.5518500000000001	0.44301666666666667	0.45283333333333337	0.4945333333333334	0.43475	0.5197666666666667	0.4925833333333334	0.4313166666666667	0.48863333333333336	0.45966666666666667	0.4964	0.5818166666666666	0.4979166666666667	0.5474166666666667	0.45125000000000004	0.48100000000000004	0.5462833333333333	0.5802833333333334	0.465	0.4455	0.3962333333333333	0.39565	0.37453333333333333	0.3361	0.38393333333333335	0.2796166666666667	0.32048333333333334	0.19533333333333333	0.18348333333333333	0.18468333333333334	0.2399	0.1695	0.18541666666666667	0.12356666666666667	0.11245000000000001	0.10146666666666668	0.12448333333333333	0.13493333333333335	0.22765000000000002	0.17711666666666667	0.29281666666666667	0.28290000000000004	0.3711666666666667	0.34253333333333336	0.3570166666666667	0.3522166666666667	0.5033666666666667	0.4027833333333333	0.4804833333333334	0.40650000000000003	0.38508333333333333	0.5537833333333334	0.50315	0.49895	0.43635	0.49528333333333335	0.5015000000000001	0.42293333333333333	0.5117166666666667	0.5523	0.5282666666666667	0.5478333333333334	0.5235666666666667	0.47055	0.5236166666666667	0.4889	0.5116333333333334	0.4708333333333334	0.4924833333333334	0.5471	0.5307333333333334	0.4713	0.4436833333333334	0.5472333333333333	0.50175	0.4887	0.4948166666666667	0.5328833333333334	0.6151666666666668	0.5277333333333334	0.46863333333333335	0.45518333333333333	0.59235	0.5692333333333334
0.4945166666666667	0.5164333333333334	0.49473333333333336	0.5229	0.5847833333333333	0.44980000000000003	0.58435	0.5305166666666667	0.5958333333333333	0.51525	0.5127166666666667	0.5076166666666667	0.5544333333333333	0.5079833333333333	0.49565000000000003	0.4723333333333334	0.5146000000000001	0.5249166666666667	0.5124166666666667	0.5299666666666667	0.53215	0.5025333333333334	0.5848	0.42800000000000005	0.46175000000000005	0.5089666666666667	0.5004666666666667	0.4476833333333334	0.41555000000000003	0.42286666666666667	0.4387666666666667	0.5236166666666667	0.43155000000000004	0.42858333333333337	0.46358333333333335	0.45708333333333334	0.3833666666666667	0.4869666666666667	0.35575	0.38398333333333334	0.40143333333333336	0.3650666666666667	0.31895	0.26295	0.2455166666666667	0.28390000000000004	0.2145166666666667	0.154	0.1651	0.1638	0.14581666666666668	0.16538333333333335	0.19310000000000002	0.21345	0.22431666666666666	0.22498333333333334	0.21491666666666667	0.26045	0.31185	0.37095	0.38635	0.36855000000000004	0.4885333333333334	0.43968333333333337	0.4943666666666667	0.38105	0.47975	0.41663333333333336	0.49396666666666667	0.5218666666666667	0.48095000000000004	0.43978333333333336	0.5300166666666667	0.5238166666666667	0.5558833333333334	0.5644666666666667	0.5279166666666667	0.5741166666666667	0.44156666666666666	0.5221166666666667	0.5045333333333334	0.5030833333333333	0.3963666666666667	0.4780666666666667	0.5276333333333334	0.48233333333333334	0.4155666666666667	0.51205	0.46723333333333333	0.47181666666666666	0.5785166666666667	0.5323333333333333	0.48958333333333337	0.52635	0.50605	0.5214	0.5374166666666667	0.49183333333333334	0.4836166666666667	0.53
0.4814333333333334	0.3977666666666667	0.6072166666666667	0.5174166666666667	0.5478833333333334	0.5050333333333333	0.51935	0.5053166666666666	0.50485	0.5041666666666667	0.6031166666666667	0.5453833333333333	0.5202	0.6292833333333334	0.5593666666666667	0.45553333333333335	0.5546166666666666	0.48515	0.5164500000000001	0.48823333333333335	0.5710666666666667	0.4700166666666667	0.5580666666666667	0.5537500000000001	0.5105166666666667	0.4701	0.5324333333333333	0.49815000000000004	0.48560000000000003	0.49205000000000004	0.46118333333333333	0.5411666666666667	0.5527666666666667	0.46540000000000004	0.44325000000000003	0.4310833333333334	0.40095000000000003	0.42083333333333334	0.4333166666666667	0.41991666666666666	0.3784666666666667	0.3684	0.32803333333333334	0.34636666666666666	0.27703333333333335	0.27125	0.24921666666666667	0.2036	0.22456666666666666	0.24070000000000003	0.2233166666666667	0.27038333333333336	0.20523333333333335	0.3040333333333333	0.2857166666666667	0.30968333333333337	0.29695	0.3415	0.30678333333333335	0.4053833333333334	0.3061666666666667	0.4877666666666667	0.5267166666666667	0.4457666666666667	0.45655	0.4841166666666667	0.42641666666666667	0.5259333333333334	0.5071666666666667	0.5058166666666667	0.5283	0.5598500000000001	0.4653666666666667	0.5367666666666667	0.4055666666666667	0.5120666666666667	0.50515	0.5289333333333334	0.4446166666666667	0.48128333333333334	0.5450333333333334	0.5623333333333334	0.4978666666666667	0.5177166666666667	0.5803	0.5444	0.5056333333333334	0.5493166666666667	0.5185333333333334	0.5075500000000001	0.6439333333333334	0.5159166666666667	0.5184500000000001	0.4870333333333334	0.4836666666666667	0.56935	0.65175	0.5297166666666667	0.4772666666666667	0.5393
0.48195000000000005	0.55255	0.5205500000000001	0.5189333333333334	0.43928333333333336	0.5665	0.48578333333333334	0.5625	0.5429666666666667	0.5369833333333334	0.5215166666666667	0.5146000000000001	0.5156000000000001	0.51975	0.4894666666666667	0.5840333333333334	0.5867166666666667	0.46663333333333334	0.5143	0.5364166666666667	0.49696666666666667	0.4650666666666667	0.4684166666666667	0.43043333333333333	0.5419666666666667	0.52415	0.49093333333333333	0.5602333333333334	0.5234	0.45688333333333336	0.5454166666666667	0.4244833333333334	0.44705	0.39490000000000003	0.4651	0.4793	0.46655	0.4981166666666667	0.38756666666666667	0.3972333333333333	0.4121	0.29378333333333334	0.35386666666666666	0.31961666666666666	0.26345	0.28	0.2688666666666667	0.25043333333333334	0.26663333333333333	0.21845	0.23511666666666667	0.21853333333333336	0.25198333333333334	0.3069	0.2801	0.38378333333333337	0.2963	0.35768333333333335	0.3287333333333333	0.45235000000000003	0.5063500000000001	0.45233333333333337	0.4297	0.4607	0.4025166666666667	0.5293833333333333	0.5194666666666667	0.42091666666666666	0.48723333333333335	0.5420166666666667	0.5155166666666667	0.45145	0.4986166666666667	0.4638333333333334	0.5179166666666667	0.45158333333333334	0.5388000000000001	0.5184333333333334	0.4786166666666667	0.48745000000000005	0.48255000000000003	0.4799333333333334	0.5936333333333333	0.45848333333333335	0.4675166666666667	0.5065666666666667	0.57875	0.5533333333333333	0.5121666666666667	0.5022	0.5421666666666667	0.447	0.51315	0.5115833333333334	0.4752166666666667	0.6353666666666667	0.55165	0.5257000000000001	0.48090000000000005	0.4661
0.43193333333333334	0.5172	0.5243166666666667	0.5682166666666667	0.5124833333333334	0.5195000000000001	0.48573333333333335	0.5379666666666667	0.5819	0.5005833333333334	0.5418666666666667	0.48123333333333335	0.4479166666666667	0.43923333333333336	0.5813166666666667	0.5408333333333334	0.46955	0.48928333333333335	0.47928333333333334	0.4905666666666667	0.5621	0.48783333333333334	0.5141	0.5559166666666667	0.5274	0.6063166666666667	0.5446500000000001	0.51775	0.5384666666666666	0.4627	0.51495	0.4793833333333334	0.4912166666666667	0.3984666666666667	0.4317666666666667	0.46266666666666667	0.4691666666666667	0.37983333333333336	0.5591	0.42560000000000003	0.44195	0.4224666666666667	0.35803333333333337	0.3414166666666667	0.2773666666666667	0.3451166666666667	0.3252666666666667	0.2753	0.26965	0.27271666666666666	0.32223333333333337	0.3237666666666667	0.26571666666666666	0.2653666666666667	0.28823333333333334	0.4258166666666667	0.35286666666666666	0.39380000000000004	0.38406666666666667	0.40955	0.4093833333333334	0.4016166666666667	0.43518333333333337	0.48090000000000005	0.44678333333333337	0.4229666666666667	0.49028333333333335	0.4953666666666667	0.5101166666666667	0.48040000000000005	0.5591666666666667	0.5533666666666667	0.4873166666666667	0.5183	0.4861166666666667	0.5186666666666667	0.5153666666666666	0.6133833333333334	0.5131333333333333	0.46605	0.5558666666666667	0.46123333333333333	0.5163166666666666	0.6287833333333334	0.4823	0.5312833333333333	0.46198333333333336	0.5265500000000001	0.4464666666666667	0.5787666666666667	0.5810333333333334	0.5361666666666667	0.49295	0.6163000000000001	0.6223000000000001	0.66185	0.5829	0.43985	0.46826666666666666	0.5204833333333334
0.6596333333333334	0.5199	0.58065	0.5468166666666667	0.5465666666666666	0.5314833333333333	0.48365	0.5047	0.5126333333333334	0.51635	0.5354	0.4463166666666667	0.4878166666666667	0.47831666666666667	0.5300333333333334	0.4973166666666667	0.4827666666666667	0.5923	0.54455	0.45658333333333334	0.5446333333333334	0.5410666666666667	0.5780333333333334	0.5420666666666667	0.4993	0.48260000000000003	0.5434666666666667	0.45353333333333334	0.4598666666666667	0.5425333333333333	0.49228333333333335	0.5417333333333334	0.5325333333333334	0.46595000000000003	0.4621	0.4122	0.4060166666666667	0.45580000000000004	0.4705166666666667	0.44415000000000004	0.4626	0.38115000000000004	0.36425	0.4078666666666667	0.41928333333333334	0.3673	0.40540000000000004	0.29358333333333336	0.44401666666666667	0.28336666666666666	0.3151	0.3151333333333333	0.3529666666666667	0.30935	0.3519333333333334	0.3778666666666667	0.4365666666666667	0.37245	0.39095	0.4483166666666667	0.45666666666666667	0.42578333333333335	0.4859833333333334	0.5011833333333333	0.5073833333333334	0.50185	0.5584	0.5216333333333334	0.47815	0.5539166666666667	0.49978333333333336	0.5043833333333334	0.4796	0.49785	0.5511166666666667	0.5246500000000001	0.5956166666666667	0.47248333333333337	0.4861666666666667	0.5440833333333334	0.52235	0.5534833333333333	0.61345	0.49008333333333337	0.53705	0.5271333333333333	0.5387000000000001	0.4968666666666667	0.5484833333333333	0.5299833333333334	0.5846666666666667	0.52285	0.5511833333333334	0.5448333333333334	0.49105000000000004	0.498	0.5276166666666667	0.6047	0.5257166666666667	0.49475
0.5622	0.5137833333333334	0.45865	0.5682833333333334	0.5172666666666667	0.4997666666666667	0.5062	0.6272333333333333	0.5603166666666667	0.5733	0.46973333333333334	0.5384666666666666	0.5021333333333333	0.5230333333333334	0.5241666666666667	0.45216666666666666	0.5385333333333333	0.43463333333333337	0.5364166666666667	0.47281666666666666	0.4988	0.49668333333333337	0.44838333333333336	0.5356166666666667	0.5	0.5651333333333334	0.4984	0.5244166666666666	0.5722666666666667	0.50575	0.48535	0.47275	0.50675	0.41835	0.4727166666666667	0.4968666666666667	0.37783333333333335	0.5111166666666667	0.41028333333333333	0.40963333333333335	0.44123333333333337	0.4791166666666667	0.47590000000000005	0.4006	0.38180000000000003	0.36145	0.35336666666666666	0.35100000000000003	0.38093333333333335	0.32648333333333335	0.39571666666666666	0.33598333333333336	0.4535	0.3526666666666667	0.4305666666666667	0.34655	0.3961	0.37928333333333336	0.4730666666666667	0.4787	0.5038	0.49143333333333333	0.4573666666666667	0.5026	0.4343166666666667	0.45106666666666667	0.42563333333333336	0.5149833333333333	0.4628166666666667	0.5010166666666667	0.5263666666666666	0.4728	0.46490000000000004	0.4720166666666667	0.49828333333333336	0.5094833333333334	0.5116166666666667	0.49755000000000005	0.4985	0.553	0.5799833333333334	0.5043333333333334	0.49938333333333335	0.4331166666666667	0.4958166666666667	0.5209666666666667	0.5246000000000001	0.5258333333333334	0.5815666666666667	0.49373333333333336	0.6023833333333334	0.5991000000000001	0.48095000000000004	0.5090833333333333	0.41985	0.5487833333333334	0.5359166666666667	0.5068666666666667	0.46705	0.47515
0.5254	0.43438333333333334	0.6694666666666667	0.5229833333333334	0.6095833333333334	0.4577166666666667	0.5291166666666667	0.5112166666666667	0.50285	0.51225	0.48550000000000004	0.55195	0.5413	0.5302166666666667	0.46413333333333334	0.47455	0.5111666666666667	0.5729500000000001	0.5913	0.5898	0.5273833333333333	0.49918333333333337	0.45055	0.5252833333333333	0.5617	0.4385	0.4725666666666667	0.52395	0.46858333333333335	0.4892666666666667	0.4736666666666667	0.5070833333333333	0.5012166666666666	0.5579666666666667	0.47173333333333334	0.4711666666666667	0.4423	0.45755	0.38645	0.4819166666666667	0.37985	0.4486833333333334	0.46713333333333334	0.42418333333333336	0.4247666666666667	0.43433333333333335	0.32278333333333337	0.3938666666666667	0.32848333333333335	0.3219	0.4205666666666667	0.45175000000000004	0.44238333333333335	0.3944166666666667	0.39780000000000004	0.4210666666666667	0.459	0.37078333333333335	0.5024500000000001	0.45998333333333336	0.43651666666666666	0.40963333333333335	0.38433333333333336	0.47458333333333336	0.4316666666666667	0.6124166666666667	0.49360000000000004	0.41290000000000004	0.4831666666666667	0.5680833333333334	0.5679333333333334	0.5084166666666667	0.46030000000000004	0.49925	0.48915000000000003	0.5003000000000001	0.4975666666666667	0.5042333333333333	0.5063333333333334	0.47476666666666667	0.4494166666666667	0.5172166666666667	0.5573166666666667	0.45640000000000003	0.4809333333333334	0.49895	0.5308	0.48178333333333334	0.4869	0.4848	0.5516	0.5941833333333334	0.5177333333333334	0.5181333333333333	0.5315333333333334	0.5198166666666667	0.4745166666666667	0.6559166666666667	0.48008333333333336	0.5193833333333333
0.6023000000000001	0.5373	0.41695000000000004	0.5653	0.51225	0.53045	0.5742333333333334	0.5462	0.5946166666666667	0.5310666666666667	0.5003333333333334	0.48983333333333334	0.4867	0.5932666666666667	0.5020166666666667	0.5556833333333333	0.5889	0.5457333333333334	0.46821666666666667	0.4745166666666667	0.46885000000000004	0.4644166666666667	0.5285500000000001	0.49778333333333336	0.5022166666666666	0.5708333333333334	0.4748833333333334	0.5355833333333334	0.5490166666666667	0.5119833333333333	0.5391833333333333	0.4508666666666667	0.47335000000000005	0.50875	0.5921000000000001	0.5377166666666667	0.53545	0.514	0.44253333333333333	0.4812166666666667	0.47218333333333334	0.49818333333333337	0.4526	0.47526666666666667	0.3572166666666667	0.42173333333333335	0.4860666666666667	0.4509166666666667	0.4048666666666667	0.3936	0.3474666666666667	0.4580166666666667	0.38528333333333337	0.3795	0.48403333333333337	0.3917166666666667	0.4387166666666667	0.4779333333333334	0.5056833333333334	0.4093	0.42255000000000004	0.41700000000000004	0.4510166666666667	0.4421833333333334	0.48968333333333336	0.46573333333333333	0.48488333333333333	0.46915	0.47795000000000004	0.5476500000000001	0.4842166666666667	0.5111166666666667	0.45788333333333336	0.49846666666666667	0.5263333333333333	0.5549000000000001	0.5085833333333334	0.5093833333333334	0.5486	0.5162833333333333	0.5384833333333333	0.5153833333333333	0.5240666666666667	0.4975	0.47223333333333334	0.5790333333333334	0.5372666666666667	0.6006333333333334	0.4961666666666667	0.5446500000000001	0.5875333333333334	0.5321333333333333	0.47735	0.5182	0.5451166666666667	0.50795	0.5163333333333333	0.4837666666666667	0.5094333333333334	0.49191666666666667
0.45111666666666667	0.5334666666666666	0.5121666666666667	0.47473333333333334	0.5142	0.5672	0.51805	0.5254833333333334	0.5383	0.5618833333333334	0.5033166666666667	0.5664833333333333	0.56705	0.48705000000000004	0.5402	0.5760500000000001	0.5112833333333333	0.5124166666666667	0.49535	0.5961000000000001	0.5547000000000001	0.47378333333333333	0.4736166666666667	0.51705	0.52185	0.5568166666666667	0.5067833333333334	0.5134666666666667	0.5260666666666667	0.4751666666666667	0.5317000000000001	0.4892	0.4595	0.5065666666666667	0.41381666666666667	0.5079333333333333	0.49205000000000004	0.43273333333333336	0.4998666666666667	0.4988666666666667	0.43173333333333336	0.4760666666666667	0.43348333333333333	0.4209	0.4651	0.43098333333333333	0.45593333333333336	0.3958166666666667	0.4233	0.3617166666666667	0.4224	0.49885	0.47455	0.4624666666666667	0.451	0.4365666666666667	0.45203333333333334	0.39543333333333336	0.441	0.4369	0.44265000000000004	0.5387333333333334	0.5103833333333334	0.4974166666666667	0.4952666666666667	0.44528333333333336	0.5116166666666667	0.46708333333333335	0.5220166666666667	0.4851666666666667	0.48788333333333334	0.5515833333333333	0.5309166666666667	0.5136333333333334	0.5675666666666667	0.5022	0.5529666666666667	0.46523333333333333	0.5998	0.5244166666666666	0.6041333333333334	0.5236833333333334	0.6222666666666667	0.5233166666666667	0.5068666666666667	0.49158333333333337	0.4794666666666667	0.5098	0.57885	0.5019666666666667	0.5876333333333333	0.5971000000000001	0.48743333333333333	0.5478333333333334	0.49413333333333337	0.5335166666666666	0.6224500000000001	0.48633333333333334	0.5100666666666667	0.4884
0.6288333333333334	0.5545166666666667	0.4981166666666667	0.4807166666666667	0.5901500000000001	0.5652	0.47278333333333333	0.5797666666666667	0.5318333333333334	0.5308666666666667	0.49725	0.52575	0.5057	0.6000166666666666	0.5922000000000001	0.5124333333333334	0.5552	0.48331666666666667	0.5082666666666666	0.48586666666666667	0.49043333333333333	0.4146	0.6031500000000001	0.44015000000000004	0.5594333333333333	0.4366333333333334	0.49518333333333336	0.5567166666666667	0.4954	0.47503333333333336	0.5759500000000001	0.46415	0.4751666666666667	0.41186666666666666	0.48963333333333336	0.49728333333333335	0.44623333333333337	0.4142166666666667	0.37501666666666666	0.5861333333333334	0.49265000000000003	0.49955000000000005	0.48775	0.5305	0.4357666666666667	0.46505	0.4029166666666667	0.48315	0.4356166666666667	0.48485	0.4431666666666667	0.43670000000000003	0.39613333333333334	0.4352666666666667	0.44420000000000004	0.4789166666666667	0.4890666666666667	0.49825	0.45488333333333336	0.5018666666666667	0.5078666666666667	0.4685666666666667	0.46305	0.42615000000000003	0.47531666666666667	0.47685	0.51	0.49150000000000005	0.5334833333333333	0.44033333333333335	0.4598166666666667	0.51815	0.46553333333333335	0.5206166666666667	0.48505000000000004	0.43810000000000004	0.4959166666666667	0.5247666666666667	0.5571833333333334	0.5183666666666666	0.5333166666666667	0.5422166666666667	0.46263333333333334	0.5228	0.53125	0.5621	0.5477833333333334	0.5408833333333334	0.5373833333333333	0.5967333333333333	0.5484666666666667	0.5061166666666667	0.5467166666666667	0.5252	0.5022	0.5350333333333334	0.47231666666666666	0.5466833333333334	0.5218333333333334	0.44033333333333335
0.5102833333333333	0.51205	0.5336166666666667	0.5700666666666667	0.6019166666666667	0.5054500000000001	0.5319166666666667	0.5136833333333334	0.47835	0.5322666666666667	0.5976333333333333	0.5008333333333334	0.5115833333333334	0.5144833333333334	0.5039333333333333	0.5138166666666667	0.4995	0.4812166666666667	0.5213666666666666	0.5095500000000001	0.5616666666666666	0.50555	0.5254166666666666	0.47095000000000004	0.5192833333333333	0.6087666666666667	0.4803	0.4983	0.5081666666666667	0.4416166666666667	0.41465	0.5516333333333333	0.5359166666666667	0.39938333333333337	0.48210000000000003	0.44375000000000003	0.5523	0.44056666666666666	0.5081666666666667	0.39316666666666666	0.5224166666666666	0.4811666666666667	0.41428333333333334	0.452	0.4636166666666667	0.4004166666666667	0.40998333333333337	0.35695	0.48928333333333335	0.5196166666666667	0.4893166666666667	0.42915000000000003	0.41863333333333336	0.4247666666666667	0.5107333333333334	0.37735	0.46726666666666666	0.44423333333333337	0.4912666666666667	0.5078	0.49713333333333337	0.4334166666666667	0.4480166666666667	0.45658333333333334	0.6318166666666667	0.4903166666666667	0.5861333333333334	0.5215500000000001	0.47340000000000004	0.43698333333333333	0.47985	0.46555	0.4711166666666667	0.46221666666666666	0.5423333333333333	0.5606833333333333	0.6107333333333334	0.4693166666666667	0.48573333333333335	0.5388000000000001	0.4940833333333334	0.5491666666666667	0.4549166666666667	0.5611666666666667	0.5208833333333334	0.5038333333333334	0.55065	0.5023833333333334	0.48523333333333335	0.5579666666666667	0.53945	0.5636	0.46526666666666666	0.4414666666666667	0.5707333333333333	0.50765	0.5084333333333334	0.5045666666666667	0.5515833333333333	0.5457166666666667
0.48050000000000004	0.56465	0.5607333333333333	0.5312666666666667	0.5724	0.5712833333333334	0.5588166666666667	0.5629500000000001	0.5441333333333334	0.5831333333333334	0.5167666666666667	0.4582833333333334	0.5716333333333333	0.5306500000000001	0.45338333333333336	0.5178833333333334	0.5097166666666667	0.44855	0.6527333333333334	0.5543333333333333	0.5340333333333334	0.5400333333333334	0.5892000000000001	0.59685	0.5326000000000001	0.48600000000000004	0.5738166666666666	0.50165	0.46593333333333337	0.52585	0.5918833333333333	0.5185166666666667	0.5109833333333333	0.55635	0.4990666666666667	0.5099	0.42385	0.45143333333333335	0.4795166666666667	0.53535	0.48088333333333333	0.45695	0.43193333333333334	0.42763333333333337	0.44593333333333335	0.43903333333333333	0.4788	0.4550166666666667	0.5340833333333334	0.4703166666666667	0.48310000000000003	0.3932333333333334	0.44535	0.46765	0.3996166666666667	0.4723333333333334	0.5028166666666667	0.4688333333333334	0.42665000000000003	0.43593333333333334	0.5005000000000001	0.5756833333333333	0.4688166666666667	0.56335	0.46758333333333335	0.44133333333333336	0.4729666666666667	0.4596	0.5061166666666667	0.5521	0.4829666666666667	0.4317166666666667	0.45458333333333334	0.4762166666666667	0.39755	0.5361833333333333	0.47935	0.48038333333333333	0.5398333333333334	0.5645833333333333	0.4745666666666667	0.5371333333333334	0.4519166666666667	0.5093	0.45563333333333333	0.5538000000000001	0.5835	0.5326166666666667	0.5335500000000001	0.5866166666666667	0.5129333333333334	0.5681333333333334	0.5479166666666667	0.4436833333333334	0.4618166666666667	0.48505000000000004	0.5389833333333334	0.5127	0.5075333333333334	0.5021833333333333
0.56825	0.5227	0.4656	0.5651333333333334	0.5429666666666667	0.5562666666666667	0.5075666666666667	0.5345666666666667	0.5322833333333333	0.5117333333333334	0.46585000000000004	0.6309666666666667	0.5353	0.48725	0.49696666666666667	0.5434666666666667	0.5753833333333334	0.5784833333333333	0.4841666666666667	0.56265	0.4907	0.46255	0.5345166666666666	0.5053166666666666	0.5779166666666667	0.4257166666666667	0.5257666666666667	0.58115	0.5158666666666667	0.5650000000000001	0.4963166666666667	0.45530000000000004	0.5299333333333334	0.49888333333333335	0.49673333333333336	0.44183333333333336	0.4999	0.49538333333333334	0.4846166666666667	0.4210666666666667	0.44110000000000005	0.5079833333333333	0.45663333333333334	0.4091166666666667	0.5229166666666667	0.4797	0.4508166666666667	0.49933333333333335	0.41305000000000003	0.42946666666666666	0.47690000000000005	0.5229666666666667	0.4179833333333334	0.47226666666666667	0.4129333333333334	0.4474	0.4562833333333334	0.52695	0.457	0.47635	0.5613666666666667	0.43988333333333335	0.46685000000000004	0.5588166666666667	0.47731666666666667	0.4496666666666667	0.4499666666666667	0.4256666666666667	0.4345833333333334	0.5095166666666667	0.44855	0.5448166666666667	0.5512833333333333	0.46215	0.5676666666666667	0.4916166666666667	0.5388833333333334	0.62695	0.44648333333333334	0.4855666666666667	0.5524333333333333	0.52345	0.6129333333333333	0.55345	0.5187166666666667	0.5524833333333333	0.5193166666666666	0.5880833333333334	0.4827666666666667	0.5571166666666667	0.44673333333333337	0.5486166666666666	0.5795333333333333	0.5111333333333333	0.5610166666666667	0.5527000000000001	0.5676166666666667	0.56445	0.49108333333333337	0.5557500000000001
0.58335	0.5580166666666667	0.5742833333333334	0.5277166666666667	0.5422833333333333	0.4459166666666667	0.5477666666666667	0.4752166666666667	0.5117666666666667	0.5482666666666667	0.5243833333333333	0.5168	0.5122333333333333	0.47925	0.5923166666666667	0.5081833333333333	0.5191166666666667	0.5345333333333333	0.49205000000000004	0.48738333333333334	0.5484166666666667	0.5126666666666667	0.5839166666666666	0.5111	0.5367333333333334	0.4907	0.5405333333333333	0.53595	0.4874	0.5035000000000001	0.5376166666666667	0.4583166666666667	0.5037166666666667	0.41150000000000003	0.46371666666666667	0.5241	0.49746666666666667	0.5377833333333334	0.5381166666666667	0.5085833333333334	0.44955	0.5155166666666667	0.49768333333333337	0.48845000000000005	0.5030166666666667	0.47975	0.4900166666666667	0.4443166666666667	0.5147833333333334	0.5040333333333333	0.4822666666666667	0.3738	0.40635000000000004	0.4789333333333334	0.5000166666666667	0.4766666666666667	0.4852166666666667	0.41600000000000004	0.5428000000000001	0.4258	0.4978666666666667	0.5319333333333334	0.46895000000000003	0.4723	0.50505	0.4573166666666667	0.5138666666666667	0.47063333333333335	0.5841166666666667	0.49855000000000005	0.5228166666666667	0.57425	0.5717333333333333	0.5095333333333334	0.51995	0.50475	0.4673333333333334	0.47653333333333336	0.4342666666666667	0.46900000000000003	0.5458000000000001	0.5265166666666667	0.4846166666666667	0.5108833333333334	0.5473833333333333	0.5083666666666667	0.4970166666666667	0.5651833333333334	0.5277666666666667	0.452	0.4501833333333334	0.5092833333333333	0.49946666666666667	0.5769000000000001	0.4915166666666667	0.46608333333333335	0.5461833333333334	0.4999	0.5185500000000001	0.5106
0.48168333333333335	0.5333166666666667	0.48368333333333335	0.5425333333333333	0.5737666666666666	0.5145333333333334	0.53225	0.5341	0.4439	0.5882666666666667	0.5594333333333333	0.6433833333333334	0.506	0.42808333333333337	0.4935833333333334	0.46645000000000003	0.5833333333333334	0.4190166666666667	0.5035333333333334	0.5089833333333333	0.4360833333333334	0.5492666666666667	0.5074166666666667	0.453	0.5304666666666666	0.5268	0.48823333333333335	0.56545	0.5200166666666667	0.5244833333333334	0.5499	0.4987666666666667	0.4680166666666667	0.5245166666666667	0.5275333333333334	0.45253333333333334	0.46190000000000003	0.47968333333333335	0.4995333333333334	0.57025	0.5235500000000001	0.5236500000000001	0.5081	0.4803	0.52235	0.46475	0.4851166666666667	0.4590166666666667	0.5333666666666667	0.49155000000000004	0.5408666666666667	0.40213333333333334	0.466	0.5270166666666667	0.55245	0.4172666666666667	0.4227666666666667	0.4174833333333334	0.4314	0.49325	0.4844	0.41035	0.52	0.41900000000000004	0.47028333333333333	0.499	0.5497333333333334	0.4688833333333334	0.48733333333333334	0.5463	0.5066833333333334	0.5226500000000001	0.46558333333333335	0.49448333333333333	0.5890333333333334	0.5805	0.5245666666666667	0.5143	0.5284	0.5028833333333333	0.5355	0.4907166666666667	0.5336666666666667	0.5719500000000001	0.5381833333333333	0.52375	0.5395666666666666	0.5149833333333333	0.48223333333333335	0.4691666666666667	0.5628500000000001	0.5411333333333334	0.5356000000000001	0.6607000000000001	0.48950000000000005	0.48923333333333335	0.5813166666666667	0.5317333333333334	0.53695	0.5521833333333334
0.46505	0.5696666666666667	0.49848333333333333	0.5214333333333333	0.5837666666666667	0.5458333333333334	0.5219833333333334	0.5688	0.4800666666666667	0.47650000000000003	0.5698500000000001	0.5599666666666667	0.5195666666666667	0.5646833333333333	0.5131666666666667	0.5265500000000001	0.4976666666666667	0.5717166666666667	0.5364833333333333	0.6315166666666667	0.5507000000000001	0.4668666666666667	0.6039	0.44265000000000004	0.538	0.5038666666666667	0.5051833333333333	0.5128166666666667	0.4173	0.5075666666666667	0.5725833333333333	0.5288666666666667	0.5014666666666667	0.46016666666666667	0.47785	0.4963	0.5677	0.4053666666666667	0.45675000000000004	0.43885	0.47563333333333335	0.5269	0.5228833333333334	0.48155000000000003	0.47428333333333333	0.5132333333333333	0.49935	0.42846666666666666	0.45625000000000004	0.42153333333333337	0.5498666666666667	0.4918166666666667	0.43905	0.48331666666666667	0.5176166666666667	0.5153833333333333	0.5118666666666667	0.4869	0.5094000000000001	0.51715	0.4704666666666667	0.46216666666666667	0.48335	0.4822666666666667	0.5324166666666666	0.4994	0.5673666666666667	0.54995	0.49688333333333334	0.4721166666666667	0.46245	0.4964166666666667	0.49375	0.4627	0.46316666666666667	0.5183	0.54705	0.5183333333333333	0.48583333333333334	0.5066666666666667	0.5300166666666667	0.496	0.42238333333333333	0.5223833333333333	0.5592166666666667	0.51375	0.45370000000000005	0.4776666666666667	0.5736666666666667	0.5480666666666667	0.5948833333333333	0.5430166666666667	0.47453333333333336	0.5335	0.53525	0.4994	0.5169666666666667	0.5448833333333334	0.5074833333333334	0.4798
0.5188333333333334	0.5088666666666667	0.4952666666666667	0.45245	0.69265	0.5478500000000001	0.5522666666666667	0.4847666666666667	0.5125500000000001	0.4811666666666667	0.46828333333333333	0.5264	0.6032833333333334	0.5598333333333334	0.5416333333333334	0.42313333333333336	0.6240333333333333	0.47525	0.5115500000000001	0.5393666666666667	0.49383333333333335	0.50265	0.5262333333333333	0.5882000000000001	0.5868666666666666	0.5255333333333334	0.43443333333333334	0.53795	0.5054500000000001	0.5398000000000001	0.4927666666666667	0.517	0.5144666666666667	0.5075333333333334	0.5661666666666667	0.5338	0.5088666666666667	0.5868166666666667	0.5100833333333333	0.5249166666666667	0.47700000000000004	0.44963333333333333	0.47481666666666666	0.4860666666666667	0.4539666666666667	0.5007333333333334	0.39733333333333337	0.5027833333333334	0.49946666666666667	0.4691	0.5627333333333333	0.4757166666666667	0.4069666666666667	0.5537500000000001	0.49728333333333335	0.42793333333333333	0.44883333333333336	0.5033833333333334	0.48210000000000003	0.5168	0.5740500000000001	0.5762333333333334	0.55855	0.5392333333333333	0.5146000000000001	0.5138	0.5782166666666667	0.48088333333333333	0.5659666666666667	0.4319	0.5222833333333333	0.43603333333333333	0.5314833333333333	0.5042833333333333	0.5138	0.47275	0.5946	0.5726333333333333	0.5298333333333334	0.48968333333333336	0.49693333333333334	0.49348333333333333	0.5728500000000001	0.5124666666666667	0.49718333333333337	0.6098166666666667	0.42186666666666667	0.5486333333333333	0.5570166666666667	0.5146333333333334	0.50015	0.5147833333333334	0.41495000000000004	0.5419166666666667	0.4881666666666667	0.4182666666666667	0.46415	0.48835	0.5564	0.5239333333333334
0.5392	0.43485	0.5194333333333334	0.51705	0.5701666666666667	0.5714666666666667	0.6259666666666667	0.54605	0.4748666666666667	0.4882666666666667	0.5432833333333333	0.4845166666666667	0.55045	0.5754166666666667	0.5933	0.5068	0.5399666666666667	0.4956166666666667	0.46388333333333337	0.47395000000000004	0.56355	0.5389	0.47073333333333334	0.47348333333333337	0.4710666666666667	0.5419166666666667	0.4577666666666667	0.47558333333333336	0.4754333333333334	0.6089666666666667	0.5130333333333333	0.5306000000000001	0.47805000000000003	0.5298	0.45355	0.51435	0.5875	0.5084000000000001	0.4938166666666667	0.50675	0.4979166666666667	0.49015000000000003	0.3821333333333333	0.5007166666666667	0.46778333333333333	0.4399	0.46638333333333337	0.5773166666666667	0.41290000000000004	0.5249	0.4305	0.38820000000000005	0.4348666666666667	0.5020166666666667	0.50085	0.5414	0.45508333333333334	0.5149166666666667	0.4926166666666667	0.5124833333333334	0.42808333333333337	0.4898166666666667	0.38225000000000003	0.6308166666666667	0.5118833333333334	0.5337666666666667	0.5097666666666667	0.48923333333333335	0.41938333333333333	0.4429666666666667	0.5395166666666666	0.6345000000000001	0.5342833333333333	0.49585	0.50355	0.5217666666666667	0.5936166666666667	0.5006666666666667	0.52835	0.5711666666666667	0.4875166666666667	0.49200000000000005	0.4864333333333334	0.58015	0.5584666666666667	0.5825166666666667	0.5356000000000001	0.5599666666666667	0.5385666666666666	0.56145	0.5192666666666667	0.5871666666666667	0.5007333333333334	0.5084166666666667	0.5500333333333334	0.48231666666666667	0.5428000000000001	0.5417500000000001	0.6028166666666667	0.5177
0.5272333333333333	0.52415	0.5380166666666667	0.5780833333333334	0.49455000000000005	0.5600666666666667	0.4623666666666667	0.55445	0.6100333333333333	0.59395	0.60095	0.5387500000000001	0.5082666666666666	0.5293666666666667	0.47153333333333336	0.4843166666666667	0.5591833333333334	0.5379	0.5686666666666667	0.5464833333333333	0.5176166666666667	0.5141666666666667	0.5316833333333334	0.48825	0.5379666666666667	0.4289833333333333	0.5098333333333334	0.5649166666666667	0.5699500000000001	0.4970333333333334	0.5452333333333333	0.50205	0.45183333333333336	0.5252833333333333	0.50105	0.5135500000000001	0.4920166666666667	0.49796666666666667	0.48910000000000003	0.48908333333333337	0.5437166666666667	0.4723833333333334	0.5661166666666667	0.4970333333333334	0.4439166666666667	0.5307833333333334	0.43365000000000004	0.595	0.46735000000000004	0.49125	0.5275333333333334	0.5063	0.46605	0.4955	0.46340000000000003	0.4890666666666667	0.46493333333333337	0.4628666666666667	0.6058666666666667	0.53015	0.52325	0.5755666666666667	0.4529666666666667	0.47495000000000004	0.5041333333333333	0.5897833333333333	0.48055000000000003	0.47268333333333334	0.5121166666666667	0.5102833333333333	0.5457833333333334	0.5188	0.5374833333333333	0.5313833333333333	0.47181666666666666	0.5365166666666666	0.5750500000000001	0.46538333333333337	0.5003833333333334	0.5665833333333333	0.44001666666666667	0.5069666666666667	0.5305833333333334	0.5606333333333333	0.5727166666666667	0.5497500000000001	0.5528500000000001	0.5438833333333334	0.5374166666666667	0.5227333333333334	0.5537333333333334	0.61495	0.531	0.63915	0.6344000000000001	0.47378333333333333	0.4759333333333334	0.5331833333333333	0.5846666666666667	0.4382666666666667
0.5540833333333334	0.4980833333333334	0.5230833333333333	0.4957666666666667	0.5245000000000001	0.5187666666666667	0.5429666666666667	0.5301	0.5215666666666667	0.47335000000000005	0.51485	0.49278333333333335	0.5013166666666667	0.5957	0.5549166666666667	0.45858333333333334	0.50315	0.5054333333333334	0.5007166666666667	0.5512833333333333	0.5325	0.5161	0.49843333333333334	0.5361166666666667	0.5156666666666667	0.5533333333333333	0.48231666666666667	0.5439166666666667	0.4313166666666667	0.5764833333333333	0.46353333333333335	0.5463666666666667	0.44975000000000004	0.4891166666666667	0.5352666666666667	0.44980000000000003	0.47526666666666667	0.5892166666666667	0.5322	0.45278333333333337	0.4789333333333334	0.4777	0.47878333333333334	0.4703333333333334	0.3859	0.5091833333333333	0.49085	0.40208333333333335	0.5018833333333333	0.4634666666666667	0.49346666666666666	0.5009	0.4682	0.4370833333333334	0.4683166666666667	0.40325	0.5474833333333333	0.458	0.5373166666666667	0.43388333333333334	0.4879666666666667	0.4788	0.5333666666666667	0.5613	0.5624333333333333	0.5291833333333333	0.47431666666666666	0.53315	0.5131333333333333	0.5368666666666667	0.5389666666666667	0.5734333333333334	0.5220833333333333	0.5467666666666667	0.51225	0.5309	0.5158166666666667	0.5825166666666667	0.5470666666666667	0.5520666666666667	0.5214166666666666	0.48728333333333335	0.6152166666666667	0.4955666666666667	0.5172833333333333	0.47375	0.6584333333333333	0.5250333333333334	0.5303333333333333	0.5182166666666667	0.5381833333333333	0.4894833333333334	0.5024500000000001	0.5474333333333333	0.48028333333333334	0.4434666666666667	0.5333666666666667	0.5440166666666667	0.5411666666666667	0.4293
0.5222	0.4481	0.48005000000000003	0.546	0.5102833333333333	0.50015	0.5166333333333334	0.5006	0.5673666666666667	0.50555	0.50225	0.5298333333333334	0.5477166666666667	0.5908	0.46630000000000005	0.51035	0.54335	0.5683166666666667	0.6199166666666667	0.4793833333333334	0.5236666666666667	0.5199166666666667	0.5270333333333334	0.5146333333333334	0.4869666666666667	0.4552166666666667	0.5097833333333334	0.5037333333333334	0.5064500000000001	0.5463833333333333	0.4648166666666667	0.5413	0.4622666666666667	0.5964166666666667	0.5426833333333334	0.48200000000000004	0.5453166666666667	0.5884666666666667	0.47673333333333334	0.4736166666666667	0.4677	0.58055	0.5148166666666667	0.47243333333333337	0.5387500000000001	0.41153333333333336	0.5143666666666666	0.42578333333333335	0.49443333333333334	0.4240333333333334	0.4632833333333334	0.4882166666666667	0.5690666666666667	0.4817	0.47523333333333334	0.4807666666666667	0.461	0.4107	0.5762666666666667	0.4517666666666667	0.4805166666666667	0.48878333333333335	0.5136000000000001	0.48063333333333336	0.49755000000000005	0.46771666666666667	0.47678333333333334	0.4652	0.54195	0.48660000000000003	0.6094833333333334	0.501	0.4806166666666667	0.5638333333333334	0.45718333333333333	0.5055333333333334	0.58285	0.48018333333333335	0.5128666666666667	0.5412	0.49528333333333335	0.5730833333333334	0.47753333333333337	0.5404333333333333	0.4581	0.4970833333333334	0.4765166666666667	0.5637833333333334	0.5209666666666667	0.5518666666666667	0.4877666666666667	0.5152333333333333	0.4849	0.5835666666666667	0.5452666666666667	0.5642	0.5319666666666667	0.52635	0.6456833333333334	0.48363333333333336
0.4800166666666667	0.58785	0.5933833333333334	0.5451166666666667	0.5028333333333334	0.57325	0.5429333333333334	0.5546	0.5583	0.5739000000000001	0.4940333333333334	0.41390000000000005	0.5660000000000001	0.4913	0.6000166666666666	0.49078333333333335	0.5033833333333334	0.5068333333333334	0.5250333333333334	0.47813333333333335	0.5100333333333333	0.5255166666666667	0.49346666666666666	0.49810000000000004	0.5067333333333334	0.5318333333333334	0.5808666666666666	0.50065	0.51325	0.46275	0.58275	0.4887166666666667	0.5370833333333334	0.51575	0.5887166666666667	0.5213666666666666	0.5156666666666667	0.5267166666666667	0.5094166666666667	0.4855666666666667	0.5037	0.54155	0.4694666666666667	0.44805	0.49223333333333336	0.49605000000000005	0.51095	0.49935	0.5344	0.46540000000000004	0.50485	0.5093666666666667	0.4240666666666667	0.48823333333333335	0.46525	0.45938333333333337	0.44643333333333335	0.4810666666666667	0.43243333333333334	0.46765	0.4851666666666667	0.47933333333333333	0.53415	0.5152333333333333	0.50155	0.4920166666666667	0.47181666666666666	0.5432833333333333	0.54735	0.41043333333333337	0.55445	0.4806666666666667	0.5595833333333333	0.45098333333333335	0.5224833333333334	0.45565	0.50215	0.4945666666666667	0.4812666666666667	0.5274333333333333	0.6073333333333334	0.5649500000000001	0.6002333333333334	0.48633333333333334	0.5536666666666666	0.5720333333333334	0.5508333333333334	0.47323333333333334	0.5810333333333334	0.4678833333333334	0.53415	0.5094666666666667	0.5403833333333333	0.5141833333333333	0.5491	0.4893	0.5181333333333333	0.5626666666666666	0.60445	0.5451666666666667
0.4564666666666667	0.5010333333333333	0.5100333333333333	0.50605	0.5373833333333333	0.5707833333333333	0.5219666666666667	0.5407500000000001	0.5679333333333334	0.5430333333333334	0.5176666666666667	0.56015	0.55135	0.5627333333333333	0.47918333333333335	0.55395	0.5504833333333333	0.6140666666666666	0.4974166666666667	0.5252833333333333	0.49023333333333335	0.5681833333333334	0.5416333333333334	0.5463333333333333	0.52295	0.54415	0.4577166666666667	0.5685166666666667	0.5455166666666666	0.4893	0.47303333333333336	0.47708333333333336	0.5630333333333334	0.5229166666666667	0.5297166666666667	0.5561333333333334	0.49905000000000005	0.5073666666666667	0.5321166666666667	0.533	0.47950000000000004	0.43825000000000003	0.5830666666666667	0.51825	0.5337333333333334	0.48695000000000005	0.47476666666666667	0.5006166666666667	0.44005	0.5309166666666667	0.4685	0.5492333333333334	0.5085166666666667	0.5070333333333333	0.5046	0.49720000000000003	0.5169166666666667	0.4655666666666667	0.4792666666666667	0.5205500000000001	0.52705	0.6017333333333333	0.49346666666666666	0.5155666666666667	0.5493666666666667	0.5623666666666667	0.4927666666666667	0.6066333333333334	0.46740000000000004	0.47245000000000004	0.5145166666666667	0.5244666666666666	0.5022333333333333	0.5376833333333334	0.5394166666666667	0.5755333333333333	0.4496666666666667	0.5703166666666667	0.5390166666666667	0.6081166666666667	0.5324333333333333	0.48336666666666667	0.54155	0.4332666666666667	0.48560000000000003	0.4838	0.58625	0.53335	0.5376166666666667	0.4102	0.5535666666666667	0.5391333333333334	0.5235333333333334	0.5704833333333333	0.5760833333333334	0.52405	0.5397166666666667	0.5007	0.5377500000000001	0.526
0.4768666666666667	0.6186833333333334	0.49138333333333334	0.5368666666666667	0.58845	0.49695	0.4943166666666667	0.5375	0.5188833333333334	0.54125	0.5153	0.4719166666666667	0.51435	0.5628000000000001	0.5059666666666667	0.5385166666666666	0.47631666666666667	0.6155166666666667	0.4149166666666667	0.5151	0.6183166666666667	0.4851166666666667	0.5091833333333333	0.4451	0.5176833333333334	0.5490666666666667	0.49760000000000004	0.5194333333333334	0.5807	0.40518333333333334	0.5708666666666667	0.52685	0.5925166666666667	0.49391666666666667	0.4524166666666667	0.5743333333333334	0.5331166666666667	0.59385	0.5113333333333333	0.6225166666666667	0.4144166666666667	0.4393666666666667	0.4888166666666667	0.45443333333333336	0.5779500000000001	0.43835	0.4618333333333334	0.4940833333333334	0.4866666666666667	0.4697	0.4628333333333334	0.5472666666666667	0.5673833333333334	0.5397500000000001	0.5042166666666666	0.42125	0.50935	0.5041166666666667	0.4960666666666667	0.5663	0.5234833333333334	0.44215000000000004	0.5303333333333333	0.5242166666666667	0.46771666666666667	0.46773333333333333	0.5845666666666667	0.4844833333333334	0.5701666666666667	0.5110833333333333	0.5035000000000001	0.53525	0.5267833333333334	0.54795	0.4242666666666667	0.5597833333333334	0.6132666666666667	0.5210833333333333	0.5868166666666667	0.5095666666666667	0.52525	0.5582	0.5134500000000001	0.4678666666666667	0.6055166666666667	0.5075500000000001	0.5562333333333334	0.4889	0.5741166666666667	0.46671666666666667	0.48533333333333334	0.49050000000000005	0.5073833333333334	0.49538333333333334	0.5771833333333334	0.5408833333333334	0.5359333333333334	0.5072	0.42058333333333336	0.47405
0.5135333333333334	0.55295	0.5259666666666667	0.41736666666666666	0.5047666666666667	0.5144833333333334	0.49378333333333335	0.5179833333333334	0.5636166666666667	0.4678166666666667	0.5536166666666666	0.4768833333333334	0.5819	0.53095	0.47708333333333336	0.5198166666666667	0.5264333333333333	0.49595	0.5839833333333334	0.5591166666666667	0.5251	0.5742833333333334	0.5178166666666667	0.53985	0.5184833333333334	0.4822166666666667	0.5700000000000001	0.5565166666666667	0.5936333333333333	0.54355	0.47065	0.5075500000000001	0.41650000000000004	0.49865000000000004	0.5084166666666667	0.5054333333333334	0.4738666666666667	0.52595	0.5346333333333334	0.5279333333333334	0.5386833333333334	0.48918333333333336	0.5197166666666667	0.49335	0.452	0.4529	0.48308333333333336	0.45653333333333335	0.5461833333333334	0.5375	0.5454333333333333	0.5124833333333334	0.5821833333333334	0.45988333333333337	0.5052666666666666	0.5636833333333333	0.44855	0.5663666666666667	0.38345	0.5062	0.4786	0.44553333333333334	0.47965	0.51185	0.45833333333333337	0.5064166666666667	0.5837166666666667	0.5398666666666667	0.5114833333333334	0.5806	0.47175	0.5539666666666667	0.4975333333333334	0.5737666666666666	0.45805	0.5530166666666667	0.48568333333333336	0.53815	0.4666166666666667	0.5317666666666667	0.5466333333333333	0.48555000000000004	0.5171333333333333	0.5708500000000001	0.5998333333333333	0.49378333333333335	0.5390833333333334	0.58565	0.5235333333333334	0.5072166666666666	0.5064000000000001	0.5104666666666667	0.5385666666666666	0.4356333333333334	0.5196000000000001	0.4891666666666667	0.5375833333333334	0.5808833333333333	0.4585	0.49946666666666667
0.4802166666666667	0.48455000000000004	0.52935	0.4767166666666667	0.5689166666666667	0.58555	0.51385	0.49735	0.4769666666666667	0.5578666666666667	0.5930500000000001	0.5254333333333333	0.5125333333333334	0.496	0.4920333333333334	0.5857333333333333	0.6082666666666667	0.5466166666666666	0.4970166666666667	0.4713	0.4762166666666667	0.4830666666666667	0.5463666666666667	0.49635	0.49595	0.6056833333333334	0.4488166666666667	0.4669666666666667	0.5861833333333334	0.6311166666666667	0.48943333333333333	0.4586	0.5382833333333333	0.5251333333333333	0.4865666666666667	0.45598333333333335	0.5326500000000001	0.5040166666666667	0.5001166666666667	0.6084166666666667	0.5194833333333334	0.4960166666666667	0.58325	0.4975166666666667	0.4959166666666667	0.44730000000000003	0.51225	0.3859166666666667	0.44903333333333334	0.48950000000000005	0.49648333333333333	0.5109666666666667	0.43438333333333334	0.4946166666666667	0.5314833333333333	0.5707333333333333	0.49943333333333334	0.4769666666666667	0.47975	0.6007166666666667	0.52575	0.4955666666666667	0.5227166666666667	0.46035000000000004	0.6447833333333334	0.5887833333333333	0.4597333333333334	0.5649500000000001	0.5368333333333334	0.5595833333333333	0.5583	0.47021666666666667	0.5256500000000001	0.4703666666666667	0.46525	0.49338333333333334	0.5562666666666667	0.5250166666666667	0.6131666666666667	0.5020833333333333	0.4899833333333334	0.59775	0.5579333333333334	0.5382666666666667	0.5416333333333334	0.5818333333333333	0.5003833333333334	0.46480000000000005	0.50325	0.48081666666666667	0.5291833333333333	0.4968	0.47895000000000004	0.4534666666666667	0.6058166666666667	0.4494	0.4670666666666667	0.5305333333333334	0.46645000000000003	0.5473166666666667
0.4772666666666667	0.468	0.4721666666666667	0.5107333333333334	0.5064833333333334	0.49945	0.5727333333333333	0.47475	0.5276833333333334	0.5928666666666667	0.5308	0.5311666666666667	0.4342166666666667	0.51735	0.4676166666666667	0.5390833333333334	0.5135333333333334	0.5754833333333333	0.5266666666666667	0.5293166666666667	0.5623833333333333	0.59295	0.5266000000000001	0.5916333333333333	0.5319666666666667	0.4759333333333334	0.5003333333333334	0.5201333333333333	0.4994	0.5797333333333333	0.5530666666666667	0.5165833333333334	0.52195	0.5579500000000001	0.5624666666666667	0.4832	0.5122666666666666	0.5463166666666667	0.4285666666666667	0.45766666666666667	0.5011833333333333	0.43410000000000004	0.43018333333333336	0.48863333333333336	0.5115000000000001	0.40303333333333335	0.47535000000000005	0.5376500000000001	0.4978666666666667	0.5237833333333334	0.43853333333333333	0.44420000000000004	0.5339833333333334	0.511	0.48775	0.5407500000000001	0.3907666666666667	0.4221666666666667	0.5279	0.47700000000000004	0.50065	0.559	0.5065000000000001	0.5096833333333334	0.5760166666666667	0.5642666666666667	0.5444833333333333	0.6012833333333334	0.5484666666666667	0.5078166666666667	0.5380833333333334	0.5587166666666666	0.4869666666666667	0.5718333333333334	0.5415666666666666	0.5172333333333333	0.5241666666666667	0.6027833333333333	0.5412333333333333	0.48078333333333334	0.6720833333333334	0.49400000000000005	0.5581333333333334	0.49333333333333335	0.62455	0.5500666666666667	0.4901666666666667	0.6301833333333333	0.5561666666666667	0.5270333333333334	0.4792166666666667	0.47173333333333334	0.5904666666666667	0.51805	0.5020166666666667	0.5573	0.5693833333333334	0.5427500000000001	0.5710000000000001	0.5106
0.48418333333333335	0.4548166666666667	0.5101166666666667	0.5367000000000001	0.5514666666666667	0.5007833333333334	0.4612833333333334	0.49510000000000004	0.4554166666666667	0.5466333333333333	0.5321666666666667	0.5353	0.5500166666666667	0.45335000000000003	0.5398166666666667	0.5316500000000001	0.5320666666666667	0.5595666666666667	0.47528333333333334	0.4876666666666667	0.4254833333333334	0.5406333333333334	0.4799333333333334	0.5694	0.5511	0.5091666666666667	0.5426666666666667	0.45553333333333335	0.5168833333333334	0.5850500000000001	0.54135	0.5148166666666667	0.4782166666666667	0.463	0.6138333333333333	0.6171666666666666	0.48190000000000005	0.5344166666666667	0.53235	0.5695166666666667	0.48878333333333335	0.4839833333333334	0.43178333333333335	0.56665	0.49123333333333336	0.42925	0.4977666666666667	0.49670000000000003	0.5558500000000001	0.5643	0.47581666666666667	0.4786166666666667	0.5001666666666666	0.4740666666666667	0.46815	0.5747166666666667	0.5705	0.5152333333333333	0.5633166666666667	0.48945	0.5226833333333334	0.5216666666666667	0.5996666666666667	0.5113833333333334	0.4484666666666667	0.5574166666666667	0.46571666666666667	0.49801666666666666	0.46363333333333334	0.5676333333333333	0.5353833333333333	0.4835166666666667	0.5152833333333333	0.55445	0.5777166666666667	0.615	0.4701	0.4962166666666667	0.5244833333333334	0.5062666666666666	0.5328166666666667	0.5667833333333333	0.5357500000000001	0.5031666666666667	0.47495000000000004	0.5403166666666667	0.5109833333333333	0.5694	0.5507000000000001	0.5108	0.4787166666666667	0.5274	0.5202666666666667	0.5432833333333333	0.46630000000000005	0.40308333333333335	0.5204666666666667	0.4814166666666667	0.5309166666666667	0.5256333333333334
0.5398333333333334	0.5249833333333334	0.5367000000000001	0.54505	0.5934166666666667	0.4293166666666667	0.48875	0.56445	0.4887666666666667	0.5391666666666667	0.5281333333333333	0.5418666666666667	0.5092166666666667	0.47385000000000005	0.4713	0.454	0.5858333333333333	0.51615	0.48763333333333336	0.5536833333333333	0.4229	0.46458333333333335	0.51805	0.4534666666666667	0.4486	0.6034	0.55025	0.5155166666666667	0.5473166666666667	0.6298166666666667	0.6179	0.5461333333333334	0.55745	0.5346333333333334	0.46366666666666667	0.4935166666666667	0.5682833333333334	0.5533166666666667	0.49615000000000004	0.5062833333333333	0.5397333333333334	0.46221666666666666	0.5446	0.56565	0.48403333333333337	0.45043333333333335	0.4904833333333334	0.44351666666666667	0.5191333333333333	0.5441	0.5192166666666667	0.5335	0.4821166666666667	0.46655	0.49951666666666666	0.47585	0.49283333333333335	0.5022333333333333	0.56425	0.5418166666666667	0.48825	0.5734333333333334	0.5966166666666667	0.5325333333333334	0.4617	0.5311833333333333	0.5662	0.5118666666666667	0.5355	0.48773333333333335	0.5058	0.5624	0.5209166666666667	0.53985	0.5623166666666667	0.4838	0.5433666666666667	0.535	0.49496666666666667	0.5899833333333334	0.5067	0.5561666666666667	0.56405	0.5824833333333334	0.4840166666666667	0.47583333333333333	0.5251833333333333	0.5923	0.5278166666666667	0.4422666666666667	0.5001666666666666	0.5888666666666666	0.5009666666666667	0.5975833333333334	0.5737666666666666	0.5176166666666667	0.5060666666666667	0.55805	0.4819833333333334	0.5989333333333333
0.5806833333333333	0.5119	0.4996166666666667	0.59355	0.47963333333333336	0.4981666666666667	0.45115	0.5752166666666667	0.51125	0.5067666666666667	0.4829833333333334	0.48190000000000005	0.4872	0.5347500000000001	0.5784166666666667	0.45903333333333335	0.4990666666666667	0.5066333333333334	0.5683333333333334	0.49188333333333334	0.5322833333333333	0.5331166666666667	0.5029333333333333	0.57455	0.5085833333333334	0.5146833333333334	0.5435666666666666	0.5889833333333334	0.5125500000000001	0.5095333333333334	0.4365666666666667	0.4848	0.6235166666666667	0.6009333333333333	0.4746	0.5634166666666667	0.4973166666666667	0.5298833333333334	0.5427166666666667	0.49685	0.5471333333333334	0.4855333333333334	0.50165	0.52685	0.5762333333333334	0.5159833333333333	0.48233333333333334	0.5134166666666667	0.5156000000000001	0.5054833333333334	0.60895	0.52075	0.47775	0.5352833333333333	0.49218333333333336	0.4511	0.46380000000000005	0.6059333333333333	0.6032666666666667	0.4664666666666667	0.5308166666666667	0.5143	0.47858333333333336	0.5314333333333333	0.5936333333333333	0.5343833333333333	0.52575	0.61165	0.5494	0.45895	0.5494333333333333	0.5571166666666667	0.5259	0.4691	0.4925166666666667	0.56065	0.6534833333333334	0.55905	0.5198666666666667	0.5083	0.5316833333333334	0.5778666666666666	0.5559000000000001	0.6106333333333334	0.58585	0.54305	0.5101	0.6187	0.6619666666666667	0.5001333333333333	0.5180166666666667	0.5305166666666667	0.49138333333333334	0.5192	0.5047166666666667	0.5246333333333334	0.5306833333333334	0.4858166666666667	0.5354166666666667	0.54655
0.55635	0.49925	0.5621333333333334	0.5215500000000001	0.5164166666666667	0.53535	0.5319833333333334	0.47783333333333333	0.4645166666666667	0.5114500000000001	0.5729000000000001	0.5794833333333334	0.4883	0.5090666666666667	0.5633666666666667	0.48893333333333333	0.4794333333333334	0.5256000000000001	0.5885833333333333	0.5559833333333334	0.47281666666666666	0.4809333333333334	0.54215	0.5824333333333334	0.5005666666666667	0.5463833333333333	0.5319166666666667	0.6219833333333333	0.5699166666666667	0.5236666666666667	0.5045166666666667	0.5182666666666667	0.5246333333333334	0.48510000000000003	0.5699166666666667	0.502	0.5720166666666667	0.48813333333333336	0.5558500000000001	0.5855333333333334	0.4617833333333334	0.4850666666666667	0.47958333333333336	0.5363833333333333	0.44615000000000005	0.5114166666666667	0.5487666666666667	0.5746833333333333	0.6206166666666667	0.5557833333333334	0.5318	0.42315	0.5024333333333334	0.47478333333333333	0.56005	0.4762	0.5676	0.5473833333333333	0.4119666666666667	0.4794833333333334	0.5335500000000001	0.5244166666666666	0.46608333333333335	0.49250000000000005	0.60565	0.4721666666666667	0.49920000000000003	0.4518166666666667	0.5969833333333333	0.5913	0.5658166666666667	0.4668666666666667	0.4809666666666667	0.49696666666666667	0.595	0.5126166666666667	0.6054666666666667	0.5799333333333334	0.5768166666666666	0.48395000000000005	0.5582166666666667	0.4839	0.5492166666666667	0.5383333333333333	0.47215	0.47400000000000003	0.5427500000000001	0.48813333333333336	0.5822666666666667	0.4973166666666667	0.4885666666666667	0.5375333333333333	0.5817	0.4929	0.5187333333333334	0.5052833333333333	0.529	0.5392333333333333	0.48793333333333333	0.4918666666666667
0.5110166666666667	0.5906333333333333	0.5637333333333333	0.4876666666666667	0.5267666666666667	0.4271666666666667	0.5730333333333334	0.5427333333333334	0.5771833333333334	0.5438833333333334	0.4467166666666667	0.5050666666666667	0.4967666666666667	0.47863333333333336	0.5729500000000001	0.64435	0.5416833333333334	0.4757	0.4975	0.4684166666666667	0.45185000000000003	0.5702666666666667	0.4710166666666667	0.37848333333333334	0.49555000000000005	0.5231166666666667	0.49673333333333336	0.5406500000000001	0.5302	0.5115833333333334	0.5691	0.47553333333333336	0.5176666666666667	0.49763333333333337	0.51	0.5481166666666667	0.4793	0.5662333333333334	0.41513333333333335	0.47348333333333337	0.5999833333333333	0.5177	0.4998	0.5228333333333334	0.4661166666666667	0.5876	0.5341166666666667	0.4835166666666667	0.5708666666666667	0.47731666666666667	0.5349666666666667	0.45668333333333333	0.4668666666666667	0.6401833333333333	0.5225833333333334	0.44020000000000004	0.5942166666666667	0.45030000000000003	0.6078	0.47090000000000004	0.4907666666666667	0.5093	0.5991666666666667	0.5848166666666667	0.48658333333333337	0.5336166666666667	0.49278333333333335	0.5766833333333333	0.5623	0.43483333333333335	0.4649666666666667	0.5630833333333334	0.4866666666666667	0.5259166666666667	0.5717166666666667	0.5600666666666667	0.47581666666666667	0.4465	0.5301	0.5170666666666667	0.47478333333333333	0.5117166666666667	0.5338166666666667	0.5633333333333334	0.5042333333333333	0.4909	0.4782166666666667	0.5069333333333333	0.4691166666666667	0.5078833333333334	0.5097166666666667	0.49485	0.40403333333333336	0.50675	0.5529166666666667	0.5373333333333333	0.5195666666666667	0.53605	0.5258333333333334	0.49305000000000004
0.47623333333333334	0.5183	0.47540000000000004	0.5302	0.5780000000000001	0.4996166666666667	0.48828333333333335	0.52885	0.5593166666666667	0.43055000000000004	0.5869833333333334	0.5165000000000001	0.4969166666666667	0.6219333333333333	0.5698666666666667	0.5253166666666667	0.5196500000000001	0.45170000000000005	0.5513	0.6073666666666667	0.55265	0.5465333333333333	0.5359	0.5193333333333333	0.5013500000000001	0.5425333333333333	0.5557833333333334	0.5369333333333334	0.5672833333333334	0.5236000000000001	0.45505	0.45753333333333335	0.4305166666666667	0.5085333333333334	0.6426333333333334	0.5611	0.55315	0.5015000000000001	0.4541	0.5133833333333333	0.5043833333333334	0.5124166666666667	0.60985	0.5164833333333334	0.4400833333333334	0.5061666666666667	0.5941000000000001	0.5296500000000001	0.6140333333333333	0.5573166666666667	0.5239166666666667	0.49733333333333335	0.5071833333333333	0.5745666666666667	0.49948333333333333	0.549	0.5626666666666666	0.4908	0.49163333333333337	0.4862166666666667	0.5386666666666667	0.55405	0.5706333333333333	0.53025	0.4545166666666667	0.5145166666666667	0.5486333333333333	0.44623333333333337	0.5384833333333333	0.5432833333333333	0.45693333333333336	0.5541833333333334	0.4725166666666667	0.54215	0.5257666666666667	0.5390666666666667	0.4612	0.5274666666666666	0.52405	0.50155	0.39268333333333333	0.4812166666666667	0.5708833333333334	0.5596166666666667	0.49341666666666667	0.5014500000000001	0.512	0.5154	0.4340666666666667	0.4998	0.5336166666666667	0.5579000000000001	0.5704833333333333	0.48913333333333336	0.5422166666666667	0.44778333333333337	0.46673333333333333	0.46408333333333335	0.5811166666666667	0.5398666666666667
0.5750833333333334	0.44738333333333336	0.6250666666666667	0.544	0.4363166666666667	0.5414166666666667	0.5078666666666667	0.5271	0.5281833333333333	0.5826	0.5156333333333334	0.5243166666666667	0.5099833333333333	0.41150000000000003	0.5152833333333333	0.5090833333333333	0.4935833333333334	0.48788333333333334	0.5271	0.58995	0.5276333333333334	0.44493333333333335	0.38920000000000005	0.4584666666666667	0.48375	0.5316000000000001	0.5199666666666667	0.5525	0.5012	0.5286666666666667	0.45170000000000005	0.5514	0.4905666666666667	0.5760000000000001	0.45215	0.5454166666666667	0.49160000000000004	0.5852	0.4570166666666667	0.46823333333333333	0.5165833333333334	0.45245	0.5390166666666667	0.5276666666666667	0.5286333333333334	0.47626666666666667	0.5536	0.5634833333333333	0.5260833333333333	0.49373333333333336	0.45185000000000003	0.5958	0.49015000000000003	0.49123333333333336	0.5570333333333334	0.5134166666666667	0.4695166666666667	0.6033833333333334	0.50595	0.5648500000000001	0.5073666666666667	0.47078333333333333	0.5567666666666667	0.5486	0.5263166666666667	0.48888333333333334	0.5072833333333333	0.5920000000000001	0.5077833333333334	0.5724833333333333	0.5612666666666667	0.5409	0.5790833333333334	0.48900000000000005	0.46525	0.5443666666666667	0.5381666666666667	0.47375	0.5153833333333333	0.5733666666666667	0.5691166666666667	0.5287166666666667	0.49018333333333336	0.5881000000000001	0.5369833333333334	0.4715166666666667	0.5508166666666667	0.5192666666666667	0.5483833333333333	0.5215666666666667	0.5105166666666667	0.54555	0.5793	0.5536666666666666	0.5535166666666667	0.48003333333333337	0.5592333333333334	0.5304	0.5151666666666667	0.49823333333333336
0.5159166666666667	0.44558333333333333	0.4979166666666667	0.4912166666666667	0.48908333333333337	0.5048833333333334	0.5432833333333333	0.5303333333333333	0.5367666666666667	0.5960833333333334	0.49663333333333337	0.4629666666666667	0.5467333333333334	0.5482833333333333	0.5394333333333333	0.53715	0.53715	0.5471166666666667	0.49563333333333337	0.5375	0.5477833333333334	0.5067	0.5641	0.6011000000000001	0.5381833333333333	0.5749500000000001	0.6036166666666667	0.4876166666666667	0.5771000000000001	0.5377666666666667	0.54035	0.49883333333333335	0.55325	0.46580000000000005	0.60745	0.5175000000000001	0.5665	0.5945166666666667	0.5559333333333334	0.5634666666666667	0.5427833333333334	0.5801333333333334	0.5471833333333334	0.47273333333333334	0.49038333333333334	0.5554833333333333	0.5549333333333334	0.6096666666666667	0.46626666666666666	0.4946666666666667	0.51935	0.5457166666666667	0.5447666666666667	0.43570000000000003	0.6094833333333334	0.5022666666666666	0.5193333333333333	0.4735666666666667	0.46635000000000004	0.5918333333333333	0.5866166666666667	0.5503166666666667	0.5211833333333333	0.45661666666666667	0.6325166666666667	0.5251833333333333	0.4982166666666667	0.5548500000000001	0.5703833333333334	0.5255166666666667	0.49513333333333337	0.51215	0.5698	0.5436833333333334	0.5660333333333334	0.5555	0.5659333333333334	0.5050166666666667	0.52535	0.5168666666666667	0.5223166666666667	0.5454	0.4436333333333334	0.5178666666666667	0.49328333333333335	0.4990333333333334	0.47625	0.5975333333333334	0.5111833333333333	0.49285	0.5707	0.5549166666666667	0.5085666666666667	0.4850166666666667	0.5181166666666667	0.55455	0.4971166666666667	0.5110666666666667	0.48105000000000003	0.5215500000000001
0.5464666666666667	0.57965	0.51825	0.4980666666666667	0.5326333333333334	0.5442833333333333	0.5829166666666667	0.49705000000000005	0.5153	0.5776333333333333	0.5264166666666666	0.46173333333333333	0.5656833333333333	0.5939833333333333	0.5085833333333334	0.5621833333333334	0.5249833333333334	0.5183166666666666	0.5260166666666667	0.50615	0.58285	0.5037166666666667	0.5042333333333333	0.48028333333333334	0.48350000000000004	0.5030166666666667	0.5481	0.5191	0.5282	0.5029833333333333	0.5650000000000001	0.46485000000000004	0.46003333333333335	0.5231166666666667	0.5613	0.51565	0.5491166666666667	0.4633333333333334	0.5492666666666667	0.49985	0.48053333333333337	0.56615	0.5475166666666667	0.5583166666666667	0.5620833333333334	0.5377333333333334	0.5089666666666667	0.5815333333333333	0.5523833333333333	0.5505166666666667	0.5081333333333333	0.5504	0.43133333333333335	0.6003833333333334	0.6022166666666667	0.6379	0.48835	0.523	0.45598333333333335	0.5618333333333334	0.51805	0.5535166666666667	0.5725833333333333	0.4777166666666667	0.6187166666666667	0.5400166666666667	0.5456500000000001	0.5540666666666667	0.48636666666666667	0.6711166666666667	0.4812666666666667	0.5588166666666667	0.6168333333333333	0.5161	0.5156166666666667	0.5396833333333334	0.4946166666666667	0.58285	0.4881166666666667	0.58865	0.42855000000000004	0.5428166666666667	0.5486	0.51475	0.5084166666666667	0.4899666666666667	0.4894	0.5432	0.5094000000000001	0.5121666666666667	0.549	0.4370833333333334	0.5114500000000001	0.5493166666666667	0.607	0.5634833333333333	0.5387666666666667	0.4858166666666667	0.5919666666666666	0.5057666666666667
0.5329	0.4977666666666667	0.5595666666666667	0.5577833333333334	0.5760833333333334	0.52475	0.5316166666666667	0.5563166666666667	0.5586833333333333	0.5231	0.50125	0.6011166666666667	0.4761166666666667	0.48910000000000003	0.4886166666666667	0.5022166666666666	0.5039	0.5502166666666667	0.5318166666666667	0.4414	0.4989166666666667	0.47981666666666667	0.5295666666666667	0.4764333333333334	0.6535833333333334	0.5590166666666667	0.6344500000000001	0.4743833333333334	0.5075333333333334	0.5416166666666667	0.637	0.6028333333333333	0.5647	0.6031333333333334	0.4601166666666667	0.4907166666666667	0.5397833333333334	0.4919833333333334	0.4721	0.5626666666666666	0.5315666666666667	0.5785666666666667	0.5208666666666667	0.49450000000000005	0.56435	0.4891666666666667	0.5658500000000001	0.5136666666666667	0.46271666666666667	0.5225833333333334	0.5931666666666667	0.4937666666666667	0.5325166666666666	0.48833333333333334	0.52445	0.5598500000000001	0.5047833333333334	0.50725	0.5974666666666667	0.6571333333333333	0.5489333333333334	0.44393333333333335	0.45661666666666667	0.5424666666666667	0.5090166666666667	0.54705	0.5448833333333334	0.4768	0.52315	0.50685	0.4878166666666667	0.5444833333333333	0.5203166666666666	0.50175	0.46878333333333333	0.5433	0.45808333333333334	0.5459166666666667	0.5009	0.43093333333333333	0.4891666666666667	0.46208333333333335	0.49625	0.4935166666666667	0.49193333333333333	0.4894	0.54115	0.5261	0.5600666666666667	0.49233333333333335	0.5425666666666666	0.5335166666666666	0.5653666666666667	0.4792166666666667	0.49746666666666667	0.53035	0.5579833333333334	0.3975666666666667	0.53095	0.48583333333333334
0.44955	0.52705	0.5277333333333334	0.5190166666666667	0.48808333333333337	0.49815000000000004	0.52625	0.6023333333333334	0.5270333333333334	0.4267166666666667	0.50195	0.5643833333333333	0.5818	0.5107166666666667	0.5135166666666667	0.44643333333333335	0.5414166666666667	0.5503	0.48473333333333335	0.5407000000000001	0.5557166666666667	0.5986166666666667	0.5150166666666667	0.5512833333333333	0.5628833333333334	0.4890333333333334	0.42633333333333334	0.4826166666666667	0.5450333333333334	0.48103333333333337	0.5721166666666667	0.5104000000000001	0.5428833333333334	0.48893333333333333	0.5924333333333334	0.54545	0.5051333333333333	0.5328	0.6405666666666667	0.49943333333333334	0.5956666666666667	0.6199	0.4981333333333334	0.5769666666666667	0.5818666666666666	0.5433833333333333	0.5159	0.47868333333333335	0.50315	0.5882333333333334	0.5756666666666667	0.5235500000000001	0.5205833333333334	0.5372166666666667	0.5441166666666667	0.48778333333333335	0.43465000000000004	0.5332666666666667	0.5373333333333333	0.56305	0.5466166666666666	0.5618166666666667	0.46103333333333335	0.53985	0.5831333333333334	0.5475	0.46553333333333335	0.4864833333333334	0.5613666666666667	0.5263166666666667	0.5365666666666667	0.5879166666666666	0.6219	0.5511	0.57645	0.5608333333333334	0.48145000000000004	0.4874833333333334	0.48033333333333333	0.5922000000000001	0.47695000000000004	0.5124833333333334	0.49578333333333335	0.4784333333333334	0.5466	0.5507166666666667	0.48595000000000005	0.41068333333333334	0.6151166666666666	0.4937166666666667	0.5663333333333334	0.48743333333333333	0.5000666666666667	0.5328	0.4865166666666667	0.49278333333333335	0.49243333333333333	0.526	0.43401666666666666	0.49263333333333337
0.5788166666666666	0.4957166666666667	0.4938	0.5156166666666667	0.5057666666666667	0.48713333333333336	0.47065	0.5748	0.5439166666666667	0.5092666666666666	0.4769166666666667	0.5834166666666667	0.5279166666666667	0.5081833333333333	0.5145333333333334	0.5445	0.5446333333333334	0.5684833333333333	0.5465	0.5741	0.5259166666666667	0.5009666666666667	0.5184500000000001	0.4887	0.5683666666666667	0.5619833333333334	0.49360000000000004	0.53015	0.454	0.5916333333333333	0.5083833333333334	0.55605	0.5476833333333334	0.5391666666666667	0.5545833333333333	0.5530333333333334	0.4638666666666667	0.49133333333333334	0.5403	0.5265500000000001	0.6193333333333334	0.5383833333333333	0.55425	0.5806833333333333	0.50275	0.5802166666666667	0.5113333333333333	0.4617	0.5396500000000001	0.5306833333333334	0.5152	0.49723333333333336	0.5014666666666667	0.5343333333333333	0.44308333333333333	0.5809000000000001	0.5534166666666667	0.47950000000000004	0.509	0.5186833333333334	0.44025000000000003	0.46190000000000003	0.4031	0.45288333333333336	0.5288	0.4941166666666667	0.4772166666666667	0.52185	0.53235	0.48660000000000003	0.51135	0.5189166666666667	0.6221833333333333	0.5242666666666667	0.5255166666666667	0.5004000000000001	0.44885	0.5395	0.6476333333333334	0.47600000000000003	0.5240666666666667	0.48373333333333335	0.5756833333333333	0.57715	0.5576333333333333	0.50395	0.5100333333333333	0.5039333333333333	0.5489166666666667	0.5498333333333334	0.49065000000000003	0.5285500000000001	0.5455	0.5761333333333334	0.5890000000000001	0.5038166666666667	0.5474166666666667	0.5438166666666667	0.5753166666666667	0.5560833333333334
0.5533166666666667	0.48128333333333334	0.5382166666666667	0.5088833333333334	0.433	0.5481	0.5941500000000001	0.5553333333333333	0.4451333333333334	0.6470166666666667	0.48095000000000004	0.49935	0.6314500000000001	0.47698333333333337	0.5042333333333333	0.44506666666666667	0.5525166666666667	0.5361333333333334	0.5339333333333334	0.50695	0.5127166666666667	0.5344833333333333	0.5579666666666667	0.6162000000000001	0.44260000000000005	0.4797166666666667	0.5299333333333334	0.45698333333333335	0.5169666666666667	0.5617333333333333	0.5001833333333333	0.4782666666666667	0.503	0.5101	0.5398000000000001	0.52895	0.4795666666666667	0.5540833333333334	0.5277333333333334	0.5738166666666666	0.47475	0.5475166666666667	0.56265	0.5449166666666667	0.5006666666666667	0.4987166666666667	0.5505166666666667	0.5921333333333334	0.51785	0.4950666666666667	0.5773	0.52735	0.4941166666666667	0.4940666666666667	0.45385000000000003	0.5373	0.5590333333333334	0.4893	0.49005000000000004	0.4936666666666667	0.4870666666666667	0.47783333333333333	0.5085000000000001	0.5277166666666667	0.545	0.46205	0.4990333333333334	0.5972000000000001	0.46405	0.4459666666666667	0.48435	0.5413	0.49798333333333333	0.47835	0.5063166666666666	0.52375	0.56115	0.48336666666666667	0.54645	0.4896666666666667	0.5014500000000001	0.5314166666666666	0.5118166666666667	0.5431166666666667	0.47003333333333336	0.55015	0.46271666666666667	0.5381833333333333	0.6017	0.4970166666666667	0.5697666666666666	0.5439	0.5873833333333334	0.47836666666666666	0.5105333333333334	0.5206333333333334	0.48458333333333337	0.4563166666666667	0.5468000000000001	0.5375833333333334
0.5207166666666667	0.5025333333333334	0.5027833333333334	0.5287166666666667	0.5639333333333334	0.5555833333333333	0.5573333333333333	0.5015333333333334	0.5244166666666666	0.5718833333333334	0.59765	0.43683333333333335	0.5873166666666667	0.4865333333333334	0.6109833333333333	0.5270833333333333	0.512	0.49188333333333334	0.56245	0.4410833333333333	0.5246000000000001	0.51875	0.5632166666666667	0.49268333333333336	0.5420833333333334	0.4920333333333334	0.5425666666666666	0.5610333333333334	0.5599000000000001	0.5448166666666667	0.4922666666666667	0.6149666666666667	0.5711166666666667	0.6172666666666667	0.48923333333333335	0.58375	0.5226500000000001	0.45515	0.49045	0.45775000000000005	0.5077833333333334	0.5138833333333334	0.4560166666666667	0.5145500000000001	0.5780666666666667	0.47918333333333335	0.5296166666666667	0.5987333333333333	0.5357333333333334	0.50715	0.49510000000000004	0.49088333333333334	0.5368	0.5286000000000001	0.5146000000000001	0.5339666666666667	0.59165	0.5371833333333333	0.57985	0.525	0.5537166666666667	0.5072166666666666	0.49595	0.6160166666666667	0.58635	0.5271333333333333	0.54905	0.5332666666666667	0.4817166666666667	0.5446666666666667	0.6051833333333334	0.5394166666666667	0.53845	0.54865	0.5526	0.5117833333333334	0.47231666666666666	0.5210666666666667	0.5882333333333334	0.5920166666666667	0.5318333333333334	0.45358333333333334	0.47968333333333335	0.5257666666666667	0.5263333333333333	0.5212833333333333	0.5470666666666667	0.5014166666666667	0.5128333333333334	0.42550000000000004	0.4529166666666667	0.45093333333333335	0.5425166666666666	0.5445666666666666	0.5573	0.48068333333333335	0.4809833333333334	0.4970833333333334	0.5137166666666667	0.5014666666666667
0.5375	0.45616666666666666	0.49310000000000004	0.5288166666666667	0.5721833333333334	0.4799166666666667	0.5473666666666667	0.5322	0.47986666666666666	0.5543	0.5679333333333334	0.49338333333333334	0.5365833333333334	0.5400666666666667	0.64365	0.53585	0.5307833333333334	0.4860666666666667	0.5121	0.5508166666666667	0.48575	0.5565666666666667	0.5138166666666667	0.5189833333333334	0.462	0.6096666666666667	0.4811666666666667	0.5310666666666667	0.47868333333333335	0.5247666666666667	0.48228333333333334	0.48153333333333337	0.46635000000000004	0.5520166666666667	0.4592333333333334	0.5544333333333333	0.4975666666666667	0.5820666666666667	0.5879	0.5755	0.47815	0.42623333333333335	0.5243833333333333	0.49475	0.5419333333333334	0.5003500000000001	0.49373333333333336	0.53895	0.5269	0.5218333333333334	0.6050166666666666	0.4910333333333334	0.6064833333333334	0.4920166666666667	0.5134833333333334	0.5540333333333334	0.47563333333333335	0.5341666666666667	0.5763	0.5481166666666667	0.5728	0.5347500000000001	0.55205	0.4885666666666667	0.47625	0.6253500000000001	0.5238333333333334	0.49288333333333334	0.52325	0.6020166666666666	0.55545	0.5642666666666667	0.5694833333333333	0.54415	0.5068666666666667	0.47881666666666667	0.42905000000000004	0.5341	0.5885166666666667	0.5242	0.5967666666666667	0.5072333333333333	0.40995000000000004	0.5171333333333333	0.5657	0.47808333333333336	0.52735	0.47058333333333335	0.4664666666666667	0.4763833333333334	0.4671	0.6017	0.5312	0.5207666666666667	0.5053500000000001	0.5264166666666666	0.5037166666666667	0.4681166666666667	0.49843333333333334	0.5267833333333334
0.4199	0.5450833333333334	0.5730333333333334	0.6622	0.43820000000000003	0.48800000000000004	0.5662666666666667	0.5323	0.48118333333333335	0.5038166666666667	0.45703333333333335	0.48933333333333334	0.46638333333333337	0.4295666666666667	0.6001666666666667	0.4882	0.4930833333333334	0.4938	0.5528000000000001	0.5727666666666666	0.5579000000000001	0.48395000000000005	0.6083833333333334	0.5403	0.49675	0.5937333333333333	0.5446666666666667	0.5728333333333333	0.5335500000000001	0.6038	0.5894	0.5800833333333334	0.5102166666666667	0.59945	0.44848333333333334	0.48918333333333336	0.5855833333333333	0.5547000000000001	0.5579500000000001	0.4538666666666667	0.5031	0.5098333333333334	0.6447166666666667	0.5295833333333334	0.5598666666666667	0.5417500000000001	0.5927666666666667	0.4855666666666667	0.5424333333333333	0.45235000000000003	0.5733166666666667	0.5148333333333334	0.4840166666666667	0.4797666666666667	0.6250166666666667	0.5356833333333334	0.5829500000000001	0.47705000000000003	0.5628000000000001	0.6169166666666667	0.5462833333333333	0.5703333333333334	0.5529833333333334	0.5422833333333333	0.49455000000000005	0.49738333333333334	0.49995	0.50985	0.5749833333333334	0.44045	0.42185	0.48778333333333335	0.5357500000000001	0.5375833333333334	0.5490333333333334	0.4778	0.6178333333333333	0.4756666666666667	0.5167833333333334	0.5452	0.5593166666666667	0.57945	0.5538000000000001	0.5329	0.49238333333333334	0.6194000000000001	0.4868	0.46990000000000004	0.6064666666666667	0.45735000000000003	0.4160666666666667	0.45505	0.5109666666666667	0.5391166666666667	0.5041666666666667	0.5115166666666667	0.6073833333333334	0.4954	0.5094833333333334	0.6213666666666667
0.5472166666666667	0.5451833333333334	0.4516833333333334	0.5198666666666667	0.5549666666666667	0.45485000000000003	0.4708666666666667	0.5249	0.5187333333333334	0.49988333333333335	0.47526666666666667	0.4735666666666667	0.46668333333333334	0.5795833333333333	0.5615	0.5064000000000001	0.55145	0.45005	0.5189	0.53785	0.46265	0.5055833333333334	0.5953666666666667	0.51385	0.5549833333333334	0.45553333333333335	0.5212	0.5606666666666666	0.5065333333333334	0.50455	0.5735	0.47675	0.6074166666666667	0.48233333333333334	0.5751833333333334	0.5072166666666666	0.5826333333333333	0.5447166666666667	0.4339	0.5109166666666667	0.5481666666666667	0.5826166666666667	0.51135	0.4944	0.5658166666666667	0.5627	0.5115000000000001	0.4807	0.6121500000000001	0.5040666666666667	0.5185000000000001	0.5486	0.4580166666666667	0.5291333333333333	0.4762	0.5687333333333333	0.5773833333333334	0.5317000000000001	0.5388833333333334	0.4713666666666667	0.50075	0.4842	0.5391333333333334	0.5434	0.5871000000000001	0.5239833333333334	0.5221166666666667	0.5123166666666666	0.4753833333333334	0.5231666666666667	0.5830833333333334	0.5163333333333333	0.5766166666666667	0.5227	0.5198833333333334	0.5379333333333334	0.4950833333333334	0.5296166666666667	0.5003833333333334	0.5405666666666666	0.4945166666666667	0.5442833333333333	0.5299	0.5968666666666667	0.5632666666666667	0.5710166666666667	0.5620666666666667	0.47545000000000004	0.5089	0.44445	0.5358	0.49748333333333333	0.5828833333333333	0.5741166666666667	0.49665000000000004	0.5487666666666667	0.5808333333333333	0.5479333333333334	0.5464833333333333	0.48775
