0.49975	0.6373166666666666	0.44173333333333337	0.54655	0.4576	0.5860833333333334	0.69035	0.5797166666666667	0.5819666666666667	0.46180000000000004	0.5260166666666667	0.51895	0.5656	0.5281833333333333	0.5220333333333333	0.6241333333333333	0.52225	0.7180000000000001	0.44243333333333335	0.5495166666666667	0.5024666666666667	0.5404166666666667	0.5124833333333334	0.4947166666666667	0.5424333333333333	0.43793333333333334	0.6120333333333333	0.55395	0.49323333333333336	0.5682833333333334	0.6061166666666667	0.5566166666666666	0.5064333333333334	0.41900000000000004	0.5109666666666667	0.5308	0.49975	0.5450833333333334	0.44423333333333337	0.5623	0.5557666666666667	0.4918166666666667	0.48245000000000005	0.6000500000000001	0.5257666666666667	0.55535	0.4957666666666667	0.5176000000000001	0.4765666666666667	0.55815	0.5765833333333333	0.5066833333333334	0.5765166666666667	0.43141666666666667	0.5085666666666667	0.44148333333333334	0.5634666666666667	0.4842	0.5168166666666667	0.52915	0.5793833333333334	0.5545666666666667	0.5924	0.46748333333333336	0.4591	0.5487000000000001	0.4719166666666667	0.4638666666666667	0.38183333333333336	0.5966666666666667	0.60945	0.47833333333333333	0.5710833333333334	0.5929	0.5025833333333334	0.4602333333333334	0.5051166666666667	0.5644166666666667	0.5059833333333333	0.4972166666666667	0.5544166666666667	0.5670833333333334	0.5026833333333334	0.5588166666666667	0.53295	0.5042166666666666	0.4585166666666667	0.4805166666666667	0.58185	0.47153333333333336	0.51585	0.4298	0.5213666666666666	0.5274833333333333	0.5311833333333333	0.45855	0.5464166666666667	0.5321666666666667	0.45925000000000005	0.5630166666666667
0.4164166666666667	0.5130833333333333	0.50685	0.4469	0.5737833333333333	0.5251666666666667	0.47103333333333336	0.49038333333333334	0.4523166666666667	0.5994166666666667	0.5581833333333334	0.5676833333333333	0.6126833333333334	0.5403333333333333	0.4431833333333334	0.47703333333333336	0.5669833333333334	0.4733666666666667	0.5464166666666667	0.5693666666666667	0.47455	0.4956666666666667	0.6096166666666667	0.5592	0.5593166666666667	0.38028333333333336	0.5462166666666667	0.5570833333333334	0.4346166666666667	0.5700333333333334	0.5224	0.4851666666666667	0.5785333333333333	0.4650666666666667	0.47145000000000004	0.5551833333333334	0.4962666666666667	0.5525166666666667	0.52285	0.6206666666666667	0.5227166666666667	0.5597833333333334	0.5943666666666667	0.4686	0.5436333333333334	0.5886833333333333	0.49665000000000004	0.5794666666666667	0.5329833333333334	0.6648833333333334	0.47300000000000003	0.5307666666666667	0.5751000000000001	0.52515	0.5196000000000001	0.5282333333333333	0.5458666666666667	0.3809166666666667	0.5308666666666667	0.44988333333333336	0.45815	0.47335000000000005	0.57625	0.5530166666666667	0.4540666666666667	0.5548166666666667	0.5294	0.4628166666666667	0.53545	0.41286666666666666	0.41403333333333336	0.5607500000000001	0.46821666666666667	0.5365333333333333	0.5148	0.5164666666666667	0.4782166666666667	0.5549833333333334	0.4872666666666667	0.6079333333333333	0.6175	0.50315	0.5281166666666667	0.5582833333333334	0.46308333333333335	0.5681333333333334	0.5219	0.5241166666666667	0.5223166666666667	0.4687	0.5279833333333334	0.6319833333333333	0.5615166666666667	0.5498166666666667	0.5604666666666667	0.5845333333333333	0.57965	0.47581666666666667	0.5351666666666667	0.5212833333333333
0.5239666666666667	0.5164833333333334	0.5699666666666667	0.5004166666666667	0.5228666666666667	0.5961333333333334	0.49245	0.4974166666666667	0.58485	0.5625833333333333	0.4773666666666667	0.5804333333333334	0.49498333333333333	0.6205	0.6068666666666667	0.5133666666666666	0.6311	0.4650166666666667	0.48886666666666667	0.6125	0.63325	0.5493666666666667	0.6190166666666667	0.6014	0.48331666666666667	0.5214333333333333	0.49045	0.40700000000000003	0.4397666666666667	0.60075	0.5558166666666667	0.5263166666666667	0.6311166666666667	0.6068333333333333	0.5672666666666667	0.5342333333333333	0.5257000000000001	0.5111666666666667	0.5134000000000001	0.5099666666666667	0.5262	0.4557666666666667	0.5026	0.47540000000000004	0.4585166666666667	0.5787666666666667	0.39468333333333333	0.5466166666666666	0.6097	0.4411166666666667	0.5087666666666667	0.5784166666666667	0.48265	0.50995	0.5492166666666667	0.5094000000000001	0.5473833333333333	0.5858166666666667	0.53785	0.5554666666666667	0.5647833333333334	0.5261666666666667	0.5425	0.4976666666666667	0.4888166666666667	0.48675	0.44495	0.5425666666666666	0.5814	0.558	0.5606166666666667	0.56645	0.4885666666666667	0.48713333333333336	0.50085	0.5356166666666667	0.5070833333333333	0.49135	0.5138333333333334	0.5454833333333333	0.48175	0.5092166666666667	0.5158	0.4926666666666667	0.44988333333333336	0.5240666666666667	0.5130166666666667	0.49178333333333335	0.4899833333333334	0.4730666666666667	0.49665000000000004	0.5367833333333334	0.5735833333333333	0.5688	0.4300333333333334	0.3710833333333334	0.4537166666666667	0.5761666666666667	0.4787166666666667	0.49595
0.5259	0.5717166666666667	0.5458333333333334	0.5846666666666667	0.5428333333333334	0.48008333333333336	0.50475	0.5002666666666666	0.5326666666666667	0.47953333333333337	0.64425	0.6047666666666667	0.48615	0.4812	0.48125	0.6136333333333334	0.5204333333333333	0.5709500000000001	0.5870833333333334	0.6202333333333334	0.44770000000000004	0.47798333333333337	0.48100000000000004	0.5669000000000001	0.49660000000000004	0.44398333333333334	0.5581	0.5246333333333334	0.5099333333333333	0.5847166666666667	0.5119833333333333	0.4829666666666667	0.47725	0.5394666666666666	0.5596833333333333	0.5508333333333334	0.61005	0.4152166666666667	0.5061166666666667	0.46893333333333337	0.5343	0.47683333333333333	0.43956666666666666	0.5035333333333334	0.5300166666666667	0.5044000000000001	0.4580166666666667	0.4511666666666667	0.5448833333333334	0.5802	0.5728833333333334	0.48645000000000005	0.5876	0.5196000000000001	0.5294666666666666	0.6005833333333334	0.5574	0.5442666666666667	0.49518333333333336	0.6022333333333334	0.5771166666666667	0.47358333333333336	0.5716166666666667	0.5984166666666667	0.5297166666666667	0.48508333333333337	0.525	0.5176000000000001	0.5254666666666666	0.5929	0.4747	0.49045	0.5062666666666666	0.49823333333333336	0.5610833333333334	0.5003333333333334	0.49873333333333336	0.5643666666666667	0.49018333333333336	0.5080833333333333	0.5166833333333334	0.5566	0.5378333333333334	0.5348666666666667	0.5446666666666667	0.5006	0.5439833333333334	0.5728500000000001	0.5743166666666667	0.42025	0.47781666666666667	0.5115500000000001	0.44151666666666667	0.45013333333333333	0.5101	0.6482666666666667	0.5229333333333334	0.5874166666666667	0.4806166666666667	0.5642166666666667
0.5623833333333333	0.5205000000000001	0.47718333333333335	0.5364333333333333	0.64795	0.4927666666666667	0.5173333333333333	0.54965	0.47933333333333333	0.4844666666666667	0.47865	0.48508333333333337	0.49868333333333337	0.5027666666666667	0.4627666666666667	0.5574333333333333	0.6163166666666667	0.5140666666666667	0.6161333333333333	0.5353333333333333	0.42860000000000004	0.5069833333333333	0.5018833333333333	0.5312166666666667	0.39873333333333333	0.5853666666666667	0.6196333333333334	0.5783666666666667	0.5338166666666667	0.5933166666666667	0.6425833333333334	0.4705666666666667	0.531	0.5619166666666667	0.5698500000000001	0.5607500000000001	0.6075333333333334	0.5191166666666667	0.40371666666666667	0.5161833333333333	0.49785	0.5202833333333333	0.5232166666666667	0.4870666666666667	0.5721333333333334	0.5043166666666666	0.5371666666666667	0.5410833333333334	0.53005	0.5941500000000001	0.5393333333333333	0.5231833333333333	0.5367166666666667	0.4926166666666667	0.5107166666666667	0.5596833333333333	0.5422833333333333	0.48950000000000005	0.44256666666666666	0.5219166666666667	0.55445	0.6271333333333333	0.4965666666666667	0.5463833333333333	0.5920666666666667	0.5613166666666667	0.5267166666666667	0.5213333333333333	0.4986333333333334	0.5434833333333333	0.5485833333333333	0.5425833333333333	0.4552333333333334	0.5872333333333334	0.5392833333333333	0.5153833333333333	0.49825	0.5323833333333333	0.515	0.5095000000000001	0.54345	0.5466333333333333	0.53335	0.49541666666666667	0.5646333333333333	0.5649833333333334	0.5546	0.53525	0.53415	0.5859833333333334	0.5215666666666667	0.45858333333333334	0.5296333333333334	0.5508666666666667	0.4513666666666667	0.5912166666666667	0.55365	0.48783333333333334	0.5884166666666667	0.5368166666666667
0.5268833333333334	0.5471333333333334	0.5561666666666667	0.4472166666666667	0.4750666666666667	0.4725666666666667	0.5262	0.47613333333333335	0.39535000000000003	0.5091166666666667	0.5265333333333334	0.45270000000000005	0.49805000000000005	0.4320833333333334	0.6478833333333334	0.51735	0.5261166666666667	0.52035	0.5108333333333334	0.5386500000000001	0.5152666666666667	0.59635	0.6229	0.48850000000000005	0.6238666666666667	0.6472666666666667	0.5621833333333334	0.65005	0.5406833333333334	0.5550166666666667	0.499	0.4995	0.6146166666666667	0.6635833333333334	0.47076666666666667	0.5322	0.5342333333333333	0.49278333333333335	0.5328166666666667	0.5720500000000001	0.5335666666666667	0.5918166666666667	0.48255000000000003	0.44943333333333335	0.5533666666666667	0.44195	0.4022833333333333	0.5265500000000001	0.44178333333333336	0.4587666666666667	0.5332833333333333	0.5244666666666666	0.4677	0.4756666666666667	0.5321166666666667	0.5125000000000001	0.5726333333333333	0.44073333333333337	0.4567666666666667	0.53815	0.457	0.5307833333333334	0.5127833333333334	0.5300833333333334	0.5673333333333334	0.5107333333333334	0.5013833333333334	0.5383833333333333	0.48550000000000004	0.5661666666666667	0.49610000000000004	0.5493	0.53295	0.5079333333333333	0.5137666666666667	0.6037666666666667	0.47045000000000003	0.51295	0.4917	0.5092	0.4978	0.5290666666666667	0.5811833333333334	0.5641166666666667	0.6103500000000001	0.43538333333333334	0.39488333333333336	0.49265000000000003	0.49058333333333337	0.5648000000000001	0.5995333333333334	0.5253166666666667	0.5538833333333334	0.47448333333333337	0.48591666666666666	0.5113	0.5125500000000001	0.5325833333333334	0.5810166666666667	0.5228166666666667
0.5059333333333333	0.5167	0.45975000000000005	0.5108333333333334	0.41436666666666666	0.4539	0.5783166666666667	0.4698833333333334	0.6193500000000001	0.4802666666666667	0.5117166666666667	0.5512333333333334	0.5703666666666667	0.4927666666666667	0.52485	0.5290833333333333	0.49178333333333335	0.5151833333333333	0.4154333333333334	0.5072166666666666	0.5287166666666667	0.5697833333333333	0.5586666666666666	0.4853166666666667	0.4636	0.5449333333333334	0.5656166666666667	0.5040833333333333	0.47095000000000004	0.6450833333333333	0.5817333333333333	0.5379	0.5519833333333334	0.5273666666666667	0.5322333333333333	0.4749333333333334	0.6029166666666667	0.4574166666666667	0.46565	0.65585	0.5520666666666667	0.5339	0.5632166666666667	0.5333	0.51425	0.5813333333333334	0.49755000000000005	0.46543333333333337	0.5215666666666667	0.5148166666666667	0.5758666666666667	0.5542333333333334	0.4652833333333334	0.4611	0.5671	0.5790166666666667	0.5265333333333334	0.5503333333333333	0.6146333333333334	0.5746	0.46368333333333334	0.5218666666666667	0.6416333333333334	0.44720000000000004	0.5324666666666666	0.5368	0.4581	0.5085333333333334	0.43543333333333334	0.5660833333333334	0.5633166666666667	0.5831333333333334	0.522	0.5565166666666667	0.5026833333333334	0.46043333333333336	0.42895	0.4145666666666667	0.5024333333333334	0.44738333333333336	0.5188166666666667	0.4305666666666667	0.6396166666666667	0.4919	0.5800333333333334	0.4840166666666667	0.5573333333333333	0.54195	0.46848333333333336	0.4479166666666667	0.48641666666666666	0.6015833333333334	0.5310333333333334	0.5267833333333334	0.4799666666666667	0.4992166666666667	0.5504666666666667	0.43956666666666666	0.5437500000000001	0.5608500000000001
0.55205	0.5007	0.49083333333333334	0.49128333333333335	0.5949333333333333	0.48023333333333335	0.46505	0.41218333333333335	0.5625833333333333	0.56745	0.5285000000000001	0.5404333333333333	0.4534166666666667	0.50995	0.4476666666666667	0.6694666666666667	0.46605	0.6309833333333333	0.5553	0.63895	0.5297666666666667	0.5504	0.5831833333333334	0.4856666666666667	0.55905	0.45638333333333336	0.5574333333333333	0.5088	0.5056833333333334	0.5176833333333334	0.45683333333333337	0.6247333333333334	0.5370833333333334	0.4503666666666667	0.5083166666666666	0.5583666666666667	0.5247333333333334	0.39485000000000003	0.5006166666666667	0.5070166666666667	0.4747166666666667	0.59195	0.4743666666666667	0.4985666666666667	0.5209833333333334	0.53905	0.5430166666666667	0.5293333333333333	0.46003333333333335	0.45275000000000004	0.50895	0.5523833333333333	0.5275666666666667	0.6187333333333334	0.47578333333333334	0.52915	0.5609166666666667	0.5386833333333334	0.5223	0.5471833333333334	0.5617666666666667	0.5459166666666667	0.5849	0.4834	0.40865	0.5048333333333334	0.5542666666666667	0.43091666666666667	0.5032333333333333	0.6447	0.5583166666666667	0.5379666666666667	0.5099	0.5142166666666667	0.5568333333333334	0.4904	0.5182333333333333	0.47813333333333335	0.5239	0.4733	0.5171333333333333	0.5661833333333334	0.5712833333333334	0.6852166666666667	0.4790666666666667	0.4927666666666667	0.6847833333333334	0.5018333333333334	0.5454166666666667	0.5047833333333334	0.5013000000000001	0.4817	0.5172	0.5405333333333333	0.5063333333333334	0.5101	0.49768333333333337	0.47515	0.5422666666666667	0.5044666666666667
0.47003333333333336	0.4844	0.45803333333333335	0.5237666666666667	0.3738166666666667	0.5030166666666667	0.47150000000000003	0.4771166666666667	0.4769666666666667	0.44245	0.4698833333333334	0.5376666666666667	0.5673	0.46971666666666667	0.5088833333333334	0.47525	0.5816833333333333	0.5958	0.4502333333333334	0.43291666666666667	0.6364666666666667	0.4476666666666667	0.5355833333333334	0.49348333333333333	0.49718333333333337	0.5081666666666667	0.5371666666666667	0.46273333333333333	0.4866166666666667	0.5338166666666667	0.58565	0.5516166666666666	0.5150333333333333	0.4932666666666667	0.5507500000000001	0.53825	0.5777833333333333	0.45233333333333337	0.48055000000000003	0.5445666666666666	0.5129833333333333	0.6461333333333333	0.5314166666666666	0.4713666666666667	0.41628333333333334	0.5048833333333334	0.5155500000000001	0.4508166666666667	0.54735	0.52025	0.6321666666666667	0.41458333333333336	0.48260000000000003	0.5322	0.5181	0.5234833333333334	0.46898333333333336	0.5042666666666666	0.5830833333333334	0.5805833333333333	0.48638333333333333	0.5901000000000001	0.6026	0.46403333333333335	0.5117166666666667	0.4911666666666667	0.5528000000000001	0.5777333333333333	0.5779666666666667	0.49893333333333334	0.5492	0.59995	0.5117	0.6410166666666667	0.5642833333333334	0.45883333333333337	0.4526	0.5157166666666667	0.6712833333333333	0.4135166666666667	0.5858333333333333	0.4451666666666667	0.51185	0.4575166666666667	0.4451666666666667	0.48525	0.4640166666666667	0.4977666666666667	0.6250333333333333	0.54195	0.6055333333333334	0.67505	0.6157833333333333	0.5549333333333334	0.5293833333333333	0.5284166666666666	0.42591666666666667	0.59145	0.5766166666666667	0.6342
0.4880333333333334	0.4728666666666667	0.4914	0.53485	0.44195	0.4925333333333334	0.5178	0.5484166666666667	0.5234666666666667	0.55305	0.43901666666666667	0.5142833333333333	0.5143166666666666	0.4678333333333334	0.48473333333333335	0.5353	0.467	0.5142666666666666	0.5603833333333333	0.49388333333333334	0.5098333333333334	0.3894666666666667	0.5888	0.6131500000000001	0.5164833333333334	0.5075000000000001	0.4683833333333334	0.56515	0.47931666666666667	0.4861666666666667	0.47365	0.5652833333333334	0.48555000000000004	0.54695	0.5107	0.5037333333333334	0.47828333333333334	0.6151166666666666	0.5538000000000001	0.6275833333333334	0.6074666666666667	0.5057666666666667	0.48095000000000004	0.5939166666666666	0.5436166666666667	0.5569833333333334	0.52425	0.3504	0.4785666666666667	0.5453333333333333	0.48843333333333333	0.5655	0.5264	0.5146333333333334	0.55565	0.47681666666666667	0.5706166666666667	0.5358666666666667	0.4127	0.44173333333333337	0.6017833333333333	0.4902	0.5565166666666667	0.5714	0.4754666666666667	0.4756	0.5618000000000001	0.6090333333333333	0.5412666666666667	0.5519333333333334	0.6619166666666667	0.5164166666666667	0.5310833333333334	0.51935	0.5323	0.48478333333333334	0.5239166666666667	0.5426666666666667	0.5583833333333333	0.5341833333333333	0.529	0.4757166666666667	0.5380666666666667	0.46155	0.51225	0.5234666666666667	0.5332333333333333	0.5215333333333334	0.5677333333333333	0.5200333333333333	0.48558333333333337	0.6212666666666667	0.5400833333333334	0.46995000000000003	0.5032166666666666	0.5223666666666666	0.4722	0.5910000000000001	0.4143	0.45458333333333334
0.41045000000000004	0.6103166666666667	0.48935	0.5925333333333334	0.48993333333333333	0.6310833333333333	0.4858166666666667	0.43568333333333337	0.5258	0.5227166666666667	0.46876666666666666	0.4509	0.5120333333333333	0.6284666666666667	0.4966166666666667	0.4918	0.52885	0.5137833333333334	0.49100000000000005	0.49355000000000004	0.47018333333333334	0.5401666666666667	0.5377000000000001	0.6005833333333334	0.50675	0.6072666666666667	0.54945	0.46016666666666667	0.6839666666666667	0.60655	0.6082000000000001	0.5640666666666667	0.47933333333333333	0.49155000000000004	0.5388666666666667	0.45913333333333334	0.6425833333333334	0.5488500000000001	0.47071666666666667	0.4646166666666667	0.55445	0.5142666666666666	0.4839666666666667	0.5396500000000001	0.674	0.47940000000000005	0.5453666666666667	0.5333333333333333	0.5251666666666667	0.57165	0.39871666666666666	0.5693166666666667	0.5648666666666667	0.56055	0.47128333333333333	0.56515	0.5322166666666667	0.47868333333333335	0.5641	0.5079666666666667	0.5489833333333334	0.4737	0.6141	0.52935	0.5236000000000001	0.5015333333333334	0.6116	0.5388666666666667	0.5857333333333333	0.4888166666666667	0.4421833333333334	0.44210000000000005	0.5233833333333333	0.5081	0.4651666666666667	0.5003833333333334	0.4929833333333334	0.5645166666666667	0.4441833333333334	0.6225666666666667	0.58835	0.48978333333333335	0.58975	0.4512166666666667	0.5221333333333333	0.51305	0.5192666666666667	0.5505166666666667	0.60985	0.48373333333333335	0.45758333333333334	0.6224166666666667	0.4686666666666667	0.60605	0.5	0.5987	0.46630000000000005	0.4871666666666667	0.4993666666666667	0.5312666666666667
0.41805000000000003	0.43688333333333335	0.5697833333333333	0.48478333333333334	0.4743666666666667	0.4817666666666667	0.5887166666666667	0.5339833333333334	0.6230166666666667	0.42450000000000004	0.5804666666666667	0.5638833333333334	0.4844166666666667	0.4521	0.5162333333333333	0.55735	0.48483333333333334	0.5047	0.5723333333333334	0.58765	0.5385666666666666	0.5263333333333333	0.55605	0.5965166666666667	0.52915	0.5809500000000001	0.3954666666666667	0.4804666666666667	0.5185500000000001	0.5151	0.5596666666666666	0.4886666666666667	0.46098333333333336	0.47508333333333336	0.5405	0.44135	0.5857333333333333	0.5357166666666667	0.48541666666666666	0.48268333333333335	0.5096166666666667	0.5205666666666667	0.6576000000000001	0.544	0.5461666666666667	0.46438333333333337	0.5013500000000001	0.5222	0.4673833333333334	0.5602833333333334	0.5111333333333333	0.5677833333333333	0.4778833333333334	0.5410666666666667	0.5614	0.4747	0.5145166666666667	0.49123333333333336	0.4771	0.5922666666666667	0.5455833333333333	0.5251666666666667	0.52675	0.48900000000000005	0.5759166666666667	0.5264333333333333	0.529	0.47078333333333333	0.6010333333333333	0.5851333333333334	0.5435666666666666	0.5492166666666667	0.4860333333333334	0.5670833333333334	0.5049166666666667	0.5049833333333333	0.5597166666666666	0.5392833333333333	0.5303666666666667	0.5659333333333334	0.47765	0.5892000000000001	0.5709666666666667	0.46105	0.5830666666666667	0.5232	0.6168166666666667	0.5580333333333334	0.5517666666666667	0.5566166666666666	0.49145	0.4256166666666667	0.5902666666666667	0.51365	0.4857166666666667	0.5363833333333333	0.6052000000000001	0.47936666666666666	0.47043333333333337	0.5769000000000001
0.48450000000000004	0.44470000000000004	0.46880000000000005	0.45266666666666666	0.5105500000000001	0.5042833333333333	0.49110000000000004	0.59965	0.5318	0.42805000000000004	0.49485	0.4408666666666667	0.5440333333333334	0.5896666666666667	0.5016666666666667	0.61855	0.42545	0.5966666666666667	0.40340000000000004	0.5054000000000001	0.5729666666666667	0.5177333333333334	0.5229666666666667	0.5095333333333334	0.4705166666666667	0.6021000000000001	0.51095	0.4512166666666667	0.49675	0.62925	0.6032000000000001	0.5999166666666667	0.51615	0.5981000000000001	0.555	0.5346500000000001	0.5019333333333333	0.5304	0.46825	0.6271666666666667	0.4622833333333334	0.4858	0.44295	0.5664666666666667	0.4397166666666667	0.5595333333333333	0.4520166666666667	0.45075000000000004	0.5313	0.5685666666666667	0.6887166666666668	0.6056	0.5259	0.6545166666666667	0.42700000000000005	0.5190166666666667	0.4771166666666667	0.5461666666666667	0.4879666666666667	0.42338333333333333	0.5234833333333334	0.5829833333333334	0.5039833333333333	0.5741	0.5913333333333334	0.4539166666666667	0.6045	0.5123833333333334	0.4799833333333334	0.5054500000000001	0.5541166666666667	0.6108333333333333	0.4152166666666667	0.57065	0.5275166666666667	0.4272166666666667	0.5329333333333334	0.43628333333333336	0.48813333333333336	0.5328	0.5411166666666667	0.5775333333333333	0.5063333333333334	0.4788	0.6572833333333333	0.5233166666666667	0.48945	0.5022166666666666	0.46663333333333334	0.4727166666666667	0.4847	0.5817333333333333	0.5718666666666667	0.5688500000000001	0.52835	0.5658500000000001	0.5199666666666667	0.5537666666666667	0.47168333333333334	0.5032333333333333
0.39608333333333334	0.5441833333333334	0.5137333333333334	0.5315833333333334	0.5279333333333334	0.6565000000000001	0.43953333333333333	0.43433333333333335	0.5261833333333333	0.53995	0.5540333333333334	0.5165000000000001	0.5859500000000001	0.538	0.5138333333333334	0.5271	0.5251833333333333	0.5530333333333334	0.4231666666666667	0.58845	0.50115	0.5527166666666667	0.5121666666666667	0.5476	0.49695	0.5688	0.6516833333333334	0.4761	0.5218666666666667	0.4662	0.37593333333333334	0.5128166666666667	0.5921833333333334	0.6384333333333334	0.5649666666666667	0.5482166666666667	0.53615	0.58555	0.56275	0.5790666666666667	0.48186666666666667	0.39748333333333336	0.4864666666666667	0.5107666666666667	0.5847166666666667	0.5977666666666667	0.5237666666666667	0.5255000000000001	0.5553	0.51175	0.5673166666666667	0.5266833333333334	0.5036333333333334	0.5939333333333333	0.43405000000000005	0.5460333333333334	0.5993833333333334	0.51305	0.5789500000000001	0.46671666666666667	0.45413333333333333	0.46090000000000003	0.4910166666666667	0.5974833333333334	0.5878	0.4126666666666667	0.4765666666666667	0.5590833333333334	0.49568333333333336	0.5275833333333334	0.42078333333333334	0.5108666666666667	0.39053333333333334	0.5467166666666667	0.4637666666666667	0.5651833333333334	0.48485	0.50195	0.5119333333333334	0.5215833333333334	0.5547500000000001	0.48438333333333333	0.65435	0.5525333333333333	0.6352833333333333	0.4575	0.5291666666666667	0.5358166666666667	0.5759333333333334	0.5135000000000001	0.6233333333333334	0.6239666666666667	0.39865	0.5582333333333334	0.5676	0.5041333333333333	0.46821666666666667	0.5523833333333333	0.5067666666666667	0.5635166666666667
0.5207666666666667	0.5092333333333333	0.4665	0.5697666666666666	0.5053333333333334	0.5294333333333333	0.5014333333333334	0.4999166666666667	0.49028333333333335	0.47618333333333335	0.5470333333333334	0.5129	0.5007333333333334	0.4798	0.5491333333333334	0.5624333333333333	0.5481833333333334	0.58525	0.5362833333333333	0.6145166666666667	0.6185	0.5072166666666666	0.6068333333333333	0.45295	0.4800166666666667	0.5891333333333334	0.5237666666666667	0.5069333333333333	0.5308833333333334	0.45188333333333336	0.5127	0.552	0.48745000000000005	0.56435	0.6126166666666667	0.5396000000000001	0.58325	0.4816666666666667	0.51825	0.5442	0.61905	0.48208333333333336	0.5885166666666667	0.6135	0.44365000000000004	0.5920166666666667	0.47126666666666667	0.4678333333333334	0.5513	0.5131	0.5761333333333334	0.65005	0.5805833333333333	0.49801666666666666	0.5063333333333334	0.5171833333333333	0.44060000000000005	0.4543166666666667	0.62465	0.46768333333333334	0.54335	0.4716166666666667	0.48133333333333334	0.4642	0.5020666666666667	0.5835833333333333	0.5619666666666667	0.5193	0.5883166666666667	0.4303166666666667	0.5829666666666667	0.5123333333333333	0.7016666666666667	0.5528500000000001	0.5590833333333334	0.4208	0.5850000000000001	0.6045833333333334	0.5285000000000001	0.5496833333333334	0.53835	0.5322	0.5459333333333334	0.5581833333333334	0.4521	0.4786	0.5318166666666667	0.45575000000000004	0.5512666666666667	0.4423	0.5222666666666667	0.6619666666666667	0.50715	0.5345166666666666	0.5586833333333333	0.5316500000000001	0.56825	0.5916166666666667	0.5439666666666667	0.4926666666666667
0.4645666666666667	0.5036666666666667	0.5292666666666667	0.6083333333333334	0.48935	0.5438500000000001	0.5151666666666667	0.45580000000000004	0.5505833333333333	0.7046333333333333	0.5305666666666667	0.5311	0.5753166666666667	0.4900166666666667	0.5958166666666667	0.5473833333333333	0.48768333333333336	0.5576333333333333	0.4827166666666667	0.6458333333333334	0.54705	0.5755	0.6297333333333334	0.50185	0.5328666666666667	0.5503	0.4468166666666667	0.54505	0.4565	0.5117666666666667	0.5264333333333333	0.6323833333333334	0.5367833333333334	0.43703333333333333	0.46826666666666666	0.5211166666666667	0.5329166666666667	0.5415666666666666	0.5610333333333334	0.4801	0.4911666666666667	0.5672666666666667	0.40118333333333334	0.48983333333333334	0.48788333333333334	0.5388166666666667	0.5073	0.58655	0.5189833333333334	0.5371833333333333	0.5326666666666667	0.5767333333333333	0.5569333333333334	0.5752	0.4468666666666667	0.49158333333333337	0.5324666666666666	0.48105000000000003	0.5439333333333334	0.52225	0.5058833333333334	0.5205166666666667	0.44183333333333336	0.5247	0.4996166666666667	0.48445000000000005	0.5417666666666667	0.5824333333333334	0.6305833333333334	0.6611833333333333	0.4866666666666667	0.599	0.3735833333333334	0.5023166666666667	0.5642333333333334	0.6045666666666667	0.5314	0.5617666666666667	0.5356500000000001	0.6020666666666667	0.4508666666666667	0.52945	0.48168333333333335	0.6058	0.4719666666666667	0.5143333333333333	0.4980666666666667	0.5506333333333333	0.5183833333333333	0.48090000000000005	0.45785000000000003	0.5502333333333334	0.48733333333333334	0.6304333333333334	0.5510833333333334	0.4732	0.44456666666666667	0.4442166666666667	0.48885	0.5658166666666667
0.47268333333333334	0.5656666666666667	0.4567833333333334	0.5488000000000001	0.45995	0.5188833333333334	0.5305500000000001	0.49200000000000005	0.57015	0.4965833333333334	0.6143666666666667	0.5686	0.5420833333333334	0.5734666666666667	0.4504666666666667	0.5346666666666667	0.6084833333333334	0.5216333333333334	0.5709500000000001	0.44843333333333335	0.5151666666666667	0.5448166666666667	0.42410000000000003	0.46640000000000004	0.5063	0.4761	0.5058333333333334	0.5399166666666667	0.4643333333333334	0.5793333333333334	0.6466500000000001	0.46580000000000005	0.5509166666666667	0.5427500000000001	0.50805	0.5600666666666667	0.44913333333333333	0.46908333333333335	0.41376666666666667	0.6420333333333333	0.5638166666666667	0.48235	0.54005	0.5713666666666667	0.4967166666666667	0.4978666666666667	0.5588000000000001	0.50365	0.54635	0.523	0.6046833333333334	0.48533333333333334	0.6895666666666667	0.6199333333333333	0.47898333333333337	0.5044833333333334	0.5388333333333334	0.46763333333333335	0.5147833333333334	0.5552833333333334	0.47613333333333335	0.53045	0.60455	0.5336166666666667	0.6380833333333333	0.6021333333333334	0.46953333333333336	0.5165000000000001	0.5074166666666667	0.5414833333333333	0.49183333333333334	0.5286666666666667	0.5906333333333333	0.5144166666666667	0.6147166666666667	0.5115500000000001	0.5218166666666667	0.42473333333333335	0.49733333333333335	0.5618166666666667	0.53215	0.55155	0.5129666666666667	0.5248833333333334	0.62415	0.5126666666666667	0.5081666666666667	0.5209166666666667	0.56345	0.4716666666666667	0.47043333333333337	0.4628666666666667	0.5066333333333334	0.57665	0.47173333333333334	0.5171	0.5275000000000001	0.4866666666666667	0.49878333333333336	0.42800000000000005
0.51195	0.45056666666666667	0.5731	0.4832666666666667	0.5970500000000001	0.5288833333333334	0.6112833333333334	0.47555000000000003	0.5432833333333333	0.5364833333333333	0.6015	0.62215	0.5704333333333333	0.5353333333333333	0.5282833333333333	0.44023333333333337	0.5465	0.46435000000000004	0.4533666666666667	0.5223	0.4689666666666667	0.5276500000000001	0.5295	0.5403833333333333	0.4836166666666667	0.4861666666666667	0.58755	0.5134833333333334	0.48185	0.49965000000000004	0.47515	0.4967666666666667	0.5664	0.6122833333333334	0.5365833333333334	0.5551	0.5040333333333333	0.48478333333333334	0.4603666666666667	0.4703666666666667	0.4856666666666667	0.4680166666666667	0.48835	0.4608666666666667	0.5114833333333334	0.4925666666666667	0.5039	0.6259166666666667	0.5332333333333333	0.4743833333333334	0.6485666666666667	0.49796666666666667	0.5351	0.52915	0.5719000000000001	0.5478333333333334	0.47415	0.5941333333333334	0.5393	0.46868333333333334	0.60335	0.6104333333333334	0.5315500000000001	0.45125000000000004	0.5552833333333334	0.4509666666666667	0.4175666666666667	0.5784666666666667	0.5177333333333334	0.5536833333333333	0.50405	0.5119833333333333	0.6116666666666667	0.46790000000000004	0.52435	0.5156833333333334	0.54805	0.5612333333333334	0.4675666666666667	0.4766166666666667	0.5921500000000001	0.5520166666666667	0.5473666666666667	0.5724333333333333	0.5524333333333333	0.5406666666666667	0.47040000000000004	0.4892	0.54115	0.45493333333333336	0.49748333333333333	0.5531833333333334	0.46568333333333334	0.4169166666666667	0.54125	0.47603333333333336	0.4837166666666667	0.5309833333333334	0.5484833333333333	0.5232666666666667
0.45461666666666667	0.5303666666666667	0.5356166666666667	0.5555166666666667	0.40895000000000004	0.55445	0.49470000000000003	0.57275	0.52175	0.6513833333333333	0.42563333333333336	0.5288333333333334	0.5435	0.6001333333333334	0.56325	0.5074666666666667	0.5906666666666667	0.4522166666666667	0.51395	0.48058333333333336	0.5331666666666667	0.5185000000000001	0.4844	0.4946166666666667	0.5216833333333334	0.6282833333333334	0.602	0.5017	0.5279166666666667	0.48865000000000003	0.5253666666666666	0.5343833333333333	0.48950000000000005	0.3968666666666667	0.5066333333333334	0.5104000000000001	0.45530000000000004	0.5343666666666667	0.46568333333333334	0.4515	0.4852166666666667	0.49483333333333335	0.6041000000000001	0.5273666666666667	0.534	0.5069833333333333	0.47375	0.5189166666666667	0.46221666666666666	0.4786	0.49868333333333337	0.5917666666666667	0.41723333333333334	0.49125	0.5631333333333334	0.5876166666666667	0.53895	0.4940333333333334	0.5169166666666667	0.49008333333333337	0.4819666666666667	0.5227166666666667	0.54805	0.5121166666666667	0.4844833333333334	0.5319	0.51885	0.46793333333333337	0.41478333333333334	0.45106666666666667	0.49091666666666667	0.5487000000000001	0.5184	0.6168	0.5025166666666667	0.6270166666666667	0.5296333333333334	0.5239333333333334	0.48905000000000004	0.4935666666666667	0.5714	0.5945333333333334	0.62255	0.5250666666666667	0.5317333333333334	0.46193333333333336	0.5516	0.5203166666666666	0.4305	0.55095	0.5764166666666667	0.4529166666666667	0.4325333333333334	0.5326000000000001	0.4781166666666667	0.5654	0.5592333333333334	0.5864666666666667	0.61615	0.6471
0.46676666666666666	0.5256000000000001	0.49905000000000005	0.5602333333333334	0.6481666666666667	0.54115	0.5905333333333334	0.60675	0.52215	0.4844333333333334	0.47905000000000003	0.5764833333333333	0.538	0.5547166666666667	0.6035333333333334	0.5516833333333334	0.5508666666666667	0.5472333333333333	0.6260166666666667	0.5180833333333333	0.5437333333333334	0.61995	0.5195000000000001	0.5578166666666667	0.6545833333333334	0.4891666666666667	0.53895	0.47900000000000004	0.5188833333333334	0.42710000000000004	0.4927	0.45415	0.44606666666666667	0.5034833333333334	0.5561166666666667	0.6544333333333333	0.4622	0.5561833333333334	0.4240166666666667	0.5768	0.44398333333333334	0.533	0.56675	0.5142333333333333	0.48055000000000003	0.5395833333333333	0.5540333333333334	0.4479166666666667	0.4743833333333334	0.53345	0.4432666666666667	0.5271666666666667	0.4834833333333334	0.5214166666666666	0.5119	0.6160833333333333	0.5301333333333333	0.5207166666666667	0.48700000000000004	0.5081833333333333	0.5568666666666667	0.5211833333333333	0.4946666666666667	0.48175	0.43896666666666667	0.4427666666666667	0.5003333333333334	0.5485833333333333	0.49025	0.50475	0.45458333333333334	0.5668833333333334	0.47473333333333334	0.4995666666666667	0.6786166666666666	0.4454	0.5682666666666667	0.4961666666666667	0.5300166666666667	0.53135	0.5556333333333333	0.5724	0.56715	0.6810833333333334	0.5420166666666667	0.5791833333333334	0.56065	0.5956333333333333	0.6686833333333334	0.45745	0.5720500000000001	0.5044666666666667	0.547	0.5491166666666667	0.5285500000000001	0.46335000000000004	0.5591333333333334	0.4940166666666667	0.5527166666666667	0.47975
0.5064000000000001	0.5416666666666667	0.5530666666666667	0.5748	0.5342666666666667	0.4506833333333334	0.4769166666666667	0.4999	0.6203000000000001	0.43428333333333335	0.5780000000000001	0.5307833333333334	0.4885666666666667	0.5224	0.48668333333333336	0.5157833333333334	0.5800500000000001	0.5091833333333333	0.4329	0.57945	0.6155166666666667	0.5219833333333334	0.5341666666666667	0.5341666666666667	0.5234166666666666	0.5162333333333333	0.5161833333333333	0.45703333333333335	0.4978666666666667	0.5707166666666666	0.54235	0.4960166666666667	0.50725	0.4431	0.6192500000000001	0.5541333333333334	0.44385	0.5261166666666667	0.552	0.4596166666666667	0.5362333333333333	0.5371	0.5541833333333334	0.4602666666666667	0.6057666666666667	0.498	0.5237166666666667	0.50155	0.5699833333333334	0.5484666666666667	0.4995	0.4910666666666667	0.6032833333333334	0.5819500000000001	0.6862	0.5627666666666667	0.5963666666666667	0.48308333333333336	0.5166833333333334	0.5216833333333334	0.4388166666666667	0.5035166666666667	0.5155000000000001	0.48641666666666666	0.5469666666666667	0.6464333333333334	0.5069666666666667	0.5608333333333334	0.5907166666666667	0.53435	0.4748833333333334	0.41350000000000003	0.5446333333333334	0.5209	0.6549666666666667	0.5448166666666667	0.44978333333333337	0.5319166666666667	0.5209833333333334	0.4851166666666667	0.5870333333333334	0.6298333333333334	0.4843	0.5427500000000001	0.51385	0.4840666666666667	0.5224	0.6267333333333334	0.5548000000000001	0.49210000000000004	0.5410333333333334	0.5270166666666667	0.45453333333333334	0.6228	0.6209833333333333	0.49273333333333336	0.55655	0.49860000000000004	0.4861166666666667	0.5382
0.5810000000000001	0.5808166666666666	0.6179833333333333	0.4325333333333334	0.4951666666666667	0.5457833333333334	0.5322	0.5238	0.4937	0.5015666666666667	0.6211833333333333	0.47378333333333333	0.5566333333333333	0.5290333333333334	0.5166166666666667	0.4576	0.51875	0.5689666666666667	0.5923666666666667	0.54085	0.54105	0.51305	0.5085833333333334	0.5625666666666667	0.5247333333333334	0.6402	0.44913333333333333	0.4675166666666667	0.5936833333333333	0.4194666666666667	0.5517166666666667	0.44811666666666666	0.6808500000000001	0.43238333333333334	0.37368333333333337	0.46671666666666667	0.53795	0.5303833333333333	0.62495	0.43346666666666667	0.5377000000000001	0.43633333333333335	0.5346666666666667	0.5104666666666667	0.48586666666666667	0.4229	0.5100333333333333	0.48808333333333337	0.5183666666666666	0.47628333333333334	0.5045833333333334	0.48795000000000005	0.6047166666666667	0.4905333333333334	0.5860000000000001	0.5036166666666667	0.48718333333333336	0.47868333333333335	0.46168333333333333	0.5682666666666667	0.5106333333333334	0.5402333333333333	0.5679333333333334	0.5210666666666667	0.4464166666666667	0.5276166666666667	0.44515000000000005	0.46785000000000004	0.46098333333333336	0.4224833333333334	0.4706666666666667	0.5585166666666667	0.5450166666666667	0.56435	0.6032333333333334	0.5254166666666666	0.54625	0.4924	0.5614833333333333	0.5198166666666667	0.5039833333333333	0.5312	0.5216500000000001	0.5469666666666667	0.41478333333333334	0.47790000000000005	0.5202333333333333	0.5297666666666667	0.5533166666666667	0.5095833333333334	0.5004833333333334	0.5526833333333334	0.5535333333333333	0.5162	0.5280166666666667	0.4557333333333334	0.5362833333333333	0.44428333333333336	0.49443333333333334	0.5593333333333333
0.5436833333333334	0.49365000000000003	0.4975	0.55125	0.5578833333333334	0.5609666666666667	0.6216	0.5360666666666667	0.4149666666666667	0.56845	0.6137333333333334	0.5546	0.49768333333333337	0.5403833333333333	0.4618666666666667	0.50455	0.51135	0.46903333333333336	0.42835	0.5665166666666667	0.5409	0.38405	0.5825166666666667	0.5789833333333334	0.5165500000000001	0.5133	0.5393833333333333	0.5173	0.46673333333333333	0.5263	0.4663166666666667	0.43451666666666666	0.42285	0.41950000000000004	0.6190166666666667	0.4559666666666667	0.5167666666666667	0.5570166666666667	0.5092	0.5578166666666667	0.38378333333333337	0.5269333333333334	0.5578500000000001	0.46725	0.5523666666666667	0.48615	0.5626	0.4413666666666667	0.4276666666666667	0.54185	0.47623333333333334	0.46105	0.6018666666666667	0.6103166666666667	0.4214333333333333	0.4852166666666667	0.4878	0.54415	0.5187833333333334	0.441	0.47013333333333335	0.5035000000000001	0.48715	0.62765	0.52875	0.5461166666666667	0.5569333333333334	0.4887	0.5703666666666667	0.4842166666666667	0.5856	0.6035833333333334	0.5126833333333334	0.6089333333333333	0.5546666666666666	0.48933333333333334	0.6126333333333334	0.4885166666666667	0.5203666666666666	0.4452666666666667	0.5962333333333334	0.5076	0.49335	0.44915000000000005	0.4774166666666667	0.5828166666666666	0.56265	0.5465666666666666	0.5252	0.4593166666666667	0.5470166666666667	0.4913666666666667	0.5123833333333334	0.5058166666666667	0.46355	0.4735666666666667	0.5414333333333333	0.5300666666666667	0.5293333333333333	0.5455833333333333
0.5067666666666667	0.47395000000000004	0.5642166666666667	0.5244333333333333	0.4894833333333334	0.5136666666666667	0.5628500000000001	0.49325	0.6026166666666667	0.56715	0.4943666666666667	0.5986333333333334	0.5832833333333334	0.5675833333333333	0.5127166666666667	0.5997333333333333	0.4800166666666667	0.5192333333333333	0.5211666666666667	0.51935	0.54525	0.42450000000000004	0.5930333333333334	0.4877166666666667	0.5129	0.5077166666666667	0.4790166666666667	0.5286000000000001	0.5146666666666667	0.5570333333333334	0.48231666666666667	0.5749833333333334	0.4904	0.5347833333333334	0.5344333333333333	0.53405	0.53495	0.4801	0.6271333333333333	0.4683833333333334	0.5456833333333334	0.5372833333333333	0.5409	0.44795	0.5166000000000001	0.5978833333333333	0.4935333333333334	0.5938166666666667	0.44305	0.53205	0.4645666666666667	0.4692	0.4696166666666667	0.4589666666666667	0.5594333333333333	0.4849833333333334	0.4980666666666667	0.5824	0.4839833333333334	0.6421166666666667	0.5412666666666667	0.5158166666666667	0.47683333333333333	0.5263333333333333	0.5125833333333334	0.5356166666666667	0.64275	0.5538500000000001	0.6583666666666667	0.5491166666666667	0.4829833333333334	0.7307166666666667	0.5456166666666666	0.5366500000000001	0.49563333333333337	0.47935	0.5227	0.396	0.5049666666666667	0.5020666666666667	0.4458166666666667	0.505	0.5086666666666667	0.4200666666666667	0.4459666666666667	0.6145666666666667	0.52615	0.5955333333333334	0.5515166666666667	0.45733333333333337	0.46416666666666667	0.64	0.5710333333333334	0.50505	0.47978333333333334	0.48105000000000003	0.48288333333333333	0.5420833333333334	0.3463833333333334	0.5393
0.46890000000000004	0.4761	0.6449666666666667	0.41668333333333335	0.4597	0.47931666666666667	0.5468000000000001	0.5334666666666666	0.6295666666666667	0.48065	0.4932666666666667	0.5493666666666667	0.5585666666666667	0.5713666666666667	0.5388666666666667	0.6338333333333334	0.47350000000000003	0.55755	0.47923333333333334	0.5812333333333334	0.5567833333333334	0.5190333333333333	0.6394166666666667	0.5078833333333334	0.5176833333333334	0.5303833333333333	0.6394166666666667	0.5090333333333333	0.4802166666666667	0.5747	0.53885	0.54085	0.4642	0.4937166666666667	0.5133166666666666	0.4942166666666667	0.4340833333333334	0.5305	0.5922000000000001	0.44075000000000003	0.5315500000000001	0.5327833333333334	0.4305	0.5115833333333334	0.5125500000000001	0.5009833333333333	0.5158833333333334	0.46603333333333335	0.48238333333333333	0.4685166666666667	0.5488000000000001	0.4753833333333334	0.5867166666666667	0.5036666666666667	0.5322333333333333	0.5334833333333333	0.4572666666666667	0.48805000000000004	0.42696666666666666	0.48715	0.6149333333333333	0.45815	0.5940166666666667	0.5403833333333333	0.5544666666666667	0.5094833333333334	0.5896	0.6037666666666667	0.45230000000000004	0.5043833333333334	0.48253333333333337	0.5293666666666667	0.5598333333333334	0.5852833333333334	0.5020333333333333	0.5428333333333334	0.4491	0.5447500000000001	0.5780500000000001	0.5912166666666667	0.5475166666666667	0.41183333333333333	0.5813666666666667	0.5393166666666667	0.61845	0.5565166666666667	0.5543166666666667	0.5134833333333334	0.5098666666666667	0.4982666666666667	0.48115	0.46245	0.5250833333333333	0.53125	0.60195	0.4693333333333334	0.45095	0.4636	0.46155	0.4436166666666667
0.5084833333333334	0.4878	0.5205000000000001	0.5376500000000001	0.5784	0.5198	0.5257666666666667	0.5308666666666667	0.5660000000000001	0.47503333333333336	0.4928	0.55265	0.5459666666666667	0.55645	0.5140666666666667	0.5154666666666667	0.4598666666666667	0.47723333333333334	0.59135	0.4555	0.5003666666666667	0.5248333333333334	0.5241333333333333	0.58045	0.5337333333333334	0.42228333333333334	0.4615666666666667	0.45568333333333333	0.4931166666666667	0.49498333333333333	0.5253166666666667	0.59555	0.4567166666666667	0.4607833333333334	0.6359	0.5258833333333334	0.43228333333333335	0.3944666666666667	0.5900833333333334	0.46925	0.45535000000000003	0.5166000000000001	0.5199666666666667	0.5414666666666667	0.5466500000000001	0.5828666666666666	0.45505	0.5278833333333334	0.5638333333333334	0.5513	0.5301333333333333	0.6659	0.5045166666666667	0.5459166666666667	0.5669333333333334	0.4693666666666667	0.5222666666666667	0.45295	0.46590000000000004	0.48760000000000003	0.4608333333333334	0.42668333333333336	0.434	0.6011833333333334	0.48960000000000004	0.45158333333333334	0.5174666666666667	0.4634166666666667	0.53125	0.48438333333333333	0.40918333333333334	0.4910166666666667	0.5435	0.5692333333333334	0.48518333333333336	0.5605833333333333	0.4596	0.46921666666666667	0.45505	0.5249333333333334	0.5817833333333333	0.3918666666666667	0.4862	0.5666666666666667	0.48215	0.5740500000000001	0.5795166666666667	0.6990333333333334	0.4723833333333334	0.5140666666666667	0.466	0.5612833333333334	0.56175	0.4635	0.5792	0.5782	0.4865166666666667	0.4838	0.5322	0.4756166666666667
0.6104666666666667	0.5151166666666667	0.5174	0.45133333333333336	0.5801166666666667	0.5187166666666667	0.5552333333333334	0.5246333333333334	0.5412333333333333	0.6201666666666666	0.5084000000000001	0.5749166666666667	0.5186666666666667	0.46763333333333335	0.6174000000000001	0.4522166666666667	0.5995	0.4720666666666667	0.43273333333333336	0.5032833333333333	0.6030666666666668	0.5248333333333334	0.3998666666666667	0.5367166666666667	0.4870333333333334	0.44351666666666667	0.5398166666666667	0.4914833333333334	0.4597833333333334	0.5330833333333334	0.5544333333333333	0.5977	0.5105166666666667	0.4876166666666667	0.46840000000000004	0.4720166666666667	0.46058333333333334	0.45983333333333337	0.5116333333333334	0.5424833333333333	0.4870166666666667	0.47808333333333336	0.5110666666666667	0.47378333333333333	0.5179333333333334	0.5424	0.46473333333333333	0.41158333333333336	0.4560666666666667	0.54625	0.5529833333333334	0.4985666666666667	0.47000000000000003	0.5022166666666666	0.5099166666666667	0.45065	0.43185	0.48315	0.4149166666666667	0.5190833333333333	0.5844	0.5920166666666667	0.5095333333333334	0.4065166666666667	0.5442666666666667	0.5421833333333334	0.5308166666666667	0.5278166666666667	0.5545333333333333	0.5075000000000001	0.5267000000000001	0.5198	0.42558333333333337	0.5257666666666667	0.5455166666666666	0.5774833333333333	0.4769166666666667	0.5444333333333333	0.5098166666666667	0.4668333333333334	0.4302	0.5658666666666667	0.4964	0.526	0.5819333333333334	0.49975	0.51095	0.5770500000000001	0.5084666666666667	0.5132	0.5577833333333334	0.5490833333333334	0.49678333333333335	0.6198	0.5951666666666667	0.5422166666666667	0.5154	0.47173333333333334	0.4797	0.6085333333333334
0.45078333333333337	0.5431166666666667	0.5418166666666667	0.5011833333333333	0.63315	0.5770666666666667	0.62915	0.4812	0.5950166666666667	0.5029666666666667	0.5660666666666667	0.4866166666666667	0.4736	0.4644666666666667	0.48460000000000003	0.5363166666666667	0.5747	0.5284166666666666	0.5465166666666667	0.5805	0.4627833333333334	0.4862	0.5317833333333334	0.43993333333333334	0.4574166666666667	0.49910000000000004	0.5190333333333333	0.4998166666666667	0.46098333333333336	0.4861666666666667	0.4905333333333334	0.5085166666666667	0.5315333333333334	0.5067666666666667	0.5000666666666667	0.5025333333333334	0.5088166666666667	0.5642333333333334	0.5129166666666667	0.52215	0.56115	0.58335	0.5718833333333334	0.4860166666666667	0.4852666666666667	0.4999166666666667	0.5365333333333333	0.48303333333333337	0.4784166666666667	0.4952166666666667	0.47613333333333335	0.5374166666666667	0.43363333333333337	0.4843166666666667	0.5061666666666667	0.45511666666666667	0.4776666666666667	0.43760000000000004	0.5121	0.5146166666666667	0.54865	0.4853166666666667	0.4724166666666667	0.5147833333333334	0.5880333333333334	0.4857666666666667	0.5029	0.5349166666666667	0.49746666666666667	0.5220833333333333	0.4746166666666667	0.49610000000000004	0.4802	0.5453333333333333	0.4609666666666667	0.5101833333333333	0.5304833333333333	0.5202666666666667	0.4535166666666667	0.4473166666666667	0.47795000000000004	0.5130166666666667	0.46665	0.5952333333333334	0.5895333333333334	0.5134500000000001	0.525	0.5392833333333333	0.5382	0.5267000000000001	0.5815833333333333	0.5561666666666667	0.5455666666666666	0.5819166666666667	0.5837833333333333	0.46085000000000004	0.47845000000000004	0.5886833333333333	0.44555	0.5589000000000001
0.49655000000000005	0.5057666666666667	0.46815	0.43995	0.5939333333333333	0.5394333333333333	0.4384	0.5184166666666666	0.5130666666666667	0.5446166666666666	0.49685	0.6034	0.4381166666666667	0.5869	0.4715666666666667	0.47450000000000003	0.5711333333333334	0.51725	0.44270000000000004	0.48135	0.5446	0.7154833333333334	0.4639666666666667	0.43383333333333335	0.49915000000000004	0.5376666666666667	0.5786	0.5006333333333334	0.49735	0.4629166666666667	0.5472166666666667	0.5012166666666666	0.5529333333333334	0.41448333333333337	0.48933333333333334	0.48105000000000003	0.5111166666666667	0.4950666666666667	0.5115166666666667	0.5889333333333333	0.5189	0.5053333333333334	0.49138333333333334	0.42825	0.4496	0.5400666666666667	0.5068333333333334	0.4992166666666667	0.39543333333333336	0.5499833333333334	0.5146000000000001	0.5266333333333334	0.46318333333333334	0.4756166666666667	0.5541	0.4529	0.5631833333333334	0.5177166666666667	0.5032333333333333	0.46380000000000005	0.4131666666666667	0.4300166666666667	0.48836666666666667	0.5084166666666667	0.54715	0.5179166666666667	0.4999	0.45945	0.53345	0.4298666666666667	0.5009	0.48413333333333336	0.44445	0.5051833333333333	0.49246666666666666	0.5108833333333334	0.47731666666666667	0.5142	0.46043333333333336	0.4471	0.5265500000000001	0.5255833333333334	0.5912000000000001	0.6233000000000001	0.44980000000000003	0.6069	0.5454	0.5390833333333334	0.4246166666666667	0.6033000000000001	0.49978333333333336	0.6167166666666667	0.49323333333333336	0.5966666666666667	0.4632666666666667	0.48828333333333335	0.4863166666666667	0.48008333333333336	0.4608333333333334	0.6180166666666667
0.48103333333333337	0.5051333333333333	0.5093833333333334	0.5197666666666667	0.45070000000000005	0.4172	0.5357500000000001	0.5321333333333333	0.5165000000000001	0.5251833333333333	0.5074666666666667	0.5678833333333334	0.6275333333333334	0.6479333333333334	0.5283	0.44930000000000003	0.5106	0.5084333333333334	0.46338333333333337	0.5072666666666666	0.48600000000000004	0.5548500000000001	0.6075	0.5549833333333334	0.5594833333333333	0.5044333333333334	0.5709166666666667	0.4261666666666667	0.5633833333333333	0.48810000000000003	0.6010666666666667	0.5450833333333334	0.5482166666666667	0.5225000000000001	0.5202833333333333	0.48088333333333333	0.47235000000000005	0.5232166666666667	0.4794333333333334	0.4308666666666667	0.5200333333333333	0.5935166666666667	0.63525	0.5258	0.47573333333333334	0.45485000000000003	0.5603333333333333	0.4109666666666667	0.46230000000000004	0.5428833333333334	0.5208166666666667	0.5127166666666667	0.5268333333333334	0.4038166666666667	0.4995666666666667	0.53545	0.40066666666666667	0.45570000000000005	0.4908	0.5402833333333333	0.5578333333333334	0.47658333333333336	0.4554666666666667	0.5558000000000001	0.5012333333333333	0.4778	0.5360666666666667	0.5414333333333333	0.5286333333333334	0.4374	0.5171333333333333	0.48436666666666667	0.5293166666666667	0.46763333333333335	0.43701666666666666	0.45380000000000004	0.52735	0.56215	0.6332333333333333	0.5377833333333334	0.56055	0.6170333333333333	0.5067833333333334	0.5260833333333333	0.5352166666666667	0.54435	0.55395	0.441	0.54515	0.5110833333333333	0.5629333333333334	0.4950833333333334	0.62275	0.6518166666666667	0.5315	0.4668333333333334	0.5143833333333333	0.42991666666666667	0.4986666666666667	0.44173333333333337
0.5682333333333334	0.6499666666666667	0.537	0.4992166666666667	0.5091166666666667	0.4870666666666667	0.4988166666666667	0.5902833333333334	0.5741833333333334	0.5131	0.46893333333333337	0.40725	0.46216666666666667	0.6423333333333333	0.47740000000000005	0.6769166666666667	0.4911666666666667	0.5420166666666667	0.52845	0.5015000000000001	0.46190000000000003	0.5512666666666667	0.5768166666666666	0.4724666666666667	0.499	0.46315	0.5486666666666667	0.5148	0.4779666666666667	0.4417166666666667	0.5279	0.5962666666666667	0.44320000000000004	0.45538333333333336	0.52535	0.5385	0.5852666666666667	0.5302833333333333	0.5376666666666667	0.50055	0.49413333333333337	0.4474	0.5915	0.5563166666666667	0.5318166666666667	0.40473333333333333	0.5262333333333333	0.48181666666666667	0.48363333333333336	0.47600000000000003	0.4806166666666667	0.5538333333333334	0.5468333333333334	0.45930000000000004	0.55265	0.5448333333333334	0.43923333333333336	0.5496666666666667	0.46703333333333336	0.5193666666666666	0.5263333333333333	0.45358333333333334	0.51685	0.5235500000000001	0.44098333333333334	0.44038333333333335	0.46598333333333336	0.58085	0.47768333333333335	0.5185166666666667	0.4216666666666667	0.5385166666666666	0.5220333333333333	0.44585	0.48225	0.5552166666666667	0.4067	0.5803	0.5125500000000001	0.49505000000000005	0.4584166666666667	0.6051333333333334	0.5032666666666666	0.5315833333333334	0.4831166666666667	0.49738333333333334	0.5215333333333334	0.5582666666666667	0.5351833333333333	0.46498333333333336	0.43145	0.5072333333333333	0.4851666666666667	0.51165	0.5256333333333334	0.5019833333333333	0.5458166666666667	0.44103333333333333	0.6593166666666667	0.5813666666666667
0.5492833333333333	0.5052666666666666	0.5106833333333334	0.5496166666666666	0.5297333333333334	0.49091666666666667	0.4718	0.49663333333333337	0.58575	0.6233333333333334	0.4953	0.5599666666666667	0.44168333333333337	0.5287666666666667	0.5378666666666667	0.5684833333333333	0.512	0.47078333333333333	0.5517666666666667	0.5464	0.5042333333333333	0.4338166666666667	0.42168333333333335	0.5577833333333334	0.45555	0.4195666666666667	0.45513333333333333	0.46440000000000003	0.52635	0.46663333333333334	0.57825	0.51235	0.5637166666666666	0.5215333333333334	0.45566666666666666	0.5054166666666667	0.4914	0.44498333333333334	0.52745	0.4693333333333334	0.48825	0.4473166666666667	0.5640000000000001	0.4399666666666667	0.6732	0.4683666666666667	0.4789666666666667	0.4529	0.5643166666666667	0.4311166666666667	0.43223333333333336	0.43175	0.46480000000000005	0.4653333333333334	0.43888333333333335	0.47258333333333336	0.45361666666666667	0.41135	0.5055333333333334	0.6034333333333334	0.5176833333333334	0.54015	0.5826666666666667	0.5499333333333334	0.4731	0.58985	0.4518166666666667	0.4912166666666667	0.5178	0.5246166666666667	0.4488166666666667	0.40940000000000004	0.48036666666666666	0.5432	0.4920833333333334	0.45165	0.5044833333333334	0.5072333333333333	0.5718333333333334	0.5592666666666667	0.5255833333333334	0.5947833333333333	0.5936	0.6514	0.5308	0.5863166666666667	0.5439	0.4374166666666667	0.5156833333333334	0.5284666666666666	0.5234166666666666	0.46963333333333335	0.44820000000000004	0.5926666666666667	0.49488333333333334	0.4712	0.5313666666666667	0.5423166666666667	0.4300833333333334	0.5031666666666667
0.48525	0.5643333333333334	0.48583333333333334	0.41825	0.4926666666666667	0.4875166666666667	0.5205000000000001	0.6307166666666667	0.49570000000000003	0.47423333333333334	0.6293166666666667	0.49215000000000003	0.5275333333333334	0.45520000000000005	0.53595	0.5969833333333333	0.49798333333333333	0.5508333333333334	0.5126333333333334	0.49698333333333333	0.48893333333333333	0.5173333333333333	0.4635666666666667	0.5816333333333333	0.5045666666666667	0.5177666666666667	0.46865	0.4342166666666667	0.4983166666666667	0.5290333333333334	0.5572166666666667	0.6202500000000001	0.5144500000000001	0.56125	0.49673333333333336	0.5370833333333334	0.48913333333333336	0.5098	0.56555	0.47886666666666666	0.46290000000000003	0.6047833333333333	0.44018333333333337	0.5913666666666667	0.4265666666666667	0.4076	0.4487333333333334	0.5458000000000001	0.4965	0.43463333333333337	0.5157833333333334	0.44556666666666667	0.39995	0.46280000000000004	0.52205	0.4441666666666667	0.42525	0.47675	0.43055000000000004	0.4411166666666667	0.528	0.5346166666666667	0.5913833333333334	0.5398666666666667	0.5457500000000001	0.5101166666666667	0.5224166666666666	0.46945000000000003	0.4307166666666667	0.49460000000000004	0.56925	0.5659500000000001	0.5340666666666667	0.6237666666666667	0.552	0.5464	0.5196000000000001	0.51225	0.5645	0.5763166666666667	0.45568333333333333	0.5528833333333334	0.4648333333333334	0.5089333333333333	0.50425	0.4770166666666667	0.5998833333333333	0.5004833333333334	0.5553666666666667	0.5229166666666667	0.5241833333333333	0.5246500000000001	0.5641333333333334	0.5818666666666666	0.6559166666666667	0.6038166666666667	0.5491	0.5011	0.4759166666666667	0.38963333333333333
0.47798333333333337	0.43075	0.5262666666666667	0.5830333333333334	0.5935666666666667	0.5816	0.5273666666666667	0.5601166666666667	0.5046333333333334	0.42458333333333337	0.5476166666666666	0.4484666666666667	0.5305333333333334	0.5303833333333333	0.5147666666666667	0.46713333333333334	0.46366666666666667	0.5376833333333334	0.5550333333333334	0.53995	0.4413166666666667	0.6069	0.5768666666666667	0.49760000000000004	0.47615	0.4927666666666667	0.5168666666666667	0.5211833333333333	0.48875	0.5151	0.5372833333333333	0.5356333333333334	0.4409	0.5129	0.56135	0.55445	0.5505333333333333	0.3667166666666667	0.52895	0.52615	0.6053666666666667	0.5007	0.38906666666666667	0.5475666666666666	0.40808333333333335	0.45466666666666666	0.5013000000000001	0.47928333333333334	0.4339166666666667	0.46675	0.44785	0.6342333333333333	0.4755166666666667	0.49943333333333334	0.5093333333333333	0.3989666666666667	0.47925	0.4148833333333333	0.47875	0.6243166666666667	0.4182	0.4731166666666667	0.5057	0.44168333333333337	0.5001666666666666	0.5510166666666667	0.4970166666666667	0.5090666666666667	0.4962166666666667	0.42600000000000005	0.51665	0.445	0.5209333333333334	0.46380000000000005	0.41255000000000003	0.5641333333333334	0.46958333333333335	0.6436333333333334	0.5706666666666667	0.5781333333333334	0.5196166666666667	0.4555666666666667	0.5659500000000001	0.5148833333333334	0.49488333333333334	0.5746333333333333	0.5565	0.5443333333333333	0.5710166666666667	0.6178666666666667	0.4604166666666667	0.5940833333333334	0.5766333333333333	0.5408166666666667	0.4838166666666667	0.5958166666666667	0.5801333333333334	0.5664833333333333	0.5222333333333333	0.6025833333333334
0.5641333333333334	0.3974666666666667	0.5535666666666667	0.41973333333333335	0.4890166666666667	0.4487666666666667	0.49346666666666666	0.5201	0.5264333333333333	0.51815	0.54645	0.5406166666666667	0.48828333333333335	0.5492	0.554	0.5712666666666667	0.5874333333333334	0.61385	0.50495	0.6210833333333333	0.5037333333333334	0.48025	0.5478333333333334	0.6108166666666667	0.5009166666666667	0.48588333333333333	0.5537166666666667	0.5046166666666667	0.5498833333333334	0.5752333333333334	0.42900000000000005	0.46715	0.4708833333333334	0.6357	0.4774333333333334	0.42960000000000004	0.5342833333333333	0.4672	0.48773333333333335	0.52475	0.51	0.4777166666666667	0.5195500000000001	0.4285666666666667	0.45033333333333336	0.4290166666666667	0.41440000000000005	0.37233333333333335	0.43546666666666667	0.44588333333333335	0.38575000000000004	0.4381666666666667	0.40825	0.4350833333333334	0.49283333333333335	0.4898	0.4519666666666667	0.45583333333333337	0.48988333333333334	0.5287000000000001	0.5040166666666667	0.43538333333333334	0.44073333333333337	0.50285	0.6365500000000001	0.44498333333333334	0.53305	0.45825000000000005	0.5430333333333334	0.4968	0.39075000000000004	0.5184666666666667	0.5672166666666667	0.4598666666666667	0.4902666666666667	0.5469166666666667	0.5399166666666667	0.4950333333333334	0.6027166666666667	0.5130333333333333	0.5677833333333333	0.47063333333333335	0.4608333333333334	0.61265	0.5723333333333334	0.5316166666666667	0.4305333333333334	0.53525	0.5214833333333334	0.5659500000000001	0.5026833333333334	0.5198	0.51585	0.49845	0.5137666666666667	0.4955833333333334	0.4324	0.5905333333333334	0.5975833333333334	0.47526666666666667
0.6231833333333333	0.5244833333333334	0.49696666666666667	0.6073833333333334	0.5502666666666667	0.3555666666666667	0.5317000000000001	0.6067	0.5853166666666667	0.5781166666666667	0.6181166666666666	0.5817	0.5626833333333333	0.46840000000000004	0.49500000000000005	0.5542666666666667	0.5577	0.4247666666666667	0.4955166666666667	0.5478000000000001	0.5360333333333334	0.51115	0.5706166666666667	0.4361666666666667	0.43083333333333335	0.48418333333333335	0.4921166666666667	0.5624833333333333	0.47093333333333337	0.5670333333333334	0.65115	0.5385833333333334	0.5653666666666667	0.5924	0.4484	0.6483	0.4454166666666667	0.4974166666666667	0.5083333333333333	0.46113333333333334	0.4955666666666667	0.4329	0.45520000000000005	0.34126666666666666	0.4389166666666667	0.4975833333333334	0.48941666666666667	0.45833333333333337	0.48450000000000004	0.45305	0.43573333333333336	0.5006833333333334	0.4688166666666667	0.5180833333333333	0.5024833333333334	0.43865000000000004	0.5108333333333334	0.5232	0.4824333333333334	0.5533833333333333	0.4673833333333334	0.5190166666666667	0.5304666666666666	0.46280000000000004	0.41603333333333337	0.4933	0.4679666666666667	0.44206666666666666	0.4771	0.4395	0.5153833333333333	0.4571	0.5572	0.4156166666666667	0.40895000000000004	0.4814166666666667	0.5952500000000001	0.48285	0.48678333333333335	0.48125	0.5033500000000001	0.5692333333333334	0.5642166666666667	0.5099166666666667	0.5236500000000001	0.5054833333333334	0.5304	0.5032	0.5144500000000001	0.5697	0.6310166666666667	0.6375666666666667	0.58435	0.4878	0.51005	0.5690333333333334	0.6347833333333334	0.4544666666666667	0.4429166666666667	0.4909666666666667
0.5426166666666667	0.5598833333333334	0.6153166666666667	0.5470333333333334	0.61005	0.5615333333333333	0.53125	0.5158666666666667	0.5653666666666667	0.5357333333333334	0.5582	0.56505	0.5546333333333333	0.5875333333333334	0.52605	0.5934333333333334	0.5615666666666667	0.5776666666666667	0.49585	0.5634166666666667	0.47290000000000004	0.5601666666666667	0.5367166666666667	0.42460000000000003	0.5421166666666667	0.5041333333333333	0.5334666666666666	0.4912166666666667	0.47928333333333334	0.5336833333333334	0.43598333333333333	0.38778333333333337	0.4480166666666667	0.48710000000000003	0.4162666666666667	0.5275166666666667	0.5404	0.4429666666666667	0.3733666666666667	0.4165666666666667	0.4738	0.5002166666666666	0.36433333333333334	0.5240833333333333	0.5616166666666667	0.41478333333333334	0.44483333333333336	0.4298666666666667	0.33815	0.3630666666666667	0.4428666666666667	0.453	0.3718166666666667	0.4784333333333334	0.37303333333333333	0.4209333333333333	0.44258333333333333	0.34043333333333337	0.38815	0.4899	0.53555	0.5089333333333333	0.48583333333333334	0.5282333333333333	0.5050166666666667	0.4515	0.4500166666666667	0.38833333333333336	0.5385333333333333	0.54035	0.50405	0.5655833333333333	0.4151666666666667	0.4793833333333334	0.5339	0.46748333333333336	0.6115	0.5172166666666667	0.6092166666666667	0.5303833333333333	0.46016666666666667	0.618	0.49695	0.4996333333333334	0.5052666666666666	0.45880000000000004	0.5257833333333334	0.5492	0.5358666666666667	0.5310166666666667	0.39245	0.49313333333333337	0.5688500000000001	0.5578500000000001	0.6391333333333333	0.5817666666666667	0.5528333333333334	0.4839833333333334	0.5560166666666667	0.5818
0.5356500000000001	0.5107166666666667	0.5625166666666667	0.5214833333333334	0.46476666666666666	0.5088666666666667	0.49833333333333335	0.4940833333333334	0.5399833333333334	0.6888833333333334	0.5039333333333333	0.5727	0.5785166666666667	0.5705	0.4968166666666667	0.56115	0.5267166666666667	0.5415	0.46730000000000005	0.51605	0.5480166666666667	0.5916666666666667	0.53895	0.54625	0.5569333333333334	0.46048333333333336	0.5641333333333334	0.52815	0.5121333333333333	0.5223166666666667	0.4577166666666667	0.44465000000000005	0.4455	0.5009	0.5376166666666667	0.48190000000000005	0.47685	0.3720666666666667	0.46763333333333335	0.49510000000000004	0.45716666666666667	0.50125	0.4041166666666667	0.47268333333333334	0.5170666666666667	0.36810000000000004	0.46203333333333335	0.38565	0.34463333333333335	0.41863333333333336	0.40068333333333334	0.34590000000000004	0.35173333333333334	0.43115000000000003	0.46468333333333334	0.4561	0.385	0.3381	0.44248333333333334	0.4839166666666667	0.33653333333333335	0.5158166666666667	0.5186000000000001	0.5013333333333334	0.4298166666666667	0.4137166666666667	0.4536833333333333	0.6033333333333334	0.47203333333333336	0.4602666666666667	0.5099666666666667	0.4454666666666667	0.5189	0.43588333333333334	0.48136666666666666	0.5042833333333333	0.4673666666666667	0.46373333333333333	0.48550000000000004	0.5861500000000001	0.46950000000000003	0.5761333333333334	0.60745	0.49633333333333335	0.5773	0.49635	0.5424166666666667	0.4169666666666667	0.5270166666666667	0.4753833333333334	0.5054333333333334	0.4973666666666667	0.5234166666666666	0.48515	0.5715333333333333	0.47850000000000004	0.5191333333333333	0.53315	0.46218333333333333	0.42928333333333335
0.5477333333333334	0.399	0.5355333333333333	0.6146666666666667	0.4341666666666667	0.5505	0.5044333333333334	0.6184666666666667	0.50625	0.5282166666666667	0.5432	0.48588333333333333	0.6154333333333334	0.5949666666666666	0.5472666666666667	0.5025000000000001	0.5117	0.43423333333333336	0.62475	0.5034666666666667	0.5065333333333334	0.5032666666666666	0.5743166666666667	0.5249833333333334	0.5033500000000001	0.5357166666666667	0.5421833333333334	0.5366166666666667	0.48335	0.506	0.45698333333333335	0.5242166666666667	0.48173333333333335	0.5476166666666666	0.55525	0.49483333333333335	0.44348333333333334	0.48843333333333333	0.4903	0.37568333333333337	0.43628333333333336	0.5053333333333334	0.4262666666666667	0.47878333333333334	0.40116666666666667	0.44193333333333334	0.43633333333333335	0.3325666666666667	0.3455166666666667	0.3857166666666667	0.37093333333333334	0.3731333333333334	0.3964166666666667	0.36136666666666667	0.4332166666666667	0.4093	0.4422666666666667	0.42028333333333334	0.3948666666666667	0.44978333333333337	0.41326666666666667	0.5415	0.4993166666666667	0.4281666666666667	0.45458333333333334	0.4784333333333334	0.5240666666666667	0.49023333333333335	0.48485	0.6290666666666667	0.5056	0.43805	0.5878	0.4868166666666667	0.45708333333333334	0.49043333333333333	0.5420166666666667	0.49513333333333337	0.49515000000000003	0.47023333333333334	0.46655	0.6152333333333334	0.5848333333333333	0.5652166666666667	0.5070333333333333	0.49495	0.5037	0.4847	0.5552	0.5107166666666667	0.49648333333333333	0.5486166666666666	0.5221166666666667	0.49483333333333335	0.6012500000000001	0.53225	0.5936333333333333	0.47490000000000004	0.47931666666666667	0.5646666666666667
0.5567666666666667	0.5327500000000001	0.5054833333333334	0.5831500000000001	0.5541166666666667	0.51675	0.6083166666666667	0.5804333333333334	0.6104833333333334	0.5012666666666666	0.48833333333333334	0.5883666666666667	0.5601833333333334	0.4992666666666667	0.43835	0.5858666666666666	0.65225	0.48850000000000005	0.5296333333333334	0.5969166666666667	0.5856166666666667	0.5431166666666667	0.5268166666666667	0.4961666666666667	0.46748333333333336	0.4779166666666667	0.5087	0.5946833333333333	0.46308333333333335	0.47000000000000003	0.4502666666666667	0.39980000000000004	0.40578333333333333	0.5204666666666667	0.5351333333333333	0.5523833333333333	0.43173333333333336	0.4431	0.49210000000000004	0.47518333333333335	0.37170000000000003	0.37778333333333336	0.37510000000000004	0.42868333333333336	0.3383333333333334	0.35685	0.3029	0.3505166666666667	0.34898333333333337	0.29768333333333336	0.31985	0.2741166666666667	0.26221666666666665	0.37065000000000003	0.38858333333333334	0.36965000000000003	0.39790000000000003	0.41758333333333336	0.42841666666666667	0.36296666666666666	0.3788666666666667	0.47413333333333335	0.4747166666666667	0.48723333333333335	0.44260000000000005	0.5115500000000001	0.47568333333333335	0.49573333333333336	0.5388333333333334	0.6261833333333333	0.5526666666666666	0.4658166666666667	0.5710000000000001	0.48273333333333335	0.5090833333333333	0.41368333333333335	0.47908333333333336	0.6427	0.5125333333333334	0.4567666666666667	0.4787666666666667	0.555	0.5157166666666667	0.5023166666666667	0.5999666666666666	0.5285500000000001	0.65235	0.6011500000000001	0.5406666666666667	0.47608333333333336	0.4466	0.5053833333333334	0.5014833333333334	0.5226833333333334	0.5181333333333333	0.4543666666666667	0.4442166666666667	0.5304666666666666	0.5299	0.5789000000000001
0.4665166666666667	0.6057666666666667	0.4527333333333334	0.5371	0.5204166666666666	0.5988666666666667	0.5850333333333334	0.5356333333333334	0.5720833333333334	0.5173833333333333	0.5231	0.5516666666666666	0.5528333333333334	0.5696	0.5251833333333333	0.5764333333333334	0.6357166666666667	0.4414	0.46330000000000005	0.5074000000000001	0.48838333333333334	0.5475333333333333	0.4456833333333334	0.49498333333333333	0.6235333333333334	0.47028333333333333	0.46845000000000003	0.5448666666666667	0.45361666666666667	0.5518333333333334	0.43718333333333337	0.5155666666666667	0.5002333333333333	0.44085	0.46213333333333334	0.4676166666666667	0.3992	0.45853333333333335	0.4247666666666667	0.2993	0.32328333333333337	0.46016666666666667	0.3733166666666667	0.369	0.3343166666666667	0.3887166666666667	0.28026666666666666	0.33283333333333337	0.27276666666666666	0.2846	0.3605333333333334	0.3453666666666667	0.36693333333333333	0.3146666666666667	0.3905	0.42063333333333336	0.4003666666666667	0.39680000000000004	0.4118833333333334	0.3945	0.3772666666666667	0.3327	0.5004000000000001	0.4353	0.5334833333333333	0.4964	0.4159166666666667	0.50195	0.48123333333333335	0.4584666666666667	0.5013333333333334	0.44375000000000003	0.4722	0.4020166666666667	0.44103333333333333	0.5043500000000001	0.46090000000000003	0.4893166666666667	0.42928333333333335	0.5086166666666667	0.5873	0.5130666666666667	0.5405166666666666	0.5285833333333334	0.47825	0.39375000000000004	0.5701	0.5033166666666667	0.46425	0.44880000000000003	0.50795	0.49115000000000003	0.54225	0.44698333333333334	0.48738333333333334	0.5189166666666667	0.5445166666666666	0.5071833333333333	0.41426666666666667	0.548
0.5157666666666667	0.5215333333333334	0.5553333333333333	0.5041333333333333	0.49293333333333333	0.45690000000000003	0.5355666666666667	0.44778333333333337	0.5593833333333333	0.48618333333333336	0.4797	0.49615000000000004	0.5429333333333334	0.49158333333333337	0.49748333333333333	0.46490000000000004	0.48650000000000004	0.5042166666666666	0.43595	0.42855000000000004	0.5282833333333333	0.49495	0.5477166666666667	0.52695	0.4653666666666667	0.6469166666666667	0.49095	0.4877166666666667	0.4456333333333334	0.4255333333333334	0.3937	0.4778833333333334	0.5591333333333334	0.4354166666666667	0.55295	0.5708166666666666	0.5744833333333333	0.46723333333333333	0.39028333333333337	0.44206666666666666	0.45515	0.3641666666666667	0.3866833333333334	0.40531666666666666	0.29965	0.2883	0.33971666666666667	0.3023666666666667	0.25285	0.23426666666666668	0.2708666666666667	0.30235	0.28145000000000003	0.2868	0.28123333333333334	0.2660166666666667	0.3508833333333333	0.36741666666666667	0.4107166666666667	0.33293333333333336	0.4612666666666667	0.4201166666666667	0.40085000000000004	0.45245	0.5474	0.5326333333333334	0.52575	0.44595	0.5701166666666667	0.4718666666666667	0.46093333333333336	0.49623333333333336	0.5337000000000001	0.5417166666666667	0.5786	0.6085833333333334	0.49560000000000004	0.5268	0.5976333333333333	0.44633333333333336	0.4572333333333334	0.4955	0.45843333333333336	0.5132833333333333	0.5730833333333334	0.5545333333333333	0.5156333333333334	0.4912	0.5508333333333334	0.5801333333333334	0.53705	0.4597	0.46063333333333334	0.5648833333333334	0.48585	0.5293666666666667	0.6205166666666667	0.4819833333333334	0.6630833333333334	0.4857666666666667
0.5117333333333334	0.47353333333333336	0.4854666666666667	0.57815	0.5408166666666667	0.6048333333333333	0.49041666666666667	0.4467666666666667	0.52125	0.6832166666666667	0.48525	0.5172666666666667	0.39058333333333334	0.4602833333333334	0.58455	0.42813333333333337	0.5849833333333334	0.51165	0.5119166666666667	0.44338333333333335	0.5315833333333334	0.42128333333333334	0.52595	0.6210333333333333	0.46271666666666667	0.46055	0.5526	0.42250000000000004	0.47015	0.5034333333333334	0.46368333333333334	0.5124500000000001	0.41440000000000005	0.48218333333333335	0.4501666666666667	0.38061666666666666	0.42741666666666667	0.4723833333333334	0.33695	0.47690000000000005	0.45533333333333337	0.3253166666666667	0.3975	0.4387166666666667	0.29913333333333336	0.2662	0.2864666666666667	0.23633333333333334	0.26935000000000003	0.26976666666666665	0.21141666666666667	0.24015	0.22583333333333333	0.28225	0.26711666666666667	0.3272333333333334	0.37148333333333333	0.33466666666666667	0.3806333333333334	0.3832666666666667	0.37628333333333336	0.36748333333333333	0.5127166666666667	0.46393333333333336	0.47990000000000005	0.44508333333333333	0.43213333333333337	0.4313166666666667	0.5319833333333334	0.4707	0.45405	0.51005	0.4830166666666667	0.5422	0.5272666666666667	0.49888333333333335	0.4931666666666667	0.4822166666666667	0.4525	0.4937	0.5495666666666666	0.5231166666666667	0.5262	0.5030666666666667	0.47983333333333333	0.5879666666666667	0.5207333333333334	0.47440000000000004	0.5063833333333334	0.50875	0.5140333333333333	0.5161	0.6646166666666667	0.4849666666666667	0.5412333333333333	0.5792666666666667	0.5295833333333334	0.5309333333333334	0.5229	0.4174166666666667
0.48868333333333336	0.5808166666666666	0.5104500000000001	0.49015000000000003	0.47435000000000005	0.4901666666666667	0.5208166666666667	0.48081666666666667	0.4456	0.6443666666666666	0.4523666666666667	0.41436666666666666	0.4935333333333334	0.5252333333333333	0.5239166666666667	0.6290833333333333	0.5421166666666667	0.5952166666666667	0.5032666666666666	0.4768833333333334	0.5084666666666667	0.5088833333333334	0.5603333333333333	0.5172166666666667	0.4683666666666667	0.45985000000000004	0.48633333333333334	0.4807	0.53	0.48515	0.5569166666666667	0.5020333333333333	0.49245	0.4527666666666667	0.48693333333333333	0.43255000000000005	0.47131666666666666	0.4859666666666667	0.45248333333333335	0.3262	0.43046666666666666	0.40263333333333334	0.40223333333333333	0.29663333333333336	0.2975666666666667	0.29095	0.22475	0.1864	0.1615	0.20273333333333335	0.1668	0.12416666666666668	0.18491666666666667	0.21406666666666668	0.20148333333333335	0.29055000000000003	0.262	0.3353166666666667	0.36105000000000004	0.3906833333333333	0.34276666666666666	0.43898333333333334	0.41325	0.43728333333333336	0.39398333333333335	0.4275666666666667	0.41183333333333333	0.5041833333333333	0.4723333333333334	0.5896333333333333	0.626	0.45580000000000004	0.4604166666666667	0.5861166666666667	0.5291333333333333	0.5081166666666667	0.5219333333333334	0.5646833333333333	0.48933333333333334	0.47603333333333336	0.4955666666666667	0.5659500000000001	0.4713666666666667	0.45448333333333335	0.5508833333333334	0.5718500000000001	0.4651	0.4295666666666667	0.5004500000000001	0.5789166666666667	0.5978	0.4624666666666667	0.5505	0.5833166666666667	0.5209833333333334	0.5347666666666667	0.47553333333333336	0.5084166666666667	0.5205000000000001	0.5655
0.5039666666666667	0.5031166666666667	0.5908333333333333	0.5987166666666667	0.5648500000000001	0.4625	0.44658333333333333	0.44683333333333336	0.39803333333333335	0.55165	0.4556	0.4829833333333334	0.5083333333333333	0.5067	0.48515	0.4586	0.4964166666666667	0.44778333333333337	0.46175000000000005	0.5222166666666667	0.48331666666666667	0.44798333333333334	0.49763333333333337	0.5611833333333334	0.48260000000000003	0.51415	0.5077666666666667	0.5395833333333333	0.45058333333333334	0.5922333333333334	0.5145500000000001	0.42391666666666666	0.48783333333333334	0.4204	0.40066666666666667	0.48843333333333333	0.4137	0.42358333333333337	0.41173333333333334	0.40255	0.3522166666666667	0.36383333333333334	0.34693333333333337	0.25398333333333334	0.15563333333333335	0.24811666666666668	0.19268333333333335	0.16615000000000002	0.10581666666666667	0.11123333333333334	0.14816666666666667	0.19753333333333334	0.18995	0.18631666666666669	0.18293333333333334	0.2177	0.22265000000000001	0.24583333333333335	0.3519166666666667	0.2767833333333333	0.34081666666666666	0.50425	0.4883	0.5328	0.43760000000000004	0.4447666666666667	0.45308333333333334	0.41728333333333334	0.5209833333333334	0.47836666666666666	0.4618666666666667	0.47700000000000004	0.5067333333333334	0.5090833333333333	0.4755666666666667	0.5538500000000001	0.5115833333333334	0.5837333333333333	0.4451	0.4620166666666667	0.45761666666666667	0.5172	0.6290166666666667	0.5260166666666667	0.5665166666666667	0.5002166666666666	0.41408333333333336	0.5432166666666667	0.5248333333333334	0.5233333333333333	0.5237	0.6080166666666666	0.56725	0.48933333333333334	0.5776666666666667	0.5076	0.5397333333333334	0.4880666666666667	0.51185	0.4874833333333334
0.6001333333333334	0.55045	0.5181333333333333	0.6686333333333334	0.6021833333333334	0.4619166666666667	0.4571	0.6322333333333333	0.42850000000000005	0.5009833333333333	0.6246833333333334	0.5265500000000001	0.6107	0.6074833333333334	0.5217166666666667	0.5344666666666666	0.5817666666666667	0.46288333333333337	0.5728333333333333	0.5827333333333333	0.56355	0.5639166666666667	0.5594833333333333	0.45435000000000003	0.5791833333333334	0.5660666666666667	0.46445000000000003	0.46605	0.3957333333333333	0.5148166666666667	0.43925000000000003	0.46073333333333333	0.4605666666666667	0.5865833333333333	0.5114833333333334	0.4185166666666667	0.39188333333333336	0.4457166666666667	0.40671666666666667	0.4005166666666667	0.33698333333333336	0.35586666666666666	0.3762166666666667	0.2513166666666667	0.15758333333333335	0.16265000000000002	0.13628333333333334	0.10675000000000001	0.08295000000000001	0.10268333333333333	0.12510000000000002	0.09186666666666667	0.11051666666666667	0.14351666666666668	0.18083333333333335	0.22963333333333336	0.23683333333333334	0.28933333333333333	0.3088666666666667	0.35250000000000004	0.38870000000000005	0.37288333333333334	0.5105500000000001	0.4023666666666667	0.4030166666666667	0.4132166666666667	0.4315166666666667	0.44780000000000003	0.47973333333333334	0.5497666666666667	0.5025666666666667	0.5134000000000001	0.4714666666666667	0.5932000000000001	0.41781666666666667	0.48081666666666667	0.5406666666666667	0.4933166666666667	0.5199833333333334	0.4653166666666667	0.5161166666666667	0.6757666666666667	0.5517000000000001	0.46658333333333335	0.5809000000000001	0.5826833333333333	0.5312	0.58985	0.6089166666666667	0.5912833333333334	0.5951166666666667	0.5243833333333333	0.5326000000000001	0.47155	0.4537333333333334	0.5295333333333334	0.4993	0.5212166666666667	0.4781666666666667	0.48993333333333333
0.52685	0.49755000000000005	0.41683333333333333	0.4883166666666667	0.6578166666666667	0.5819833333333334	0.6344333333333334	0.437	0.5562833333333334	0.5059666666666667	0.5047166666666667	0.5371833333333333	0.47725	0.5368166666666667	0.6336833333333334	0.5620333333333334	0.5762833333333334	0.5780833333333334	0.5683166666666667	0.5034333333333334	0.43995	0.6189666666666667	0.5740333333333334	0.5672833333333334	0.5823833333333334	0.5351833333333333	0.6784	0.4411166666666667	0.4536	0.5076	0.67015	0.6319833333333333	0.4683666666666667	0.49323333333333336	0.40603333333333336	0.4152166666666667	0.4388166666666667	0.33083333333333337	0.42863333333333337	0.34900000000000003	0.31565000000000004	0.25023333333333336	0.2386	0.18483333333333335	0.12656666666666666	0.11205000000000001	0.09783333333333334	0.08616666666666667	0.06166666666666667	0.09006666666666667	0.04413333333333334	0.05508333333333334	0.10308333333333333	0.08816666666666667	0.19053333333333333	0.16851666666666668	0.2081	0.22783333333333333	0.29305000000000003	0.37305	0.3668166666666667	0.4209333333333333	0.3942666666666667	0.43885	0.53915	0.3807166666666667	0.48533333333333334	0.5039166666666667	0.45311666666666667	0.5688	0.4918666666666667	0.5401666666666667	0.5003166666666667	0.44353333333333333	0.5276833333333334	0.5159666666666667	0.4894833333333334	0.46390000000000003	0.6083000000000001	0.5277666666666667	0.5500333333333334	0.46955	0.5415166666666666	0.5966666666666667	0.6168166666666667	0.5436	0.5173	0.5869	0.5271666666666667	0.5141833333333333	0.5775166666666667	0.39923333333333333	0.6057833333333333	0.5150166666666667	0.6141500000000001	0.6042166666666667	0.5637666666666666	0.45498333333333335	0.5983166666666667	0.5427000000000001
0.5101833333333333	0.5308333333333334	0.5561833333333334	0.5164500000000001	0.5704333333333333	0.47350000000000003	0.5374833333333333	0.5139	0.5262833333333333	0.47683333333333333	0.4272666666666667	0.41108333333333336	0.5156833333333334	0.4970833333333334	0.4942666666666667	0.6308666666666667	0.5225166666666667	0.5817833333333333	0.5437833333333334	0.43220000000000003	0.53405	0.4879	0.58065	0.5337333333333334	0.45263333333333333	0.47376666666666667	0.5093833333333334	0.6003833333333334	0.51225	0.5063166666666666	0.39505	0.43785	0.44203333333333333	0.5604	0.5103166666666666	0.4461666666666667	0.52195	0.4126166666666667	0.5077	0.27288333333333337	0.32643333333333335	0.3033666666666667	0.2232	0.24531666666666668	0.12140000000000001	0.08743333333333334	0.07831666666666667	0.04265	0.03631666666666667	0.02715	0.03188333333333333	0.03955	0.06113333333333334	0.11703333333333334	0.14353333333333335	0.16605	0.24368333333333334	0.2356	0.21548333333333333	0.34963333333333335	0.4187	0.42113333333333336	0.34736666666666666	0.36973333333333336	0.389	0.40248333333333336	0.42433333333333334	0.5240666666666667	0.5426166666666667	0.54105	0.46968333333333334	0.6250333333333333	0.5753666666666667	0.4742166666666667	0.4591166666666667	0.55315	0.42810000000000004	0.5538000000000001	0.56355	0.5385	0.4426166666666667	0.40345000000000003	0.6508333333333334	0.50475	0.6401	0.5218833333333334	0.4804833333333334	0.6031333333333334	0.4620666666666667	0.4768	0.5229833333333334	0.5795166666666667	0.45511666666666667	0.5121	0.6196333333333334	0.5097333333333334	0.5944166666666667	0.5457833333333334	0.45568333333333333	0.6489666666666667
0.5662	0.5966333333333333	0.5718666666666667	0.6064333333333334	0.5890833333333334	0.5559666666666667	0.6419166666666667	0.4773	0.48363333333333336	0.5765333333333333	0.5020166666666667	0.5957666666666667	0.44808333333333333	0.5338833333333334	0.48708333333333337	0.4637833333333334	0.44638333333333335	0.5064000000000001	0.5054833333333334	0.49685	0.5228	0.45470000000000005	0.6170666666666667	0.52545	0.4691666666666667	0.50285	0.5229	0.4394166666666667	0.5023333333333334	0.4004666666666667	0.5102166666666667	0.3960666666666667	0.5200166666666667	0.4729166666666667	0.3926	0.3336166666666667	0.4971166666666667	0.3123666666666667	0.4564666666666667	0.3206333333333333	0.26705	0.2836166666666667	0.2660166666666667	0.13601666666666667	0.12985	0.12598333333333334	0.08800000000000001	0.047	0.03125	0.018416666666666668	0.00595	0.026033333333333335	0.06945	0.07768333333333334	0.09796666666666667	0.10363333333333334	0.22136666666666668	0.26315	0.2697	0.30846666666666667	0.34676666666666667	0.36143333333333333	0.43188333333333334	0.38456666666666667	0.5262166666666667	0.4067	0.48835	0.43598333333333333	0.5382333333333333	0.5452333333333333	0.5126333333333334	0.4297	0.6100833333333333	0.48008333333333336	0.47485000000000005	0.39495	0.4828	0.5466500000000001	0.41623333333333334	0.5119166666666667	0.49483333333333335	0.49065000000000003	0.5709833333333334	0.5034333333333334	0.5248166666666667	0.5495	0.46840000000000004	0.5926	0.5536833333333333	0.54805	0.4714166666666667	0.5407166666666667	0.5230666666666667	0.59385	0.5679833333333334	0.42743333333333333	0.60235	0.4408	0.50625	0.46038333333333337
0.6000333333333333	0.5151666666666667	0.5619000000000001	0.4885666666666667	0.5029	0.51165	0.46508333333333335	0.57135	0.4927666666666667	0.4936666666666667	0.38053333333333333	0.50125	0.43620000000000003	0.61585	0.5124000000000001	0.5608166666666667	0.60365	0.4779166666666667	0.43625	0.5233	0.5555333333333333	0.46040000000000003	0.5575166666666667	0.50605	0.60695	0.45803333333333335	0.4977166666666667	0.5215500000000001	0.47055	0.4036	0.4817166666666667	0.47208333333333335	0.41453333333333336	0.4733666666666667	0.49213333333333337	0.47550000000000003	0.41648333333333337	0.39795	0.32825000000000004	0.35731666666666667	0.29418333333333335	0.2584666666666667	0.15796666666666667	0.19326666666666667	0.11861666666666668	0.12326666666666668	0.04006666666666667	0.01941666666666667	0.010716666666666668	0.0038666666666666667	0.0010500000000000002	0.014416666666666668	0.030616666666666667	0.055933333333333335	0.09171666666666667	0.22211666666666668	0.15158333333333335	0.19606666666666667	0.23053333333333334	0.30060000000000003	0.48133333333333334	0.2987166666666667	0.39873333333333333	0.42253333333333337	0.39275000000000004	0.4213	0.39976666666666666	0.4631166666666667	0.5620333333333334	0.5193	0.5030666666666667	0.4862	0.5074166666666667	0.5486833333333334	0.5379833333333334	0.6758833333333334	0.49898333333333333	0.4279833333333333	0.6183166666666667	0.5403833333333333	0.6110833333333333	0.5543666666666667	0.5189666666666667	0.44358333333333333	0.45308333333333334	0.54335	0.5655166666666667	0.4975666666666667	0.5615666666666667	0.62115	0.5964333333333334	0.5428833333333334	0.4936166666666667	0.5733833333333334	0.50785	0.56255	0.5231833333333333	0.49188333333333334	0.5494333333333333	0.47455
0.5105500000000001	0.4844333333333334	0.5206666666666667	0.5575833333333333	0.6339833333333333	0.4363666666666667	0.6528	0.5051333333333333	0.5245500000000001	0.45688333333333336	0.5365666666666667	0.5470333333333334	0.5514666666666667	0.6329	0.5192666666666667	0.5092666666666666	0.48491666666666666	0.54055	0.5742166666666667	0.5212666666666667	0.4507666666666667	0.5155500000000001	0.41548333333333337	0.46713333333333334	0.43955	0.48255000000000003	0.4342166666666667	0.5223	0.40850000000000003	0.4534166666666667	0.42525	0.5172333333333333	0.4441833333333334	0.40166666666666667	0.5006333333333334	0.45108333333333334	0.41481666666666667	0.3817666666666667	0.3076166666666667	0.30395	0.29281666666666667	0.22973333333333334	0.2903	0.19690000000000002	0.1517	0.08176666666666667	0.056900000000000006	0.021133333333333334	0.01705	0.0014500000000000001	0.004483333333333334	0.005716666666666667	0.02561666666666667	0.02716666666666667	0.11058333333333334	0.13676666666666668	0.23075	0.19496666666666668	0.2886	0.33571666666666666	0.3499666666666667	0.28245000000000003	0.41618333333333335	0.41125	0.4900333333333334	0.3899	0.39625000000000005	0.5170333333333333	0.42025	0.47448333333333337	0.47050000000000003	0.41153333333333336	0.45713333333333334	0.47153333333333336	0.46003333333333335	0.5578666666666667	0.4852666666666667	0.4747166666666667	0.44678333333333337	0.5347166666666667	0.5068333333333334	0.5152	0.46035000000000004	0.4865166666666667	0.5379666666666667	0.5135333333333334	0.6099166666666667	0.5133833333333333	0.4795166666666667	0.5911333333333334	0.4767166666666667	0.4544666666666667	0.5024500000000001	0.48868333333333336	0.5020833333333333	0.57065	0.45768333333333333	0.6368333333333334	0.5791333333333334	0.5488500000000001
0.6515000000000001	0.58645	0.49000000000000005	0.54835	0.523	0.44711666666666666	0.5821000000000001	0.4645166666666667	0.5751333333333334	0.5183	0.48991666666666667	0.4894666666666667	0.4753	0.5152666666666667	0.45030000000000003	0.4267166666666667	0.4950166666666667	0.6146833333333334	0.45525000000000004	0.5105666666666667	0.5790166666666667	0.5532	0.5079833333333333	0.5612666666666667	0.6091	0.506	0.5690166666666667	0.5437000000000001	0.49043333333333333	0.5073666666666667	0.3901	0.5705333333333333	0.5118666666666667	0.5161666666666667	0.48485	0.40705	0.45543333333333336	0.38255	0.3424166666666667	0.3732666666666667	0.30563333333333337	0.26116666666666666	0.20023333333333335	0.17128333333333334	0.17688333333333334	0.10048333333333334	0.09845000000000001	0.05703333333333334	0.02221666666666667	0.010483333333333334	0.008383333333333333	0.02911666666666667	0.034383333333333335	0.06628333333333333	0.13585	0.11226666666666667	0.19963333333333333	0.20963333333333334	0.31708333333333333	0.38843333333333335	0.3274	0.3613	0.3309	0.4129166666666667	0.4713	0.4637833333333334	0.40648333333333336	0.59225	0.4384166666666667	0.5002	0.5600833333333334	0.4640666666666667	0.4747	0.39271666666666666	0.5429166666666667	0.5146166666666667	0.6010500000000001	0.5707333333333333	0.463	0.5387500000000001	0.52025	0.5167833333333334	0.4905666666666667	0.4722166666666667	0.4881666666666667	0.4517666666666667	0.5262833333333333	0.57355	0.4114666666666667	0.5802666666666667	0.5162666666666667	0.5485666666666666	0.4618166666666667	0.5611666666666667	0.5221166666666667	0.5720833333333334	0.6197	0.7437	0.48078333333333334	0.5538666666666667
0.53905	0.5673	0.4403166666666667	0.5752333333333334	0.5456166666666666	0.57625	0.5117333333333334	0.47008333333333335	0.5322666666666667	0.5148666666666667	0.5370166666666667	0.5322166666666667	0.5164333333333334	0.3872666666666667	0.5851666666666667	0.52405	0.48628333333333335	0.5096166666666667	0.5244333333333333	0.5220666666666667	0.5069666666666667	0.55365	0.3984666666666667	0.42765000000000003	0.56125	0.4770666666666667	0.5093666666666667	0.5391	0.6095666666666667	0.5283833333333333	0.45093333333333335	0.41195000000000004	0.4905333333333334	0.5502666666666667	0.46130000000000004	0.38188333333333335	0.39266666666666666	0.35525	0.40755	0.3879666666666667	0.272	0.27558333333333335	0.2745166666666667	0.2243666666666667	0.187	0.14601666666666668	0.15401666666666666	0.06583333333333334	0.04563333333333334	0.020083333333333335	0.051783333333333334	0.0555	0.07316666666666667	0.07383333333333333	0.1807666666666667	0.15760000000000002	0.17980000000000002	0.25161666666666666	0.2847166666666667	0.38085	0.3988666666666667	0.38635	0.36083333333333334	0.5066833333333334	0.42036666666666667	0.47063333333333335	0.4638333333333334	0.5311833333333333	0.41398333333333337	0.5975	0.43448333333333333	0.40528333333333333	0.5065000000000001	0.4797166666666667	0.4502666666666667	0.5688666666666667	0.45028333333333337	0.55335	0.4766166666666667	0.6310333333333333	0.5263	0.5357833333333334	0.5085166666666667	0.531	0.5598500000000001	0.5414833333333333	0.5771000000000001	0.49575	0.5125000000000001	0.44068333333333337	0.5772666666666667	0.5379833333333334	0.50205	0.5942833333333334	0.5121666666666667	0.6172166666666667	0.4544166666666667	0.40703333333333336	0.5020833333333333	0.5131666666666667
0.56605	0.6049833333333333	0.5712333333333334	0.5456	0.5127333333333334	0.4446333333333334	0.4919833333333334	0.5272166666666667	0.5623	0.5678833333333334	0.48785	0.4806666666666667	0.48100000000000004	0.5371833333333333	0.43570000000000003	0.4583166666666667	0.5464166666666667	0.49095	0.5042333333333333	0.53885	0.43201666666666666	0.5611833333333334	0.5174500000000001	0.38845	0.52205	0.54105	0.48368333333333335	0.5650166666666667	0.5447333333333334	0.48973333333333335	0.42678333333333335	0.4854666666666667	0.44858333333333333	0.4854833333333334	0.40728333333333333	0.40425	0.42610000000000003	0.3914166666666667	0.42355000000000004	0.3299166666666667	0.3057	0.32355	0.30833333333333335	0.17835	0.15783333333333335	0.1618666666666667	0.10421666666666667	0.07858333333333334	0.084	0.05331666666666667	0.08778333333333334	0.07866666666666668	0.10361666666666668	0.10271666666666668	0.14041666666666666	0.19595	0.19091666666666668	0.2563166666666667	0.29233333333333333	0.24478333333333335	0.3772666666666667	0.43348333333333333	0.5865166666666667	0.3705	0.36673333333333336	0.53635	0.40385000000000004	0.40675	0.5282166666666667	0.5227333333333334	0.5199833333333334	0.47175	0.5075333333333334	0.46890000000000004	0.5503833333333333	0.5141166666666667	0.52085	0.47248333333333337	0.5012166666666666	0.5782333333333334	0.5473	0.48023333333333335	0.5223333333333333	0.45088333333333336	0.46468333333333334	0.5416166666666667	0.5133666666666666	0.6279	0.5417333333333334	0.5066666666666667	0.4555666666666667	0.4469166666666667	0.4542166666666667	0.5084666666666667	0.52115	0.4724166666666667	0.5088833333333334	0.5388333333333334	0.5757333333333333	0.4693833333333334
0.5538000000000001	0.53705	0.5620166666666667	0.5016	0.5795166666666667	0.48625	0.4838166666666667	0.5571833333333334	0.5327666666666667	0.60265	0.5228833333333334	0.5169833333333334	0.457	0.5044500000000001	0.49951666666666666	0.5860833333333334	0.5803	0.4578666666666667	0.44820000000000004	0.49218333333333336	0.5762	0.5855666666666667	0.47863333333333336	0.5142833333333333	0.49588333333333334	0.5200333333333333	0.42768333333333336	0.5382333333333333	0.5098	0.5123166666666666	0.52305	0.4030666666666667	0.5046	0.45	0.3827666666666667	0.4980833333333334	0.4045	0.3541166666666667	0.46243333333333336	0.43593333333333334	0.2943	0.2775	0.2778666666666667	0.2684666666666667	0.09933333333333334	0.13703333333333334	0.09865	0.12668333333333334	0.11145000000000001	0.11138333333333333	0.1008	0.08951666666666667	0.12345	0.16398333333333334	0.11765	0.17103333333333334	0.27676666666666666	0.30996666666666667	0.26211666666666666	0.3663166666666667	0.39913333333333334	0.42828333333333335	0.5323	0.4764666666666667	0.5090833333333333	0.5042	0.45816666666666667	0.52485	0.5790833333333334	0.54225	0.5497333333333334	0.44815000000000005	0.4911166666666667	0.47528333333333334	0.5045833333333334	0.47023333333333334	0.4892166666666667	0.48655000000000004	0.4883166666666667	0.4942166666666667	0.5546166666666666	0.5568500000000001	0.47608333333333336	0.5364666666666666	0.40105	0.5488833333333334	0.4199833333333334	0.48686666666666667	0.43495	0.45155	0.4772	0.5010333333333333	0.5488666666666667	0.7006166666666667	0.5369333333333334	0.5416666666666667	0.5732	0.5027666666666667	0.5404833333333333	0.45885000000000004
0.5521333333333334	0.5279666666666667	0.5296666666666667	0.5774666666666667	0.6067666666666667	0.5103666666666667	0.4704666666666667	0.49775	0.4974166666666667	0.4249666666666667	0.4906666666666667	0.5580166666666667	0.48786666666666667	0.48503333333333337	0.4653666666666667	0.48136666666666666	0.6248833333333333	0.45583333333333337	0.48755000000000004	0.48585	0.6951	0.43975000000000003	0.5325666666666667	0.56335	0.6092500000000001	0.5376333333333334	0.54445	0.46021666666666666	0.5011333333333333	0.4555	0.46313333333333334	0.4756666666666667	0.5205166666666667	0.39533333333333337	0.4864	0.52095	0.43868333333333337	0.4569166666666667	0.4139333333333334	0.40388333333333337	0.3488833333333333	0.36583333333333334	0.27668333333333334	0.3327	0.24680000000000002	0.19465000000000002	0.17335	0.14105	0.1308	0.21150000000000002	0.17468333333333333	0.20043333333333335	0.13388333333333333	0.1637	0.25073333333333336	0.24413333333333334	0.2596833333333333	0.35455000000000003	0.37288333333333334	0.35718333333333335	0.35545000000000004	0.3054	0.44553333333333334	0.44735	0.4699166666666667	0.5257666666666667	0.5242166666666667	0.4898666666666667	0.5542	0.4724666666666667	0.49598333333333333	0.5059166666666667	0.5276333333333334	0.4720666666666667	0.43505000000000005	0.4146166666666667	0.50895	0.508	0.52875	0.4919	0.4761166666666667	0.44135	0.43473333333333336	0.5644	0.57145	0.5365166666666666	0.5038666666666667	0.5760833333333334	0.5047	0.4676	0.5880166666666667	0.4862666666666667	0.5249833333333334	0.56815	0.5486	0.5623333333333334	0.49588333333333334	0.4676	0.59295	0.5150333333333333
0.41003333333333336	0.5325833333333334	0.5172333333333333	0.5845333333333333	0.42210000000000003	0.5165000000000001	0.4985666666666667	0.49598333333333333	0.5474	0.5480833333333334	0.45640000000000003	0.5070166666666667	0.55335	0.5771833333333334	0.41881666666666667	0.5139166666666667	0.46103333333333335	0.48741666666666666	0.46021666666666666	0.46728333333333333	0.43943333333333334	0.54245	0.5264166666666666	0.4152	0.4822166666666667	0.4733666666666667	0.5050333333333333	0.54925	0.47525	0.4797666666666667	0.5651833333333334	0.5003000000000001	0.45	0.4736	0.37223333333333336	0.44685	0.4045166666666667	0.3917333333333334	0.4315	0.4536833333333333	0.4050666666666667	0.2859166666666667	0.3555166666666667	0.2890666666666667	0.24988333333333335	0.29236666666666666	0.28665	0.14963333333333334	0.20811666666666667	0.16833333333333333	0.15646666666666667	0.20600000000000002	0.18216666666666667	0.19876666666666667	0.27248333333333336	0.2564666666666667	0.2935666666666667	0.37751666666666667	0.2643166666666667	0.36593333333333333	0.2930166666666667	0.5097833333333334	0.43093333333333333	0.4732166666666667	0.4918	0.48160000000000003	0.5040666666666667	0.6029666666666667	0.42060000000000003	0.43993333333333334	0.6471	0.5439833333333334	0.4595	0.4577833333333334	0.49885	0.41445000000000004	0.5067333333333334	0.3998333333333334	0.56155	0.5487000000000001	0.5022333333333333	0.5740333333333334	0.5560666666666667	0.6278333333333334	0.5135166666666667	0.49798333333333333	0.5865166666666667	0.5787	0.5881166666666667	0.5570333333333334	0.6045666666666667	0.4396666666666667	0.5953	0.51675	0.5594666666666667	0.48000000000000004	0.5191333333333333	0.5329666666666667	0.5520333333333334	0.5598333333333334
0.43038333333333334	0.4750666666666667	0.5548833333333334	0.6669666666666667	0.4532666666666667	0.5271833333333333	0.5877166666666667	0.5225666666666667	0.5352166666666667	0.5026166666666667	0.47873333333333334	0.4953166666666667	0.6034666666666667	0.50875	0.5328166666666667	0.4935666666666667	0.5366500000000001	0.5341833333333333	0.5297333333333334	0.46035000000000004	0.56375	0.48175	0.5403	0.4579166666666667	0.5589000000000001	0.41015	0.49825	0.47740000000000005	0.4372666666666667	0.5748166666666666	0.55255	0.4441666666666667	0.4842666666666667	0.43085	0.47318333333333334	0.5502	0.5075833333333334	0.5326500000000001	0.4175166666666667	0.37210000000000004	0.3695833333333334	0.4666	0.31083333333333335	0.31505	0.3473833333333334	0.2668166666666667	0.31656666666666666	0.2579	0.25980000000000003	0.19790000000000002	0.21293333333333334	0.17196666666666668	0.24381666666666668	0.25858333333333333	0.2586833333333333	0.24355000000000002	0.2860666666666667	0.32763333333333333	0.28468333333333334	0.3598	0.3652	0.41508333333333336	0.42525	0.4065166666666667	0.4398166666666667	0.45585000000000003	0.548	0.5357500000000001	0.4932666666666667	0.5083	0.4196166666666667	0.48773333333333335	0.54495	0.49038333333333334	0.47895000000000004	0.5687166666666666	0.5023500000000001	0.508	0.5984	0.6777333333333334	0.5619000000000001	0.5454	0.52315	0.5169	0.6351	0.5111333333333333	0.5199333333333334	0.57345	0.5571333333333334	0.4129166666666667	0.5660000000000001	0.6170833333333333	0.4717	0.5212	0.51785	0.5272333333333333	0.49318333333333336	0.48523333333333335	0.6010166666666666	0.525
0.5429333333333334	0.55335	0.49428333333333335	0.4880333333333334	0.5096	0.46275	0.5325333333333334	0.4791166666666667	0.5743	0.51785	0.60485	0.6197833333333334	0.5400166666666667	0.6193500000000001	0.5558666666666667	0.5034000000000001	0.45625000000000004	0.4848166666666667	0.45565	0.5813166666666667	0.5846166666666667	0.44235	0.5923333333333334	0.5081166666666667	0.5440666666666667	0.5132666666666666	0.4821166666666667	0.4658666666666667	0.5280833333333333	0.46703333333333336	0.5013833333333334	0.45958333333333334	0.4935333333333334	0.49205000000000004	0.48140000000000005	0.3891	0.5030666666666667	0.5286333333333334	0.41158333333333336	0.3750833333333333	0.46353333333333335	0.44603333333333334	0.40455	0.3544666666666667	0.34936666666666666	0.33573333333333333	0.2867166666666667	0.29546666666666666	0.33395	0.31503333333333333	0.3045	0.22958333333333333	0.316	0.2831166666666667	0.3222666666666667	0.3527666666666667	0.38275000000000003	0.39155	0.4184333333333334	0.4819333333333334	0.43488333333333334	0.3579666666666667	0.3864	0.45588333333333336	0.5523666666666667	0.46871666666666667	0.5698333333333334	0.50025	0.5067	0.5608500000000001	0.46758333333333335	0.5885	0.4322666666666667	0.5221333333333333	0.5305333333333334	0.48325	0.5179833333333334	0.5253	0.49128333333333335	0.5468500000000001	0.4985833333333334	0.5548500000000001	0.5501666666666667	0.6167833333333334	0.46430000000000005	0.49413333333333337	0.5303166666666667	0.44093333333333334	0.5569166666666667	0.5905	0.5353666666666667	0.5128833333333334	0.5607666666666667	0.5880500000000001	0.6001666666666667	0.5751166666666667	0.5807666666666667	0.5397000000000001	0.5175333333333334	0.48713333333333336
0.447	0.6024333333333334	0.4886666666666667	0.52345	0.5861000000000001	0.5048	0.5324333333333333	0.53695	0.46395000000000003	0.5661166666666667	0.49770000000000003	0.5312	0.5053833333333334	0.62075	0.6336	0.4766	0.42173333333333335	0.52725	0.5370833333333334	0.5092166666666667	0.44210000000000005	0.45685000000000003	0.4877	0.5238166666666667	0.4706166666666667	0.6414833333333334	0.5177333333333334	0.5631	0.3805	0.45743333333333336	0.4705666666666667	0.5334	0.4952166666666667	0.43396666666666667	0.42150000000000004	0.3463333333333333	0.4543666666666667	0.39440000000000003	0.37938333333333335	0.3690833333333334	0.42573333333333335	0.3500666666666667	0.35036666666666666	0.38495	0.36605000000000004	0.3724	0.28886666666666666	0.32921666666666666	0.2814166666666667	0.3005	0.34883333333333333	0.2994833333333333	0.3337	0.41731666666666667	0.3958166666666667	0.40471666666666667	0.30675	0.40253333333333335	0.3938666666666667	0.4920333333333334	0.4181166666666667	0.48555000000000004	0.41458333333333336	0.4785666666666667	0.47795000000000004	0.4401333333333334	0.5632333333333334	0.45008333333333334	0.39583333333333337	0.53755	0.4679666666666667	0.48078333333333334	0.4693	0.4756166666666667	0.48090000000000005	0.5516333333333333	0.48968333333333336	0.6060833333333333	0.4773666666666667	0.44706666666666667	0.59245	0.5071333333333333	0.45375000000000004	0.4824333333333334	0.48686666666666667	0.5867	0.4642	0.45866666666666667	0.4986333333333334	0.45483333333333337	0.6467666666666667	0.5282333333333333	0.5966833333333333	0.4834333333333334	0.5356333333333334	0.49951666666666666	0.5112833333333333	0.47348333333333337	0.6467333333333334	0.48623333333333335
0.5212166666666667	0.57825	0.4796166666666667	0.5607833333333334	0.5493	0.36710000000000004	0.5439	0.5791666666666667	0.54145	0.5798	0.6744833333333333	0.5365666666666667	0.44151666666666667	0.5431333333333334	0.48678333333333335	0.49588333333333334	0.4837666666666667	0.4007	0.60685	0.5508666666666667	0.42253333333333337	0.4429166666666667	0.5731333333333334	0.52415	0.47533333333333333	0.5193333333333333	0.47933333333333333	0.4805666666666667	0.45968333333333333	0.5997333333333333	0.49555000000000005	0.43725	0.5032166666666666	0.5033833333333334	0.4545	0.5438500000000001	0.52735	0.47753333333333337	0.45853333333333335	0.42031666666666667	0.5007166666666667	0.34885	0.33540000000000003	0.4713	0.40085000000000004	0.35395000000000004	0.35125	0.3521166666666667	0.4938	0.3269666666666667	0.31275000000000003	0.46645000000000003	0.38203333333333334	0.2898	0.3692666666666667	0.40368333333333334	0.5093166666666666	0.4240333333333334	0.42783333333333334	0.4741666666666667	0.41873333333333335	0.4930333333333334	0.5253833333333333	0.36933333333333335	0.4834666666666667	0.5730333333333334	0.45813333333333334	0.47565	0.5281833333333333	0.5783833333333334	0.49500000000000005	0.4312166666666667	0.5083833333333334	0.5058666666666667	0.5696333333333333	0.47528333333333334	0.49663333333333337	0.46618333333333334	0.4868166666666667	0.5172333333333333	0.46928333333333333	0.55125	0.6496500000000001	0.44356666666666666	0.4506	0.4686	0.5297000000000001	0.5642666666666667	0.5704666666666667	0.5416333333333334	0.5803333333333334	0.46976666666666667	0.5372666666666667	0.461	0.5147833333333334	0.6682833333333333	0.57035	0.5394833333333333	0.5675666666666667	0.5369666666666667
0.5532333333333334	0.5119	0.4937	0.5490666666666667	0.5201166666666667	0.47755000000000003	0.6404000000000001	0.45043333333333335	0.56265	0.51015	0.48945	0.47595000000000004	0.43163333333333337	0.4778833333333334	0.5028333333333334	0.45958333333333334	0.6039333333333333	0.4930666666666667	0.5635666666666667	0.4237	0.3736666666666667	0.5119833333333333	0.54395	0.5507500000000001	0.4889666666666667	0.5341	0.5382333333333333	0.5508833333333334	0.49870000000000003	0.40790000000000004	0.5342166666666667	0.42855000000000004	0.47523333333333334	0.58435	0.4819666666666667	0.44780000000000003	0.4563666666666667	0.49083333333333334	0.40800000000000003	0.4582	0.45293333333333335	0.4368666666666667	0.3886833333333333	0.4429166666666667	0.36623333333333336	0.36718333333333336	0.36765000000000003	0.3716166666666667	0.4641	0.36843333333333333	0.30145	0.3231833333333333	0.40948333333333337	0.3973166666666667	0.37698333333333334	0.39848333333333336	0.5310833333333334	0.4753666666666667	0.3907333333333334	0.5150833333333333	0.4696666666666667	0.4238	0.6126	0.5035333333333334	0.51475	0.5142166666666667	0.4633166666666667	0.5055666666666667	0.5003666666666667	0.4578166666666667	0.5076	0.48135	0.5792833333333334	0.4619666666666667	0.6332833333333333	0.47043333333333337	0.45103333333333334	0.48500000000000004	0.5501	0.6430666666666667	0.4884833333333334	0.4836666666666667	0.49410000000000004	0.5522833333333333	0.51595	0.5742333333333334	0.5315	0.3758	0.5333	0.5229666666666667	0.46323333333333333	0.46990000000000004	0.57265	0.5286666666666667	0.4196166666666667	0.5547166666666667	0.5594	0.6116166666666667	0.4080666666666667	0.5369333333333334
0.4574666666666667	0.5395333333333333	0.5704666666666667	0.5091333333333333	0.5232166666666667	0.5365	0.45253333333333334	0.4613333333333334	0.5468666666666667	0.5135333333333334	0.5107666666666667	0.5245500000000001	0.6592	0.5508333333333334	0.4706	0.5273833333333333	0.51015	0.5984833333333334	0.4838	0.56575	0.5384	0.5463666666666667	0.5229166666666667	0.46303333333333335	0.5502166666666667	0.5324166666666666	0.5671666666666667	0.57855	0.6315333333333334	0.47231666666666666	0.48255000000000003	0.53615	0.4601166666666667	0.4881666666666667	0.4674166666666667	0.5335333333333333	0.5113	0.46090000000000003	0.3867166666666667	0.5200166666666667	0.45003333333333334	0.46715	0.46445000000000003	0.46676666666666666	0.5151166666666667	0.3642666666666667	0.47878333333333334	0.41418333333333335	0.32605	0.3794666666666667	0.31020000000000003	0.45943333333333336	0.4366166666666667	0.4152666666666667	0.43485	0.46663333333333334	0.5218666666666667	0.49335	0.46505	0.4728	0.37370000000000003	0.45971666666666666	0.49713333333333337	0.5582833333333334	0.5218666666666667	0.49138333333333334	0.4844833333333334	0.4547666666666667	0.43210000000000004	0.5539166666666667	0.5194833333333334	0.41605000000000003	0.4762166666666667	0.5169666666666667	0.4547666666666667	0.4945333333333334	0.4718833333333334	0.43348333333333333	0.4909666666666667	0.62185	0.5045666666666667	0.5982166666666667	0.49398333333333333	0.53295	0.46063333333333334	0.5177833333333334	0.5235000000000001	0.4239	0.5054333333333334	0.5065166666666667	0.68405	0.5775333333333333	0.5147	0.48828333333333335	0.5303166666666667	0.6717500000000001	0.5473166666666667	0.5041333333333333	0.5290833333333333	0.47678333333333334
0.5156166666666667	0.5215666666666667	0.4976666666666667	0.49788333333333334	0.5034500000000001	0.49195	0.5084333333333334	0.6161833333333334	0.51205	0.5113833333333334	0.6016	0.4711166666666667	0.6008166666666667	0.6490166666666667	0.5910666666666667	0.5426833333333334	0.51585	0.5234666666666667	0.46318333333333334	0.5406833333333334	0.47118333333333334	0.5466166666666666	0.45968333333333333	0.6471666666666667	0.5205500000000001	0.44648333333333334	0.4758	0.5150666666666667	0.5172	0.4666166666666667	0.46095	0.48408333333333337	0.43188333333333334	0.60975	0.5074833333333334	0.45206666666666667	0.5565666666666667	0.51035	0.42865000000000003	0.4780166666666667	0.4643666666666667	0.48958333333333337	0.4209	0.35935	0.40578333333333333	0.38020000000000004	0.44075000000000003	0.4911666666666667	0.33585000000000004	0.42558333333333337	0.4715166666666667	0.37665000000000004	0.46071666666666666	0.49573333333333336	0.4553666666666667	0.4402166666666667	0.4113	0.5691833333333334	0.4049666666666667	0.5676166666666667	0.5173333333333333	0.5546833333333333	0.4343	0.4214833333333334	0.45983333333333337	0.50925	0.48500000000000004	0.49465000000000003	0.4625166666666667	0.5625	0.5701166666666667	0.47485000000000005	0.5136833333333334	0.5412166666666667	0.48075	0.5479166666666667	0.5657333333333333	0.5732	0.46871666666666667	0.5419666666666667	0.6483166666666667	0.4966166666666667	0.5917833333333333	0.5197666666666667	0.4485166666666667	0.46215	0.47535000000000005	0.40238333333333337	0.5813166666666667	0.5139333333333334	0.5347500000000001	0.6267	0.5376000000000001	0.50705	0.5389166666666667	0.5092333333333333	0.6364166666666667	0.5464	0.60185	0.5250333333333334
0.4809166666666667	0.49805000000000005	0.6218833333333333	0.5670333333333334	0.5265500000000001	0.5204500000000001	0.5006666666666667	0.6206166666666667	0.5220666666666667	0.5494	0.48275	0.46693333333333337	0.5642166666666667	0.53605	0.49493333333333334	0.4366166666666667	0.48735	0.54045	0.5919333333333333	0.44325000000000003	0.5238666666666667	0.49765000000000004	0.6042333333333334	0.5003500000000001	0.4759666666666667	0.41788333333333333	0.49851666666666666	0.5178	0.5014500000000001	0.5331333333333333	0.61455	0.5483166666666667	0.5835833333333333	0.5056833333333334	0.4881666666666667	0.4577666666666667	0.55665	0.52105	0.4933666666666667	0.44811666666666666	0.48965000000000003	0.46071666666666666	0.43501666666666666	0.3831333333333333	0.4068	0.41150000000000003	0.44711666666666666	0.3396666666666667	0.43175	0.46403333333333335	0.3899666666666667	0.35458333333333336	0.4076666666666667	0.3788	0.35568333333333335	0.5045000000000001	0.4180666666666667	0.5065500000000001	0.4999	0.5144500000000001	0.46685000000000004	0.6272	0.5080666666666667	0.47125	0.48845000000000005	0.5010666666666667	0.5042166666666666	0.5102333333333333	0.4121666666666667	0.44060000000000005	0.5104166666666667	0.5104000000000001	0.49715000000000004	0.4824166666666667	0.48778333333333335	0.4655166666666667	0.48735	0.49428333333333335	0.5869500000000001	0.46505	0.5801000000000001	0.5456833333333334	0.58335	0.6384666666666667	0.5185000000000001	0.45665	0.5195000000000001	0.6047	0.56555	0.5491	0.58725	0.5243833333333333	0.5538500000000001	0.5268333333333334	0.5459666666666667	0.44861666666666666	0.5176666666666667	0.6117166666666667	0.5338666666666667	0.44365000000000004
0.4916166666666667	0.5522166666666667	0.4363666666666667	0.5115166666666667	0.6788500000000001	0.4601	0.59075	0.47231666666666666	0.40355	0.4847	0.45433333333333337	0.5528333333333334	0.5792666666666667	0.4887	0.5407333333333334	0.5114333333333334	0.5031666666666667	0.47640000000000005	0.5088	0.5378166666666667	0.5784166666666667	0.4926666666666667	0.5379833333333334	0.5349833333333334	0.5509666666666667	0.44758333333333333	0.60245	0.5861333333333334	0.4703833333333334	0.4940833333333334	0.4728	0.48865000000000003	0.5592	0.5770500000000001	0.5206000000000001	0.45545	0.56235	0.5130833333333333	0.5571666666666667	0.46038333333333337	0.49343333333333333	0.40021666666666667	0.3914166666666667	0.4524166666666667	0.49265000000000003	0.4061166666666667	0.42375	0.46118333333333333	0.41345000000000004	0.3924166666666667	0.35845	0.39408333333333334	0.40093333333333336	0.4014666666666667	0.47873333333333334	0.4143	0.4251166666666667	0.4889	0.4467166666666667	0.4647833333333334	0.4643666666666667	0.5841000000000001	0.5611333333333334	0.5304333333333333	0.5724	0.5183833333333333	0.4875166666666667	0.43005000000000004	0.47085000000000005	0.50765	0.4482666666666667	0.50475	0.5886166666666667	0.51625	0.42741666666666667	0.5034333333333334	0.5255000000000001	0.5477000000000001	0.42550000000000004	0.61805	0.6121500000000001	0.4922166666666667	0.5241166666666667	0.42100000000000004	0.5230333333333334	0.49328333333333335	0.47450000000000003	0.49855000000000005	0.50695	0.48145000000000004	0.5172	0.5377666666666667	0.4323666666666667	0.42488333333333334	0.51905	0.65335	0.54955	0.5901333333333334	0.5353333333333333	0.4882666666666667
0.47828333333333334	0.49318333333333336	0.47463333333333335	0.5367166666666667	0.5840500000000001	0.5633833333333333	0.48125	0.6361	0.5374333333333333	0.5475	0.46763333333333335	0.5414333333333333	0.6198666666666667	0.6487166666666667	0.6012500000000001	0.5913	0.5189666666666667	0.5437500000000001	0.4780166666666667	0.4809166666666667	0.5236833333333334	0.5893833333333334	0.4949	0.46895000000000003	0.45183333333333336	0.5545666666666667	0.5382333333333333	0.56145	0.4127	0.47526666666666667	0.4867666666666667	0.49445	0.45263333333333333	0.5342	0.48925	0.5758666666666667	0.5378000000000001	0.5103333333333333	0.5375	0.4263	0.44068333333333337	0.4342166666666667	0.49660000000000004	0.43755	0.44356666666666666	0.4451666666666667	0.5135666666666667	0.4111	0.45125000000000004	0.39766666666666667	0.44583333333333336	0.34213333333333334	0.29115	0.38828333333333337	0.36628333333333335	0.44483333333333336	0.5254	0.4514	0.3738666666666667	0.46776666666666666	0.4418	0.50075	0.5030833333333333	0.5204166666666666	0.5635666666666667	0.52725	0.50605	0.5092666666666666	0.5000333333333333	0.5455333333333333	0.38875000000000004	0.6168833333333333	0.5788833333333334	0.5534666666666667	0.5110333333333333	0.52775	0.52345	0.5361833333333333	0.50365	0.45865	0.4695166666666667	0.6042333333333334	0.5393333333333333	0.42585	0.5497000000000001	0.4642666666666667	0.5792666666666667	0.5361166666666667	0.56465	0.47126666666666667	0.45266666666666666	0.49655000000000005	0.4096666666666667	0.4985	0.5822333333333334	0.53115	0.5378166666666667	0.5254166666666666	0.5202333333333333	0.5053166666666666
0.5583333333333333	0.5686333333333333	0.4854333333333334	0.4768666666666667	0.5616833333333333	0.4937666666666667	0.5374833333333333	0.5562666666666667	0.47435000000000005	0.5657333333333333	0.4334166666666667	0.49775	0.5367833333333334	0.5309333333333334	0.5602833333333334	0.5467666666666667	0.5393166666666667	0.48278333333333334	0.5370333333333334	0.5591333333333334	0.62285	0.5078	0.5227166666666667	0.5927166666666667	0.4659166666666667	0.5268333333333334	0.48765000000000003	0.5663833333333333	0.5528833333333334	0.45848333333333335	0.5286333333333334	0.6153833333333334	0.47153333333333336	0.4227166666666667	0.49241666666666667	0.4585166666666667	0.46088333333333337	0.63405	0.40873333333333334	0.47678333333333334	0.43223333333333336	0.39948333333333336	0.3670833333333334	0.44535	0.41881666666666667	0.3932	0.3863166666666667	0.42068333333333335	0.4154166666666667	0.46166666666666667	0.33885000000000004	0.40678333333333333	0.39568333333333333	0.40945000000000004	0.3984666666666667	0.5336666666666667	0.43096666666666666	0.4994	0.459	0.4380833333333334	0.562	0.5345	0.45693333333333336	0.49310000000000004	0.46803333333333336	0.6031500000000001	0.5487333333333334	0.5822833333333334	0.5038833333333333	0.5823833333333334	0.48023333333333335	0.465	0.4473166666666667	0.5553666666666667	0.5280666666666667	0.4699666666666667	0.6358333333333334	0.59325	0.5772666666666667	0.6106166666666667	0.5288166666666667	0.5961666666666667	0.4782	0.6097333333333333	0.44585	0.5722833333333334	0.48458333333333337	0.4609166666666667	0.54935	0.518	0.5951166666666667	0.4859333333333334	0.4696166666666667	0.5334833333333333	0.48736666666666667	0.5564	0.5006833333333334	0.54435	0.47226666666666667	0.5405
0.48675	0.49835	0.5129666666666667	0.5112333333333333	0.5603333333333333	0.6087166666666667	0.5944666666666667	0.5244833333333334	0.5265166666666667	0.52835	0.44305	0.557	0.5003000000000001	0.5563666666666667	0.5296833333333334	0.4999166666666667	0.5767	0.5197166666666667	0.4529	0.5679000000000001	0.5464666666666667	0.5644166666666667	0.45935000000000004	0.5512333333333334	0.5858333333333333	0.4476	0.5063	0.56	0.5120333333333333	0.5441166666666667	0.5430833333333334	0.6442	0.4967166666666667	0.47181666666666666	0.5096166666666667	0.4846166666666667	0.4884666666666667	0.5122833333333333	0.5024000000000001	0.46830000000000005	0.41176666666666667	0.4645666666666667	0.46730000000000005	0.45895	0.38278333333333336	0.40905	0.49596666666666667	0.37578333333333336	0.42435	0.3056166666666667	0.37648333333333334	0.4404666666666667	0.4039166666666667	0.44725000000000004	0.46216666666666667	0.4771	0.3986	0.5151333333333333	0.41778333333333334	0.4922666666666667	0.47495000000000004	0.43498333333333333	0.46485000000000004	0.4503666666666667	0.55935	0.5287000000000001	0.49945	0.53615	0.49975	0.46345000000000003	0.5514666666666667	0.4233166666666667	0.5709833333333334	0.5129666666666667	0.5792166666666667	0.5114666666666667	0.51765	0.6245666666666667	0.5205000000000001	0.5750666666666667	0.57445	0.4895166666666667	0.49455000000000005	0.5742166666666667	0.47955000000000003	0.49425	0.5377333333333334	0.5509666666666667	0.54355	0.4573166666666667	0.5147333333333334	0.48355000000000004	0.4858	0.5081833333333333	0.5960833333333334	0.5183833333333333	0.521	0.5326666666666667	0.6894333333333333	0.60475
0.5381	0.44656666666666667	0.5983166666666667	0.5597333333333333	0.50965	0.5476666666666667	0.45985000000000004	0.4352166666666667	0.49695	0.5321166666666667	0.4819333333333334	0.6950000000000001	0.6294666666666667	0.4802166666666667	0.49493333333333334	0.5072333333333333	0.47298333333333337	0.5374833333333333	0.5292833333333333	0.55435	0.5695	0.5944333333333334	0.48960000000000004	0.5259833333333334	0.6242	0.45875000000000005	0.5375	0.5408333333333334	0.5373833333333333	0.5857833333333333	0.496	0.4744333333333334	0.48103333333333337	0.54915	0.44056666666666666	0.5220166666666667	0.4960833333333334	0.5432166666666667	0.5112	0.5021	0.4733333333333334	0.34985	0.4017	0.40943333333333337	0.47815	0.39203333333333334	0.39493333333333336	0.43510000000000004	0.35985	0.42378333333333335	0.36233333333333334	0.3465666666666667	0.36046666666666666	0.3514333333333334	0.3708166666666667	0.38433333333333336	0.5378666666666667	0.34675	0.4383666666666667	0.4114333333333334	0.4752	0.4830166666666667	0.5095333333333334	0.5333166666666667	0.5996666666666667	0.52715	0.46416666666666667	0.4272	0.5296166666666667	0.4708666666666667	0.5797666666666667	0.6097666666666667	0.4719666666666667	0.48788333333333334	0.49760000000000004	0.5814	0.5856666666666667	0.5177333333333334	0.48665	0.5754	0.5789833333333334	0.6612166666666667	0.4214833333333334	0.6167333333333334	0.5785833333333333	0.4029666666666667	0.5485666666666666	0.5005000000000001	0.54395	0.5478666666666667	0.45565	0.5881166666666667	0.46415	0.5759333333333334	0.5361333333333334	0.4824833333333334	0.4721166666666667	0.5868166666666667	0.5189333333333334	0.4701166666666667
0.6527000000000001	0.5497000000000001	0.4228	0.5226500000000001	0.51435	0.5364666666666666	0.62825	0.4877166666666667	0.56345	0.5958	0.6436166666666667	0.5291166666666667	0.5713666666666667	0.45805	0.5056	0.4746666666666667	0.5769000000000001	0.4574166666666667	0.5282	0.5547666666666667	0.5720833333333334	0.46765	0.5345	0.5172833333333333	0.5226333333333334	0.4902	0.48888333333333334	0.5182166666666667	0.42003333333333337	0.5349333333333334	0.5526333333333333	0.50065	0.5865666666666667	0.58345	0.5140166666666667	0.3528833333333333	0.49765000000000004	0.5334166666666667	0.39793333333333336	0.4779666666666667	0.47936666666666666	0.4554666666666667	0.5545666666666667	0.46668333333333334	0.37123333333333336	0.4243166666666667	0.49295	0.3285	0.3959166666666667	0.30913333333333337	0.28148333333333336	0.29875	0.36375	0.36150000000000004	0.37510000000000004	0.39035000000000003	0.44920000000000004	0.48600000000000004	0.3633	0.5619000000000001	0.4050166666666667	0.49310000000000004	0.5086166666666667	0.5044333333333334	0.5039833333333333	0.5747666666666666	0.4300166666666667	0.5361	0.6332333333333333	0.5464	0.5141833333333333	0.41063333333333335	0.55735	0.5112833333333333	0.5321666666666667	0.5515166666666667	0.5069333333333333	0.44825000000000004	0.49328333333333335	0.4739333333333334	0.48286666666666667	0.4542166666666667	0.5881333333333334	0.4318166666666667	0.5050666666666667	0.5422333333333333	0.42805000000000004	0.5604	0.5234666666666667	0.46388333333333337	0.5705	0.5256166666666667	0.4913	0.3729	0.5641833333333334	0.59755	0.4362166666666667	0.5363833333333333	0.5720666666666667	0.4887
0.46568333333333334	0.5031666666666667	0.5581166666666667	0.5304833333333333	0.5008666666666667	0.5064000000000001	0.5231666666666667	0.6739166666666667	0.5909166666666666	0.4869666666666667	0.5396500000000001	0.5911166666666667	0.49583333333333335	0.48650000000000004	0.4817666666666667	0.47835	0.5562666666666667	0.49075	0.5027	0.514	0.50195	0.4786166666666667	0.6498166666666667	0.5196333333333334	0.5517666666666667	0.59665	0.5406666666666667	0.6514166666666666	0.5447666666666667	0.51895	0.4810166666666667	0.6103833333333334	0.44120000000000004	0.6199166666666667	0.4814333333333334	0.4829833333333334	0.5126333333333334	0.5105500000000001	0.5135833333333334	0.5137	0.53245	0.45865	0.49355000000000004	0.3912	0.43451666666666666	0.3750833333333333	0.43578333333333336	0.32975000000000004	0.31483333333333335	0.30296666666666666	0.30225	0.38725000000000004	0.3621166666666667	0.33003333333333335	0.36678333333333335	0.36323333333333335	0.34983333333333333	0.42495	0.4512333333333334	0.42095000000000005	0.45895	0.41145000000000004	0.4912	0.5910666666666667	0.4633333333333334	0.5757666666666666	0.5232333333333333	0.54825	0.5048166666666667	0.601	0.5481666666666667	0.4948	0.46608333333333335	0.5918333333333333	0.5498000000000001	0.4365666666666667	0.5014166666666667	0.42913333333333337	0.3764	0.5163833333333333	0.5127166666666667	0.4923166666666667	0.5731333333333334	0.47453333333333336	0.5115666666666667	0.61655	0.5616333333333333	0.3966	0.45790000000000003	0.5056	0.48665	0.5947166666666667	0.5384833333333333	0.4467166666666667	0.5134333333333334	0.5164333333333334	0.5587833333333334	0.48615	0.4028333333333334	0.44453333333333334
0.5517166666666667	0.6091666666666667	0.6215833333333334	0.47225	0.5597833333333334	0.5397666666666667	0.6401166666666667	0.49246666666666666	0.55565	0.44160000000000005	0.6335500000000001	0.49496666666666667	0.5289333333333334	0.49648333333333333	0.5044166666666667	0.46555	0.61195	0.4979166666666667	0.5598500000000001	0.47158333333333335	0.5148	0.43923333333333336	0.5330833333333334	0.5691	0.49245	0.4978166666666667	0.4912166666666667	0.5673166666666667	0.5845166666666667	0.5537000000000001	0.5283666666666667	0.44443333333333335	0.49728333333333335	0.4956166666666667	0.43665000000000004	0.6054	0.5228333333333334	0.43848333333333334	0.45108333333333334	0.5184500000000001	0.48005000000000003	0.3541666666666667	0.3866833333333334	0.33893333333333336	0.41455000000000003	0.39355	0.3532	0.29003333333333337	0.3184166666666667	0.2836	0.31838333333333335	0.3605166666666667	0.2892166666666667	0.39215	0.30086666666666667	0.4660666666666667	0.45156666666666667	0.40235000000000004	0.42860000000000004	0.40340000000000004	0.5477000000000001	0.47823333333333334	0.47185000000000005	0.5207	0.5805	0.49435	0.5146333333333334	0.4484	0.5174500000000001	0.42728333333333335	0.5223333333333333	0.46665	0.49296666666666666	0.5532666666666667	0.51835	0.5111	0.4968166666666667	0.49410000000000004	0.46845000000000003	0.5527666666666667	0.5817	0.5722833333333334	0.5277333333333334	0.4651	0.46098333333333336	0.4559166666666667	0.53555	0.4896166666666667	0.5351166666666667	0.38088333333333335	0.43588333333333334	0.42985	0.46865	0.5932833333333334	0.5363	0.5078333333333334	0.5515	0.5299833333333334	0.53285	0.4334166666666667
0.5680166666666667	0.6508833333333334	0.5075500000000001	0.5491333333333334	0.4824333333333334	0.5110166666666667	0.48486666666666667	0.5796833333333333	0.58995	0.5892833333333334	0.5072833333333333	0.5138166666666667	0.45905	0.57425	0.44465000000000005	0.5039833333333333	0.52675	0.49128333333333335	0.48636666666666667	0.5203833333333333	0.5186833333333334	0.48943333333333333	0.46755	0.47055	0.5229666666666667	0.5973333333333334	0.47445000000000004	0.5284833333333333	0.5174	0.46585000000000004	0.5358833333333334	0.57255	0.49845	0.5327166666666667	0.50775	0.5069666666666667	0.5255333333333334	0.47353333333333336	0.5233166666666667	0.4635666666666667	0.4766666666666667	0.39353333333333335	0.5040333333333333	0.35768333333333335	0.3902666666666667	0.27545000000000003	0.32971666666666666	0.33593333333333336	0.2694166666666667	0.3224166666666667	0.3254666666666667	0.27768333333333334	0.33743333333333336	0.3121166666666667	0.38485	0.3907666666666667	0.38915	0.4184833333333334	0.4476833333333334	0.4523666666666667	0.48200000000000004	0.5746	0.46728333333333333	0.5390666666666667	0.5790166666666667	0.5089666666666667	0.53585	0.5346166666666667	0.6842833333333334	0.45430000000000004	0.53745	0.5602	0.6010166666666666	0.4965333333333334	0.42478333333333335	0.5473833333333333	0.4779166666666667	0.5027166666666667	0.6313333333333334	0.46795000000000003	0.49225	0.5155000000000001	0.4726166666666667	0.48905000000000004	0.42045000000000005	0.45455	0.49995	0.6673833333333333	0.5343833333333333	0.5409666666666667	0.45730000000000004	0.3919666666666667	0.6039166666666667	0.49563333333333337	0.4441666666666667	0.5140666666666667	0.5150833333333333	0.5047166666666667	0.6269666666666667	0.6082833333333334
0.49095	0.5770666666666667	0.5278	0.53955	0.5225333333333334	0.5268333333333334	0.50265	0.44670000000000004	0.4410833333333333	0.6012666666666667	0.45135000000000003	0.5882333333333334	0.47453333333333336	0.4950666666666667	0.5679833333333334	0.5084500000000001	0.49563333333333337	0.48303333333333337	0.5660166666666667	0.4622666666666667	0.5378166666666667	0.5916666666666667	0.6566833333333334	0.5481	0.5220333333333333	0.6096833333333334	0.4903166666666667	0.5222333333333333	0.42295	0.5196000000000001	0.5239166666666667	0.50195	0.6236833333333334	0.3808166666666667	0.46338333333333337	0.5099	0.47990000000000005	0.46125000000000005	0.5025166666666667	0.44203333333333333	0.4287166666666667	0.5459833333333334	0.43965000000000004	0.4324	0.39266666666666666	0.3043	0.33595	0.3274	0.34836666666666666	0.32888333333333336	0.35773333333333335	0.3279	0.3781166666666667	0.3784666666666667	0.36386666666666667	0.3436666666666667	0.4093	0.4588166666666667	0.38555	0.4721666666666667	0.5641	0.5557833333333334	0.49018333333333336	0.5225666666666667	0.5395	0.47845000000000004	0.41223333333333334	0.48358333333333337	0.52425	0.49975	0.4528666666666667	0.4192166666666667	0.5448000000000001	0.39918333333333333	0.45033333333333336	0.5176000000000001	0.4549	0.49728333333333335	0.36985	0.5433333333333333	0.5895	0.5362333333333333	0.5338333333333334	0.5833166666666667	0.41868333333333335	0.64375	0.4936666666666667	0.5851000000000001	0.49445	0.5030666666666667	0.5283833333333333	0.5003666666666667	0.5833666666666667	0.49200000000000005	0.5884666666666667	0.5138	0.6491666666666667	0.5113833333333334	0.5178	0.49798333333333333
0.6265666666666667	0.5352	0.3532166666666667	0.6399333333333334	0.4421833333333334	0.5632166666666667	0.49528333333333335	0.5987333333333333	0.5509000000000001	0.47968333333333335	0.5533666666666667	0.51065	0.5552666666666667	0.5099333333333333	0.5949166666666666	0.5154500000000001	0.6882333333333334	0.5165000000000001	0.5846333333333333	0.67105	0.5632666666666667	0.5184166666666666	0.47695000000000004	0.5329166666666667	0.49835	0.4755166666666667	0.5231333333333333	0.5626833333333333	0.4975666666666667	0.5592	0.49183333333333334	0.5225166666666667	0.4547333333333334	0.5739333333333334	0.5880333333333334	0.4456666666666667	0.4885333333333334	0.4684166666666667	0.49018333333333336	0.5251833333333333	0.37938333333333335	0.43018333333333336	0.43646666666666667	0.38198333333333334	0.32533333333333336	0.4192666666666667	0.3482166666666667	0.38383333333333336	0.35065	0.3275666666666667	0.3476666666666667	0.2917666666666667	0.2999833333333333	0.2787	0.33771666666666667	0.32883333333333337	0.34983333333333333	0.5196666666666667	0.4758666666666667	0.5351333333333333	0.5686333333333333	0.5259666666666667	0.46490000000000004	0.5651166666666667	0.5178666666666667	0.47153333333333336	0.45711666666666667	0.4472666666666667	0.5650000000000001	0.5954833333333334	0.6273166666666667	0.5551	0.5117666666666667	0.6172666666666667	0.46876666666666666	0.45838333333333336	0.5429	0.5124333333333334	0.6946166666666667	0.4985	0.6135666666666667	0.5378000000000001	0.43833333333333335	0.5974333333333334	0.46208333333333335	0.5632833333333334	0.4829166666666667	0.5064833333333334	0.4568166666666667	0.6066833333333334	0.6013833333333334	0.5635166666666667	0.5516333333333333	0.5195500000000001	0.43873333333333336	0.5213666666666666	0.5500666666666667	0.5178	0.40140000000000003	0.6349833333333333
0.44761666666666666	0.4741	0.5142166666666667	0.6049333333333333	0.5569333333333334	0.5610833333333334	0.5429166666666667	0.5925	0.45130000000000003	0.53595	0.45618333333333333	0.4701666666666667	0.5440666666666667	0.4510166666666667	0.5631833333333334	0.52995	0.5296166666666667	0.6427333333333334	0.5932166666666667	0.5123166666666666	0.5189833333333334	0.5358833333333334	0.61705	0.5803666666666667	0.5220166666666667	0.5446166666666666	0.4951166666666667	0.5421833333333334	0.56045	0.55095	0.4764166666666667	0.54545	0.5321	0.5464166666666667	0.5741166666666667	0.47258333333333336	0.55835	0.4856166666666667	0.49045	0.5266166666666667	0.45611666666666667	0.46815	0.4716	0.3866833333333334	0.45505	0.3803	0.39195	0.33075	0.3265	0.35200000000000004	0.32183333333333336	0.3270166666666667	0.3496166666666667	0.42695	0.31355	0.35225	0.4274833333333333	0.43875000000000003	0.38825000000000004	0.5231333333333333	0.4050166666666667	0.49645	0.4212166666666667	0.5418166666666667	0.45103333333333334	0.4322166666666667	0.5236833333333334	0.7252500000000001	0.4417666666666667	0.47250000000000003	0.5829500000000001	0.56125	0.4529	0.45868333333333333	0.4798	0.4568666666666667	0.5166333333333334	0.44738333333333336	0.5391	0.5848833333333333	0.5382666666666667	0.48615	0.52985	0.52035	0.5283333333333333	0.41635	0.5292833333333333	0.4924833333333334	0.534	0.6073500000000001	0.62605	0.47115	0.5326666666666667	0.5006333333333334	0.544	0.53785	0.46553333333333335	0.43268333333333336	0.5360666666666667	0.5504166666666667
0.51235	0.6112666666666667	0.553	0.51365	0.6180666666666667	0.5675166666666667	0.5451	0.5535	0.5547333333333334	0.4894833333333334	0.55	0.5692833333333334	0.5475	0.4926666666666667	0.5013833333333334	0.6085	0.5341	0.5755666666666667	0.6204833333333334	0.4974166666666667	0.5096833333333334	0.5234166666666666	0.54115	0.4690166666666667	0.52845	0.41435	0.39513333333333334	0.5746166666666667	0.52345	0.5860833333333334	0.5049666666666667	0.5183166666666666	0.4785166666666667	0.49043333333333333	0.4860666666666667	0.49465000000000003	0.4141666666666667	0.5654333333333333	0.46698333333333336	0.5200333333333333	0.38835000000000003	0.5247666666666667	0.4466666666666667	0.38525000000000004	0.45516666666666666	0.38395	0.38233333333333336	0.3787166666666667	0.36278333333333335	0.3388333333333334	0.2765166666666667	0.30683333333333335	0.33395	0.37803333333333333	0.4020166666666667	0.41278333333333334	0.44813333333333333	0.4290166666666667	0.3482166666666667	0.4564166666666667	0.5011166666666667	0.41865	0.4489666666666667	0.5723	0.5349	0.5584833333333333	0.5712	0.5687166666666666	0.5264333333333333	0.47698333333333337	0.5200833333333333	0.48638333333333333	0.5016	0.52005	0.42586666666666667	0.4722166666666667	0.56625	0.5623333333333334	0.51735	0.48488333333333333	0.4928666666666667	0.5025833333333334	0.5775166666666667	0.48945	0.48218333333333335	0.5861000000000001	0.4940666666666667	0.5524	0.5900000000000001	0.5149	0.4833	0.6139666666666667	0.55565	0.47425	0.5894666666666667	0.4391333333333334	0.5236666666666667	0.5436500000000001	0.4444666666666667	0.5834833333333334
0.4287666666666667	0.40165	0.5297833333333334	0.6052333333333334	0.63175	0.5004000000000001	0.5867666666666667	0.5226333333333334	0.5319166666666667	0.46808333333333335	0.43975000000000003	0.5089666666666667	0.4929	0.5311833333333333	0.49646666666666667	0.4880666666666667	0.4585166666666667	0.52715	0.5314	0.5493833333333333	0.4753833333333334	0.5172	0.5891666666666667	0.5937666666666667	0.46543333333333337	0.5269166666666667	0.5093333333333333	0.5819	0.4493166666666667	0.5044666666666667	0.6047	0.49193333333333333	0.5228	0.50115	0.467	0.47500000000000003	0.49345	0.5441	0.4399166666666667	0.4863166666666667	0.5095500000000001	0.42825	0.3905666666666667	0.4021	0.3597166666666667	0.33685000000000004	0.36310000000000003	0.33758333333333335	0.39365	0.32578333333333337	0.34505	0.36068333333333336	0.34021666666666667	0.3699	0.36028333333333334	0.45313333333333333	0.44645	0.4290666666666667	0.50405	0.41728333333333334	0.4996666666666667	0.5014666666666667	0.44953333333333334	0.6066333333333334	0.44875000000000004	0.45745	0.5079	0.50005	0.5534	0.5283	0.4895166666666667	0.5284166666666666	0.45533333333333337	0.5287666666666667	0.5141833333333333	0.5777333333333333	0.4117166666666667	0.47295000000000004	0.4769333333333334	0.5247166666666667	0.5748333333333333	0.5557666666666667	0.5072833333333333	0.47655000000000003	0.48841666666666667	0.45195	0.5251	0.51875	0.5174833333333334	0.5039833333333333	0.5873666666666667	0.5471166666666667	0.49935	0.5039166666666667	0.5473666666666667	0.5511	0.5050333333333333	0.47368333333333335	0.6236	0.4666166666666667
0.521	0.5962666666666667	0.48588333333333333	0.47903333333333337	0.5263833333333333	0.58645	0.5125166666666667	0.5076333333333334	0.5096833333333334	0.6198833333333333	0.48875	0.4619166666666667	0.5861666666666667	0.37778333333333336	0.4893166666666667	0.6006166666666667	0.5384666666666666	0.5788666666666666	0.46621666666666667	0.5941166666666667	0.5457500000000001	0.5158833333333334	0.6378333333333334	0.5434166666666667	0.46385000000000004	0.4408666666666667	0.4322166666666667	0.5848666666666666	0.5221833333333333	0.5086333333333334	0.5317166666666667	0.46218333333333333	0.4751666666666667	0.49695	0.47500000000000003	0.5577166666666666	0.47073333333333334	0.5097166666666667	0.6227	0.5453333333333333	0.44680000000000003	0.47015	0.36286666666666667	0.3257	0.41603333333333337	0.3952	0.40373333333333333	0.39485000000000003	0.35203333333333336	0.41818333333333335	0.3932333333333334	0.39466666666666667	0.41803333333333337	0.3790833333333333	0.4210666666666667	0.4248166666666667	0.4740666666666667	0.4858166666666667	0.43925000000000003	0.4292666666666667	0.5930166666666667	0.6069333333333333	0.4577166666666667	0.46188333333333337	0.6254000000000001	0.5943	0.5098833333333334	0.5690166666666667	0.5870833333333334	0.5354666666666666	0.5278833333333334	0.4886666666666667	0.4948166666666667	0.5420166666666667	0.48255000000000003	0.5644	0.5315500000000001	0.5174166666666667	0.5270166666666667	0.53725	0.5055333333333334	0.4846666666666667	0.6266166666666667	0.4685666666666667	0.54705	0.5689666666666667	0.4970166666666667	0.4524166666666667	0.5354833333333333	0.5125666666666667	0.5039166666666667	0.6374500000000001	0.5355333333333333	0.47836666666666666	0.5506166666666666	0.4925333333333334	0.71035	0.5826	0.47200000000000003	0.6259666666666667
0.5565666666666667	0.5083500000000001	0.5141	0.5701	0.5369833333333334	0.5447833333333334	0.5625	0.61395	0.5276833333333334	0.5328333333333334	0.54815	0.53325	0.50775	0.5222166666666667	0.5990500000000001	0.5772	0.5910500000000001	0.5553	0.5627833333333334	0.6236333333333334	0.5381833333333333	0.4902666666666667	0.4624666666666667	0.5845166666666667	0.5640833333333334	0.5621333333333334	0.5368333333333334	0.6443333333333333	0.4959166666666667	0.45715	0.5405166666666666	0.5603	0.6047	0.4747166666666667	0.60355	0.49478333333333335	0.4535166666666667	0.48808333333333337	0.5935666666666667	0.5149	0.5155500000000001	0.38656666666666667	0.4356666666666667	0.5156666666666667	0.4253	0.37155	0.4218	0.3386	0.4572833333333334	0.40188333333333337	0.40313333333333334	0.33343333333333336	0.3986166666666667	0.43860000000000005	0.42241666666666666	0.45245	0.47075	0.46458333333333335	0.5195833333333334	0.4877166666666667	0.5458500000000001	0.5078833333333334	0.5898333333333333	0.4101166666666667	0.47323333333333334	0.48536666666666667	0.4915666666666667	0.5776833333333333	0.4762166666666667	0.5661166666666667	0.4906666666666667	0.4930666666666667	0.5241833333333333	0.5612333333333334	0.5722166666666667	0.4832166666666667	0.5969	0.5192	0.49538333333333334	0.6016	0.44223333333333337	0.48238333333333333	0.48815000000000003	0.5842333333333334	0.7037333333333333	0.498	0.5469	0.5871166666666667	0.6459	0.53115	0.51865	0.5122166666666667	0.4933166666666667	0.54645	0.46068333333333333	0.43245	0.42563333333333336	0.48705000000000004	0.47325	0.5076166666666667
0.4862666666666667	0.5182166666666667	0.5576333333333333	0.5507833333333334	0.5884333333333334	0.5890166666666667	0.43846666666666667	0.5043	0.5322833333333333	0.44498333333333334	0.5155833333333334	0.6323666666666667	0.5833666666666667	0.5721666666666667	0.5269166666666667	0.5960500000000001	0.5886333333333333	0.5458500000000001	0.5038333333333334	0.4847	0.51305	0.47690000000000005	0.5423333333333333	0.5556	0.5615666666666667	0.48488333333333333	0.5012333333333333	0.5124666666666667	0.5190833333333333	0.4425	0.5203333333333333	0.5840500000000001	0.4166666666666667	0.5378833333333334	0.53915	0.5043500000000001	0.5592166666666667	0.55605	0.5836333333333333	0.5201333333333333	0.5221166666666667	0.41835	0.46643333333333337	0.43423333333333336	0.45453333333333334	0.42913333333333337	0.4592666666666667	0.40288333333333337	0.4282666666666667	0.41713333333333336	0.42691666666666667	0.45518333333333333	0.43296666666666667	0.4530666666666667	0.53655	0.5329833333333334	0.47068333333333334	0.36951666666666666	0.47615	0.5635	0.47240000000000004	0.4365666666666667	0.44256666666666666	0.54625	0.5447500000000001	0.5758666666666667	0.5144333333333334	0.6052666666666667	0.5870500000000001	0.5891666666666667	0.5714833333333333	0.6560166666666667	0.5595833333333333	0.5358	0.6080333333333333	0.47790000000000005	0.5220166666666667	0.45120000000000005	0.4993666666666667	0.6063833333333334	0.5898833333333333	0.56505	0.5540833333333334	0.5374	0.5970500000000001	0.6080666666666666	0.45161666666666667	0.5756833333333333	0.5176333333333334	0.5830666666666667	0.5858333333333333	0.5536	0.5549833333333334	0.53205	0.48485	0.5329333333333334	0.5676166666666667	0.48578333333333334	0.4900666666666667	0.44993333333333335
0.4774333333333334	0.45420000000000005	0.48005000000000003	0.5037166666666667	0.4385	0.5635	0.5590666666666667	0.4902	0.46775	0.5746	0.48228333333333334	0.59685	0.4976666666666667	0.5328333333333334	0.42441666666666666	0.51635	0.54625	0.5366666666666667	0.6143333333333334	0.5465333333333333	0.48833333333333334	0.5203166666666666	0.6548333333333334	0.49468333333333336	0.6197	0.5093666666666667	0.5587666666666667	0.4824166666666667	0.552	0.5561333333333334	0.5538666666666667	0.4623666666666667	0.5517166666666667	0.5717833333333333	0.5039333333333333	0.48436666666666667	0.5427166666666667	0.5645833333333333	0.5418166666666667	0.523	0.45095	0.5146833333333334	0.5455833333333333	0.44803333333333334	0.4894666666666667	0.45703333333333335	0.4295833333333334	0.4477166666666667	0.49888333333333335	0.4723833333333334	0.39830000000000004	0.4030666666666667	0.51	0.4471666666666667	0.50775	0.42918333333333336	0.48153333333333337	0.47358333333333336	0.5580166666666667	0.46905	0.6327833333333334	0.49775	0.5633833333333333	0.5297000000000001	0.5789000000000001	0.5444166666666667	0.48513333333333336	0.4896666666666667	0.5923666666666667	0.5907	0.55	0.5870666666666667	0.4191666666666667	0.5570833333333334	0.47700000000000004	0.46090000000000003	0.5194500000000001	0.5931833333333334	0.5769000000000001	0.6109	0.43818333333333337	0.4484	0.4096	0.6144333333333334	0.5896333333333333	0.5688166666666667	0.5030166666666667	0.58485	0.6226	0.5765666666666667	0.5035333333333334	0.4537666666666667	0.4683666666666667	0.5850666666666667	0.5669000000000001	0.5636166666666667	0.5417166666666667	0.5294333333333333	0.4285333333333334	0.5896
0.4921166666666667	0.44825000000000004	0.4859833333333334	0.49510000000000004	0.49165000000000003	0.6384666666666667	0.5684	0.5458333333333334	0.5342166666666667	0.5070166666666667	0.5128333333333334	0.5561	0.5814666666666667	0.40121666666666667	0.45608333333333334	0.43970000000000004	0.56575	0.5700000000000001	0.5910166666666667	0.4431	0.5271	0.5636833333333333	0.5896166666666667	0.5068166666666667	0.5097666666666667	0.6085833333333334	0.5105166666666667	0.47093333333333337	0.4291666666666667	0.57765	0.49746666666666667	0.5113666666666666	0.56365	0.5367833333333334	0.5676666666666667	0.6539833333333334	0.5333666666666667	0.5144500000000001	0.53605	0.5532666666666667	0.47581666666666667	0.5181166666666667	0.4605166666666667	0.5381	0.4429	0.43251666666666666	0.47768333333333335	0.4318666666666667	0.48253333333333337	0.4046	0.3998333333333334	0.4393666666666667	0.46893333333333337	0.36538333333333334	0.5549833333333334	0.45345	0.49341666666666667	0.49325	0.55965	0.6216666666666667	0.47113333333333335	0.4907	0.5461666666666667	0.49396666666666667	0.4521833333333334	0.6329666666666667	0.51635	0.5704166666666667	0.6260166666666667	0.5729666666666667	0.5707833333333333	0.501	0.6681166666666667	0.5283166666666667	0.5560666666666667	0.5811833333333334	0.5874333333333334	0.6574833333333334	0.5082333333333333	0.5016333333333334	0.5507666666666667	0.4447666666666667	0.5556166666666666	0.4822	0.5411	0.49970000000000003	0.45916666666666667	0.43410000000000004	0.5710666666666667	0.47663333333333335	0.4598666666666667	0.5874833333333334	0.4577333333333334	0.5533666666666667	0.53345	0.5034833333333334	0.5075666666666667	0.55005	0.5741	0.47978333333333334
0.5203	0.44785	0.4149666666666667	0.52795	0.46345000000000003	0.43620000000000003	0.5198166666666667	0.4613333333333334	0.4446	0.5119166666666667	0.4829	0.52815	0.5468500000000001	0.50905	0.53815	0.4701666666666667	0.5852	0.5538166666666667	0.51325	0.47431666666666666	0.46685000000000004	0.5762	0.4507166666666667	0.45020000000000004	0.41215	0.5711833333333334	0.45805	0.6288166666666667	0.5005666666666667	0.5602833333333334	0.44523333333333337	0.4218	0.49360000000000004	0.4585166666666667	0.5389666666666667	0.6903666666666667	0.56445	0.5372666666666667	0.43435	0.43965000000000004	0.47550000000000003	0.5191166666666667	0.50375	0.5144500000000001	0.48225	0.43015000000000003	0.55	0.46048333333333336	0.40355	0.48978333333333335	0.5006	0.4623666666666667	0.4552333333333334	0.4398166666666667	0.48935	0.4722166666666667	0.5411333333333334	0.5056166666666667	0.5662666666666667	0.5382666666666667	0.47558333333333336	0.4898	0.4132166666666667	0.43355000000000005	0.5477166666666667	0.6511166666666667	0.5264166666666666	0.5137333333333334	0.5565833333333333	0.5013000000000001	0.6473333333333333	0.5388333333333334	0.49855000000000005	0.5426833333333334	0.5482833333333333	0.4492333333333334	0.6718000000000001	0.6173333333333334	0.5008833333333333	0.4475	0.6124666666666667	0.49760000000000004	0.45148333333333335	0.5628666666666667	0.5465333333333333	0.5175500000000001	0.5595333333333333	0.4950833333333334	0.47578333333333334	0.56345	0.38348333333333334	0.51985	0.47355	0.6562166666666667	0.5277166666666667	0.4051666666666667	0.5181666666666667	0.48160000000000003	0.42138333333333333	0.4723666666666667
0.47831666666666667	0.5112666666666666	0.41753333333333337	0.5314666666666666	0.5475833333333333	0.46908333333333335	0.4719166666666667	0.5623166666666667	0.54145	0.4347166666666667	0.5088	0.4915166666666667	0.48935	0.4154333333333334	0.514	0.5026166666666667	0.5553666666666667	0.6146	0.5253333333333333	0.49720000000000003	0.4844666666666667	0.5091166666666667	0.6449666666666667	0.5368833333333334	0.44043333333333334	0.5503333333333333	0.5335500000000001	0.5814666666666667	0.6245833333333334	0.4879666666666667	0.4551	0.49733333333333335	0.6111	0.5697333333333333	0.59295	0.5364	0.5306166666666667	0.5083166666666666	0.5767833333333333	0.5364166666666667	0.6617333333333334	0.5097166666666667	0.5441666666666667	0.4488666666666667	0.5650000000000001	0.5586166666666667	0.48473333333333335	0.41315	0.49363333333333337	0.5501833333333334	0.4552666666666667	0.4623666666666667	0.5293	0.4857	0.4707	0.48585	0.5421	0.4717	0.4828	0.5045166666666667	0.44353333333333333	0.6018833333333333	0.6727000000000001	0.4512666666666667	0.6864166666666667	0.43548333333333333	0.6173166666666667	0.4779333333333334	0.6215166666666667	0.4723333333333334	0.5451	0.5458166666666667	0.6243833333333334	0.5507333333333334	0.5412666666666667	0.4522666666666667	0.5025000000000001	0.48686666666666667	0.6381333333333333	0.5643	0.5269666666666667	0.5105833333333334	0.5678333333333334	0.4519	0.43275	0.45855	0.5053	0.4970833333333334	0.5521	0.5800500000000001	0.6538	0.5271333333333333	0.57515	0.48385	0.49985	0.4447166666666667	0.46940000000000004	0.6136166666666667	0.49796666666666667	0.4987166666666667
0.5227833333333334	0.5452333333333333	0.56225	0.4916166666666667	0.5306666666666667	0.5082166666666666	0.5136833333333334	0.5045833333333334	0.5765333333333333	0.5384166666666667	0.4955333333333334	0.5801166666666667	0.48575	0.47376666666666667	0.5253166666666667	0.5562833333333334	0.6208	0.5690833333333334	0.5018666666666667	0.4857	0.5057833333333334	0.5574	0.5878	0.4998	0.5194166666666666	0.51465	0.5363333333333333	0.5360666666666667	0.46145	0.47158333333333335	0.48058333333333336	0.5705	0.52085	0.6178333333333333	0.5270666666666667	0.5723333333333334	0.4613666666666667	0.5340833333333334	0.5190166666666667	0.5173333333333333	0.5595666666666667	0.5564666666666667	0.45680000000000004	0.60155	0.5303333333333333	0.4668166666666667	0.49063333333333337	0.5129833333333333	0.5224833333333334	0.5096	0.4809333333333334	0.49555000000000005	0.48308333333333336	0.4844	0.5977	0.4872666666666667	0.5466166666666666	0.45935000000000004	0.54545	0.4585	0.5657333333333333	0.54545	0.5329166666666667	0.5652333333333334	0.5688	0.5485333333333333	0.54135	0.6482166666666667	0.5191833333333333	0.44101666666666667	0.53315	0.46185000000000004	0.46475	0.5608000000000001	0.5773166666666667	0.6296	0.5795166666666667	0.5556333333333333	0.61955	0.499	0.49970000000000003	0.5904333333333334	0.4475166666666667	0.48463333333333336	0.4859333333333334	0.46203333333333335	0.49493333333333334	0.5787666666666667	0.47540000000000004	0.5505166666666667	0.49035	0.5191833333333333	0.4955666666666667	0.48636666666666667	0.5614666666666667	0.48568333333333336	0.5663166666666667	0.61705	0.4313666666666667	0.5735
0.5908666666666667	0.6157833333333333	0.5075333333333334	0.531	0.47175	0.5632833333333334	0.5267333333333334	0.45695	0.46340000000000003	0.4882166666666667	0.61765	0.5669666666666667	0.53635	0.5397000000000001	0.47523333333333334	0.6121333333333334	0.40850000000000003	0.60245	0.5157666666666667	0.6092166666666667	0.6438333333333334	0.5546833333333333	0.4843	0.5503166666666667	0.5740666666666667	0.44451666666666667	0.45680000000000004	0.47808333333333336	0.6068	0.4896166666666667	0.52105	0.4817166666666667	0.5836833333333333	0.5203833333333333	0.4988666666666667	0.50675	0.4712166666666667	0.49763333333333337	0.6796	0.4202666666666667	0.5910333333333334	0.5926	0.549	0.48478333333333334	0.5121833333333333	0.3151	0.53345	0.45730000000000004	0.5274833333333333	0.5674833333333333	0.5291333333333333	0.4567	0.5042666666666666	0.5008333333333334	0.49443333333333334	0.6057166666666667	0.6351666666666667	0.45443333333333336	0.5827666666666667	0.59125	0.5625	0.5403833333333333	0.5106	0.5442666666666667	0.5192333333333333	0.4396333333333334	0.5168666666666667	0.5632166666666667	0.6348166666666667	0.6527833333333334	0.47925	0.49013333333333337	0.4455	0.5144166666666667	0.45513333333333333	0.5497166666666667	0.5485666666666666	0.54515	0.44573333333333337	0.54925	0.4378	0.48973333333333335	0.5638000000000001	0.5985	0.5578166666666667	0.42008333333333336	0.48308333333333336	0.5432	0.5861000000000001	0.5534166666666667	0.5779333333333334	0.52725	0.4940333333333334	0.5216666666666667	0.48335	0.47265	0.4612	0.6903166666666667	0.5385833333333334	0.4542833333333334
0.47645000000000004	0.5059333333333333	0.5064000000000001	0.5572166666666667	0.55245	0.4743	0.47786666666666666	0.4504	0.4967166666666667	0.4760666666666667	0.52235	0.5158	0.5988166666666667	0.5568833333333334	0.538	0.40776666666666667	0.5425166666666666	0.5712333333333334	0.4671	0.4417166666666667	0.5176333333333334	0.5655666666666667	0.54125	0.49563333333333337	0.5569500000000001	0.5507833333333334	0.5319833333333334	0.48605000000000004	0.43463333333333337	0.5613166666666667	0.5385166666666666	0.57835	0.5694333333333333	0.6798000000000001	0.4979166666666667	0.6791833333333334	0.5808166666666666	0.49018333333333336	0.5929	0.47985	0.5500166666666667	0.47650000000000003	0.5476500000000001	0.5473333333333333	0.5314333333333333	0.5134166666666667	0.6018666666666667	0.5622833333333334	0.5298166666666667	0.51995	0.5094500000000001	0.5295333333333334	0.5686	0.5620333333333334	0.47535000000000005	0.6214166666666667	0.5680666666666667	0.5743666666666667	0.5807666666666667	0.5922666666666667	0.5308833333333334	0.45780000000000004	0.5183166666666666	0.48910000000000003	0.5383	0.5944333333333334	0.5176333333333334	0.5560666666666667	0.5119166666666667	0.4615166666666667	0.49563333333333337	0.57715	0.5325333333333334	0.5736	0.5798666666666666	0.5076333333333334	0.5303666666666667	0.5356666666666667	0.5521833333333334	0.5675	0.4557333333333334	0.5402166666666667	0.54105	0.5365	0.6342666666666666	0.5591166666666667	0.5216666666666667	0.4804833333333334	0.54145	0.5906	0.58035	0.48358333333333337	0.49820000000000003	0.4602833333333334	0.5327333333333334	0.5553666666666667	0.5839333333333334	0.5921166666666667	0.5104000000000001	0.6209833333333333
0.48675	0.5373	0.6377833333333334	0.4387166666666667	0.51865	0.38753333333333334	0.4568666666666667	0.5145666666666667	0.46305	0.5088833333333334	0.5333333333333333	0.6374833333333334	0.5286500000000001	0.52935	0.5405166666666666	0.4388	0.47923333333333334	0.49593333333333334	0.4759166666666667	0.5852833333333334	0.5051666666666667	0.4491833333333334	0.5343666666666667	0.56435	0.6048	0.46221666666666666	0.5035166666666667	0.5960833333333334	0.5817	0.52405	0.5485666666666666	0.5909	0.5394666666666666	0.6125	0.5207666666666667	0.6929000000000001	0.4233166666666667	0.5702333333333334	0.6043333333333334	0.72045	0.5259333333333334	0.55125	0.5994833333333334	0.5054666666666667	0.48181666666666667	0.5476666666666667	0.5245500000000001	0.3521666666666667	0.47603333333333336	0.5309833333333334	0.52795	0.5107333333333334	0.47298333333333337	0.5595666666666667	0.5531833333333334	0.5769833333333334	0.48225	0.6424833333333334	0.6043333333333334	0.5140666666666667	0.531	0.5609833333333334	0.5699833333333334	0.5503	0.6110166666666667	0.48683333333333334	0.4989	0.5683666666666667	0.5246833333333334	0.50915	0.5567666666666667	0.5036	0.5410666666666667	0.49663333333333337	0.49895	0.6247166666666667	0.5780333333333334	0.4951666666666667	0.5411	0.6436666666666667	0.48235	0.47635	0.5581	0.5617	0.5632833333333334	0.5379666666666667	0.5293333333333333	0.5381333333333334	0.4925833333333334	0.4864666666666667	0.5082333333333333	0.50595	0.6161666666666668	0.5112666666666666	0.5961500000000001	0.5060166666666667	0.5554166666666667	0.6259833333333333	0.4900666666666667	0.50015
0.5225500000000001	0.5368833333333334	0.5813166666666667	0.5103	0.4407666666666667	0.4964	0.5036833333333334	0.43638333333333335	0.5524	0.4286666666666667	0.4773833333333334	0.47865	0.6561166666666667	0.4889666666666667	0.5427166666666667	0.49518333333333336	0.4867166666666667	0.5144000000000001	0.44578333333333336	0.5516833333333334	0.50895	0.5502166666666667	0.49715000000000004	0.5686666666666667	0.5001333333333333	0.5749000000000001	0.54135	0.42318333333333336	0.6265166666666667	0.5352	0.5459666666666667	0.5246833333333334	0.49243333333333333	0.56155	0.5883	0.4859833333333334	0.5132666666666666	0.5475666666666666	0.46723333333333333	0.4964	0.5670166666666667	0.6478166666666667	0.5666333333333333	0.5542666666666667	0.6157	0.5523833333333333	0.5205500000000001	0.46565	0.5049	0.4734666666666667	0.46448333333333336	0.47775	0.52345	0.4282666666666667	0.5888166666666667	0.5268666666666667	0.5788833333333334	0.43520000000000003	0.5268833333333334	0.63	0.5240333333333334	0.6374333333333334	0.4904	0.43270000000000003	0.49885	0.4831666666666667	0.5848666666666666	0.5090333333333333	0.4840666666666667	0.4504	0.4917666666666667	0.5166333333333334	0.5090166666666667	0.5279	0.48888333333333334	0.6081166666666667	0.47875	0.5698833333333334	0.47048333333333336	0.5406166666666667	0.5430333333333334	0.5483	0.6622833333333333	0.505	0.5198833333333334	0.49435	0.59485	0.4864666666666667	0.5496666666666667	0.53435	0.4927	0.5798	0.6323500000000001	0.5004666666666667	0.5548166666666667	0.47676666666666667	0.46325	0.5979	0.48140000000000005	0.5551166666666667
0.5321833333333333	0.5179333333333334	0.4998	0.5061333333333333	0.5434	0.5800166666666667	0.4409	0.4373	0.4262	0.5098833333333334	0.4904	0.5897166666666667	0.6358333333333334	0.5166000000000001	0.4846666666666667	0.46358333333333335	0.5143	0.4798	0.48403333333333337	0.49838333333333334	0.5126166666666667	0.6266666666666667	0.49200000000000005	0.4792666666666667	0.5547166666666667	0.5395	0.5135833333333334	0.5387833333333334	0.5437666666666667	0.5395666666666666	0.5435666666666666	0.46395000000000003	0.4794833333333334	0.4070166666666667	0.5102	0.50165	0.5826333333333333	0.62895	0.6497833333333334	0.4624666666666667	0.5309666666666667	0.5376166666666667	0.5947666666666667	0.5795333333333333	0.5577833333333334	0.5627666666666667	0.4767	0.53105	0.4995333333333334	0.5770166666666667	0.5345833333333334	0.5635833333333333	0.5133833333333333	0.53285	0.4876166666666667	0.44575000000000004	0.57225	0.53205	0.5103833333333334	0.3816833333333334	0.4922166666666667	0.5000666666666667	0.49013333333333337	0.58665	0.5518166666666667	0.5519666666666667	0.4643666666666667	0.47475	0.4875333333333334	0.5801833333333334	0.4903	0.5589833333333334	0.4545666666666667	0.5069	0.5575333333333333	0.5336666666666667	0.4992666666666667	0.5202166666666667	0.55905	0.5619000000000001	0.5316833333333334	0.52615	0.4381666666666667	0.5401666666666667	0.5475166666666667	0.56645	0.5174	0.5965	0.5462166666666667	0.49243333333333333	0.5558833333333334	0.4197166666666667	0.6535666666666667	0.47681666666666667	0.5053500000000001	0.5705333333333333	0.6315333333333334	0.5419166666666667	0.4998666666666667	0.46573333333333333
0.5431166666666667	0.5698	0.5192333333333333	0.5617333333333333	0.59255	0.44705	0.47900000000000004	0.5564	0.5085666666666667	0.5181333333333333	0.5455666666666666	0.5147666666666667	0.4788833333333334	0.55955	0.5082666666666666	0.5184500000000001	0.5856833333333333	0.5638833333333334	0.58535	0.4323	0.5767833333333333	0.4848	0.3355	0.4971166666666667	0.4352666666666667	0.4706166666666667	0.6796	0.44811666666666666	0.55805	0.5179333333333334	0.47035000000000005	0.5844166666666667	0.5058833333333334	0.5274666666666666	0.5981000000000001	0.5358	0.51805	0.5670000000000001	0.4547166666666667	0.50095	0.44845	0.5354166666666667	0.5714	0.5252666666666667	0.56815	0.5956333333333333	0.5361666666666667	0.5367333333333334	0.69105	0.4865333333333334	0.61855	0.5770500000000001	0.5926	0.6109166666666667	0.6120833333333333	0.5040333333333333	0.5402666666666667	0.58865	0.5841166666666667	0.4658333333333334	0.40613333333333335	0.6311833333333333	0.49418333333333336	0.47005	0.5575333333333333	0.5613666666666667	0.6993833333333334	0.5389833333333334	0.49618333333333337	0.5208666666666667	0.5910500000000001	0.48863333333333336	0.5538000000000001	0.47178333333333333	0.46343333333333336	0.5755833333333333	0.43291666666666667	0.5366500000000001	0.5414833333333333	0.49755000000000005	0.6940333333333334	0.45980000000000004	0.48858333333333337	0.45563333333333333	0.43588333333333334	0.6440333333333333	0.43801666666666667	0.5095000000000001	0.5195500000000001	0.4858	0.6248833333333333	0.4712166666666667	0.6056833333333334	0.5859166666666666	0.5548000000000001	0.48058333333333336	0.49318333333333336	0.4512333333333334	0.5161	0.5927833333333333
0.5322166666666667	0.4535	0.5238166666666667	0.5180666666666667	0.5229666666666667	0.48728333333333335	0.41390000000000005	0.5364	0.4678333333333334	0.48565	0.5572666666666667	0.4186166666666667	0.49545	0.5783	0.5947166666666667	0.5504166666666667	0.49343333333333333	0.5649500000000001	0.5215000000000001	0.5300666666666667	0.6339666666666667	0.5690166666666667	0.5239166666666667	0.4784333333333334	0.47873333333333334	0.51425	0.4960333333333334	0.5240333333333334	0.5837666666666667	0.46605	0.54805	0.4192166666666667	0.5042666666666666	0.5981333333333334	0.51505	0.5079166666666667	0.5192833333333333	0.5982333333333334	0.5641833333333334	0.5012666666666666	0.45945	0.4726666666666667	0.6072333333333334	0.5712833333333334	0.5147333333333334	0.5859833333333334	0.47153333333333336	0.5784333333333334	0.46571666666666667	0.6333333333333334	0.5603666666666667	0.5422	0.46475	0.48113333333333336	0.7025666666666667	0.5848166666666667	0.5262333333333333	0.45458333333333334	0.3957833333333334	0.5441	0.5093	0.4813	0.5204333333333333	0.49123333333333336	0.4614666666666667	0.4894833333333334	0.5134333333333334	0.40673333333333334	0.6320666666666667	0.5024333333333334	0.5558666666666667	0.45280000000000004	0.5214333333333333	0.6281166666666667	0.5071166666666667	0.5664666666666667	0.5262166666666667	0.5414333333333333	0.43293333333333334	0.48585	0.5496333333333333	0.514	0.47668333333333335	0.49075	0.5727333333333333	0.4378	0.5972333333333334	0.5151166666666667	0.5381833333333333	0.45011666666666666	0.6083833333333334	0.4651	0.4552833333333334	0.49141666666666667	0.5725166666666667	0.6099666666666667	0.5307166666666667	0.5103166666666666	0.5237666666666667	0.5690666666666667
0.5469833333333334	0.49855000000000005	0.4431666666666667	0.5005833333333334	0.4834166666666667	0.4839	0.45815	0.5305333333333334	0.5051833333333333	0.5063166666666666	0.46366666666666667	0.5153833333333333	0.43345	0.5916	0.4802	0.40935000000000005	0.52115	0.5412833333333333	0.5360833333333334	0.58535	0.5182666666666667	0.4835166666666667	0.5129166666666667	0.6580666666666667	0.45893333333333336	0.5175333333333334	0.4812666666666667	0.6042833333333334	0.40698333333333336	0.6549333333333334	0.61855	0.5016	0.5152333333333333	0.45263333333333333	0.44303333333333333	0.63605	0.52025	0.4936166666666667	0.6176833333333334	0.5420333333333334	0.5501	0.5767666666666666	0.6057666666666667	0.6291833333333333	0.5885666666666667	0.49465000000000003	0.5924666666666667	0.5534666666666667	0.5266333333333334	0.4421666666666667	0.49325	0.5809666666666667	0.6113833333333334	0.51805	0.5231666666666667	0.4486	0.4718	0.525	0.5007666666666667	0.5052	0.5305500000000001	0.454	0.6155833333333334	0.47663333333333335	0.4585	0.5115666666666667	0.4975666666666667	0.5273666666666667	0.5337000000000001	0.5270333333333334	0.45703333333333335	0.5636333333333333	0.4683833333333334	0.5234166666666666	0.4394	0.5172166666666667	0.56455	0.46871666666666667	0.49975	0.50485	0.4496833333333334	0.48836666666666667	0.56855	0.5840666666666667	0.5557833333333334	0.5030666666666667	0.47763333333333335	0.46740000000000004	0.4914833333333334	0.5695833333333333	0.5881833333333334	0.5163333333333333	0.5145000000000001	0.45108333333333334	0.5128166666666667	0.5567833333333334	0.5907666666666667	0.618	0.5463833333333333	0.54045
0.5065666666666667	0.5689500000000001	0.5062666666666666	0.5734	0.5433166666666667	0.4940833333333334	0.5188666666666667	0.47205	0.55105	0.5084000000000001	0.514	0.4765166666666667	0.40418333333333334	0.5359333333333334	0.4792166666666667	0.49368333333333336	0.43198333333333333	0.57425	0.5385166666666666	0.4862666666666667	0.5678166666666667	0.49041666666666667	0.45265	0.5024666666666667	0.4663166666666667	0.49388333333333334	0.5357500000000001	0.5678666666666667	0.49393333333333334	0.6109333333333333	0.5456166666666666	0.60375	0.5271	0.4456333333333334	0.6108833333333333	0.53125	0.5553333333333333	0.54405	0.42386666666666667	0.5394833333333333	0.5287833333333334	0.6021666666666667	0.5739000000000001	0.5841666666666667	0.5770500000000001	0.5496833333333334	0.5630333333333334	0.70735	0.4201666666666667	0.4410833333333333	0.6145166666666667	0.4818	0.5200166666666667	0.5398166666666667	0.6078333333333333	0.53445	0.5727833333333333	0.5378000000000001	0.45335000000000003	0.45463333333333333	0.47940000000000005	0.5338333333333334	0.5405666666666666	0.6199333333333333	0.4880666666666667	0.5538166666666667	0.56035	0.4314	0.49595	0.5872166666666667	0.5002	0.57725	0.4375666666666667	0.48691666666666666	0.5837333333333333	0.5162166666666667	0.5139333333333334	0.47240000000000004	0.4630666666666667	0.4860333333333334	0.47071666666666667	0.36901666666666666	0.52995	0.5252833333333333	0.47445000000000004	0.5839166666666666	0.5101166666666667	0.6395500000000001	0.53245	0.4281166666666667	0.44833333333333336	0.46468333333333334	0.47455	0.58465	0.4898166666666667	0.5214333333333333	0.5121166666666667	0.5682833333333334	0.45361666666666667	0.53425
0.5452	0.5279333333333334	0.50705	0.47176666666666667	0.5439166666666667	0.4448666666666667	0.5916	0.6004166666666667	0.5755166666666667	0.5373166666666667	0.5066666666666667	0.56515	0.46363333333333334	0.57125	0.4809166666666667	0.4501666666666667	0.52205	0.5238666666666667	0.4763833333333334	0.5566833333333333	0.5151166666666667	0.49535	0.46698333333333336	0.5596166666666667	0.5091833333333333	0.497	0.44856666666666667	0.49801666666666666	0.5617833333333334	0.4996166666666667	0.5071833333333333	0.60155	0.4438666666666667	0.48283333333333334	0.48158333333333336	0.5355	0.46553333333333335	0.5663666666666667	0.4932	0.5120666666666667	0.47125	0.6583	0.4493166666666667	0.5303166666666667	0.5532333333333334	0.5972500000000001	0.5330666666666667	0.5437000000000001	0.5267666666666667	0.4645166666666667	0.4711166666666667	0.6749	0.5087166666666667	0.5247333333333334	0.5455	0.49846666666666667	0.5021333333333333	0.5801166666666667	0.5409	0.6046833333333334	0.46073333333333333	0.46721666666666667	0.5075500000000001	0.43543333333333334	0.44653333333333334	0.5177833333333334	0.5304666666666666	0.48955000000000004	0.5237333333333334	0.48373333333333335	0.50055	0.5075500000000001	0.50425	0.44	0.4711666666666667	0.5774833333333333	0.46503333333333335	0.45063333333333333	0.5261333333333333	0.5286166666666667	0.5497000000000001	0.43465000000000004	0.48450000000000004	0.4854333333333334	0.47113333333333335	0.48445000000000005	0.49491666666666667	0.5199833333333334	0.5903166666666667	0.42910000000000004	0.5505	0.5984833333333334	0.5439666666666667	0.5678333333333334	0.6013000000000001	0.5498333333333334	0.5688500000000001	0.47883333333333333	0.4855333333333334	0.5381166666666667
0.6070833333333333	0.5294666666666666	0.54625	0.5058833333333334	0.48045000000000004	0.5082	0.6272500000000001	0.5249666666666667	0.44138333333333335	0.6005666666666667	0.5328666666666667	0.4963	0.47645000000000004	0.4930333333333334	0.5309666666666667	0.4959166666666667	0.4780166666666667	0.5276833333333334	0.5486333333333333	0.5803166666666667	0.5162166666666667	0.5220833333333333	0.46366666666666667	0.5325666666666667	0.518	0.48325	0.4998166666666667	0.6194333333333334	0.48055000000000003	0.5752666666666667	0.43673333333333336	0.5441	0.5888833333333333	0.5132333333333333	0.5249333333333334	0.5200333333333333	0.5818166666666666	0.6397833333333334	0.53095	0.5601666666666667	0.4408166666666667	0.5671	0.5940500000000001	0.6816166666666666	0.5597166666666666	0.49083333333333334	0.51765	0.5187	0.40623333333333334	0.4960166666666667	0.47485000000000005	0.5531333333333334	0.6641666666666667	0.5676833333333333	0.5464	0.6602666666666667	0.5928	0.5188333333333334	0.6765166666666667	0.5532166666666667	0.5349333333333334	0.5819500000000001	0.4935166666666667	0.508	0.6030333333333333	0.5142166666666667	0.5444833333333333	0.4179333333333334	0.4363666666666667	0.5551333333333334	0.48360000000000003	0.5292333333333333	0.48525	0.5392833333333333	0.49005000000000004	0.5045000000000001	0.6116833333333334	0.4285666666666667	0.45653333333333335	0.5907666666666667	0.4747166666666667	0.4937666666666667	0.5373333333333333	0.4209333333333333	0.5072333333333333	0.5477000000000001	0.5716833333333333	0.5626166666666667	0.47140000000000004	0.47885	0.56275	0.5039166666666667	0.41340000000000005	0.49200000000000005	0.47531666666666667	0.5049	0.5605666666666667	0.47178333333333333	0.5392833333333333	0.5171666666666667
0.48295000000000005	0.44885	0.48215	0.5753166666666667	0.5275666666666667	0.5740500000000001	0.49195	0.5185666666666667	0.48958333333333337	0.5100333333333333	0.4001	0.5800666666666667	0.47453333333333336	0.58025	0.5879833333333334	0.5574166666666667	0.5287833333333334	0.6026	0.52675	0.49655000000000005	0.42085	0.46315	0.5064833333333334	0.5727833333333333	0.49443333333333334	0.46603333333333335	0.5074166666666667	0.5134000000000001	0.6346833333333334	0.62385	0.54725	0.5294833333333333	0.47498333333333337	0.45680000000000004	0.48725	0.5356333333333334	0.5166666666666667	0.6479666666666667	0.5083833333333334	0.56915	0.6087	0.46848333333333336	0.5209833333333334	0.4774666666666667	0.5866333333333333	0.5610333333333334	0.4811666666666667	0.5876	0.5839166666666666	0.5156833333333334	0.50315	0.5115333333333334	0.505	0.56415	0.46523333333333333	0.49218333333333336	0.49628333333333335	0.53205	0.5518500000000001	0.5088833333333334	0.5344666666666666	0.5023	0.47058333333333335	0.6424333333333334	0.5544833333333333	0.59755	0.5878	0.4661166666666667	0.6359666666666667	0.4626	0.5016166666666667	0.5318	0.613	0.54825	0.5645833333333333	0.5580333333333334	0.4844833333333334	0.5383666666666667	0.57225	0.5564666666666667	0.48845000000000005	0.5265166666666667	0.58885	0.5077	0.6243333333333334	0.58465	0.5602	0.4899666666666667	0.4646166666666667	0.5026166666666667	0.5801666666666667	0.55465	0.5840166666666667	0.59235	0.4806666666666667	0.5263166666666667	0.5672666666666667	0.5710666666666667	0.5381666666666667	0.5650833333333334
0.5807166666666667	0.44278333333333336	0.5247166666666667	0.5733166666666667	0.55965	0.65175	0.5328	0.48168333333333335	0.5044500000000001	0.5565333333333333	0.6095666666666667	0.63165	0.5779333333333334	0.5046833333333334	0.5645833333333333	0.48410000000000003	0.6590333333333334	0.533	0.5306833333333334	0.536	0.6431333333333333	0.4966666666666667	0.4655166666666667	0.5452	0.5502166666666667	0.5239166666666667	0.4886666666666667	0.4414666666666667	0.4636	0.5228	0.6472333333333333	0.5220333333333333	0.44605	0.5023666666666667	0.4604166666666667	0.49938333333333335	0.44365000000000004	0.47658333333333336	0.47198333333333337	0.44120000000000004	0.5024500000000001	0.48268333333333335	0.4700166666666667	0.5249166666666667	0.5834833333333334	0.5846333333333333	0.5417000000000001	0.5678666666666667	0.5727666666666666	0.58365	0.6132000000000001	0.49060000000000004	0.5460666666666667	0.5035333333333334	0.55115	0.5317666666666667	0.47625	0.5095000000000001	0.5143333333333333	0.4482166666666667	0.44308333333333333	0.5422	0.4544166666666667	0.4797166666666667	0.5462333333333333	0.5796333333333333	0.5360833333333334	0.5221833333333333	0.48303333333333337	0.4930166666666667	0.4822666666666667	0.6171833333333334	0.6658333333333334	0.4544166666666667	0.4224	0.43905	0.48181666666666667	0.5359666666666667	0.5099666666666667	0.5309	0.6409666666666667	0.4718	0.57235	0.47378333333333333	0.5610333333333334	0.4915166666666667	0.59145	0.48923333333333335	0.5312	0.57735	0.46155	0.5174	0.5511	0.5095666666666667	0.5359333333333334	0.5655333333333333	0.49988333333333335	0.5086666666666667	0.5186333333333334	0.5407166666666667
