0.55705	0.5340666666666667	0.5487000000000001	0.54115	0.5263833333333333	0.5699833333333334	0.49610000000000004	0.5524833333333333	0.5297666666666667	0.5952000000000001	0.6123833333333334	0.43270000000000003	0.5655	0.5962000000000001	0.5067666666666667	0.5200666666666667	0.5367333333333334	0.5077333333333334	0.5911833333333334	0.5028	0.5315500000000001	0.5127666666666667	0.4582	0.5596833333333333	0.49920000000000003	0.54455	0.58845	0.4373	0.4294	0.5720666666666667	0.5488333333333334	0.5037	0.4695666666666667	0.4465	0.50795	0.3834	0.5413333333333333	0.47276666666666667	0.5173333333333333	0.5954666666666667	0.5621666666666667	0.4950333333333334	0.5278166666666667	0.49915000000000004	0.4673666666666667	0.48503333333333337	0.5047166666666667	0.4355666666666667	0.45553333333333335	0.39216666666666666	0.56105	0.5346500000000001	0.5061833333333333	0.5120333333333333	0.47808333333333336	0.5396333333333334	0.5385	0.4942666666666667	0.59125	0.46008333333333334	0.5421	0.46218333333333333	0.6070333333333333	0.44315000000000004	0.4681	0.4177166666666667	0.5712333333333334	0.5661666666666667	0.50905	0.4717166666666667	0.5605166666666667	0.5032	0.5020166666666667	0.45990000000000003	0.4779333333333334	0.48250000000000004	0.4046	0.5380333333333334	0.5845166666666667	0.61145	0.5134500000000001	0.6127166666666667	0.5185333333333334	0.5333166666666667	0.50065	0.53915	0.5273833333333333	0.5264333333333333	0.6232333333333334	0.5075000000000001	0.4711166666666667	0.6424500000000001	0.4938666666666667	0.5406333333333334	0.6097166666666667	0.4819166666666667	0.4881666666666667	0.4408	0.5884666666666667	0.54025
0.5420833333333334	0.44053333333333333	0.54115	0.5108166666666667	0.5031833333333333	0.5286500000000001	0.4595666666666667	0.46603333333333335	0.56745	0.5460166666666667	0.5693333333333334	0.6149333333333333	0.6291166666666667	0.5428000000000001	0.5715333333333333	0.6245166666666667	0.45925000000000005	0.5630000000000001	0.47840000000000005	0.6443166666666666	0.59645	0.57175	0.5147	0.4228166666666667	0.5349333333333334	0.5517333333333334	0.43438333333333334	0.6102166666666667	0.5349166666666667	0.5308666666666667	0.5881333333333334	0.48015	0.46971666666666667	0.43288333333333334	0.5601666666666667	0.45983333333333337	0.57855	0.5571	0.4834833333333334	0.4121	0.47928333333333334	0.43923333333333336	0.5747833333333333	0.46155	0.5191166666666667	0.5356333333333334	0.4887666666666667	0.4703333333333334	0.4899833333333334	0.46915	0.6078666666666667	0.47836666666666666	0.4992666666666667	0.42746666666666666	0.43470000000000003	0.5152333333333333	0.56455	0.5160833333333333	0.45803333333333335	0.49468333333333336	0.47055	0.5162	0.5892166666666667	0.43618333333333337	0.5890833333333334	0.41736666666666666	0.39255	0.45420000000000005	0.5776833333333333	0.5029666666666667	0.44715000000000005	0.56115	0.5131833333333333	0.5202333333333333	0.44056666666666666	0.6192500000000001	0.3958166666666667	0.47698333333333337	0.55545	0.5304833333333333	0.5226500000000001	0.54635	0.51185	0.5480833333333334	0.6018833333333333	0.5056	0.43433333333333335	0.5472333333333333	0.5156666666666667	0.5139666666666667	0.5840333333333334	0.5082	0.5059	0.5089166666666667	0.49295	0.5911500000000001	0.45903333333333335	0.5782333333333334	0.5635	0.5010666666666667
0.44511666666666666	0.4987666666666667	0.5208833333333334	0.5196666666666667	0.6147666666666667	0.5183666666666666	0.5891833333333334	0.4992666666666667	0.5603666666666667	0.5600333333333334	0.5065500000000001	0.5212333333333333	0.52545	0.5067666666666667	0.6291666666666667	0.6641	0.5703666666666667	0.62	0.6117166666666667	0.49528333333333335	0.56615	0.5545666666666667	0.5298666666666667	0.5157833333333334	0.4038166666666667	0.4865333333333334	0.5212833333333333	0.6105666666666667	0.6418833333333334	0.55125	0.5640333333333334	0.5229666666666667	0.5091166666666667	0.6305666666666667	0.53795	0.5208166666666667	0.4822166666666667	0.49278333333333335	0.546	0.38103333333333333	0.5962000000000001	0.4345833333333334	0.5556833333333333	0.4261666666666667	0.537	0.556	0.47840000000000005	0.40993333333333337	0.4863	0.5686	0.5151	0.5095166666666667	0.5875333333333334	0.4344166666666667	0.5344666666666666	0.47600000000000003	0.3995166666666667	0.44258333333333333	0.44505	0.5228333333333334	0.49078333333333335	0.5665166666666667	0.47625	0.5140166666666667	0.44438333333333335	0.5278166666666667	0.46521666666666667	0.5209833333333334	0.5053333333333334	0.5746333333333333	0.5236500000000001	0.55125	0.43451666666666666	0.5685	0.5795166666666667	0.48408333333333337	0.5708666666666667	0.4924833333333334	0.6684333333333333	0.5787166666666667	0.5430666666666667	0.43856666666666666	0.5161333333333333	0.5187	0.558	0.51435	0.43748333333333334	0.5325333333333334	0.5174166666666667	0.5718833333333334	0.5223	0.4663666666666667	0.5356500000000001	0.6087	0.5198666666666667	0.42728333333333335	0.5817	0.5710833333333334	0.5471333333333334	0.5079
0.48313333333333336	0.5652	0.5103833333333334	0.54215	0.52525	0.6324333333333334	0.5932166666666667	0.5747833333333333	0.4531833333333334	0.5138333333333334	0.5074000000000001	0.6113333333333334	0.46015	0.5594	0.52425	0.51565	0.46035000000000004	0.5281666666666667	0.48813333333333336	0.5927166666666667	0.6025166666666667	0.51395	0.5539166666666667	0.48641666666666666	0.5852833333333334	0.5565666666666667	0.5223333333333333	0.5127	0.5061666666666667	0.5102	0.49768333333333337	0.4303	0.5808166666666666	0.4998166666666667	0.6443666666666666	0.47625	0.5908166666666667	0.4449166666666667	0.4578166666666667	0.35973333333333335	0.4927166666666667	0.4737	0.5176666666666667	0.52345	0.4531	0.42891666666666667	0.5013333333333334	0.5324333333333333	0.5034666666666667	0.54145	0.5953666666666667	0.54865	0.50695	0.48078333333333334	0.5737166666666667	0.5057166666666667	0.5153	0.47273333333333334	0.48518333333333336	0.5022833333333333	0.5215833333333334	0.6169833333333333	0.43275	0.5071333333333333	0.5053500000000001	0.48933333333333334	0.5022166666666666	0.6118	0.42941666666666667	0.5326333333333334	0.5382	0.5502333333333334	0.45563333333333333	0.5118333333333334	0.5482166666666667	0.5089	0.47023333333333334	0.5451833333333334	0.5223666666666666	0.5807333333333333	0.4975166666666667	0.5522166666666667	0.6631666666666667	0.4945166666666667	0.5154	0.4709666666666667	0.5534	0.533	0.5538500000000001	0.5354	0.5562666666666667	0.5042333333333333	0.4323166666666667	0.5127333333333334	0.41910000000000003	0.4557833333333334	0.4933	0.4951166666666667	0.50715	0.49665000000000004
0.4920166666666667	0.5128333333333334	0.6132166666666667	0.42485	0.46448333333333336	0.5259	0.5453166666666667	0.4402166666666667	0.5042666666666666	0.5967333333333333	0.54525	0.5097666666666667	0.47400000000000003	0.5959833333333333	0.5749666666666667	0.6010666666666667	0.5805	0.5563666666666667	0.5740666666666667	0.5636333333333333	0.44745	0.5493666666666667	0.5681166666666667	0.5146333333333334	0.5164500000000001	0.4849833333333334	0.4562333333333334	0.5826333333333333	0.6708666666666667	0.43846666666666667	0.5065166666666667	0.56215	0.6386333333333334	0.5257833333333334	0.5639666666666667	0.5250833333333333	0.48345000000000005	0.5601	0.50285	0.48483333333333334	0.5390166666666667	0.45211666666666667	0.5352333333333333	0.53805	0.46990000000000004	0.5536833333333333	0.4536833333333333	0.5370833333333334	0.5438833333333334	0.48358333333333337	0.5734	0.5174833333333334	0.49335	0.5618166666666667	0.6058833333333333	0.5110833333333333	0.5537166666666667	0.4801666666666667	0.4601166666666667	0.46303333333333335	0.5246333333333334	0.4776166666666667	0.46540000000000004	0.43935	0.5436166666666667	0.6388833333333334	0.5023333333333334	0.4790666666666667	0.46080000000000004	0.5264166666666666	0.5891000000000001	0.49285	0.4245333333333334	0.5	0.5871500000000001	0.41563333333333335	0.42386666666666667	0.49485	0.5692833333333334	0.43248333333333333	0.45903333333333335	0.5417833333333334	0.5356166666666667	0.5405333333333333	0.4635	0.56015	0.4551	0.4994166666666667	0.5761166666666667	0.47313333333333335	0.44953333333333334	0.47228333333333333	0.4675166666666667	0.4805666666666667	0.5448000000000001	0.47365	0.5318	0.4891166666666667	0.5648666666666667	0.5327333333333334
0.61855	0.5169833333333334	0.5268833333333334	0.5906	0.45940000000000003	0.5476	0.5789166666666667	0.4927	0.44428333333333336	0.5228833333333334	0.5100333333333333	0.44498333333333334	0.5160166666666667	0.49255000000000004	0.51025	0.6873166666666667	0.54425	0.4659666666666667	0.48073333333333335	0.43145	0.5876833333333333	0.5465166666666667	0.5452666666666667	0.5298166666666667	0.4868166666666667	0.39571666666666666	0.5581666666666667	0.51525	0.52925	0.5697166666666666	0.49063333333333337	0.5205500000000001	0.44358333333333333	0.5124666666666667	0.5380166666666667	0.5235666666666667	0.4838	0.5597500000000001	0.53445	0.5583833333333333	0.5320166666666667	0.4879833333333334	0.6458166666666667	0.42973333333333336	0.5741833333333334	0.4458166666666667	0.45013333333333333	0.4220166666666667	0.4125666666666667	0.5123666666666666	0.45985000000000004	0.5064500000000001	0.5345	0.55065	0.5554666666666667	0.5055166666666667	0.5711333333333334	0.4965666666666667	0.47408333333333336	0.53495	0.5003666666666667	0.5225666666666667	0.6072666666666667	0.5390833333333334	0.4592	0.49378333333333335	0.6082000000000001	0.5165666666666667	0.44188333333333335	0.5844833333333334	0.47405	0.4685	0.44203333333333333	0.6124666666666667	0.6261	0.47181666666666666	0.6500166666666667	0.49695	0.6293500000000001	0.5444333333333333	0.52915	0.47785	0.5344833333333333	0.5357833333333334	0.5629333333333334	0.5423833333333333	0.50495	0.5754166666666667	0.4547833333333334	0.5608000000000001	0.6119666666666667	0.5597	0.5926333333333333	0.5273333333333333	0.5977333333333333	0.5803333333333334	0.5462	0.5574166666666667	0.47445000000000004	0.49945
0.5101833333333333	0.5309833333333334	0.5190666666666667	0.5649666666666667	0.47250000000000003	0.45113333333333333	0.5427666666666667	0.6107166666666667	0.46103333333333335	0.6057333333333333	0.5132166666666667	0.4713833333333334	0.4355833333333334	0.51615	0.4547666666666667	0.5381833333333333	0.4788833333333334	0.5656333333333333	0.49585	0.40393333333333337	0.5754333333333334	0.5314	0.56235	0.5878	0.47240000000000004	0.5683833333333334	0.5146166666666667	0.5757	0.53795	0.5260666666666667	0.5748	0.55665	0.49628333333333335	0.49825	0.69975	0.59145	0.6091333333333334	0.5840000000000001	0.5304666666666666	0.5215500000000001	0.49513333333333337	0.5240666666666667	0.42835	0.5388166666666667	0.5284666666666666	0.47345000000000004	0.49233333333333335	0.48983333333333334	0.5313333333333333	0.43903333333333333	0.38395	0.4617666666666667	0.4572833333333334	0.50385	0.5166000000000001	0.4562	0.5707333333333333	0.4827166666666667	0.5156000000000001	0.57735	0.5141666666666667	0.6012833333333334	0.5572833333333334	0.5244833333333334	0.4253166666666667	0.5539166666666667	0.5922333333333334	0.5109333333333334	0.5351	0.5946666666666667	0.5971833333333334	0.5197	0.5475833333333333	0.5940500000000001	0.4915333333333334	0.5204666666666667	0.5556	0.40818333333333334	0.5506833333333334	0.458	0.49035	0.4616	0.48225	0.6912333333333334	0.5410333333333334	0.54955	0.41268333333333335	0.49960000000000004	0.47455	0.597	0.5643166666666667	0.5601833333333334	0.5521166666666667	0.4173	0.51475	0.4688166666666667	0.49060000000000004	0.58525	0.47295000000000004	0.5935833333333334
0.5455	0.5018166666666667	0.5112166666666667	0.48915000000000003	0.5627666666666667	0.40915	0.5021	0.43718333333333337	0.48078333333333334	0.48660000000000003	0.5833333333333334	0.5211333333333333	0.5528500000000001	0.6078	0.5517000000000001	0.5278833333333334	0.58925	0.5087	0.49505000000000005	0.5124833333333334	0.5362	0.5293666666666667	0.4168	0.48138333333333333	0.5310166666666667	0.6635833333333334	0.4725666666666667	0.5509166666666667	0.5077166666666667	0.49145	0.6065	0.5521333333333334	0.5072833333333333	0.6069833333333333	0.4605666666666667	0.48150000000000004	0.43195	0.4551	0.4810166666666667	0.5171333333333333	0.48423333333333335	0.5037166666666667	0.4183	0.4521833333333334	0.5828333333333333	0.40130000000000005	0.5092666666666666	0.54135	0.46413333333333334	0.51235	0.5199166666666667	0.5828333333333333	0.6133000000000001	0.4645	0.4445	0.5028666666666667	0.45830000000000004	0.5126166666666667	0.5929	0.5523833333333333	0.5856833333333333	0.5203	0.4819833333333334	0.5477166666666667	0.5305833333333334	0.46033333333333337	0.6519833333333334	0.5081833333333333	0.5313166666666667	0.4987666666666667	0.5562833333333334	0.5314166666666666	0.4771166666666667	0.4968666666666667	0.4662	0.5191666666666667	0.5979166666666667	0.47448333333333337	0.5594	0.5190333333333333	0.443	0.4314	0.5341	0.5493166666666667	0.4899	0.5452333333333333	0.48388333333333333	0.5366500000000001	0.5644333333333333	0.49523333333333336	0.6280166666666667	0.5573	0.5081333333333333	0.45908333333333334	0.5631833333333334	0.5296000000000001	0.5025000000000001	0.55225	0.5053	0.5046166666666667
0.5696333333333333	0.5126000000000001	0.47476666666666667	0.6384500000000001	0.50475	0.5123666666666666	0.4085666666666667	0.5168166666666667	0.5124833333333334	0.5985333333333334	0.49033333333333334	0.37296666666666667	0.4628333333333334	0.60675	0.4923	0.5258	0.45675000000000004	0.5269833333333334	0.57455	0.48836666666666667	0.58525	0.4854666666666667	0.5639833333333334	0.5425833333333333	0.5048833333333334	0.5330833333333334	0.5830166666666667	0.50325	0.52285	0.5115333333333334	0.56925	0.5004500000000001	0.5611333333333334	0.4901666666666667	0.5331833333333333	0.46753333333333336	0.5144833333333334	0.47323333333333334	0.54805	0.49133333333333334	0.4338666666666667	0.5356166666666667	0.47878333333333334	0.45983333333333337	0.4872	0.5626166666666667	0.46208333333333335	0.5406833333333334	0.6683666666666667	0.48933333333333334	0.5710166666666667	0.42943333333333333	0.5948666666666667	0.50565	0.5363666666666667	0.5049	0.4158833333333333	0.5275333333333334	0.4862666666666667	0.5145333333333334	0.5502166666666667	0.5254166666666666	0.4577666666666667	0.49338333333333334	0.5227	0.6080666666666666	0.50975	0.5278333333333334	0.5336333333333334	0.5403833333333333	0.5308666666666667	0.5327500000000001	0.49788333333333334	0.5856166666666667	0.5589833333333334	0.5278166666666667	0.4917666666666667	0.4719666666666667	0.4997166666666667	0.5263	0.496	0.4842	0.5499833333333334	0.5322666666666667	0.5097333333333334	0.5902833333333334	0.49123333333333336	0.5091333333333333	0.5484166666666667	0.6136166666666667	0.48913333333333336	0.5755666666666667	0.5206666666666667	0.6399	0.5652	0.50575	0.4618166666666667	0.46393333333333336	0.5069833333333333	0.45745
0.41100000000000003	0.57935	0.5074000000000001	0.4391333333333334	0.6282666666666668	0.44780000000000003	0.5063500000000001	0.4305833333333334	0.45065	0.5078666666666667	0.5299833333333334	0.4209666666666667	0.6034333333333334	0.45170000000000005	0.5386000000000001	0.5194166666666666	0.6253666666666667	0.6288666666666667	0.48286666666666667	0.6116833333333334	0.4927	0.5264333333333333	0.5196000000000001	0.5136000000000001	0.48713333333333336	0.5187	0.4308166666666667	0.6370666666666667	0.5240666666666667	0.42845	0.55445	0.5291666666666667	0.6105333333333334	0.5749000000000001	0.56935	0.5214666666666667	0.4505	0.58135	0.5655833333333333	0.47765	0.55405	0.4809666666666667	0.49573333333333336	0.5008166666666667	0.5893333333333334	0.5245666666666667	0.6670333333333334	0.42685	0.5142166666666667	0.4548166666666667	0.5471833333333334	0.5632	0.5472333333333333	0.5186666666666667	0.5464666666666667	0.45753333333333335	0.4932666666666667	0.5661666666666667	0.5423333333333333	0.50935	0.53005	0.5477000000000001	0.5686833333333333	0.47473333333333334	0.5316500000000001	0.48360000000000003	0.49505000000000005	0.4621166666666667	0.5872666666666667	0.5043833333333334	0.46155	0.5429333333333334	0.5128	0.5459	0.6103000000000001	0.5401166666666667	0.4497166666666667	0.5453833333333333	0.45718333333333333	0.45675000000000004	0.5287666666666667	0.5806666666666667	0.52215	0.4980333333333334	0.48483333333333334	0.5269333333333334	0.5250166666666667	0.4506833333333334	0.5068	0.5582833333333334	0.5386833333333334	0.5388833333333334	0.6088833333333333	0.46523333333333333	0.50865	0.5579500000000001	0.48725	0.6078666666666667	0.5393333333333333	0.5012
0.5624	0.5290666666666667	0.56735	0.5125833333333334	0.48886666666666667	0.5376000000000001	0.4961666666666667	0.5223333333333333	0.48841666666666667	0.5129833333333333	0.4401666666666667	0.4277	0.49285	0.4536833333333333	0.5232333333333333	0.5842	0.5315666666666667	0.4694166666666667	0.48683333333333334	0.47865	0.5655666666666667	0.4683166666666667	0.5646166666666667	0.4491833333333334	0.6509166666666667	0.49546666666666667	0.5673666666666667	0.5189833333333334	0.5035333333333334	0.5846833333333333	0.47115	0.4699166666666667	0.5575166666666667	0.5101666666666667	0.52935	0.5733333333333334	0.5163333333333333	0.49346666666666666	0.5026666666666667	0.5340833333333334	0.4814666666666667	0.4461833333333334	0.6273666666666667	0.5950500000000001	0.5065833333333334	0.4663333333333334	0.5582833333333334	0.5595333333333333	0.4287	0.5480833333333334	0.5043333333333334	0.5278666666666667	0.5673	0.41513333333333335	0.6250833333333333	0.42068333333333335	0.45278333333333337	0.5136166666666667	0.4713666666666667	0.5358	0.4273166666666667	0.5152166666666667	0.6443833333333334	0.48875	0.5658666666666667	0.4652833333333334	0.54545	0.5266500000000001	0.6099	0.47595000000000004	0.5223	0.48336666666666667	0.45243333333333335	0.41515	0.48605000000000004	0.4771166666666667	0.5323833333333333	0.5898666666666667	0.5530666666666667	0.5784	0.5203	0.5563833333333333	0.5585333333333333	0.5782	0.5910333333333334	0.61055	0.53235	0.5076	0.5491833333333334	0.6244833333333334	0.5981166666666667	0.4753833333333334	0.5039666666666667	0.4565	0.6151833333333334	0.49505000000000005	0.4947666666666667	0.5335166666666666	0.5200333333333333	0.5161333333333333
0.5012333333333333	0.5405166666666666	0.50595	0.5631666666666667	0.5062833333333333	0.6603333333333333	0.5570666666666667	0.5947	0.5517500000000001	0.5202333333333333	0.5335500000000001	0.47975	0.5573	0.5818333333333333	0.4960833333333334	0.5653666666666667	0.5230166666666667	0.4323166666666667	0.58015	0.4761	0.5618833333333334	0.5318	0.5427000000000001	0.5905333333333334	0.5675833333333333	0.5703	0.5649166666666667	0.5027333333333334	0.5399333333333334	0.48468333333333335	0.512	0.49883333333333335	0.4405	0.48928333333333335	0.52315	0.5101833333333333	0.5636833333333333	0.5327166666666667	0.57165	0.53135	0.44743333333333335	0.5150166666666667	0.5129333333333334	0.52995	0.5383833333333333	0.5536666666666666	0.6143166666666667	0.5124333333333334	0.6551333333333333	0.49518333333333336	0.5458500000000001	0.49496666666666667	0.5637166666666666	0.5640333333333334	0.5707666666666666	0.52285	0.5127333333333334	0.46253333333333335	0.5181166666666667	0.45818333333333333	0.52705	0.4983666666666667	0.5481333333333334	0.5059333333333333	0.47205	0.5367500000000001	0.5916333333333333	0.43801666666666667	0.4874666666666667	0.46475	0.48663333333333336	0.4585	0.48715	0.5548333333333334	0.5508166666666667	0.45080000000000003	0.54015	0.5243333333333333	0.5771666666666667	0.5419166666666667	0.5369	0.44195	0.5033833333333334	0.5564333333333333	0.5960833333333334	0.47913333333333336	0.46813333333333335	0.46168333333333333	0.5194833333333334	0.5187	0.4591	0.5262166666666667	0.47085000000000005	0.5540166666666667	0.53015	0.4143	0.5384333333333333	0.46471666666666667	0.4773	0.5341
0.49898333333333333	0.49535	0.48273333333333335	0.47523333333333334	0.5489666666666667	0.7262666666666667	0.5512833333333333	0.5305833333333334	0.4989	0.5094666666666667	0.57125	0.5920500000000001	0.5605666666666667	0.518	0.4774166666666667	0.6323166666666667	0.4639666666666667	0.5174833333333334	0.5391166666666667	0.62615	0.4719166666666667	0.5419166666666667	0.5698166666666667	0.5087333333333334	0.5368666666666667	0.5615	0.4805666666666667	0.6214333333333334	0.5750000000000001	0.5001166666666667	0.5419833333333334	0.6155166666666667	0.5098	0.6130333333333333	0.6352333333333333	0.5881333333333334	0.5630166666666667	0.56105	0.5735833333333333	0.6107666666666667	0.5679666666666667	0.45533333333333337	0.4394	0.5470166666666667	0.47913333333333336	0.6198666666666667	0.4931166666666667	0.4733333333333334	0.5044500000000001	0.5695333333333333	0.6750833333333334	0.5468166666666667	0.6067833333333333	0.5152833333333333	0.5205500000000001	0.5300666666666667	0.5734166666666667	0.45783333333333337	0.4097	0.48036666666666666	0.5667	0.40248333333333336	0.4891166666666667	0.5281833333333333	0.4889833333333334	0.51785	0.5547666666666667	0.46705	0.4950166666666667	0.5031	0.5409166666666667	0.51995	0.5648333333333334	0.5366000000000001	0.5200666666666667	0.5842333333333334	0.5153666666666666	0.5001833333333333	0.5787666666666667	0.5916	0.57445	0.47495000000000004	0.5492666666666667	0.5106666666666667	0.4910666666666667	0.47203333333333336	0.6561166666666667	0.5359666666666667	0.5176833333333334	0.5564333333333333	0.52105	0.4978166666666667	0.42455000000000004	0.5287000000000001	0.54255	0.5751166666666667	0.5224	0.47565	0.5616666666666666	0.51785
0.5230166666666667	0.44625000000000004	0.5596833333333333	0.5042666666666666	0.5465333333333333	0.52245	0.454	0.5412833333333333	0.4441166666666667	0.5909833333333334	0.5025000000000001	0.5831166666666667	0.4866666666666667	0.5289166666666667	0.4907166666666667	0.4955833333333334	0.52175	0.5320666666666667	0.5061833333333333	0.51585	0.47568333333333335	0.5731	0.47895000000000004	0.4437166666666667	0.48223333333333335	0.5986333333333334	0.44733333333333336	0.6094	0.5985166666666667	0.6589	0.6122000000000001	0.57715	0.7251166666666667	0.5885	0.5441333333333334	0.6316333333333334	0.49846666666666667	0.5443	0.5376166666666667	0.5121	0.47318333333333334	0.5757166666666667	0.48988333333333334	0.5128166666666667	0.5084166666666667	0.5550833333333334	0.43265000000000003	0.6116166666666667	0.5135166666666667	0.5807833333333333	0.5351833333333333	0.6078333333333333	0.5786	0.5828666666666666	0.4711666666666667	0.6344500000000001	0.56245	0.48808333333333337	0.5663666666666667	0.53885	0.5623833333333333	0.5460666666666667	0.4839	0.5633666666666667	0.5836833333333333	0.5415	0.5000666666666667	0.6006	0.5889333333333333	0.39971666666666666	0.5023833333333334	0.5060166666666667	0.5317833333333334	0.5333	0.5132	0.5155666666666667	0.5332666666666667	0.51205	0.4799833333333334	0.5302166666666667	0.57645	0.5552166666666667	0.4598166666666667	0.5526833333333334	0.5046666666666667	0.5901500000000001	0.5408666666666667	0.5462	0.52875	0.5188	0.5399	0.5129166666666667	0.5194666666666667	0.5041833333333333	0.5758166666666666	0.6444333333333334	0.5822	0.5160666666666667	0.5079	0.4654166666666667
0.5453833333333333	0.4700166666666667	0.49050000000000005	0.4739666666666667	0.5753666666666667	0.5701666666666667	0.38106666666666666	0.5452666666666667	0.5112	0.4426333333333334	0.6463166666666667	0.6487	0.4216666666666667	0.4368	0.5239166666666667	0.5808333333333333	0.5588166666666667	0.60045	0.5549166666666667	0.4848	0.53135	0.5981666666666667	0.5421166666666667	0.39363333333333334	0.6142833333333334	0.5560833333333334	0.5117833333333334	0.46621666666666667	0.54355	0.49285	0.48583333333333334	0.49638333333333334	0.48693333333333333	0.4928	0.5501	0.5723	0.5382333333333333	0.5213666666666666	0.5983666666666667	0.48215	0.5537166666666667	0.49960000000000004	0.5335333333333333	0.4755666666666667	0.5655166666666667	0.4966666666666667	0.5540833333333334	0.65885	0.5160333333333333	0.5860000000000001	0.5605833333333333	0.5136666666666667	0.5544833333333333	0.45355	0.4938	0.47126666666666667	0.5202833333333333	0.5381	0.4185166666666667	0.5895166666666667	0.5425666666666666	0.3983666666666667	0.42785	0.5765666666666667	0.46098333333333336	0.5207333333333334	0.5194333333333334	0.6794666666666667	0.5580666666666667	0.5387166666666667	0.5779333333333334	0.5612166666666667	0.5947333333333333	0.45498333333333335	0.4498166666666667	0.47018333333333334	0.5221166666666667	0.5019166666666667	0.49675	0.5278166666666667	0.5603333333333333	0.51375	0.5124666666666667	0.5312666666666667	0.5129333333333334	0.5303666666666667	0.4415	0.46175000000000005	0.5148666666666667	0.5686	0.4473166666666667	0.5681666666666667	0.5658833333333334	0.45261666666666667	0.46423333333333333	0.5332	0.4655666666666667	0.44653333333333334	0.46145	0.53645
0.5241166666666667	0.5329833333333334	0.5038833333333333	0.52485	0.49193333333333333	0.45611666666666667	0.5231666666666667	0.5268666666666667	0.5460166666666667	0.6129166666666667	0.60455	0.48033333333333333	0.45455	0.51685	0.5081333333333333	0.46658333333333335	0.5316833333333334	0.5110333333333333	0.5219666666666667	0.4383	0.48153333333333337	0.5017166666666667	0.5112166666666667	0.5713833333333334	0.5555666666666667	0.48090000000000005	0.5308666666666667	0.5448500000000001	0.51525	0.48978333333333335	0.4904666666666667	0.5268833333333334	0.5241833333333333	0.4783833333333334	0.5462166666666667	0.5165833333333334	0.5689666666666667	0.4777166666666667	0.5656666666666667	0.5662	0.5133833333333333	0.5442166666666667	0.58025	0.47318333333333334	0.56435	0.52805	0.4683166666666667	0.4751	0.5652166666666667	0.5468666666666667	0.4395833333333334	0.5975333333333334	0.46148333333333336	0.5277833333333334	0.5508333333333334	0.5237833333333334	0.34448333333333336	0.5066333333333334	0.5711166666666667	0.4239833333333334	0.4763	0.5272	0.6297666666666667	0.5401666666666667	0.6036833333333333	0.5957	0.4932166666666667	0.49513333333333337	0.5560833333333334	0.5745166666666667	0.4975166666666667	0.66935	0.5270333333333334	0.6664666666666667	0.5160333333333333	0.5757666666666666	0.6120833333333333	0.42948333333333333	0.4507666666666667	0.5276833333333334	0.5548333333333334	0.5727166666666667	0.4986166666666667	0.55855	0.5738166666666666	0.49625	0.5644333333333333	0.5506333333333333	0.4396333333333334	0.55945	0.53095	0.48613333333333336	0.5140833333333333	0.5645333333333333	0.5099666666666667	0.5343833333333333	0.4265666666666667	0.4870666666666667	0.5465333333333333	0.5835833333333333
0.45743333333333336	0.4496833333333334	0.5013333333333334	0.45761666666666667	0.41408333333333336	0.5387833333333334	0.49093333333333333	0.4910333333333334	0.5119333333333334	0.5567666666666667	0.5260166666666667	0.6638666666666667	0.4807166666666667	0.5598500000000001	0.5168166666666667	0.49498333333333333	0.48765000000000003	0.5935333333333334	0.5456833333333334	0.4966666666666667	0.4050666666666667	0.5797333333333333	0.44155	0.4775166666666667	0.5395666666666666	0.5595	0.4746666666666667	0.6009833333333333	0.5508000000000001	0.3859	0.5167	0.5366500000000001	0.4954	0.4947666666666667	0.4348666666666667	0.5713166666666667	0.5925	0.5141833333333333	0.5326333333333334	0.4602333333333334	0.4711666666666667	0.6107166666666667	0.48841666666666667	0.5236833333333334	0.4915166666666667	0.5202833333333333	0.47468333333333335	0.5783166666666667	0.51765	0.5068833333333334	0.42586666666666667	0.5132	0.5647833333333334	0.6011333333333334	0.5226666666666667	0.44903333333333334	0.6314833333333334	0.6138833333333333	0.5002166666666666	0.5917333333333333	0.5870333333333334	0.4312	0.5365	0.6065833333333334	0.5313	0.499	0.43796666666666667	0.4532333333333334	0.5347500000000001	0.51405	0.5226166666666667	0.5660000000000001	0.56015	0.5107666666666667	0.5631333333333334	0.52475	0.48078333333333334	0.4999166666666667	0.53285	0.5095500000000001	0.5052	0.5613333333333334	0.5340333333333334	0.5499166666666667	0.47678333333333334	0.35908333333333337	0.5661833333333334	0.48486666666666667	0.6213166666666667	0.5159	0.44018333333333337	0.48608333333333337	0.5017333333333334	0.6609666666666667	0.43733333333333335	0.5142	0.5887833333333333	0.5964666666666667	0.5364666666666666	0.5090166666666667
0.43933333333333335	0.5808	0.5312166666666667	0.5346833333333334	0.5714333333333333	0.4718	0.4896666666666667	0.5174833333333334	0.55815	0.5540666666666667	0.5226000000000001	0.5468666666666667	0.5109833333333333	0.4693666666666667	0.6436000000000001	0.5515	0.44238333333333335	0.5430333333333334	0.5700666666666667	0.46618333333333334	0.43133333333333335	0.48138333333333333	0.5809166666666667	0.5185666666666667	0.5853	0.45038333333333336	0.50525	0.45945	0.5392333333333333	0.44773333333333337	0.5089666666666667	0.6751833333333334	0.54025	0.48283333333333334	0.5212833333333333	0.546	0.50815	0.5607833333333334	0.5018833333333333	0.44405	0.48536666666666667	0.48743333333333333	0.5958	0.5709500000000001	0.4955	0.5201333333333333	0.5124333333333334	0.5482166666666667	0.44695	0.4791166666666667	0.6263000000000001	0.51285	0.60245	0.5336166666666667	0.5702833333333334	0.5411	0.5051833333333333	0.5363833333333333	0.46105	0.47576666666666667	0.49578333333333335	0.6119333333333333	0.5569000000000001	0.5563333333333333	0.5057666666666667	0.5046	0.5399833333333334	0.49655000000000005	0.5251	0.59675	0.5174166666666667	0.5832666666666667	0.4733	0.5390833333333334	0.5397833333333334	0.5713166666666667	0.48055000000000003	0.58175	0.5311833333333333	0.5338166666666667	0.4512666666666667	0.6016166666666667	0.6251833333333333	0.5207666666666667	0.5297000000000001	0.5626333333333333	0.48610000000000003	0.5188	0.5502666666666667	0.6812	0.4795666666666667	0.5651333333333334	0.4638333333333334	0.5970666666666667	0.45185000000000003	0.42741666666666667	0.5210333333333333	0.54905	0.5341166666666667	0.55235
0.44073333333333337	0.5321166666666667	0.5801666666666667	0.5656	0.5499333333333334	0.4177	0.6049833333333333	0.4149666666666667	0.4818	0.4749166666666667	0.5318833333333334	0.55425	0.5039166666666667	0.5558166666666667	0.5509833333333334	0.49435	0.4892	0.5301166666666667	0.5916833333333333	0.5896	0.43015000000000003	0.6162333333333334	0.5640333333333334	0.5885666666666667	0.4547166666666667	0.5892166666666667	0.7022333333333334	0.5513166666666667	0.5043666666666667	0.4834166666666667	0.45930000000000004	0.5169666666666667	0.4850166666666667	0.5756833333333333	0.5169833333333334	0.5421666666666667	0.4600166666666667	0.49748333333333333	0.45020000000000004	0.5127833333333334	0.6272500000000001	0.38456666666666667	0.5642333333333334	0.40885000000000005	0.5469833333333334	0.45665	0.5242833333333333	0.54045	0.6252500000000001	0.5736833333333333	0.49378333333333335	0.5809833333333334	0.5326833333333334	0.5471333333333334	0.6609666666666667	0.5385666666666666	0.5276000000000001	0.47675	0.5365833333333334	0.5639833333333334	0.54005	0.47376666666666667	0.515	0.4895166666666667	0.42636666666666667	0.603	0.50415	0.5130666666666667	0.49065000000000003	0.45106666666666667	0.5711333333333334	0.5056	0.595	0.57925	0.6009833333333333	0.5503666666666667	0.5009	0.5100333333333333	0.4025	0.5011166666666667	0.4261666666666667	0.5365	0.5913166666666667	0.6433166666666666	0.4986166666666667	0.61845	0.5867833333333333	0.43843333333333334	0.49163333333333337	0.47953333333333337	0.4798	0.5751333333333334	0.5012166666666666	0.5267333333333334	0.42795	0.4315166666666667	0.46071666666666666	0.5246833333333334	0.5418166666666667	0.5577166666666666
0.6138166666666667	0.5050166666666667	0.5191	0.5581666666666667	0.46563333333333334	0.6095333333333334	0.5188166666666667	0.4764666666666667	0.5306166666666667	0.5595666666666667	0.44260000000000005	0.5181166666666667	0.53095	0.5797333333333333	0.5085500000000001	0.5025333333333334	0.49575	0.38566666666666666	0.5311166666666667	0.4793833333333334	0.4525	0.5965166666666667	0.5199166666666667	0.6228333333333333	0.4802	0.5305	0.5097166666666667	0.46658333333333335	0.4085166666666667	0.5747166666666667	0.48588333333333333	0.5112166666666667	0.5640833333333334	0.55595	0.49010000000000004	0.48310000000000003	0.4938666666666667	0.5588000000000001	0.53655	0.4373	0.42268333333333336	0.49845	0.6284833333333334	0.5598500000000001	0.49400000000000005	0.4630666666666667	0.5705166666666667	0.4213166666666667	0.5717	0.5450333333333334	0.5597166666666666	0.5122	0.53295	0.5728666666666667	0.4973	0.5335333333333333	0.5661666666666667	0.55055	0.5456666666666667	0.4693	0.5891833333333334	0.42135	0.4703333333333334	0.4997666666666667	0.5978666666666667	0.4779333333333334	0.4567333333333334	0.5841000000000001	0.5080333333333333	0.46878333333333333	0.5357333333333334	0.4413166666666667	0.5141833333333333	0.5038666666666667	0.5495166666666667	0.5501	0.5443833333333333	0.47473333333333334	0.4781666666666667	0.5234166666666666	0.5675	0.5811666666666667	0.6017333333333333	0.5399333333333334	0.5435166666666666	0.4844333333333334	0.5154166666666667	0.5125333333333334	0.47990000000000005	0.5730500000000001	0.5263166666666667	0.46778333333333333	0.44425000000000003	0.6173666666666667	0.49000000000000005	0.49970000000000003	0.48050000000000004	0.5141166666666667	0.5190666666666667	0.5146166666666667
0.46166666666666667	0.5162666666666667	0.55835	0.48525	0.47200000000000003	0.5591166666666667	0.4471	0.5465833333333333	0.4664666666666667	0.5594666666666667	0.49893333333333334	0.4698	0.47003333333333336	0.6488166666666667	0.4916666666666667	0.5427833333333334	0.55545	0.5959	0.42241666666666666	0.5049166666666667	0.5736	0.57485	0.46815	0.6021333333333334	0.5303166666666667	0.37920000000000004	0.5304833333333333	0.5205833333333334	0.4801666666666667	0.5	0.5124833333333334	0.51715	0.59025	0.49091666666666667	0.5217333333333334	0.5505333333333333	0.5075000000000001	0.48053333333333337	0.45133333333333336	0.5858833333333333	0.5121	0.46668333333333334	0.4829333333333334	0.49768333333333337	0.5792	0.5767333333333333	0.5181	0.5165166666666667	0.44698333333333334	0.5744333333333334	0.50015	0.5372	0.5135000000000001	0.5095166666666667	0.57965	0.6062166666666667	0.5703	0.6326666666666667	0.5430166666666667	0.47585	0.6516333333333334	0.47773333333333334	0.461	0.7274333333333334	0.5937833333333333	0.5666666666666667	0.5290833333333333	0.37265000000000004	0.5938333333333333	0.5132333333333333	0.5776	0.5053833333333334	0.48608333333333337	0.6022166666666667	0.47963333333333336	0.6612333333333333	0.50175	0.5666333333333333	0.5713833333333334	0.48188333333333333	0.5697666666666666	0.5779333333333334	0.5085666666666667	0.4636	0.5895166666666667	0.5782	0.5295833333333334	0.48245000000000005	0.5479333333333334	0.5744333333333334	0.53895	0.5490666666666667	0.6307333333333334	0.5427166666666667	0.4170166666666667	0.45995	0.61605	0.47063333333333335	0.5910000000000001	0.6825833333333333
0.6495333333333334	0.5260666666666667	0.522	0.5235333333333334	0.44448333333333334	0.5722	0.5070333333333333	0.48618333333333336	0.47135000000000005	0.5930333333333334	0.5936333333333333	0.5508500000000001	0.5132333333333333	0.5473833333333333	0.4963166666666667	0.5114500000000001	0.5266666666666667	0.61505	0.49420000000000003	0.6203000000000001	0.49985	0.40663333333333335	0.4631166666666667	0.49848333333333333	0.5672	0.4476833333333334	0.5738333333333333	0.5021666666666667	0.4604166666666667	0.45418333333333333	0.5063500000000001	0.5385166666666666	0.47775	0.5329166666666667	0.5058166666666667	0.5475333333333333	0.5785333333333333	0.5461333333333334	0.5843333333333334	0.5512833333333333	0.40495000000000003	0.5879166666666666	0.4145166666666667	0.5155333333333334	0.5162	0.5364	0.47815	0.48453333333333337	0.58685	0.52645	0.5707666666666666	0.57375	0.4964	0.5870333333333334	0.5265666666666667	0.5270833333333333	0.5100666666666667	0.5211833333333333	0.5160166666666667	0.45635000000000003	0.5275666666666667	0.5315500000000001	0.5105666666666667	0.5992500000000001	0.4859333333333334	0.5265333333333334	0.4920333333333334	0.48436666666666667	0.45615	0.453	0.48435	0.5586666666666666	0.5220666666666667	0.47103333333333336	0.5945	0.6314000000000001	0.5496333333333333	0.48415	0.49418333333333336	0.5677166666666666	0.5040833333333333	0.50915	0.5527500000000001	0.42400000000000004	0.43860000000000005	0.5385166666666666	0.48295000000000005	0.4815166666666667	0.6379166666666667	0.44803333333333334	0.44725000000000004	0.44185	0.5560166666666667	0.5870166666666667	0.6896333333333333	0.5726666666666667	0.5116833333333334	0.5562	0.5184500000000001	0.6038166666666667
0.51335	0.49898333333333333	0.5113166666666666	0.5593833333333333	0.5452666666666667	0.4235166666666667	0.4074166666666667	0.433	0.5559166666666667	0.5195833333333334	0.4955	0.5542666666666667	0.5817166666666667	0.5376000000000001	0.5309	0.6013666666666667	0.49855000000000005	0.5148333333333334	0.47313333333333335	0.6010833333333334	0.46230000000000004	0.5753	0.4504166666666667	0.4567	0.5013500000000001	0.51695	0.5294333333333333	0.5865166666666667	0.6539166666666667	0.5986	0.49205000000000004	0.55845	0.5764166666666667	0.49943333333333334	0.4610166666666667	0.5341333333333333	0.4759166666666667	0.4740666666666667	0.4920166666666667	0.5588666666666667	0.4946666666666667	0.5449833333333334	0.6112500000000001	0.6337666666666667	0.5226166666666667	0.5018	0.5167833333333334	0.43495	0.5645166666666667	0.4787166666666667	0.5706	0.7084666666666667	0.5610833333333334	0.6039833333333333	0.5136666666666667	0.5283333333333333	0.5539166666666667	0.5510166666666667	0.4557166666666667	0.5706	0.4684666666666667	0.5448666666666667	0.4917166666666667	0.53335	0.5437000000000001	0.5419166666666667	0.4861166666666667	0.5483166666666667	0.55415	0.4905666666666667	0.4909666666666667	0.5492166666666667	0.5886833333333333	0.5176000000000001	0.5525666666666667	0.5112666666666666	0.5662833333333334	0.5425666666666666	0.4461833333333334	0.5007833333333334	0.5703333333333334	0.4203	0.6501	0.5441166666666667	0.4739333333333334	0.52475	0.5308666666666667	0.5286500000000001	0.4249666666666667	0.58975	0.4885666666666667	0.5860833333333334	0.4730166666666667	0.5689333333333334	0.44018333333333337	0.41758333333333336	0.5105666666666667	0.51285	0.4996333333333334	0.5588333333333334
0.6005333333333334	0.5453	0.5582833333333334	0.4830666666666667	0.5956833333333333	0.5355333333333333	0.522	0.5910500000000001	0.5494	0.5147	0.5143333333333333	0.5016333333333334	0.5646	0.5329333333333334	0.46413333333333334	0.5305166666666667	0.5374166666666667	0.4202166666666667	0.5158	0.5346000000000001	0.4797166666666667	0.5381	0.5903333333333334	0.6848000000000001	0.5292666666666667	0.5416833333333334	0.6734	0.6173166666666667	0.3905666666666667	0.4708333333333334	0.45630000000000004	0.5077833333333334	0.4261666666666667	0.52485	0.5117333333333334	0.5408666666666667	0.43718333333333337	0.5513333333333333	0.5586166666666667	0.4766166666666667	0.47218333333333334	0.5315	0.5766	0.6077166666666667	0.5527666666666667	0.45495	0.5662	0.5694666666666667	0.47836666666666666	0.546	0.5611666666666667	0.5096833333333334	0.4506	0.4905666666666667	0.5359166666666667	0.49041666666666667	0.4602	0.4601166666666667	0.45098333333333335	0.5498166666666667	0.5528666666666667	0.5291166666666667	0.5892833333333334	0.6443333333333333	0.5442333333333333	0.46913333333333335	0.5261	0.49346666666666666	0.5677333333333333	0.55745	0.5417166666666667	0.5686833333333333	0.6495833333333334	0.5305166666666667	0.5642166666666667	0.4543166666666667	0.5833666666666667	0.47950000000000004	0.5930000000000001	0.4743666666666667	0.54	0.51765	0.5183833333333333	0.56535	0.51765	0.55055	0.5293666666666667	0.6556166666666667	0.5535	0.5391	0.58225	0.51535	0.5052666666666666	0.48638333333333333	0.5801666666666667	0.5562666666666667	0.5821833333333334	0.5136333333333334	0.37655	0.5454166666666667
0.5559000000000001	0.53595	0.4821666666666667	0.49851666666666666	0.5702333333333334	0.5105000000000001	0.44451666666666667	0.60885	0.6103666666666667	0.5021166666666667	0.46325	0.5140333333333333	0.48888333333333334	0.49413333333333337	0.6008333333333333	0.5820000000000001	0.5757833333333333	0.4265333333333334	0.47065	0.5333833333333333	0.4106166666666667	0.5487666666666667	0.5434166666666667	0.52805	0.5500166666666667	0.4391666666666667	0.48185	0.4117	0.5381333333333334	0.54345	0.6080833333333333	0.5468833333333334	0.5823666666666667	0.3929166666666667	0.5418666666666667	0.5189833333333334	0.47535000000000005	0.532	0.4618333333333334	0.5965333333333334	0.49735	0.6659833333333334	0.5339	0.57155	0.5040166666666667	0.5684	0.5757833333333333	0.4996666666666667	0.5325333333333334	0.6378666666666667	0.6633666666666667	0.47115	0.5087833333333334	0.6250666666666667	0.5046166666666667	0.5364666666666666	0.60365	0.5251	0.4560166666666667	0.48613333333333336	0.5814833333333334	0.5559666666666667	0.5899833333333334	0.52005	0.46645000000000003	0.46921666666666667	0.5135666666666667	0.6304000000000001	0.5745833333333333	0.5549000000000001	0.4801666666666667	0.6065833333333334	0.4666166666666667	0.6104333333333334	0.4967666666666667	0.49145	0.5443166666666667	0.5293666666666667	0.4456333333333334	0.48495000000000005	0.4484166666666667	0.53745	0.5021666666666667	0.46675	0.55105	0.39516666666666667	0.5820500000000001	0.5121833333333333	0.46978333333333333	0.5951000000000001	0.5468833333333334	0.48725	0.5265166666666667	0.4758666666666667	0.5403	0.4705166666666667	0.48928333333333335	0.5069166666666667	0.5442666666666667	0.4320666666666667
0.46943333333333337	0.64975	0.54285	0.56225	0.5579833333333334	0.5924333333333334	0.5922166666666667	0.5316166666666667	0.49975	0.5086	0.5519000000000001	0.5206166666666667	0.5071166666666667	0.5257000000000001	0.5650166666666667	0.48875	0.45385000000000003	0.5124333333333334	0.5458166666666667	0.4562833333333334	0.40476666666666666	0.4475166666666667	0.5113666666666666	0.5016666666666667	0.46290000000000003	0.4496833333333334	0.41195000000000004	0.49935	0.5011333333333333	0.5185500000000001	0.63485	0.5186833333333334	0.50025	0.5739000000000001	0.4841166666666667	0.4511833333333334	0.5166666666666667	0.5217166666666667	0.5719833333333334	0.6026	0.5592333333333334	0.5146000000000001	0.5131833333333333	0.5945	0.41905000000000003	0.5713	0.5275666666666667	0.43698333333333333	0.5130666666666667	0.50475	0.49475	0.5233666666666666	0.5541333333333334	0.4975833333333334	0.5575666666666667	0.5238666666666667	0.47195000000000004	0.44238333333333335	0.4101	0.5455833333333333	0.5636666666666666	0.4209666666666667	0.5346000000000001	0.53335	0.5395666666666666	0.5406500000000001	0.4829333333333334	0.60845	0.4865666666666667	0.5715333333333333	0.5106166666666667	0.4792	0.5802333333333334	0.5323333333333333	0.5118666666666667	0.5490833333333334	0.5237333333333334	0.5720166666666667	0.4796666666666667	0.5392333333333333	0.5093166666666666	0.5347333333333334	0.48936666666666667	0.5730333333333334	0.5301166666666667	0.5613333333333334	0.5990666666666667	0.45680000000000004	0.4648166666666667	0.5609000000000001	0.5657	0.44970000000000004	0.51365	0.52435	0.5093333333333333	0.55125	0.45070000000000005	0.49598333333333333	0.5196333333333334	0.5311666666666667
0.40765	0.44595	0.51705	0.5138	0.5734	0.4792166666666667	0.48713333333333336	0.5212	0.51735	0.5354333333333333	0.6047666666666667	0.5144833333333334	0.48355000000000004	0.6133500000000001	0.5415	0.44656666666666667	0.40708333333333335	0.48103333333333337	0.47865	0.5598000000000001	0.5311666666666667	0.5515666666666666	0.6689666666666667	0.5339	0.48695000000000005	0.48868333333333336	0.4454666666666667	0.47448333333333337	0.5308166666666667	0.5604	0.5973166666666667	0.4592	0.4880666666666667	0.5042166666666666	0.5493	0.48085	0.4825166666666667	0.49018333333333336	0.4654666666666667	0.4927166666666667	0.47153333333333336	0.5318333333333334	0.5766166666666667	0.599	0.5371833333333333	0.5101333333333333	0.5024000000000001	0.6061333333333334	0.45398333333333335	0.5782833333333334	0.5556833333333333	0.5978	0.5854666666666667	0.6335833333333334	0.4729666666666667	0.5393666666666667	0.5618166666666667	0.4926166666666667	0.4529	0.5393333333333333	0.5021666666666667	0.5178333333333334	0.48081666666666667	0.5278333333333334	0.52395	0.5769166666666667	0.5626333333333333	0.5166000000000001	0.5136166666666667	0.5619166666666667	0.5408166666666667	0.5264	0.5255833333333334	0.59385	0.49338333333333334	0.5028333333333334	0.5811000000000001	0.4770666666666667	0.5358166666666667	0.5638500000000001	0.4894	0.43760000000000004	0.46266666666666667	0.4532666666666667	0.52725	0.6370833333333333	0.5378166666666667	0.6140166666666667	0.5292	0.5582666666666667	0.49660000000000004	0.53305	0.4861666666666667	0.5541	0.5552	0.4982666666666667	0.55865	0.50815	0.5855666666666667	0.47786666666666666
0.48200000000000004	0.43860000000000005	0.59245	0.48710000000000003	0.5361333333333334	0.5458833333333334	0.5728	0.5867666666666667	0.48005000000000003	0.6195333333333334	0.48150000000000004	0.5899	0.4979	0.5940500000000001	0.4113666666666667	0.5151	0.5908166666666667	0.5254333333333333	0.47073333333333334	0.4416166666666667	0.5701333333333334	0.42883333333333334	0.5807333333333333	0.5052833333333333	0.40440000000000004	0.5202166666666667	0.42675	0.4709166666666667	0.47213333333333335	0.6093000000000001	0.45568333333333333	0.49855000000000005	0.5564666666666667	0.5319166666666667	0.46508333333333335	0.4454166666666667	0.42528333333333335	0.5511166666666667	0.5112833333333333	0.5368166666666667	0.5463333333333333	0.5328666666666667	0.48925	0.46415	0.551	0.58845	0.42313333333333336	0.5033500000000001	0.5117166666666667	0.5074666666666667	0.5389833333333334	0.6159666666666667	0.5643666666666667	0.5718333333333334	0.5555166666666667	0.6285666666666667	0.5635333333333333	0.5035166666666667	0.4432166666666667	0.4280166666666667	0.5396166666666667	0.48650000000000004	0.5868666666666666	0.508	0.5291666666666667	0.6005166666666667	0.6044	0.5013000000000001	0.5123166666666666	0.6071000000000001	0.57975	0.5079833333333333	0.43975000000000003	0.5144000000000001	0.5783833333333334	0.5103333333333333	0.4984166666666667	0.5295333333333334	0.51625	0.4899666666666667	0.4636	0.5338	0.5778166666666666	0.6112500000000001	0.5514666666666667	0.6234666666666667	0.4831166666666667	0.46430000000000005	0.5148	0.46175000000000005	0.5294333333333333	0.5543166666666667	0.5189833333333334	0.5542	0.5116666666666667	0.56945	0.48958333333333337	0.5991166666666667	0.63985	0.4293666666666667
0.5895333333333334	0.4826666666666667	0.5206166666666667	0.42400000000000004	0.5871500000000001	0.47650000000000003	0.5055000000000001	0.5314833333333333	0.5018833333333333	0.5528833333333334	0.49998333333333334	0.5260166666666667	0.5687333333333333	0.5701833333333334	0.53315	0.5962000000000001	0.5611166666666667	0.6214500000000001	0.47955000000000003	0.59335	0.5582833333333334	0.6190166666666667	0.5356666666666667	0.5362333333333333	0.4486	0.5292333333333333	0.58255	0.5447333333333334	0.56615	0.5094333333333334	0.5258833333333334	0.49396666666666667	0.6665333333333333	0.5241	0.5050666666666667	0.5011333333333333	0.53825	0.6303500000000001	0.70125	0.5376666666666667	0.5160333333333333	0.5666166666666667	0.4345833333333334	0.6094166666666667	0.61105	0.49943333333333334	0.4984166666666667	0.5036333333333334	0.47618333333333335	0.5812166666666667	0.5159833333333333	0.56915	0.5192333333333333	0.5618166666666667	0.5431333333333334	0.6108833333333333	0.49233333333333335	0.4814833333333334	0.5382	0.5051833333333333	0.51475	0.4785666666666667	0.44670000000000004	0.6183833333333334	0.6083666666666667	0.6203833333333334	0.43528333333333336	0.4103833333333334	0.5202166666666667	0.6174666666666667	0.4719166666666667	0.5293	0.5187166666666667	0.5297333333333334	0.5420833333333334	0.4215666666666667	0.4756666666666667	0.48315	0.5070333333333333	0.62795	0.4764333333333334	0.67415	0.5562666666666667	0.43413333333333337	0.5502	0.5799000000000001	0.5486	0.6577333333333334	0.5373833333333333	0.5287833333333334	0.5828	0.5735333333333333	0.5150333333333333	0.5714666666666667	0.5308166666666667	0.5098833333333334	0.5885	0.47223333333333334	0.6104333333333334	0.5130666666666667
0.48088333333333333	0.45798333333333335	0.5529000000000001	0.5381666666666667	0.47676666666666667	0.4081666666666667	0.5480666666666667	0.5548333333333334	0.5125333333333334	0.56105	0.5196666666666667	0.5418666666666667	0.6297666666666667	0.5493333333333333	0.53545	0.508	0.43598333333333333	0.45438333333333336	0.5712	0.5034666666666667	0.4146	0.5366333333333334	0.45848333333333335	0.5597500000000001	0.4313166666666667	0.48978333333333335	0.5164	0.4660166666666667	0.5571833333333334	0.4895166666666667	0.5870333333333334	0.44588333333333335	0.5306500000000001	0.5019666666666667	0.49348333333333333	0.58285	0.5273166666666667	0.51615	0.49393333333333334	0.56955	0.5292166666666667	0.6542833333333333	0.5418000000000001	0.5690500000000001	0.5863166666666667	0.5619500000000001	0.49478333333333335	0.526	0.5382833333333333	0.5123	0.47273333333333334	0.5703833333333334	0.5164166666666667	0.51765	0.5666166666666667	0.5698500000000001	0.5515166666666667	0.5493	0.49735	0.4673833333333334	0.6093000000000001	0.6041833333333334	0.49573333333333336	0.6122833333333334	0.5827166666666667	0.45835000000000004	0.55615	0.4655	0.49898333333333333	0.4919	0.5411333333333334	0.49091666666666667	0.4646166666666667	0.40695000000000003	0.47326666666666667	0.49296666666666666	0.5428666666666667	0.53735	0.4754166666666667	0.44888333333333336	0.46898333333333336	0.6634666666666666	0.5271	0.5299666666666667	0.49545	0.5777666666666667	0.6436666666666667	0.5088	0.5134500000000001	0.6225666666666667	0.4990333333333334	0.5142666666666666	0.6718000000000001	0.4523666666666667	0.5289666666666667	0.5207666666666667	0.5375833333333334	0.47505000000000003	0.50625	0.5054166666666667
0.5698666666666667	0.5591333333333334	0.4718666666666667	0.4704666666666667	0.5465	0.5409166666666667	0.5698	0.4128833333333334	0.5574166666666667	0.4955333333333334	0.48113333333333336	0.5611	0.47326666666666667	0.49851666666666666	0.55515	0.5405	0.4626166666666667	0.55465	0.4355	0.5276666666666667	0.5292333333333333	0.5396833333333334	0.53845	0.4916666666666667	0.46565	0.49428333333333335	0.45758333333333334	0.5313166666666667	0.5104833333333334	0.47098333333333336	0.5267333333333334	0.4750166666666667	0.5781166666666667	0.44308333333333333	0.5615	0.5235666666666667	0.6018666666666667	0.5144000000000001	0.49345	0.4724166666666667	0.5745833333333333	0.4899833333333334	0.6000166666666666	0.6115666666666667	0.5473666666666667	0.5065500000000001	0.5331	0.5366000000000001	0.5037833333333334	0.45363333333333333	0.5957666666666667	0.5374333333333333	0.47276666666666667	0.4689166666666667	0.5730333333333334	0.46058333333333334	0.5166166666666667	0.541	0.5160333333333333	0.5086333333333334	0.5286833333333334	0.5212166666666667	0.46953333333333336	0.5042666666666666	0.49395	0.5133666666666666	0.5041666666666667	0.62115	0.5360666666666667	0.5015333333333334	0.6732833333333333	0.48250000000000004	0.4958	0.53515	0.49888333333333335	0.5326833333333334	0.4971166666666667	0.5491833333333334	0.5172	0.46625	0.555	0.5205166666666667	0.5315500000000001	0.5073333333333333	0.5282	0.5338833333333334	0.5277333333333334	0.6346	0.4835166666666667	0.5099833333333333	0.46225000000000005	0.5025333333333334	0.58575	0.52425	0.52805	0.5023333333333334	0.5256000000000001	0.48308333333333336	0.43988333333333335	0.5312833333333333
0.4790166666666667	0.3846833333333334	0.5246666666666667	0.5240666666666667	0.45405	0.48245000000000005	0.4776166666666667	0.4343166666666667	0.5136333333333334	0.5544333333333333	0.5010333333333333	0.49668333333333337	0.49955000000000005	0.49785	0.5640166666666667	0.5403666666666667	0.4793	0.5216333333333334	0.4708833333333334	0.5234666666666667	0.4542666666666667	0.5640166666666667	0.5095333333333334	0.45163333333333333	0.46926666666666667	0.50575	0.45948333333333335	0.6062000000000001	0.47885	0.4842666666666667	0.5431	0.62085	0.5060166666666667	0.4538166666666667	0.6477666666666667	0.54425	0.52915	0.52195	0.5663	0.5818166666666666	0.5263166666666667	0.57235	0.5970166666666666	0.51295	0.56645	0.5481666666666667	0.48660000000000003	0.5149833333333333	0.5748	0.5398166666666667	0.43173333333333336	0.58025	0.5195666666666667	0.4423166666666667	0.5818833333333333	0.4552333333333334	0.5896	0.4724666666666667	0.4817	0.49535	0.6117833333333333	0.5752666666666667	0.5372333333333333	0.5163333333333333	0.5851000000000001	0.5391	0.5076333333333334	0.5767833333333333	0.5163833333333333	0.5075166666666667	0.4913166666666667	0.5105666666666667	0.5639166666666667	0.5326500000000001	0.5367000000000001	0.5269	0.5578333333333334	0.4726666666666667	0.6770166666666667	0.5424	0.4943	0.47040000000000004	0.5892833333333334	0.541	0.5421833333333334	0.6074666666666667	0.5133666666666666	0.4821666666666667	0.4839166666666667	0.5059833333333333	0.5698500000000001	0.58355	0.4168	0.5084833333333334	0.4887666666666667	0.43633333333333335	0.5319333333333334	0.61975	0.4296666666666667	0.5202833333333333
0.5820000000000001	0.5190666666666667	0.47135000000000005	0.558	0.5306000000000001	0.5941000000000001	0.4443166666666667	0.5689666666666667	0.47013333333333335	0.5688666666666667	0.6102166666666667	0.4618333333333334	0.4970833333333334	0.5353833333333333	0.5539666666666667	0.5317000000000001	0.5723666666666667	0.6557166666666667	0.6330833333333333	0.5018166666666667	0.5738166666666666	0.57445	0.47281666666666666	0.5754	0.45505	0.52835	0.47275	0.5003666666666667	0.5551666666666667	0.49933333333333335	0.55445	0.5871500000000001	0.5390166666666667	0.5971000000000001	0.5513	0.6217666666666667	0.56035	0.66505	0.49293333333333333	0.5473666666666667	0.5529833333333334	0.5847166666666667	0.5949	0.5917833333333333	0.4870333333333334	0.5732833333333334	0.5676166666666667	0.5082166666666666	0.5499333333333334	0.47533333333333333	0.5488833333333334	0.5093333333333333	0.5337166666666667	0.5991000000000001	0.4766166666666667	0.39590000000000003	0.5029333333333333	0.5900833333333334	0.61675	0.5566333333333333	0.5850333333333334	0.5782333333333334	0.5684166666666667	0.48988333333333334	0.4789166666666667	0.58845	0.5739666666666667	0.4990833333333334	0.3979666666666667	0.5436166666666667	0.43055000000000004	0.457	0.5123166666666666	0.5381	0.4738833333333334	0.5251166666666667	0.5216000000000001	0.5630166666666667	0.5557166666666667	0.54285	0.5278166666666667	0.5900333333333334	0.4861166666666667	0.4862666666666667	0.5811833333333334	0.5999166666666667	0.4731666666666667	0.62495	0.5539166666666667	0.46798333333333336	0.551	0.4675166666666667	0.5574666666666667	0.44598333333333334	0.6443	0.5321666666666667	0.6186666666666667	0.5685166666666667	0.43918333333333337	0.5270666666666667
0.5648666666666667	0.5377833333333334	0.5003333333333334	0.48823333333333335	0.6157333333333334	0.5106	0.5394833333333333	0.43985	0.5045166666666667	0.5530833333333334	0.5181166666666667	0.6186333333333334	0.4925333333333334	0.5109333333333334	0.5110166666666667	0.6390166666666667	0.5366500000000001	0.6296666666666667	0.4849833333333334	0.5021833333333333	0.5478666666666667	0.4704666666666667	0.5825833333333333	0.49446666666666667	0.5508500000000001	0.5319166666666667	0.5185166666666667	0.5714166666666667	0.5464666666666667	0.5767	0.5067333333333334	0.5299833333333334	0.6096666666666667	0.5987333333333333	0.42843333333333333	0.49200000000000005	0.5030166666666667	0.5062666666666666	0.59865	0.5674166666666667	0.5414	0.5125500000000001	0.5858	0.5672333333333334	0.5475833333333333	0.5048333333333334	0.4171	0.5298	0.4948166666666667	0.6145	0.5421666666666667	0.4665666666666667	0.5398333333333334	0.52915	0.5447000000000001	0.52475	0.5596833333333333	0.4683833333333334	0.6031000000000001	0.5671166666666667	0.54105	0.49465000000000003	0.5912833333333334	0.55945	0.5484166666666667	0.4836166666666667	0.5735166666666667	0.44656666666666667	0.5027166666666667	0.5397833333333334	0.5178666666666667	0.5924	0.6240666666666667	0.47675	0.5152333333333333	0.6550166666666667	0.5224166666666666	0.5625166666666667	0.5579666666666667	0.6349833333333333	0.5296166666666667	0.5569666666666667	0.45375000000000004	0.5177833333333334	0.48128333333333334	0.46673333333333333	0.6268	0.6631333333333334	0.5513166666666667	0.4962666666666667	0.5549833333333334	0.5683	0.5354833333333333	0.5592833333333334	0.5225666666666667	0.48550000000000004	0.4667833333333334	0.6081	0.5560666666666667	0.5792666666666667
0.49038333333333334	0.5582833333333334	0.5453333333333333	0.4348166666666667	0.49005000000000004	0.5033500000000001	0.5387500000000001	0.46018333333333333	0.5785333333333333	0.4560666666666667	0.45211666666666667	0.5780833333333334	0.48828333333333335	0.56265	0.6021166666666667	0.5607666666666667	0.47575	0.6082833333333334	0.5980833333333334	0.4464666666666667	0.5942500000000001	0.4975333333333334	0.5477833333333334	0.46925	0.48258333333333336	0.4542166666666667	0.5171833333333333	0.464	0.5275166666666667	0.5206333333333334	0.6206166666666667	0.5565666666666667	0.45665	0.5041666666666667	0.5998	0.5966333333333333	0.5442166666666667	0.4513666666666667	0.52935	0.5352	0.5243	0.5208666666666667	0.49383333333333335	0.5366833333333334	0.65175	0.45568333333333333	0.5164333333333334	0.5488000000000001	0.5232666666666667	0.4345666666666667	0.5490166666666667	0.5215666666666667	0.6637500000000001	0.58835	0.5344	0.5005833333333334	0.6572666666666667	0.5862666666666667	0.5584166666666667	0.5204166666666666	0.5382	0.6405500000000001	0.47295000000000004	0.57025	0.5242666666666667	0.55755	0.5269	0.5424166666666667	0.5311833333333333	0.4197	0.4625166666666667	0.4729666666666667	0.5241666666666667	0.49983333333333335	0.6129833333333333	0.5344833333333333	0.5791000000000001	0.5823833333333334	0.49373333333333336	0.5845666666666667	0.49178333333333335	0.5074333333333334	0.6442666666666667	0.45253333333333334	0.6534333333333333	0.6542166666666667	0.5075500000000001	0.4743833333333334	0.44595	0.6139166666666667	0.4834333333333334	0.5174500000000001	0.48491666666666666	0.5845666666666667	0.49043333333333333	0.6077166666666667	0.5210166666666667	0.5405	0.5339	0.5281333333333333
0.6081500000000001	0.5647333333333333	0.45811666666666667	0.42675	0.5259	0.5446333333333334	0.5085333333333334	0.53505	0.5236333333333334	0.5732833333333334	0.4768	0.42283333333333334	0.48315	0.48943333333333333	0.4975666666666667	0.5103333333333333	0.5970333333333334	0.5184666666666667	0.46290000000000003	0.6408	0.6271833333333333	0.5697333333333333	0.5026333333333334	0.56865	0.5353333333333333	0.4999	0.5038333333333334	0.5018833333333333	0.48323333333333335	0.6323833333333334	0.5276666666666667	0.4678666666666667	0.4871166666666667	0.51805	0.496	0.4822	0.5717833333333333	0.48403333333333337	0.5519666666666667	0.5525666666666667	0.5441166666666667	0.40423333333333333	0.4619166666666667	0.5748333333333333	0.4657	0.49335	0.5789666666666667	0.5681166666666667	0.47425	0.5149666666666667	0.5549000000000001	0.40773333333333334	0.48938333333333334	0.4958666666666667	0.5023500000000001	0.6709833333333334	0.5152	0.5216166666666667	0.6031166666666667	0.5059	0.43895	0.52815	0.5079333333333333	0.5608666666666667	0.5226500000000001	0.5743833333333334	0.5649833333333334	0.5544833333333333	0.3990666666666667	0.5725833333333333	0.4638166666666667	0.5119666666666667	0.5403166666666667	0.4874666666666667	0.4232	0.44393333333333335	0.5237166666666667	0.5641333333333334	0.57725	0.47198333333333337	0.5800333333333334	0.5351166666666667	0.5776833333333333	0.54035	0.47581666666666667	0.5370166666666667	0.43133333333333335	0.56975	0.5625666666666667	0.5319333333333334	0.55415	0.5768833333333334	0.50265	0.48486666666666667	0.6417333333333334	0.5393833333333333	0.47250000000000003	0.5623833333333333	0.49165000000000003	0.5253166666666667
0.59655	0.46515	0.49951666666666666	0.6409166666666667	0.44680000000000003	0.4975333333333334	0.44903333333333334	0.49810000000000004	0.5961500000000001	0.6195	0.5336833333333334	0.47485000000000005	0.5420166666666667	0.4794333333333334	0.5637166666666666	0.4693166666666667	0.5949333333333333	0.5374333333333333	0.5213	0.55335	0.5237166666666667	0.5083333333333333	0.4830166666666667	0.59955	0.5450833333333334	0.5519333333333334	0.44198333333333334	0.4531	0.53415	0.4909666666666667	0.5258166666666667	0.5075333333333334	0.5106	0.5106333333333334	0.6397166666666667	0.5945	0.5359833333333334	0.4822	0.4965333333333334	0.5369	0.5408833333333334	0.5192833333333333	0.5851666666666667	0.52595	0.5173333333333333	0.5558166666666667	0.5759666666666667	0.4950333333333334	0.44565000000000005	0.5164333333333334	0.5152	0.5996666666666667	0.5355666666666667	0.49575	0.5853	0.5939	0.6156333333333334	0.5666333333333333	0.5463833333333333	0.4650166666666667	0.5516333333333333	0.5836166666666667	0.6046166666666667	0.5231833333333333	0.5652833333333334	0.5597833333333334	0.43275	0.47681666666666667	0.5075166666666667	0.5595833333333333	0.61175	0.51915	0.47378333333333333	0.41231666666666666	0.5105166666666667	0.5762333333333334	0.5057833333333334	0.5575	0.4646	0.496	0.5890166666666667	0.544	0.4323166666666667	0.5046666666666667	0.4512166666666667	0.5147833333333334	0.5988833333333333	0.46868333333333334	0.5012333333333333	0.49905000000000005	0.5446666666666667	0.46863333333333335	0.5935666666666667	0.5082	0.5638500000000001	0.533	0.5566833333333333	0.5341	0.5602333333333334	0.5061833333333333
0.5478500000000001	0.4958	0.5521666666666667	0.5052333333333333	0.5137333333333334	0.5468166666666667	0.60495	0.5027833333333334	0.5199333333333334	0.5886666666666667	0.57865	0.5658833333333334	0.49455000000000005	0.5998833333333333	0.5304333333333333	0.5040166666666667	0.6362166666666667	0.5339666666666667	0.4869833333333334	0.5589166666666667	0.5302666666666667	0.5200333333333333	0.43543333333333334	0.49888333333333335	0.5853166666666667	0.6402833333333333	0.49595	0.5192333333333333	0.4825666666666667	0.5265166666666667	0.48788333333333334	0.5513833333333333	0.55225	0.5166000000000001	0.43723333333333336	0.44160000000000005	0.5282	0.5719500000000001	0.5356166666666667	0.45461666666666667	0.5094666666666667	0.4946166666666667	0.6158666666666667	0.4920666666666667	0.6133833333333334	0.5557833333333334	0.5171	0.52875	0.4705166666666667	0.5461666666666667	0.4728	0.49396666666666667	0.5204666666666667	0.5351	0.4787	0.48438333333333333	0.5180166666666667	0.5055666666666667	0.47758333333333336	0.4348666666666667	0.55945	0.5351	0.5940500000000001	0.5589000000000001	0.4650666666666667	0.5657833333333334	0.5293	0.5159166666666667	0.5653166666666667	0.5517333333333334	0.56105	0.5562833333333334	0.5789500000000001	0.49746666666666667	0.5649166666666667	0.5463833333333333	0.5046833333333334	0.6017333333333333	0.53655	0.48181666666666667	0.5623666666666667	0.6021833333333334	0.5145166666666667	0.5553166666666667	0.5744	0.5419166666666667	0.48508333333333337	0.47665	0.48813333333333336	0.49515000000000003	0.5630833333333334	0.5176333333333334	0.46013333333333334	0.5888833333333333	0.5743166666666667	0.5213333333333333	0.43170000000000003	0.4364	0.51225	0.41875
0.5171	0.4229	0.5177833333333334	0.5526166666666666	0.5527666666666667	0.42275	0.4610666666666667	0.60265	0.49088333333333334	0.5595833333333333	0.4928666666666667	0.5275500000000001	0.5675666666666667	0.49598333333333333	0.5572666666666667	0.48733333333333334	0.5656833333333333	0.5057	0.55715	0.5225666666666667	0.6135333333333334	0.6291	0.6048833333333333	0.5961500000000001	0.7072	0.622	0.5327666666666667	0.6245666666666667	0.46430000000000005	0.5322	0.6018	0.6324333333333334	0.5241333333333333	0.5101166666666667	0.5522333333333334	0.6087333333333333	0.5327000000000001	0.5384833333333333	0.5799833333333334	0.5087	0.5025833333333334	0.49943333333333334	0.49925	0.4683333333333334	0.46445000000000003	0.5641666666666667	0.61555	0.6189166666666667	0.46671666666666667	0.46753333333333336	0.43660000000000004	0.5506166666666666	0.5293833333333333	0.4736166666666667	0.4783	0.44320000000000004	0.48360000000000003	0.45693333333333336	0.5134833333333334	0.43768333333333337	0.5178666666666667	0.5768833333333334	0.4930833333333334	0.5278833333333334	0.5333666666666667	0.48428333333333334	0.59565	0.5341333333333333	0.44243333333333335	0.5880500000000001	0.4997166666666667	0.4919833333333334	0.4670166666666667	0.5528333333333334	0.4605	0.5189	0.5010666666666667	0.5162333333333333	0.5920666666666667	0.5376666666666667	0.43678333333333336	0.5126666666666667	0.54715	0.50225	0.5276500000000001	0.5312666666666667	0.5853	0.5215666666666667	0.4471	0.5537500000000001	0.48663333333333336	0.5382	0.4668166666666667	0.5337166666666667	0.46488333333333337	0.42596666666666666	0.6091833333333334	0.5682666666666667	0.45595	0.5804833333333334
0.497	0.5430166666666667	0.54335	0.5401166666666667	0.6199666666666667	0.42718333333333336	0.46645000000000003	0.6116833333333334	0.5288166666666667	0.5334833333333333	0.48613333333333336	0.4745666666666667	0.5731833333333334	0.47648333333333337	0.5459666666666667	0.6183666666666667	0.50265	0.4371166666666667	0.5736	0.51575	0.5084333333333334	0.6387333333333334	0.5005666666666667	0.5665166666666667	0.47495000000000004	0.46868333333333334	0.4533166666666667	0.56805	0.5661333333333334	0.4706	0.4571	0.43113333333333337	0.4688166666666667	0.5439166666666667	0.5124000000000001	0.5820833333333334	0.5136833333333334	0.5579500000000001	0.46505	0.5903666666666667	0.53445	0.49860000000000004	0.5689000000000001	0.515	0.4752	0.49843333333333334	0.4638333333333334	0.40963333333333335	0.5054500000000001	0.5196166666666667	0.5129666666666667	0.3899166666666667	0.5559666666666667	0.5302166666666667	0.4847	0.5548500000000001	0.5377166666666667	0.5219833333333334	0.56975	0.4930666666666667	0.6317	0.4534	0.35098333333333337	0.60365	0.5307333333333334	0.5113666666666666	0.5209333333333334	0.4544	0.6729666666666667	0.5297666666666667	0.5472833333333333	0.4869666666666667	0.52295	0.6353833333333334	0.48336666666666667	0.4861666666666667	0.42623333333333335	0.531	0.5133	0.4913666666666667	0.5530166666666667	0.4953666666666667	0.47078333333333333	0.51275	0.5011166666666667	0.49315000000000003	0.5903166666666667	0.52195	0.43828333333333336	0.5575333333333333	0.5260333333333334	0.5024500000000001	0.4979	0.4789333333333334	0.5357666666666667	0.5523166666666667	0.54085	0.5356000000000001	0.48885	0.51235
0.5448333333333334	0.4933	0.4683166666666667	0.5721666666666667	0.6013166666666667	0.56945	0.51895	0.5625166666666667	0.5599500000000001	0.58555	0.53905	0.5668333333333334	0.46255	0.73665	0.5159833333333333	0.5535333333333333	0.4704666666666667	0.5406666666666667	0.464	0.5146333333333334	0.5466833333333334	0.49696666666666667	0.5742166666666667	0.5375333333333333	0.5126333333333334	0.47165	0.4626166666666667	0.5113666666666666	0.41433333333333333	0.56555	0.4897166666666667	0.42373333333333335	0.5117666666666667	0.4819333333333334	0.5166000000000001	0.5346666666666667	0.4131166666666667	0.50095	0.5261	0.4864833333333334	0.6181666666666666	0.5127833333333334	0.5503333333333333	0.45575000000000004	0.51835	0.45755	0.4809666666666667	0.4480166666666667	0.49733333333333335	0.5020166666666667	0.4668166666666667	0.4907166666666667	0.5058333333333334	0.41181666666666666	0.43635	0.41478333333333334	0.6025833333333334	0.5129	0.6092833333333334	0.4262	0.5699666666666667	0.5612	0.6120833333333333	0.56725	0.5104500000000001	0.49268333333333336	0.54235	0.4599666666666667	0.5042166666666666	0.6028666666666667	0.5334666666666666	0.5212833333333333	0.6659	0.43098333333333333	0.41838333333333333	0.5801833333333334	0.4797166666666667	0.4799666666666667	0.47626666666666667	0.53095	0.5691666666666667	0.5826833333333333	0.5374166666666667	0.5568833333333334	0.47200000000000003	0.6020666666666667	0.5333166666666667	0.5867166666666667	0.4942666666666667	0.5356500000000001	0.4644166666666667	0.47378333333333333	0.3808166666666667	0.41891666666666666	0.47818333333333335	0.5541166666666667	0.6003166666666667	0.5357000000000001	0.5171666666666667	0.4889833333333334
0.4936666666666667	0.5434166666666667	0.3837666666666667	0.52245	0.5660333333333334	0.5507000000000001	0.4502166666666667	0.5455	0.49801666666666666	0.5325166666666666	0.60705	0.5691666666666667	0.48836666666666667	0.5517666666666667	0.6	0.7183833333333334	0.52205	0.6206166666666667	0.48878333333333335	0.5189833333333334	0.4090666666666667	0.6177666666666667	0.5441	0.5478166666666667	0.44465000000000005	0.5051333333333333	0.6484166666666668	0.5021833333333333	0.4732	0.4608666666666667	0.5335666666666667	0.4473666666666667	0.4814333333333334	0.5471833333333334	0.4860333333333334	0.5212	0.5860000000000001	0.6270166666666667	0.5182	0.5467500000000001	0.5497166666666667	0.5364833333333333	0.4724166666666667	0.5237166666666667	0.4747166666666667	0.49705000000000005	0.4240166666666667	0.47008333333333335	0.4673333333333334	0.45538333333333336	0.4937666666666667	0.4446333333333334	0.4305166666666667	0.42835	0.4708833333333334	0.42400000000000004	0.4663333333333334	0.4797	0.5172166666666667	0.48388333333333333	0.46605	0.42258333333333337	0.5644333333333333	0.4643166666666667	0.5941666666666667	0.55405	0.6423833333333334	0.5226000000000001	0.5110333333333333	0.4713	0.55745	0.5097833333333334	0.4979	0.45965	0.5594	0.5278833333333334	0.5329666666666667	0.5108166666666667	0.5104166666666667	0.53315	0.5230333333333334	0.5938333333333333	0.4295	0.5033833333333334	0.4426333333333334	0.4554666666666667	0.5780500000000001	0.40315	0.5257166666666667	0.465	0.4765666666666667	0.5405333333333333	0.5606833333333333	0.5654666666666667	0.46165	0.5163333333333333	0.5119	0.48518333333333336	0.55035	0.5334666666666666
0.5796	0.512	0.51905	0.49435	0.55655	0.42158333333333337	0.46748333333333336	0.46673333333333333	0.4453166666666667	0.4289	0.41705000000000003	0.48655000000000004	0.46125000000000005	0.5512166666666667	0.5716166666666667	0.5264333333333333	0.5579333333333334	0.4945833333333334	0.5346166666666667	0.6147333333333334	0.4988666666666667	0.52475	0.6412166666666667	0.58025	0.47458333333333336	0.48525	0.5171	0.5864666666666667	0.49470000000000003	0.4926666666666667	0.5903833333333334	0.5001333333333333	0.4213166666666667	0.5603166666666667	0.46665	0.5273	0.5043	0.4900333333333334	0.46545000000000003	0.5545833333333333	0.52585	0.4703333333333334	0.47650000000000003	0.4759666666666667	0.4424166666666667	0.53585	0.3574	0.4820166666666667	0.35018333333333335	0.4260166666666667	0.3821	0.4714666666666667	0.4859	0.4844833333333334	0.4781	0.56275	0.49045	0.5261333333333333	0.4731166666666667	0.44320000000000004	0.4418	0.5134333333333334	0.50555	0.5490166666666667	0.46723333333333333	0.4995	0.48033333333333333	0.50775	0.6133166666666667	0.5714333333333333	0.55105	0.4773833333333334	0.5774	0.5777333333333333	0.5482833333333333	0.45790000000000003	0.5795833333333333	0.5256500000000001	0.6586666666666667	0.5152333333333333	0.47073333333333334	0.5221333333333333	0.5476500000000001	0.5065666666666667	0.63075	0.53885	0.5397000000000001	0.5452	0.5159	0.5287166666666667	0.5429333333333334	0.47755000000000003	0.62675	0.5652666666666667	0.5140666666666667	0.5601	0.5738333333333333	0.4618333333333334	0.5533833333333333	0.4957666666666667
0.5243666666666666	0.4426166666666667	0.5944666666666667	0.4963	0.5623	0.5521666666666667	0.5315500000000001	0.5728	0.6096	0.47000000000000003	0.5197166666666667	0.49725	0.44328333333333336	0.4895166666666667	0.5269	0.47485000000000005	0.5195166666666667	0.5055333333333334	0.5144500000000001	0.56505	0.4907166666666667	0.56655	0.5399333333333334	0.45965	0.5869666666666667	0.5291833333333333	0.5472833333333333	0.5280333333333334	0.5555	0.4629166666666667	0.5498166666666667	0.52295	0.5302333333333333	0.54555	0.5676666666666667	0.47833333333333333	0.5051333333333333	0.5170333333333333	0.42285	0.5314	0.5806666666666667	0.6212	0.45988333333333337	0.46148333333333336	0.47381666666666666	0.4151166666666667	0.4224	0.47381666666666666	0.42768333333333336	0.4003166666666667	0.42638333333333334	0.4292666666666667	0.36086666666666667	0.3962333333333333	0.4476333333333333	0.49065000000000003	0.44655	0.4230333333333334	0.48231666666666667	0.4414166666666667	0.4247	0.5467833333333334	0.47858333333333336	0.5863666666666667	0.52015	0.4995333333333334	0.6387666666666667	0.4832666666666667	0.5077	0.5011166666666667	0.5940333333333334	0.5441666666666667	0.43383333333333335	0.6126333333333334	0.5699833333333334	0.5455166666666666	0.5293166666666667	0.43978333333333336	0.5546	0.4838	0.5214	0.5459	0.5559000000000001	0.6053333333333334	0.5309666666666667	0.5709333333333334	0.4886166666666667	0.5377666666666667	0.54795	0.50055	0.5591	0.53515	0.46568333333333334	0.5722833333333334	0.48175	0.5401333333333334	0.5145666666666667	0.5818	0.44306666666666666	0.47313333333333335
0.6272	0.5644666666666667	0.5396000000000001	0.5189	0.44908333333333333	0.5902000000000001	0.5190333333333333	0.5013000000000001	0.5879666666666667	0.6639	0.4844833333333334	0.4823	0.5597333333333333	0.4436666666666667	0.45195	0.5636833333333333	0.4681166666666667	0.5645666666666667	0.6475500000000001	0.43918333333333337	0.4330833333333334	0.5753666666666667	0.5378166666666667	0.5280333333333334	0.4652	0.59675	0.5629666666666667	0.5793	0.5068666666666667	0.5858333333333333	0.4898	0.609	0.5034833333333334	0.57535	0.5723	0.52445	0.5322666666666667	0.5006833333333334	0.5129833333333333	0.4748	0.5514833333333333	0.4130666666666667	0.43015000000000003	0.44775000000000004	0.43678333333333336	0.45663333333333334	0.4256166666666667	0.43935	0.42191666666666666	0.41173333333333334	0.3954666666666667	0.4342166666666667	0.41368333333333335	0.4238166666666667	0.3459666666666667	0.4920666666666667	0.4776666666666667	0.48033333333333333	0.5405333333333333	0.4148	0.45943333333333336	0.49200000000000005	0.45843333333333336	0.5040833333333333	0.5721166666666667	0.4404166666666667	0.4543666666666667	0.4565666666666667	0.6219166666666667	0.5448166666666667	0.4969166666666667	0.42908333333333337	0.5374166666666667	0.49485	0.5970833333333334	0.51485	0.52715	0.5398000000000001	0.4632	0.5215333333333334	0.5103833333333334	0.44735	0.5688166666666667	0.5330333333333334	0.5078333333333334	0.5241333333333333	0.4790666666666667	0.46875	0.5387000000000001	0.547	0.5646833333333333	0.5422333333333333	0.6055333333333334	0.4929833333333334	0.5903	0.4102	0.52515	0.4859666666666667	0.5209	0.46643333333333337
0.5744	0.5165833333333334	0.5367666666666667	0.5849833333333334	0.5605166666666667	0.5242166666666667	0.48460000000000003	0.49646666666666667	0.4055666666666667	0.5141	0.5931333333333334	0.48473333333333335	0.5455833333333333	0.5658000000000001	0.54245	0.6625500000000001	0.5031833333333333	0.47223333333333334	0.5462	0.63815	0.5939333333333333	0.57865	0.5758666666666667	0.48103333333333337	0.5789333333333334	0.6042166666666667	0.44503333333333334	0.49685	0.49155000000000004	0.5500333333333334	0.5857166666666667	0.5990666666666667	0.47823333333333334	0.5659666666666667	0.6017666666666667	0.5373	0.4113666666666667	0.5217166666666667	0.5399166666666667	0.41768333333333335	0.4549166666666667	0.47655000000000003	0.49541666666666667	0.38330000000000003	0.4938	0.3985	0.37073333333333336	0.3974166666666667	0.44220000000000004	0.3933166666666667	0.3896	0.39513333333333334	0.3773166666666667	0.39015	0.42260000000000003	0.41008333333333336	0.41841666666666666	0.4369166666666667	0.44228333333333336	0.4986666666666667	0.47978333333333334	0.5598333333333334	0.5570833333333334	0.51915	0.51195	0.5100833333333333	0.60455	0.5638166666666667	0.5729833333333334	0.5466833333333334	0.57955	0.5282	0.4542833333333334	0.5774833333333333	0.5022	0.5560666666666667	0.45461666666666667	0.4638666666666667	0.56025	0.4880333333333334	0.4553166666666667	0.6141500000000001	0.5861166666666667	0.5449	0.5802	0.4664666666666667	0.5113666666666666	0.6029333333333333	0.5948833333333333	0.5153333333333333	0.52215	0.5055666666666667	0.47798333333333337	0.55215	0.45028333333333337	0.5577500000000001	0.5869333333333333	0.4897166666666667	0.48288333333333333	0.46808333333333335
0.6172333333333334	0.5425	0.6459833333333334	0.5811000000000001	0.5267666666666667	0.45715	0.5180666666666667	0.5328833333333334	0.5654833333333333	0.6169666666666667	0.5567166666666667	0.5188666666666667	0.5905833333333333	0.43188333333333334	0.5271333333333333	0.48663333333333336	0.6124833333333334	0.4908	0.42168333333333335	0.47845000000000004	0.6506000000000001	0.4884666666666667	0.548	0.5680166666666667	0.5061	0.45805	0.5226500000000001	0.6281	0.5344833333333333	0.57255	0.5402666666666667	0.5323666666666667	0.51375	0.5337166666666667	0.5071166666666667	0.55155	0.5167333333333334	0.41298333333333337	0.45380000000000004	0.6475500000000001	0.5016	0.3793	0.49873333333333336	0.44903333333333334	0.41773333333333335	0.3353166666666667	0.41841666666666666	0.34735	0.4272666666666667	0.3450666666666667	0.25965	0.3792166666666667	0.34668333333333334	0.36935	0.44811666666666666	0.40290000000000004	0.4397666666666667	0.39793333333333336	0.45298333333333335	0.40048333333333336	0.4214833333333334	0.5439166666666667	0.5073666666666667	0.5367333333333334	0.5964833333333334	0.4594166666666667	0.5010666666666667	0.5238333333333334	0.6119833333333333	0.5177	0.5972166666666667	0.5014833333333334	0.46180000000000004	0.5718333333333334	0.56805	0.51195	0.5868166666666667	0.5020333333333333	0.5165000000000001	0.4948	0.47675	0.5264166666666666	0.46808333333333335	0.5616666666666666	0.51365	0.5567166666666667	0.52425	0.5538833333333334	0.5677	0.5496666666666667	0.5319833333333334	0.42335	0.5709666666666667	0.4690666666666667	0.5224	0.45098333333333335	0.5153	0.5085166666666667	0.5001	0.5043500000000001
0.4899666666666667	0.57915	0.5832333333333334	0.59075	0.5754833333333333	0.5666333333333333	0.6207833333333334	0.3736166666666667	0.5290166666666667	0.44001666666666667	0.4951166666666667	0.6787000000000001	0.5238833333333334	0.4643666666666667	0.48086666666666666	0.55845	0.6156166666666667	0.5489333333333334	0.5800833333333334	0.5893333333333334	0.47348333333333337	0.48805000000000004	0.5309666666666667	0.47513333333333335	0.5003666666666667	0.5471666666666667	0.5030666666666667	0.45995	0.5523	0.4962166666666667	0.5235166666666667	0.4830166666666667	0.5114500000000001	0.5929833333333333	0.45530000000000004	0.42550000000000004	0.5663	0.5117666666666667	0.4871666666666667	0.5139	0.4921166666666667	0.4127	0.42083333333333334	0.37938333333333335	0.43035	0.40365	0.3209666666666667	0.2944833333333334	0.45661666666666667	0.3569666666666667	0.38703333333333334	0.29323333333333335	0.3745833333333333	0.28763333333333335	0.35613333333333336	0.40865	0.4282666666666667	0.3824	0.43478333333333335	0.5201166666666667	0.49278333333333335	0.5644	0.507	0.5672833333333334	0.5686333333333333	0.5249333333333334	0.5035166666666667	0.5080666666666667	0.55455	0.5358833333333334	0.5105833333333334	0.59955	0.5187166666666667	0.6582666666666667	0.43738333333333335	0.5154	0.4931166666666667	0.5759500000000001	0.4986333333333334	0.6396666666666667	0.48755000000000004	0.49195	0.5139	0.5035333333333334	0.5829	0.533	0.6308833333333334	0.5371	0.5597	0.5065000000000001	0.44103333333333333	0.4690666666666667	0.48315	0.5621833333333334	0.5357333333333334	0.49665000000000004	0.5313666666666667	0.5109166666666667	0.46371666666666667	0.5624
0.4829666666666667	0.47115	0.5620166666666667	0.5318	0.5081333333333333	0.42718333333333336	0.47013333333333335	0.5534666666666667	0.5403166666666667	0.5159166666666667	0.5459	0.5893833333333334	0.38320000000000004	0.5040833333333333	0.5607166666666666	0.44608333333333333	0.4904833333333334	0.45955	0.5903	0.5951666666666667	0.49901666666666666	0.45516666666666666	0.5279	0.5350666666666667	0.6929333333333334	0.5215500000000001	0.6429333333333334	0.5328833333333334	0.48685	0.5320833333333334	0.5425666666666666	0.5110166666666667	0.5292	0.4904666666666667	0.5890333333333334	0.59255	0.46275	0.431	0.5438500000000001	0.5337666666666667	0.47258333333333336	0.41486666666666666	0.45085000000000003	0.32016666666666665	0.36601666666666666	0.35463333333333336	0.39155	0.35235	0.32635000000000003	0.33438333333333337	0.29418333333333335	0.3510666666666667	0.39325000000000004	0.37993333333333335	0.3908166666666667	0.4230666666666667	0.3292666666666667	0.4227166666666667	0.449	0.44978333333333337	0.5007	0.4068333333333334	0.512	0.4232166666666667	0.4023166666666667	0.4501666666666667	0.4431666666666667	0.5598333333333334	0.5869833333333334	0.48410000000000003	0.5934333333333334	0.5419833333333334	0.48733333333333334	0.6047833333333333	0.5579166666666667	0.5221666666666667	0.5555333333333333	0.5904833333333334	0.5913833333333334	0.5724333333333333	0.5412333333333333	0.6106166666666667	0.5753666666666667	0.5186166666666667	0.5355333333333333	0.5633666666666667	0.5137333333333334	0.4326666666666667	0.6805	0.5475166666666667	0.5454833333333333	0.5667	0.5134666666666667	0.4650166666666667	0.5014833333333334	0.56275	0.46208333333333335	0.5640833333333334	0.5901500000000001	0.5569333333333334
0.5456	0.6044833333333334	0.5437000000000001	0.6334166666666667	0.5384166666666667	0.5950500000000001	0.58085	0.5149833333333333	0.45255	0.46518333333333334	0.5676833333333333	0.5822666666666667	0.5251333333333333	0.5655166666666667	0.43360000000000004	0.5050166666666667	0.5738833333333334	0.5910000000000001	0.5383166666666667	0.5635166666666667	0.5513833333333333	0.53735	0.5594833333333333	0.5082	0.5216833333333334	0.51595	0.509	0.4880166666666667	0.5830000000000001	0.48265	0.5563833333333333	0.5932333333333334	0.48283333333333334	0.5854833333333334	0.5074833333333334	0.5054833333333334	0.5234	0.47013333333333335	0.37588333333333335	0.48568333333333336	0.39458333333333334	0.4864666666666667	0.4584166666666667	0.36783333333333335	0.36291666666666667	0.4126666666666667	0.38185	0.3345	0.30518333333333336	0.24595	0.30915000000000004	0.3183666666666667	0.32555	0.3347833333333333	0.3443833333333334	0.3706666666666667	0.4012	0.43870000000000003	0.4186166666666667	0.45716666666666667	0.4357666666666667	0.5904	0.4834666666666667	0.49193333333333333	0.5335	0.5141666666666667	0.6467166666666667	0.4970666666666667	0.5693833333333334	0.5270166666666667	0.4974	0.5312333333333333	0.48925	0.5031333333333333	0.4797666666666667	0.46798333333333336	0.5874833333333334	0.5002	0.6095333333333334	0.5851833333333334	0.5545166666666667	0.5498333333333334	0.6590333333333334	0.6523333333333333	0.49846666666666667	0.5535166666666667	0.5027166666666667	0.5681333333333334	0.5038	0.5257666666666667	0.49838333333333334	0.5074500000000001	0.52905	0.4703666666666667	0.6013333333333334	0.5732166666666667	0.4649666666666667	0.52375	0.42085	0.5079333333333333
0.5668500000000001	0.5553666666666667	0.48131666666666667	0.6468833333333334	0.5011	0.5469	0.5540166666666667	0.5156333333333334	0.5680000000000001	0.5130166666666667	0.4620166666666667	0.5347166666666667	0.5509333333333334	0.44453333333333334	0.5389166666666667	0.5324833333333333	0.5316166666666667	0.46421666666666667	0.47490000000000004	0.5723666666666667	0.5802333333333334	0.5213	0.4700166666666667	0.4783	0.5255666666666667	0.5999666666666666	0.5263166666666667	0.5396666666666667	0.42410000000000003	0.5471833333333334	0.49818333333333337	0.5215666666666667	0.46525	0.5305666666666667	0.5189333333333334	0.5088	0.42863333333333337	0.48738333333333334	0.48578333333333334	0.41308333333333336	0.4273	0.45830000000000004	0.44938333333333336	0.37160000000000004	0.38220000000000004	0.3499333333333334	0.31398333333333334	0.34343333333333337	0.34813333333333335	0.37668333333333337	0.27918333333333334	0.31388333333333335	0.32705	0.3003166666666667	0.33795000000000003	0.39166666666666666	0.3997833333333334	0.4604666666666667	0.4802666666666667	0.4114166666666667	0.4206666666666667	0.4933166666666667	0.5095833333333334	0.4734666666666667	0.4945333333333334	0.46830000000000005	0.42200000000000004	0.4831166666666667	0.5235666666666667	0.5297666666666667	0.4930166666666667	0.4616166666666667	0.51665	0.5649500000000001	0.5064166666666667	0.6461	0.5473833333333333	0.5202833333333333	0.49696666666666667	0.59175	0.5892666666666667	0.4481	0.4350666666666667	0.5622166666666667	0.5658333333333334	0.5407000000000001	0.44985	0.5129333333333334	0.5848166666666667	0.5530666666666667	0.5293	0.5840000000000001	0.49541666666666667	0.50375	0.46288333333333337	0.5551833333333334	0.5110166666666667	0.5425666666666666	0.6088166666666667	0.5134666666666667
0.5480333333333334	0.62695	0.45633333333333337	0.54715	0.5111166666666667	0.5930833333333334	0.5478333333333334	0.51785	0.5229666666666667	0.4924833333333334	0.44811666666666666	0.4723	0.46553333333333335	0.5732166666666667	0.49778333333333336	0.4338	0.42468333333333336	0.5195833333333334	0.5024833333333334	0.513	0.5888333333333333	0.4732	0.5720166666666667	0.4797666666666667	0.5114166666666667	0.4491833333333334	0.58115	0.5478833333333334	0.5011666666666666	0.5455333333333333	0.45288333333333336	0.5173166666666666	0.5354	0.5577333333333334	0.5971500000000001	0.5576666666666666	0.4588666666666667	0.6059666666666667	0.4842	0.5235500000000001	0.42065	0.5070166666666667	0.4291166666666667	0.33255	0.4164166666666667	0.34848333333333337	0.34686666666666666	0.3651666666666667	0.34268333333333334	0.34558333333333335	0.36633333333333334	0.3245166666666667	0.3434666666666667	0.34003333333333335	0.38828333333333337	0.47905000000000003	0.31470000000000004	0.43133333333333335	0.40631666666666666	0.47575	0.4050666666666667	0.4554666666666667	0.48140000000000005	0.5189333333333334	0.5139333333333334	0.4637833333333334	0.47278333333333333	0.49493333333333334	0.44698333333333334	0.5522333333333334	0.5807333333333333	0.48318333333333335	0.4872	0.4844833333333334	0.48743333333333333	0.5598000000000001	0.5292166666666667	0.5075500000000001	0.4710666666666667	0.5476333333333333	0.49395	0.5874166666666667	0.5072	0.49748333333333333	0.5498833333333334	0.51935	0.5765666666666667	0.48693333333333333	0.5101833333333333	0.54525	0.5264333333333333	0.5635833333333333	0.49543333333333334	0.5211833333333333	0.6532666666666667	0.39125000000000004	0.6546333333333334	0.5592833333333334	0.5693333333333334	0.5693333333333334
0.5848	0.5033333333333334	0.5233833333333333	0.47526666666666667	0.5346000000000001	0.5918333333333333	0.5943	0.44603333333333334	0.4909833333333334	0.5445333333333333	0.57225	0.6164833333333334	0.5633166666666667	0.4431666666666667	0.5442833333333333	0.5286833333333334	0.5127	0.5114833333333334	0.5212166666666667	0.5155500000000001	0.4311166666666667	0.48588333333333333	0.5415166666666666	0.6197166666666667	0.4988666666666667	0.48585	0.5133	0.5920666666666667	0.6655166666666666	0.5277666666666667	0.4546	0.46293333333333336	0.5732333333333334	0.5409	0.4574666666666667	0.5230333333333334	0.46316666666666667	0.42465	0.5006333333333334	0.4181166666666667	0.5867166666666667	0.37633333333333335	0.44656666666666667	0.4190166666666667	0.3917166666666667	0.36215	0.3605333333333334	0.3104	0.3177166666666667	0.31506666666666666	0.33116666666666666	0.3156333333333333	0.3113666666666667	0.37961666666666666	0.3772166666666667	0.45933333333333337	0.3642166666666667	0.4668166666666667	0.5516	0.5449833333333334	0.42163333333333336	0.5157333333333334	0.4478166666666667	0.61705	0.5633333333333334	0.5456500000000001	0.4980333333333334	0.4945833333333334	0.5341833333333333	0.5691166666666667	0.5765166666666667	0.4507333333333334	0.5070333333333333	0.4591166666666667	0.47545000000000004	0.3852666666666667	0.4464666666666667	0.48185	0.5259166666666667	0.5453	0.5890833333333334	0.4906166666666667	0.5606166666666667	0.4972666666666667	0.5194166666666666	0.5137666666666667	0.5421166666666667	0.5145333333333334	0.43995	0.5339333333333334	0.5125333333333334	0.62585	0.5096	0.5072333333333333	0.43063333333333337	0.45535000000000003	0.5740500000000001	0.5154166666666667	0.496	0.48063333333333336
0.5651666666666667	0.5194833333333334	0.5266500000000001	0.56765	0.5773333333333334	0.5101666666666667	0.6435166666666667	0.4811	0.5766833333333333	0.4635	0.6007666666666667	0.4824666666666667	0.5494333333333333	0.49183333333333334	0.5030833333333333	0.5538500000000001	0.5073666666666667	0.48503333333333337	0.5071666666666667	0.5453833333333333	0.6052500000000001	0.5908666666666667	0.5225166666666667	0.5673666666666667	0.5766	0.5715333333333333	0.5192333333333333	0.4544666666666667	0.4908166666666667	0.48583333333333334	0.6383333333333334	0.42823333333333335	0.45865	0.5773166666666667	0.5300333333333334	0.47131666666666666	0.4405	0.46165	0.4758	0.5038666666666667	0.41608333333333336	0.3894666666666667	0.43513333333333337	0.42518333333333336	0.3808166666666667	0.3985166666666667	0.35100000000000003	0.3705	0.28118333333333334	0.34253333333333336	0.2906166666666667	0.35615	0.33795000000000003	0.3510166666666667	0.4227	0.3987833333333334	0.4424666666666667	0.4754166666666667	0.42463333333333336	0.47615	0.4130666666666667	0.5773	0.5033500000000001	0.44725000000000004	0.49673333333333336	0.5529833333333334	0.4696	0.46630000000000005	0.5291166666666667	0.53755	0.57445	0.49043333333333333	0.6255000000000001	0.40540000000000004	0.5064833333333334	0.5406666666666667	0.4724166666666667	0.5078166666666667	0.5853833333333334	0.5474	0.5180666666666667	0.5621166666666667	0.4716	0.5529333333333334	0.48491666666666666	0.45420000000000005	0.45483333333333337	0.5730166666666667	0.5224833333333334	0.5232666666666667	0.4429666666666667	0.5013333333333334	0.5290833333333333	0.5747833333333333	0.5226833333333334	0.5321833333333333	0.5006166666666667	0.5045833333333334	0.5718500000000001	0.56475
0.47173333333333334	0.5063166666666666	0.47683333333333333	0.45968333333333333	0.5198166666666667	0.5054500000000001	0.5358	0.6037166666666667	0.5155166666666667	0.43735	0.54185	0.41253333333333336	0.5009666666666667	0.45913333333333334	0.5663833333333333	0.5092833333333333	0.5599500000000001	0.5245000000000001	0.5515	0.5616	0.5577	0.52025	0.4555666666666667	0.6014333333333334	0.4681	0.4810666666666667	0.6092833333333334	0.55365	0.4991166666666667	0.5237333333333334	0.5445833333333333	0.5477500000000001	0.4814333333333334	0.6234000000000001	0.4739166666666667	0.5246500000000001	0.5383166666666667	0.39553333333333335	0.4405833333333333	0.44533333333333336	0.4131	0.42935	0.40505	0.5320666666666667	0.4194	0.3814	0.38455	0.3675666666666667	0.36168333333333336	0.3581166666666667	0.3937666666666667	0.37953333333333333	0.325	0.3982666666666667	0.3151333333333333	0.3696166666666667	0.3832166666666667	0.4544666666666667	0.4875166666666667	0.40343333333333337	0.4005166666666667	0.5155666666666667	0.50025	0.49738333333333334	0.5044166666666667	0.5788833333333334	0.4702	0.5607333333333333	0.49008333333333337	0.47955000000000003	0.4969166666666667	0.5609500000000001	0.49978333333333336	0.5831000000000001	0.4033	0.4716166666666667	0.42965000000000003	0.4454666666666667	0.5292166666666667	0.5891000000000001	0.5029666666666667	0.6311666666666667	0.56725	0.5871833333333334	0.48975	0.5703166666666667	0.6095666666666667	0.5289166666666667	0.4853166666666667	0.46208333333333335	0.48988333333333334	0.5541333333333334	0.5185500000000001	0.5001	0.58325	0.6091833333333334	0.5579666666666667	0.47750000000000004	0.49068333333333336	0.47076666666666667
0.6083833333333334	0.6488	0.45915	0.48905000000000004	0.5757	0.5253833333333333	0.48638333333333333	0.39838333333333337	0.4795166666666667	0.5108	0.5690333333333334	0.5120333333333333	0.5851000000000001	0.43773333333333336	0.4921666666666667	0.40995000000000004	0.51015	0.5358666666666667	0.5412166666666667	0.52715	0.5863666666666667	0.5148666666666667	0.59155	0.6004	0.6067333333333333	0.5982166666666667	0.47783333333333333	0.5326333333333334	0.4819833333333334	0.5103333333333333	0.4523666666666667	0.5405166666666666	0.52895	0.42528333333333335	0.4980666666666667	0.5067666666666667	0.5372333333333333	0.41218333333333335	0.5762666666666667	0.48078333333333334	0.48040000000000005	0.3837666666666667	0.44638333333333335	0.4814166666666667	0.32678333333333337	0.4531833333333334	0.41448333333333337	0.37095	0.3005333333333334	0.32580000000000003	0.36558333333333337	0.3132166666666667	0.37443333333333334	0.33371666666666666	0.32918333333333333	0.39203333333333334	0.4378666666666667	0.35836666666666667	0.4466666666666667	0.50425	0.4761	0.51675	0.5305333333333334	0.5772166666666667	0.6158	0.4529666666666667	0.40355	0.5274	0.5524	0.5903833333333334	0.5406166666666667	0.5568833333333334	0.4945833333333334	0.5025333333333334	0.5382333333333333	0.4718666666666667	0.5381333333333334	0.5265166666666667	0.5624833333333333	0.49223333333333336	0.6035	0.4456333333333334	0.6474000000000001	0.4991166666666667	0.5296166666666667	0.5162666666666667	0.5795666666666667	0.5235333333333334	0.6473833333333333	0.5308666666666667	0.513	0.6058833333333333	0.5435666666666666	0.5117	0.5262166666666667	0.6349	0.5782666666666667	0.5534333333333333	0.5293166666666667	0.5084666666666667
0.5444	0.5614833333333333	0.6020833333333334	0.3856833333333334	0.5208333333333334	0.5675	0.5558333333333334	0.5664333333333333	0.4640666666666667	0.48886666666666667	0.5335833333333334	0.59145	0.52285	0.5148166666666667	0.5764666666666667	0.55325	0.502	0.47728333333333334	0.4860333333333334	0.4748666666666667	0.40390000000000004	0.54835	0.5209833333333334	0.5929666666666666	0.5647166666666666	0.45616666666666666	0.5235666666666667	0.57225	0.4107166666666667	0.60655	0.46795000000000003	0.47535000000000005	0.5986666666666667	0.5989166666666667	0.5388000000000001	0.49246666666666666	0.46073333333333333	0.5688833333333334	0.5225333333333334	0.4390833333333334	0.4216166666666667	0.44260000000000005	0.43446666666666667	0.3923166666666667	0.40453333333333336	0.33383333333333337	0.44538333333333335	0.3562	0.40485000000000004	0.3239166666666667	0.40950000000000003	0.39055	0.3942833333333334	0.47028333333333333	0.41953333333333337	0.4325666666666667	0.45515	0.4030666666666667	0.47273333333333334	0.5255166666666667	0.5442166666666667	0.49038333333333334	0.4316166666666667	0.4627666666666667	0.5978666666666667	0.53605	0.5296500000000001	0.5866833333333333	0.51	0.5075666666666667	0.43993333333333334	0.5762166666666667	0.5388333333333334	0.4529166666666667	0.5085833333333334	0.4567166666666667	0.4968	0.5029166666666667	0.6424333333333334	0.4705166666666667	0.52445	0.48585	0.5776166666666667	0.4955166666666667	0.49815000000000004	0.5365333333333333	0.5787166666666667	0.5187166666666667	0.4943666666666667	0.5147	0.44648333333333334	0.5533833333333333	0.4633333333333334	0.46926666666666667	0.6228833333333333	0.6154166666666667	0.5101166666666667	0.60135	0.6248833333333333	0.5167333333333334
0.48978333333333335	0.5505	0.5898333333333333	0.49873333333333336	0.4673666666666667	0.39185000000000003	0.4637666666666667	0.4699166666666667	0.5305333333333334	0.6043666666666667	0.5556666666666666	0.47800000000000004	0.4715166666666667	0.4775666666666667	0.5684833333333333	0.42996666666666666	0.552	0.4882166666666667	0.5142666666666666	0.5694833333333333	0.44203333333333333	0.5528333333333334	0.49425	0.434	0.48515	0.5081666666666667	0.5076666666666667	0.49343333333333333	0.5476	0.5656833333333333	0.5330166666666667	0.5810833333333334	0.5331	0.5234	0.48140000000000005	0.5319	0.4966166666666667	0.5946	0.48015	0.4117	0.44693333333333335	0.38605	0.40685000000000004	0.47868333333333335	0.44523333333333337	0.45035000000000003	0.3292333333333333	0.41613333333333336	0.34813333333333335	0.45566666666666666	0.35760000000000003	0.3629833333333333	0.40755	0.44220000000000004	0.34936666666666666	0.33618333333333333	0.5202	0.3766	0.45516666666666666	0.4772666666666667	0.4799833333333334	0.48238333333333333	0.4940333333333334	0.5616666666666666	0.5776166666666667	0.4586	0.55335	0.6066833333333334	0.55315	0.47678333333333334	0.5136666666666667	0.47685	0.4811166666666667	0.4568666666666667	0.50015	0.5267833333333334	0.5145000000000001	0.6660166666666667	0.47931666666666667	0.57865	0.5834333333333334	0.6128833333333333	0.4967166666666667	0.5075333333333334	0.5053166666666666	0.5074833333333334	0.53685	0.4554666666666667	0.4667833333333334	0.4961166666666667	0.5739166666666667	0.5135333333333334	0.6349166666666667	0.5385166666666666	0.5021166666666667	0.46303333333333335	0.5209333333333334	0.45530000000000004	0.5403666666666667	0.5557
0.5468166666666667	0.5342833333333333	0.5388666666666667	0.5383166666666667	0.49183333333333334	0.53595	0.5456833333333334	0.4891666666666667	0.6227833333333334	0.5060333333333333	0.48908333333333337	0.57425	0.5534666666666667	0.6304500000000001	0.4648666666666667	0.43325	0.5987333333333333	0.5035000000000001	0.6547000000000001	0.5660166666666667	0.4919	0.5094500000000001	0.4744666666666667	0.5888833333333333	0.5795	0.59235	0.43770000000000003	0.49238333333333334	0.5352166666666667	0.4529	0.5753166666666667	0.5878833333333333	0.50105	0.4178	0.5100333333333333	0.4089666666666667	0.47595000000000004	0.5305	0.4504	0.4657833333333334	0.42750000000000005	0.3988666666666667	0.43283333333333335	0.4330333333333334	0.42733333333333334	0.42755000000000004	0.44451666666666667	0.3637166666666667	0.3456666666666667	0.43623333333333336	0.40225	0.373	0.3867666666666667	0.36838333333333334	0.4121	0.41975	0.4842	0.4551	0.43320000000000003	0.44685	0.39463333333333334	0.5171333333333333	0.5016333333333334	0.525	0.5070166666666667	0.5261333333333333	0.5581	0.5077666666666667	0.4610666666666667	0.51	0.5656833333333333	0.5029833333333333	0.4831666666666667	0.50405	0.47095000000000004	0.49193333333333333	0.6010500000000001	0.5386666666666667	0.60235	0.5182166666666667	0.5356833333333334	0.5299833333333334	0.5215500000000001	0.5045833333333334	0.5678833333333334	0.5243166666666667	0.5277000000000001	0.5672166666666667	0.5534833333333333	0.5771166666666667	0.5709333333333334	0.41018333333333334	0.5222333333333333	0.5665333333333333	0.5412833333333333	0.42938333333333334	0.45793333333333336	0.5785	0.45835000000000004	0.5047
0.48258333333333336	0.5539000000000001	0.52185	0.45253333333333334	0.5220833333333333	0.4849	0.4879666666666667	0.5059	0.5002	0.56635	0.6362833333333333	0.5424	0.48873333333333335	0.6099333333333333	0.55835	0.5608833333333334	0.5187666666666667	0.41200000000000003	0.51	0.5298666666666667	0.5433333333333333	0.45995	0.4844833333333334	0.5452166666666667	0.5165000000000001	0.47050000000000003	0.5342666666666667	0.48228333333333334	0.44355	0.5247666666666667	0.6208833333333333	0.42053333333333337	0.5262333333333333	0.53905	0.4889	0.50965	0.42885	0.4899833333333334	0.46973333333333334	0.44993333333333335	0.47178333333333333	0.45845	0.4487333333333334	0.46018333333333333	0.4419666666666667	0.5063333333333334	0.41636666666666666	0.44553333333333334	0.46521666666666667	0.4303666666666667	0.42518333333333336	0.3997833333333334	0.4189666666666667	0.5168	0.40343333333333337	0.4647833333333334	0.4949	0.47585	0.4835666666666667	0.3912	0.4849833333333334	0.4711	0.5143333333333333	0.46968333333333334	0.47478333333333333	0.4977666666666667	0.44603333333333334	0.46685000000000004	0.45185000000000003	0.4633666666666667	0.4489	0.4405833333333333	0.49615000000000004	0.54045	0.4778	0.5382666666666667	0.49901666666666666	0.48710000000000003	0.49678333333333335	0.44561666666666666	0.5386166666666667	0.5190666666666667	0.51485	0.5852833333333334	0.5628666666666667	0.5271	0.58665	0.5770333333333334	0.5368833333333334	0.48323333333333335	0.6558833333333334	0.4403	0.56815	0.5174333333333334	0.4432666666666667	0.4435	0.5843333333333334	0.6000500000000001	0.4701166666666667	0.5260333333333334
0.5101	0.36235	0.4996166666666667	0.6235166666666667	0.4886666666666667	0.60345	0.5210833333333333	0.6259666666666667	0.58575	0.4773666666666667	0.5199666666666667	0.3852166666666667	0.5062333333333333	0.48018333333333335	0.6412833333333333	0.50975	0.4486833333333334	0.5607333333333333	0.5605833333333333	0.6093333333333334	0.4341666666666667	0.5128666666666667	0.6107666666666667	0.5193	0.602	0.5216833333333334	0.4575166666666667	0.48073333333333335	0.5022	0.5622833333333334	0.6487666666666667	0.4424	0.4612833333333334	0.56915	0.48195000000000005	0.48023333333333335	0.5247166666666667	0.47633333333333333	0.5196500000000001	0.4660166666666667	0.4486	0.5199166666666667	0.44433333333333336	0.51805	0.38043333333333335	0.4315	0.39318333333333333	0.38970000000000005	0.6196166666666667	0.4729166666666667	0.40308333333333335	0.3978166666666667	0.42308333333333337	0.46580000000000005	0.43118333333333336	0.5058833333333334	0.5107666666666667	0.46926666666666667	0.52105	0.5107833333333334	0.38965	0.4189333333333334	0.4869833333333334	0.5478333333333334	0.41983333333333334	0.52695	0.49628333333333335	0.5041166666666667	0.4700666666666667	0.45853333333333335	0.39765	0.4533166666666667	0.3965	0.5084166666666667	0.5430166666666667	0.50885	0.5789666666666667	0.5990666666666667	0.59675	0.5139	0.47533333333333333	0.49455000000000005	0.47768333333333335	0.5648166666666667	0.5961833333333334	0.46075000000000005	0.49785	0.49275	0.5507166666666667	0.5686166666666667	0.5210833333333333	0.5453333333333333	0.5541833333333334	0.5019333333333333	0.48565	0.5506333333333333	0.41385	0.5937333333333333	0.5990333333333333	0.6100833333333333
0.5559333333333334	0.5009166666666667	0.50705	0.6154333333333334	0.6006166666666667	0.5108333333333334	0.5167333333333334	0.5294	0.49496666666666667	0.5386833333333334	0.5699166666666667	0.4984166666666667	0.49620000000000003	0.4567666666666667	0.47340000000000004	0.5251666666666667	0.4360833333333334	0.5136833333333334	0.5032833333333333	0.42238333333333333	0.4811	0.51705	0.46443333333333336	0.5371333333333334	0.44135	0.5851833333333334	0.53145	0.5177	0.4762166666666667	0.5386166666666667	0.5647833333333334	0.4894833333333334	0.4884	0.6174166666666667	0.4679666666666667	0.4999166666666667	0.47758333333333336	0.5380333333333334	0.34068333333333334	0.42863333333333337	0.41586666666666666	0.42505000000000004	0.43623333333333336	0.38483333333333336	0.44355	0.4889	0.377	0.5222	0.4078333333333333	0.33735000000000004	0.4433666666666667	0.38578333333333337	0.4817666666666667	0.3712166666666667	0.4796666666666667	0.5105833333333334	0.44728333333333337	0.35973333333333335	0.4508166666666667	0.4590666666666667	0.5504333333333333	0.4990666666666667	0.4874833333333334	0.5334333333333333	0.5484666666666667	0.4774666666666667	0.49073333333333335	0.5072	0.48815000000000003	0.5490166666666667	0.43513333333333337	0.44623333333333337	0.6132666666666667	0.4758666666666667	0.4848166666666667	0.48025	0.46308333333333335	0.5488666666666667	0.5249666666666667	0.5579833333333334	0.6083833333333334	0.6669166666666667	0.5738333333333333	0.5177	0.4970166666666667	0.5375333333333333	0.44278333333333336	0.4890666666666667	0.5468833333333334	0.4899833333333334	0.5659500000000001	0.5814166666666667	0.5846833333333333	0.47115	0.5834	0.6538333333333334	0.5716666666666667	0.5131333333333333	0.5392666666666667	0.47498333333333337
0.4973666666666667	0.46540000000000004	0.44720000000000004	0.4016	0.5037	0.49563333333333337	0.4983666666666667	0.5682666666666667	0.44580000000000003	0.5119833333333333	0.4576	0.5782833333333334	0.48253333333333337	0.48968333333333336	0.5756166666666667	0.5895	0.47628333333333334	0.5991666666666667	0.48181666666666667	0.5136166666666667	0.5904	0.4948166666666667	0.47475	0.51835	0.6045166666666667	0.46085000000000004	0.56765	0.5727833333333333	0.52305	0.4790666666666667	0.4315666666666667	0.5321333333333333	0.4846166666666667	0.5037333333333334	0.5804166666666667	0.4330666666666667	0.4084166666666667	0.41578333333333334	0.4961666666666667	0.5224833333333334	0.41228333333333333	0.4692	0.43363333333333337	0.3590166666666667	0.49898333333333333	0.3682166666666667	0.4116	0.3632666666666667	0.39285000000000003	0.3790833333333333	0.3138	0.36941666666666667	0.4829333333333334	0.40223333333333333	0.3826666666666667	0.4532333333333334	0.3695333333333333	0.5236333333333334	0.51175	0.4747	0.4191166666666667	0.4259833333333334	0.50825	0.5022666666666666	0.40205	0.6063500000000001	0.5814166666666667	0.40340000000000004	0.49255000000000004	0.4638666666666667	0.4403166666666667	0.46523333333333333	0.5263833333333333	0.58665	0.5067666666666667	0.49068333333333336	0.5690333333333334	0.5005833333333334	0.56455	0.5651	0.48936666666666667	0.56235	0.43945	0.5106	0.6533166666666667	0.55125	0.44025000000000003	0.57035	0.5306000000000001	0.4737166666666667	0.4287	0.51335	0.5235500000000001	0.5009833333333333	0.5190166666666667	0.53045	0.5611333333333334	0.5785166666666667	0.54235	0.4076
0.5741166666666667	0.5273833333333333	0.56845	0.5871666666666667	0.5854666666666667	0.5443	0.5378666666666667	0.4764166666666667	0.5725666666666667	0.57175	0.43755	0.5644166666666667	0.53785	0.44128333333333336	0.4849833333333334	0.5271333333333333	0.5043	0.5174	0.45880000000000004	0.5405	0.5723166666666667	0.444	0.5354833333333333	0.4394	0.4748833333333334	0.6098166666666667	0.4671	0.59665	0.3682	0.5307000000000001	0.5135333333333334	0.5506333333333333	0.5409166666666667	0.44308333333333333	0.5645166666666667	0.44275000000000003	0.56125	0.5223333333333333	0.49033333333333334	0.42908333333333337	0.3736666666666667	0.37115000000000004	0.38530000000000003	0.3866833333333334	0.3712666666666667	0.4289	0.338	0.32066666666666666	0.36123333333333335	0.3723	0.31808333333333333	0.4083333333333333	0.3673166666666667	0.42810000000000004	0.3566666666666667	0.383	0.4459	0.47840000000000005	0.44905	0.44863333333333333	0.48160000000000003	0.52005	0.49568333333333336	0.5398833333333334	0.43478333333333335	0.4621166666666667	0.47373333333333334	0.46085000000000004	0.5445333333333333	0.4225166666666667	0.4535	0.5896833333333333	0.6653166666666667	0.5480666666666667	0.4683333333333334	0.4760666666666667	0.48485	0.4346166666666667	0.4637666666666667	0.509	0.5311666666666667	0.6446500000000001	0.5184833333333334	0.5078666666666667	0.5721833333333334	0.3975666666666667	0.5097166666666667	0.6269833333333333	0.4841666666666667	0.43293333333333334	0.5769333333333334	0.5107833333333334	0.5167333333333334	0.45345	0.66035	0.52325	0.4841666666666667	0.44083333333333335	0.5080333333333333	0.5356833333333334
0.5578833333333334	0.4945833333333334	0.49918333333333337	0.4826166666666667	0.5423166666666667	0.5180166666666667	0.5643	0.5136000000000001	0.58115	0.5379	0.5968	0.5627333333333333	0.4847166666666667	0.5039166666666667	0.4508166666666667	0.5609166666666667	0.6005833333333334	0.53	0.5258	0.45598333333333335	0.5126333333333334	0.5136166666666667	0.4428	0.6073833333333334	0.5618666666666667	0.48038333333333333	0.5967833333333333	0.4205166666666667	0.4392166666666667	0.4844166666666667	0.41453333333333336	0.5216000000000001	0.5463833333333333	0.4769666666666667	0.5614666666666667	0.6466833333333334	0.48018333333333335	0.4098833333333334	0.45155	0.48525	0.3362833333333333	0.4376166666666667	0.38055	0.34776666666666667	0.31723333333333337	0.2643666666666667	0.39053333333333334	0.39243333333333336	0.3846	0.3246833333333333	0.2873	0.31665000000000004	0.3735	0.30408333333333337	0.36423333333333335	0.32643333333333335	0.45715	0.3574333333333333	0.3681166666666667	0.3945166666666667	0.4179166666666667	0.4294	0.47540000000000004	0.6093500000000001	0.5174500000000001	0.4819666666666667	0.5572833333333334	0.4678166666666667	0.4361333333333334	0.49705000000000005	0.4366166666666667	0.40115	0.5337333333333334	0.4501666666666667	0.49588333333333334	0.5304833333333333	0.44118333333333337	0.46623333333333333	0.6456000000000001	0.5694833333333333	0.60355	0.6199166666666667	0.58445	0.48058333333333336	0.5225666666666667	0.5376166666666667	0.54825	0.4592833333333334	0.5158833333333334	0.5121166666666667	0.5665833333333333	0.44673333333333337	0.5458666666666667	0.4749333333333334	0.5501	0.5542833333333334	0.5740166666666667	0.5867333333333333	0.5594333333333333	0.5049166666666667
0.5459166666666667	0.45666666666666667	0.6358666666666667	0.5333833333333333	0.5095666666666667	0.5723666666666667	0.5095000000000001	0.5567333333333334	0.6042166666666667	0.5994666666666667	0.5099333333333333	0.51475	0.58425	0.5626333333333333	0.4274	0.5691	0.49646666666666667	0.5185666666666667	0.54345	0.6141500000000001	0.5903666666666667	0.4290166666666667	0.5384333333333333	0.5070666666666667	0.45008333333333334	0.4828	0.49255000000000004	0.4622833333333334	0.5518833333333334	0.53515	0.5082666666666666	0.51075	0.52745	0.46613333333333334	0.55035	0.5209	0.539	0.40305	0.3648	0.46530000000000005	0.39621666666666666	0.4413666666666667	0.3682166666666667	0.42593333333333333	0.36263333333333336	0.46013333333333334	0.33663333333333334	0.4145666666666667	0.4166666666666667	0.35813333333333336	0.30193333333333333	0.3568	0.3062666666666667	0.28290000000000004	0.3545666666666667	0.40853333333333336	0.40755	0.43328333333333335	0.4607666666666667	0.40515	0.46180000000000004	0.44115000000000004	0.5789333333333334	0.4557833333333334	0.5075833333333334	0.46958333333333335	0.396	0.4796666666666667	0.48486666666666667	0.5391166666666667	0.5983333333333334	0.47418333333333335	0.5385	0.50825	0.4877666666666667	0.5593	0.5549000000000001	0.5538833333333334	0.4834833333333334	0.5555833333333333	0.4796	0.6115833333333334	0.49033333333333334	0.49755000000000005	0.4486666666666667	0.3844	0.48358333333333337	0.5120166666666667	0.6351333333333333	0.4849666666666667	0.42086666666666667	0.5354666666666666	0.42433333333333334	0.4614666666666667	0.5297666666666667	0.49263333333333337	0.5491833333333334	0.6470333333333333	0.5919166666666666	0.5489333333333334
0.5108	0.5994166666666667	0.5532	0.45513333333333333	0.5044500000000001	0.4552166666666667	0.4152	0.6305666666666667	0.5302	0.4912666666666667	0.49365000000000003	0.5131666666666667	0.49075	0.5328833333333334	0.5391166666666667	0.5085166666666667	0.5152333333333333	0.41715	0.6066166666666667	0.5386333333333334	0.5302166666666667	0.5805666666666667	0.49660000000000004	0.5388166666666667	0.4767166666666667	0.4967166666666667	0.50005	0.5646166666666667	0.44225000000000003	0.39718333333333333	0.50815	0.5269166666666667	0.5446666666666667	0.4351666666666667	0.4478166666666667	0.4171666666666667	0.5551666666666667	0.36515000000000003	0.41340000000000005	0.39238333333333336	0.37168333333333337	0.3736166666666667	0.32220000000000004	0.25420000000000004	0.3093	0.4093666666666667	0.27665	0.2672333333333333	0.2900166666666667	0.28253333333333336	0.21823333333333333	0.20976666666666668	0.2306	0.27558333333333335	0.3023666666666667	0.36848333333333333	0.31706666666666666	0.34405	0.38470000000000004	0.4049166666666667	0.4301666666666667	0.49478333333333335	0.47425	0.48738333333333334	0.42158333333333337	0.39815	0.4633333333333334	0.52825	0.4335833333333334	0.42785	0.4129666666666667	0.5263333333333333	0.5412333333333333	0.5616833333333333	0.5398000000000001	0.41181666666666666	0.5435	0.5457500000000001	0.57625	0.5365833333333334	0.5796333333333333	0.54135	0.5027333333333334	0.5240166666666667	0.5215000000000001	0.5491833333333334	0.52685	0.44323333333333337	0.47905000000000003	0.4557833333333334	0.5007	0.6215666666666667	0.49415000000000003	0.7160666666666667	0.5922666666666667	0.6475166666666667	0.5576	0.5009666666666667	0.4993166666666667	0.4588666666666667
0.5197	0.57485	0.5825833333333333	0.48541666666666666	0.552	0.5232833333333333	0.5248	0.6477666666666667	0.595	0.4525	0.58275	0.5288666666666667	0.6581	0.5598833333333334	0.4849666666666667	0.5275333333333334	0.58245	0.5496833333333334	0.5822	0.49705000000000005	0.49548333333333333	0.4678166666666667	0.5043166666666666	0.52535	0.4230166666666667	0.5477333333333334	0.47178333333333333	0.44451666666666667	0.5325500000000001	0.46015	0.4624166666666667	0.5758166666666666	0.4993	0.4757	0.5230666666666667	0.5672833333333334	0.4694666666666667	0.4872666666666667	0.4739333333333334	0.4200666666666667	0.3527	0.42038333333333333	0.38001666666666667	0.2939833333333334	0.2651833333333333	0.3056166666666667	0.21216666666666667	0.25638333333333335	0.28618333333333335	0.19191666666666668	0.19326666666666667	0.2639666666666667	0.21835000000000002	0.2876666666666667	0.3168166666666667	0.28276666666666667	0.2930666666666667	0.2756	0.38695	0.3130833333333333	0.40405	0.4157	0.48743333333333333	0.4182	0.48523333333333335	0.43083333333333335	0.5413666666666667	0.5679500000000001	0.5266833333333334	0.49583333333333335	0.41918333333333335	0.41365	0.4174333333333334	0.5789333333333334	0.5058666666666667	0.4982666666666667	0.5268666666666667	0.5490166666666667	0.53705	0.5275000000000001	0.6610833333333334	0.5933166666666667	0.5395333333333333	0.44020000000000004	0.42081666666666667	0.48805000000000004	0.5399166666666667	0.5143333333333333	0.5481833333333334	0.6128166666666667	0.4096666666666667	0.4665166666666667	0.46421666666666667	0.5382666666666667	0.4569166666666667	0.48636666666666667	0.5136666666666667	0.60745	0.6358	0.5453666666666667
0.5331833333333333	0.5236833333333334	0.5162333333333333	0.5906	0.4665666666666667	0.5791666666666667	0.5045833333333334	0.5751333333333334	0.5265000000000001	0.538	0.43155000000000004	0.46463333333333334	0.49241666666666667	0.5408833333333334	0.5094666666666667	0.44775000000000004	0.52625	0.5025666666666667	0.5058833333333334	0.53335	0.6242166666666666	0.57955	0.54545	0.4406166666666667	0.52875	0.47655000000000003	0.39555	0.53905	0.4585666666666667	0.4896166666666667	0.5307333333333334	0.45480000000000004	0.47653333333333336	0.44535	0.5387833333333334	0.4182666666666667	0.36795	0.4028333333333334	0.46053333333333335	0.42295	0.39718333333333333	0.35525	0.36563333333333337	0.3337	0.2548166666666667	0.25533333333333336	0.20813333333333334	0.19543333333333335	0.19596666666666668	0.19415000000000002	0.16986666666666667	0.17501666666666668	0.20635	0.22655	0.17513333333333334	0.24805000000000002	0.4014166666666667	0.3640666666666667	0.3267	0.4383	0.46295000000000003	0.38005	0.5754166666666667	0.4487333333333334	0.5550833333333334	0.4703666666666667	0.5181666666666667	0.5480166666666667	0.5233666666666666	0.5098166666666667	0.46445000000000003	0.5248833333333334	0.5371166666666667	0.5091166666666667	0.5112833333333333	0.5107	0.5525	0.5781833333333334	0.48238333333333333	0.5247833333333334	0.5812333333333334	0.5406500000000001	0.52925	0.5023666666666667	0.465	0.49828333333333336	0.5312333333333333	0.43418333333333337	0.5801333333333334	0.5567500000000001	0.4788833333333334	0.5147666666666667	0.5202	0.4144666666666667	0.5104666666666667	0.44793333333333335	0.5585	0.5083166666666666	0.4968	0.6014666666666667
0.52495	0.5065000000000001	0.58995	0.49901666666666666	0.59665	0.5097	0.5203666666666666	0.6213000000000001	0.5528666666666667	0.59995	0.5316666666666667	0.4984166666666667	0.47678333333333334	0.46598333333333336	0.44970000000000004	0.5410666666666667	0.47465	0.5673	0.5464166666666667	0.5634333333333333	0.62405	0.48410000000000003	0.5013333333333334	0.6002833333333334	0.49763333333333337	0.47575	0.5399666666666667	0.44808333333333333	0.4807666666666667	0.5865666666666667	0.4647	0.5103666666666667	0.4728833333333334	0.43905	0.44593333333333335	0.40373333333333333	0.4176666666666667	0.42538333333333334	0.46348333333333336	0.4426666666666667	0.3581166666666667	0.34148333333333336	0.35545000000000004	0.2869	0.20315	0.26826666666666665	0.16003333333333333	0.13588333333333333	0.12285	0.13198333333333334	0.19198333333333334	0.15893333333333334	0.26135	0.16918333333333335	0.26155	0.24746666666666667	0.22688333333333335	0.3729166666666667	0.3481666666666667	0.36273333333333335	0.37553333333333333	0.34413333333333335	0.39213333333333333	0.43143333333333334	0.5073833333333334	0.4610666666666667	0.4816166666666667	0.5041	0.45403333333333334	0.4722	0.5508333333333334	0.4639166666666667	0.5398000000000001	0.5616666666666666	0.47113333333333335	0.53395	0.48733333333333334	0.5257166666666667	0.5376333333333334	0.5567166666666667	0.5263666666666666	0.4854666666666667	0.5158666666666667	0.5312166666666667	0.5637333333333333	0.5470333333333334	0.4618166666666667	0.5606	0.5035333333333334	0.5799000000000001	0.5224	0.4858166666666667	0.5879500000000001	0.42313333333333336	0.56345	0.5391	0.44256666666666666	0.43195	0.5740500000000001	0.6347666666666667
0.51835	0.5214666666666667	0.5351166666666667	0.5083500000000001	0.5529333333333334	0.5511166666666667	0.54595	0.6055166666666667	0.5090333333333333	0.5618500000000001	0.5899666666666668	0.6583333333333333	0.63365	0.4681666666666667	0.5298166666666667	0.48223333333333335	0.4897	0.46063333333333334	0.5374166666666667	0.5481166666666667	0.4255666666666667	0.5770666666666667	0.46266666666666667	0.5258166666666667	0.5157666666666667	0.5509000000000001	0.4184	0.49623333333333336	0.5963166666666667	0.48923333333333335	0.5685166666666667	0.4522166666666667	0.4904833333333334	0.4647833333333334	0.4621166666666667	0.42100000000000004	0.4194333333333334	0.41978333333333334	0.3932	0.4002	0.3383	0.3123166666666667	0.29213333333333336	0.24043333333333333	0.15585000000000002	0.16511666666666666	0.11985000000000001	0.10945	0.09915	0.0621	0.12728333333333333	0.12183333333333334	0.11575	0.17980000000000002	0.18968333333333334	0.2577	0.20741666666666667	0.2559666666666667	0.3812166666666667	0.4354	0.37373333333333336	0.3306	0.45538333333333336	0.4817666666666667	0.44605	0.5135666666666667	0.4649166666666667	0.3924666666666667	0.49363333333333337	0.5046333333333334	0.5604666666666667	0.5059833333333333	0.48836666666666667	0.55235	0.5674333333333333	0.5410666666666667	0.42435	0.5525666666666667	0.4955333333333334	0.6076333333333334	0.50375	0.6462333333333333	0.497	0.45358333333333334	0.5410333333333334	0.4772666666666667	0.5049333333333333	0.4503666666666667	0.4495	0.5296500000000001	0.5125333333333334	0.51765	0.5757166666666667	0.6045166666666667	0.4685166666666667	0.5071	0.4731666666666667	0.4991333333333334	0.5453166666666667	0.5150666666666667
0.5748666666666667	0.5548500000000001	0.5458500000000001	0.5219166666666667	0.6052500000000001	0.5804	0.5216166666666667	0.47936666666666666	0.6605500000000001	0.4821166666666667	0.46576666666666666	0.5320666666666667	0.55645	0.4565	0.5280333333333334	0.5289	0.4852166666666667	0.5248833333333334	0.4907	0.48925	0.5279	0.4436333333333334	0.5010333333333333	0.6073666666666667	0.4126166666666667	0.46990000000000004	0.5263166666666667	0.5238666666666667	0.4421833333333334	0.6015833333333334	0.5754333333333334	0.47476666666666667	0.43888333333333335	0.3925	0.38730000000000003	0.49241666666666667	0.40176666666666666	0.3652	0.34253333333333336	0.3517166666666667	0.26663333333333333	0.2919	0.26116666666666666	0.23706666666666668	0.22211666666666668	0.14105	0.13623333333333335	0.0911	0.06926666666666667	0.04345	0.06815	0.09123333333333333	0.06325	0.12613333333333335	0.10658333333333334	0.24345	0.25728333333333336	0.24150000000000002	0.26798333333333335	0.32703333333333334	0.34725	0.37018333333333336	0.4775166666666667	0.37501666666666666	0.47253333333333336	0.5174500000000001	0.45875000000000005	0.5658500000000001	0.5176333333333334	0.39893333333333336	0.4899666666666667	0.4597333333333334	0.37756666666666666	0.5659000000000001	0.5588500000000001	0.5693	0.47275	0.4091666666666667	0.4487333333333334	0.4058666666666667	0.5358833333333334	0.45775000000000005	0.5731833333333334	0.51515	0.5184666666666667	0.49488333333333334	0.5305333333333334	0.4872166666666667	0.43455000000000005	0.5112166666666667	0.5235500000000001	0.58475	0.6347833333333334	0.5638333333333334	0.4457166666666667	0.5463	0.5630833333333334	0.5048333333333334	0.45675000000000004	0.5781833333333334
0.5706833333333333	0.5147666666666667	0.5403	0.5687666666666666	0.49878333333333336	0.5657	0.5831500000000001	0.49938333333333335	0.5511666666666667	0.49896666666666667	0.5317833333333334	0.5297000000000001	0.5030833333333333	0.5463	0.5614166666666667	0.5881500000000001	0.51	0.44228333333333336	0.47268333333333334	0.46513333333333334	0.51585	0.5549000000000001	0.5542	0.49845	0.49965000000000004	0.5675666666666667	0.45580000000000004	0.5140833333333333	0.439	0.54535	0.5315833333333334	0.4136166666666667	0.50775	0.44958333333333333	0.5413166666666667	0.5719333333333334	0.33716666666666667	0.3975166666666667	0.38145	0.3504666666666667	0.3380666666666667	0.3139	0.22375	0.14855000000000002	0.17443333333333333	0.1067	0.091	0.056016666666666666	0.06765	0.025	0.04435	0.038900000000000004	0.0742	0.06946666666666668	0.12606666666666666	0.25183333333333335	0.24503333333333335	0.26398333333333335	0.29295	0.3469166666666667	0.3375	0.38185	0.3918666666666667	0.4031666666666667	0.45493333333333336	0.5306833333333334	0.47465	0.55415	0.5174666666666667	0.4945333333333334	0.5355	0.5542833333333334	0.6068166666666667	0.54735	0.5554166666666667	0.5933333333333334	0.48050000000000004	0.5458166666666667	0.43653333333333333	0.44630000000000003	0.4925166666666667	0.56855	0.47818333333333335	0.5873	0.5091666666666667	0.4693	0.4845166666666667	0.5703	0.4435	0.5510833333333334	0.5341333333333333	0.45488333333333336	0.43046666666666666	0.5142666666666666	0.4794833333333334	0.5165000000000001	0.5900666666666667	0.52505	0.5877	0.5662333333333334
0.6272833333333334	0.5117666666666667	0.49285	0.6212833333333334	0.5817166666666667	0.44603333333333334	0.4734333333333334	0.5713166666666667	0.45608333333333334	0.5633333333333334	0.5104666666666667	0.37568333333333337	0.4664666666666667	0.5015000000000001	0.4842	0.5319166666666667	0.5558833333333334	0.5631	0.5643	0.4925833333333334	0.5464166666666667	0.45798333333333335	0.5206333333333334	0.4317666666666667	0.5109	0.5278666666666667	0.4864666666666667	0.57665	0.5756166666666667	0.4665166666666667	0.48503333333333337	0.5767333333333333	0.548	0.4371666666666667	0.4105166666666667	0.35913333333333336	0.3687166666666667	0.42228333333333334	0.38753333333333334	0.35333333333333333	0.34118333333333334	0.22541666666666668	0.1998	0.15738333333333335	0.17096666666666668	0.09073333333333333	0.061783333333333336	0.024200000000000003	0.026883333333333335	0.008483333333333334	0.0122	0.017233333333333333	0.0483	0.042083333333333334	0.12133333333333333	0.18561666666666668	0.1734	0.24473333333333336	0.30451666666666666	0.3642666666666667	0.32953333333333334	0.4036666666666667	0.42163333333333336	0.4140666666666667	0.45718333333333333	0.5022833333333333	0.4271666666666667	0.54045	0.44465000000000005	0.5841333333333334	0.47695000000000004	0.4241166666666667	0.5139333333333334	0.4619166666666667	0.50175	0.49213333333333337	0.48058333333333336	0.48213333333333336	0.5400166666666667	0.3977666666666667	0.5158	0.43368333333333337	0.4931166666666667	0.4746	0.44133333333333336	0.4543166666666667	0.47250000000000003	0.5147166666666667	0.5099166666666667	0.5145333333333334	0.5116	0.5849166666666666	0.6012000000000001	0.51765	0.47400000000000003	0.48925	0.5827833333333333	0.5615833333333333	0.5819500000000001	0.46588333333333337
0.63695	0.5120333333333333	0.5325	0.5631333333333334	0.5076166666666667	0.6094166666666667	0.5109166666666667	0.4928666666666667	0.6072166666666667	0.46803333333333336	0.4978	0.4983666666666667	0.4683166666666667	0.5116833333333334	0.5179666666666667	0.6312833333333334	0.5858666666666666	0.5486666666666667	0.43098333333333333	0.5786666666666667	0.5261833333333333	0.5365	0.5056	0.48260000000000003	0.4882	0.5103166666666666	0.65705	0.4597833333333334	0.4830666666666667	0.549	0.5604	0.5197666666666667	0.4999	0.5033333333333334	0.39895	0.40693333333333337	0.38298333333333334	0.39008333333333334	0.36841666666666667	0.40703333333333336	0.3460666666666667	0.2521333333333333	0.23298333333333335	0.15855	0.12563333333333335	0.0951	0.06755	0.04165	0.015000000000000001	0.00055	0.004733333333333333	0.003816666666666667	0.0516	0.05121666666666667	0.08573333333333334	0.1032	0.21421666666666667	0.24953333333333336	0.30213333333333336	0.36368333333333336	0.3723	0.3509166666666667	0.34226666666666666	0.5673166666666667	0.35398333333333337	0.3942666666666667	0.4667833333333334	0.46045	0.4570666666666667	0.49673333333333336	0.4794666666666667	0.3752666666666667	0.45080000000000003	0.42750000000000005	0.5950500000000001	0.5796	0.5013000000000001	0.5424833333333333	0.5120833333333333	0.4640666666666667	0.45808333333333334	0.6557333333333334	0.4755666666666667	0.4338166666666667	0.4893166666666667	0.5405833333333333	0.48018333333333335	0.5202666666666667	0.4230166666666667	0.5735833333333333	0.4776666666666667	0.5271166666666667	0.44306666666666666	0.4433	0.5451333333333334	0.49748333333333333	0.5014833333333334	0.524	0.5697666666666666	0.5592
0.48073333333333335	0.47781666666666667	0.5122833333333333	0.66105	0.5792666666666667	0.47858333333333336	0.4839333333333334	0.46298333333333336	0.53295	0.4655	0.48873333333333335	0.4942166666666667	0.5375666666666666	0.5113166666666666	0.56805	0.45790000000000003	0.6043166666666667	0.59755	0.47098333333333336	0.46545000000000003	0.49818333333333337	0.5316000000000001	0.5648666666666667	0.57445	0.5660666666666667	0.45480000000000004	0.5534666666666667	0.46776666666666666	0.4804333333333334	0.45608333333333334	0.44295	0.42900000000000005	0.43723333333333336	0.4171	0.47858333333333336	0.37548333333333334	0.38858333333333334	0.38483333333333336	0.3984666666666667	0.32106666666666667	0.3176833333333334	0.2806	0.23931666666666668	0.14745	0.15430000000000002	0.07185	0.06280000000000001	0.03381666666666667	0.00405	0.0030166666666666666	0.0028333333333333335	0.0089	0.03763333333333334	0.03896666666666667	0.07688333333333333	0.1719	0.1792	0.2539166666666667	0.2837166666666667	0.23731666666666668	0.35950000000000004	0.44168333333333337	0.38515	0.4567833333333334	0.45398333333333335	0.37088333333333334	0.47540000000000004	0.3492	0.5506333333333333	0.5671166666666667	0.47065	0.5557166666666667	0.4562333333333334	0.37818333333333337	0.3813166666666667	0.5292666666666667	0.52195	0.5043833333333334	0.5506333333333333	0.5185500000000001	0.5845833333333333	0.5705	0.6168666666666667	0.46348333333333336	0.5441333333333334	0.5476666666666667	0.5070666666666667	0.5015166666666667	0.47485000000000005	0.5072	0.59445	0.6635166666666666	0.48950000000000005	0.5502166666666667	0.49133333333333334	0.5327833333333334	0.5156833333333334	0.46398333333333336	0.45993333333333336	0.49475
0.6022833333333334	0.5731	0.5098333333333334	0.47075	0.5465833333333333	0.5190833333333333	0.4844166666666667	0.5165166666666667	0.4992666666666667	0.49745	0.6260833333333333	0.5807666666666667	0.5352	0.5820166666666667	0.5341833333333333	0.46955	0.4389	0.4240333333333334	0.44573333333333337	0.5566	0.60905	0.4854	0.5321833333333333	0.4507333333333334	0.45128333333333337	0.44511666666666666	0.5897166666666667	0.4426333333333334	0.49058333333333337	0.47178333333333333	0.5132833333333333	0.5266833333333334	0.38615	0.42815000000000003	0.4436833333333334	0.4718333333333334	0.4357666666666667	0.43498333333333333	0.3312	0.29141666666666666	0.3103666666666667	0.30101666666666665	0.25355	0.18231666666666668	0.14001666666666668	0.10085000000000001	0.08406666666666666	0.04925	0.034216666666666666	0.008666666666666666	0.021050000000000003	0.02086666666666667	0.04073333333333334	0.07233333333333333	0.11691666666666667	0.11215	0.1651	0.31083333333333335	0.22216666666666668	0.3453333333333333	0.33876666666666666	0.37093333333333334	0.48760000000000003	0.38301666666666667	0.4747	0.5747833333333333	0.4438166666666667	0.47765	0.4723666666666667	0.48900000000000005	0.45893333333333336	0.49413333333333337	0.4996166666666667	0.5195500000000001	0.5074333333333334	0.4191166666666667	0.5195500000000001	0.44865000000000005	0.5502	0.4930666666666667	0.5245000000000001	0.6169333333333333	0.5396666666666667	0.42150000000000004	0.4920166666666667	0.6093833333333334	0.5195333333333334	0.5090166666666667	0.5145833333333334	0.5824833333333334	0.45025000000000004	0.5084000000000001	0.6054333333333334	0.5958166666666667	0.63175	0.5430833333333334	0.6552333333333333	0.5033833333333334	0.4916166666666667	0.5758333333333333
0.4870333333333334	0.5435666666666666	0.4878	0.5109666666666667	0.44056666666666666	0.6193166666666667	0.45288333333333336	0.5462166666666667	0.6352333333333333	0.4960666666666667	0.5233833333333333	0.518	0.48628333333333335	0.6119166666666667	0.5443833333333333	0.46868333333333334	0.48190000000000005	0.5603833333333333	0.5928333333333333	0.5352166666666667	0.5396666666666667	0.5098833333333334	0.5145000000000001	0.45783333333333337	0.49778333333333336	0.45661666666666667	0.40523333333333333	0.4537333333333334	0.4367166666666667	0.5035166666666667	0.4249833333333334	0.44838333333333336	0.46416666666666667	0.4618333333333334	0.3922	0.47818333333333335	0.38323333333333337	0.4151	0.4425	0.4230666666666667	0.2941666666666667	0.3038	0.29886666666666667	0.19886666666666666	0.20325000000000001	0.10571666666666667	0.08863333333333334	0.07133333333333333	0.04318333333333334	0.03938333333333333	0.029033333333333335	0.0335	0.05118333333333334	0.06365	0.12025000000000001	0.1139	0.24373333333333336	0.34393333333333337	0.3283666666666667	0.2838	0.44470000000000004	0.39363333333333334	0.43623333333333336	0.43765000000000004	0.44870000000000004	0.38433333333333336	0.5182166666666667	0.4676666666666667	0.4839666666666667	0.5136666666666667	0.3682	0.53735	0.5149333333333334	0.41535	0.40963333333333335	0.5420833333333334	0.5782	0.48885	0.5699833333333334	0.6039833333333333	0.5887166666666667	0.5746833333333333	0.4033666666666667	0.5103833333333334	0.4930666666666667	0.47615	0.48468333333333335	0.5686	0.5874333333333334	0.5017666666666667	0.5058666666666667	0.6118833333333333	0.5331833333333333	0.5899333333333333	0.5683666666666667	0.49318333333333336	0.5223	0.5500666666666667	0.4072	0.45005
0.5626166666666667	0.5690166666666667	0.49496666666666667	0.5214	0.6718333333333334	0.5319166666666667	0.5605833333333333	0.6023833333333334	0.5583666666666667	0.5074500000000001	0.5414	0.6238166666666667	0.44861666666666666	0.5430833333333334	0.5157333333333334	0.5074500000000001	0.5548333333333334	0.4897666666666667	0.5564166666666667	0.6010500000000001	0.5134166666666667	0.5729666666666667	0.5472333333333333	0.5897166666666667	0.5174	0.5139333333333334	0.44756666666666667	0.44611666666666666	0.4036666666666667	0.5095333333333334	0.4507333333333334	0.5900166666666667	0.41013333333333335	0.4164	0.5209	0.47035000000000005	0.4055166666666667	0.33948333333333336	0.4300666666666667	0.3698666666666667	0.3033666666666667	0.2267	0.21373333333333333	0.20661666666666667	0.19836666666666666	0.16128333333333333	0.11583333333333334	0.07893333333333334	0.0574	0.06141666666666667	0.05551666666666667	0.062	0.038566666666666666	0.09658333333333334	0.18096666666666666	0.12211666666666668	0.2026	0.2866	0.29500000000000004	0.37215000000000004	0.38480000000000003	0.40293333333333337	0.3559666666666667	0.42213333333333336	0.4898666666666667	0.36345	0.48200000000000004	0.4968666666666667	0.44235	0.4788833333333334	0.5495333333333333	0.51865	0.5278833333333334	0.5432833333333333	0.5080666666666667	0.50175	0.45338333333333336	0.49435	0.5549666666666667	0.56105	0.4439666666666667	0.5559666666666667	0.39313333333333333	0.47275	0.4918	0.44298333333333334	0.6214000000000001	0.5832333333333334	0.48223333333333335	0.6204166666666667	0.5249666666666667	0.54105	0.4371166666666667	0.6334000000000001	0.5909	0.4918666666666667	0.42686666666666667	0.49515000000000003	0.48155000000000003	0.638
0.42405000000000004	0.5390333333333334	0.45515	0.5541833333333334	0.5823166666666667	0.5734166666666667	0.49883333333333335	0.6139666666666667	0.6958000000000001	0.4358166666666667	0.47965	0.44306666666666666	0.5108333333333334	0.4433	0.5810500000000001	0.54035	0.38038333333333335	0.5183166666666666	0.5504666666666667	0.4830666666666667	0.4452666666666667	0.4877166666666667	0.6018833333333333	0.4995833333333334	0.47818333333333335	0.47093333333333337	0.49460000000000004	0.48741666666666666	0.48858333333333337	0.49595	0.45195	0.56005	0.3922	0.4699666666666667	0.4972166666666667	0.3999166666666667	0.44943333333333335	0.39535000000000003	0.46571666666666667	0.38215000000000005	0.2812	0.3540166666666667	0.19870000000000002	0.18798333333333334	0.17511666666666667	0.21335	0.11248333333333334	0.11948333333333334	0.12298333333333333	0.08298333333333334	0.08631666666666667	0.1348	0.14571666666666666	0.13413333333333333	0.18463333333333334	0.16573333333333334	0.2516333333333333	0.298	0.28063333333333335	0.2983	0.3425666666666667	0.41028333333333333	0.45295	0.3737166666666667	0.4780666666666667	0.54605	0.5490666666666667	0.44315000000000004	0.4308666666666667	0.5073	0.5740500000000001	0.4588166666666667	0.47418333333333335	0.4179333333333334	0.4698166666666667	0.5067833333333334	0.5188166666666667	0.5286166666666667	0.5083333333333333	0.47405	0.5853333333333334	0.5262666666666667	0.5912333333333334	0.45455	0.4562833333333334	0.6225833333333334	0.5085333333333334	0.5182	0.5511166666666667	0.5257000000000001	0.5650833333333334	0.52295	0.5361833333333333	0.5796833333333333	0.46893333333333337	0.5292833333333333	0.45755	0.5382666666666667	0.5661	0.6324500000000001
0.5163833333333333	0.5979	0.6465666666666667	0.49373333333333336	0.57485	0.5200666666666667	0.4627666666666667	0.6320833333333333	0.47676666666666667	0.5093333333333333	0.6022666666666667	0.48743333333333333	0.5642666666666667	0.48055000000000003	0.42988333333333334	0.55315	0.5289833333333334	0.6270833333333333	0.4313666666666667	0.5448166666666667	0.42835	0.5153166666666666	0.56345	0.4404166666666667	0.4537333333333334	0.5998	0.5666833333333333	0.57485	0.4888	0.42145000000000005	0.5211833333333333	0.42095000000000005	0.5772666666666667	0.4606	0.5052833333333333	0.45818333333333333	0.4434	0.39766666666666667	0.3377833333333333	0.3739166666666667	0.34590000000000004	0.31528333333333336	0.34545000000000003	0.2464	0.21076666666666669	0.21281666666666668	0.18313333333333334	0.15176666666666666	0.15356666666666668	0.13051666666666667	0.17466666666666666	0.20913333333333334	0.17218333333333335	0.1378	0.19045	0.25	0.31648333333333334	0.27888333333333337	0.29515	0.36438333333333334	0.3685	0.41625	0.5228666666666667	0.48636666666666667	0.46755	0.4343666666666667	0.45056666666666667	0.6415833333333334	0.46725	0.5351666666666667	0.4689166666666667	0.5264333333333333	0.5247833333333334	0.49093333333333333	0.33726666666666666	0.5564666666666667	0.4913666666666667	0.4742166666666667	0.52815	0.5246333333333334	0.55205	0.42610000000000003	0.6239	0.5793333333333334	0.47105	0.6458	0.45808333333333334	0.5177666666666667	0.5346166666666667	0.6383166666666666	0.5245666666666667	0.5406000000000001	0.5590166666666667	0.4921166666666667	0.5403333333333333	0.5093666666666667	0.5515166666666667	0.45875000000000005	0.5487500000000001	0.49720000000000003
0.5303666666666667	0.7085166666666667	0.5465833333333333	0.4783	0.6194833333333334	0.5786833333333333	0.5271	0.5280833333333333	0.5697166666666666	0.5101	0.56675	0.49123333333333336	0.6120166666666667	0.6032500000000001	0.5584166666666667	0.49393333333333334	0.50215	0.6304333333333334	0.4968666666666667	0.6442666666666667	0.60395	0.45370000000000005	0.5335	0.48928333333333335	0.39998333333333336	0.5859	0.47290000000000004	0.55065	0.6224833333333334	0.45493333333333336	0.4591166666666667	0.4240333333333334	0.40245000000000003	0.4574166666666667	0.4901666666666667	0.42173333333333335	0.3846333333333333	0.4289	0.4953	0.3924	0.46990000000000004	0.3532166666666667	0.24558333333333335	0.25333333333333335	0.2603666666666667	0.22246666666666667	0.15933333333333335	0.19010000000000002	0.17206666666666667	0.20496666666666669	0.16381666666666667	0.19948333333333335	0.21288333333333334	0.22626666666666667	0.24453333333333335	0.19056666666666666	0.36515000000000003	0.3164	0.3875	0.40953333333333336	0.4408166666666667	0.3628	0.41785	0.43483333333333335	0.41548333333333337	0.4407666666666667	0.4863	0.5789833333333334	0.45818333333333333	0.5246500000000001	0.47465	0.4855333333333334	0.6075666666666667	0.6165166666666667	0.5328833333333334	0.4856666666666667	0.5326833333333334	0.5775333333333333	0.5274833333333333	0.6016666666666667	0.5810833333333334	0.546	0.5605833333333333	0.5388000000000001	0.43920000000000003	0.5084166666666667	0.4988666666666667	0.5425333333333333	0.5367833333333334	0.5397500000000001	0.5618000000000001	0.48418333333333335	0.5455	0.6187333333333334	0.5396166666666667	0.6199833333333333	0.4147166666666667	0.5245333333333334	0.49360000000000004	0.43310000000000004
0.5131666666666667	0.4683833333333334	0.5519166666666667	0.49946666666666667	0.4418166666666667	0.6012166666666667	0.5086666666666667	0.5218833333333334	0.43695	0.47715	0.6087666666666667	0.41375	0.6105333333333334	0.5663166666666667	0.4834166666666667	0.5289666666666667	0.45908333333333334	0.6139666666666667	0.5451333333333334	0.5427500000000001	0.5193333333333333	0.4822666666666667	0.5077	0.46830000000000005	0.5083666666666667	0.5274166666666666	0.45916666666666667	0.47463333333333335	0.42163333333333336	0.4638333333333334	0.45785000000000003	0.48163333333333336	0.5118166666666667	0.5555333333333333	0.5163	0.5443166666666667	0.4091	0.3717666666666667	0.44378333333333336	0.32105	0.4565166666666667	0.3907333333333334	0.3254666666666667	0.30228333333333335	0.3418	0.24098333333333335	0.20135	0.28878333333333334	0.22923333333333334	0.19796666666666668	0.20731666666666668	0.21518333333333334	0.3235	0.2834166666666667	0.25201666666666667	0.26803333333333335	0.38408333333333333	0.2683166666666667	0.32411666666666666	0.3781166666666667	0.4605666666666667	0.3935666666666667	0.36785	0.4794666666666667	0.40623333333333334	0.5100166666666667	0.4680666666666667	0.4824666666666667	0.4797666666666667	0.5185666666666667	0.6039666666666667	0.4804833333333334	0.4433	0.4779333333333334	0.46653333333333336	0.5301666666666667	0.52875	0.6223333333333334	0.5597333333333333	0.58275	0.48975	0.5464333333333333	0.44578333333333336	0.5124666666666667	0.4475166666666667	0.626	0.52385	0.6438166666666667	0.5585	0.49998333333333334	0.5051333333333333	0.5092	0.57785	0.48818333333333336	0.6112166666666667	0.54525	0.58045	0.5135166666666667	0.47731666666666667	0.5859
0.5279	0.50295	0.5588000000000001	0.4280333333333334	0.5561	0.5551666666666667	0.5034500000000001	0.5427333333333334	0.5119833333333333	0.4932666666666667	0.45525000000000004	0.5782166666666667	0.48423333333333335	0.5541166666666667	0.5061	0.4801	0.48385	0.4927	0.5004000000000001	0.48550000000000004	0.39261666666666667	0.5711333333333334	0.4694166666666667	0.4916666666666667	0.5288166666666667	0.55535	0.4979	0.46721666666666667	0.44623333333333337	0.47518333333333335	0.47625	0.49668333333333337	0.47008333333333335	0.5105833333333334	0.5947833333333333	0.4895333333333334	0.39055	0.5265000000000001	0.43170000000000003	0.52285	0.3873666666666667	0.34640000000000004	0.40180000000000005	0.34840000000000004	0.3649	0.27581666666666665	0.2631	0.38835000000000003	0.30105000000000004	0.2677	0.3525166666666667	0.26080000000000003	0.26575	0.30733333333333335	0.28098333333333336	0.32256666666666667	0.33775	0.4328	0.35241666666666666	0.36996666666666667	0.5501833333333334	0.41883333333333334	0.4938	0.44723333333333337	0.4917166666666667	0.4858166666666667	0.5080166666666667	0.5340166666666667	0.5827666666666667	0.5439333333333334	0.5046666666666667	0.51565	0.4918666666666667	0.56565	0.5817166666666667	0.49343333333333333	0.5898166666666667	0.5740166666666667	0.47463333333333335	0.5475333333333333	0.5628000000000001	0.5542333333333334	0.5332	0.47290000000000004	0.46263333333333334	0.5619333333333334	0.52405	0.7408166666666667	0.55495	0.5208166666666667	0.5550166666666667	0.5361333333333334	0.4659666666666667	0.5160333333333333	0.6182666666666667	0.5904666666666667	0.4763833333333334	0.4767	0.5391166666666667	0.44535
0.5180166666666667	0.4921166666666667	0.47845000000000004	0.49623333333333336	0.48500000000000004	0.5324666666666666	0.5222	0.46408333333333335	0.5023	0.5743	0.4998166666666667	0.5839666666666667	0.44293333333333335	0.45565	0.5270333333333334	0.5135333333333334	0.4058333333333334	0.5103333333333333	0.52725	0.4108666666666667	0.55545	0.5229666666666667	0.4698666666666667	0.5099166666666667	0.5850833333333334	0.45905	0.48150000000000004	0.4504666666666667	0.42773333333333335	0.4929833333333334	0.42005000000000003	0.4752	0.5027666666666667	0.4590166666666667	0.5299166666666667	0.5609500000000001	0.41858333333333336	0.45228333333333337	0.46995000000000003	0.39885000000000004	0.41286666666666666	0.4771	0.37170000000000003	0.43463333333333337	0.3511166666666667	0.28636666666666666	0.3126333333333334	0.22983333333333333	0.24653333333333335	0.23535	0.20848333333333335	0.2839666666666667	0.2513166666666667	0.33208333333333334	0.31178333333333336	0.31203333333333333	0.41485	0.37718333333333337	0.45370000000000005	0.40793333333333337	0.5006833333333334	0.3807166666666667	0.36186666666666667	0.3839666666666667	0.4989166666666667	0.45138333333333336	0.43778333333333336	0.5095333333333334	0.48228333333333334	0.5141833333333333	0.40358333333333335	0.6224833333333334	0.5467000000000001	0.46776666666666666	0.5264	0.5462	0.4961166666666667	0.5532833333333333	0.5376500000000001	0.45255	0.45803333333333335	0.5069	0.5522333333333334	0.5479666666666667	0.46038333333333337	0.48918333333333336	0.5981000000000001	0.48038333333333333	0.46358333333333335	0.4546	0.5334	0.49795	0.59845	0.5006833333333334	0.5268	0.4605	0.48395000000000005	0.59035	0.5911166666666667	0.5227666666666667
0.6575000000000001	0.5351	0.5014000000000001	0.5173166666666666	0.44848333333333334	0.4567666666666667	0.5057	0.5464166666666667	0.4893	0.49045	0.5064166666666667	0.47195000000000004	0.47163333333333335	0.5490333333333334	0.6382833333333333	0.5275333333333334	0.5827666666666667	0.4694166666666667	0.5374666666666666	0.5328666666666667	0.4478166666666667	0.4693666666666667	0.4918166666666667	0.5112166666666667	0.5011333333333333	0.5224666666666667	0.36933333333333335	0.55965	0.4680166666666667	0.4431666666666667	0.4829	0.4922	0.5220666666666667	0.5133166666666666	0.47973333333333334	0.45733333333333337	0.5629333333333334	0.5388000000000001	0.47158333333333335	0.53855	0.4132166666666667	0.37420000000000003	0.4501666666666667	0.4192666666666667	0.40165	0.40725	0.30996666666666667	0.383	0.33988333333333337	0.4150666666666667	0.31038333333333334	0.3614833333333333	0.32020000000000004	0.3359166666666667	0.4192	0.33776666666666666	0.4230166666666667	0.3859	0.3710833333333334	0.43785	0.4265333333333334	0.4335666666666667	0.42278333333333334	0.49596666666666667	0.5001166666666667	0.4641166666666667	0.5378333333333334	0.5063666666666667	0.5546833333333333	0.45503333333333335	0.46338333333333337	0.4588666666666667	0.5229666666666667	0.47303333333333336	0.52545	0.43733333333333335	0.46423333333333333	0.5785166666666667	0.59685	0.5637333333333333	0.4613333333333334	0.5145666666666667	0.4733333333333334	0.5653	0.4617	0.4683833333333334	0.4901166666666667	0.5549166666666667	0.48485	0.5673333333333334	0.6860333333333334	0.48208333333333336	0.48943333333333333	0.5855	0.45466666666666666	0.5454666666666667	0.5387166666666667	0.47345000000000004	0.4623333333333334	0.5545
0.48815000000000003	0.5184	0.5591833333333334	0.4498666666666667	0.49698333333333333	0.61855	0.5536833333333333	0.5138833333333334	0.4898166666666667	0.5271166666666667	0.5610333333333334	0.4630666666666667	0.5444833333333333	0.46575	0.47581666666666667	0.5817166666666667	0.5539000000000001	0.5509666666666667	0.6033166666666667	0.5436666666666667	0.4558166666666667	0.4793833333333334	0.6135166666666667	0.4767166666666667	0.5408333333333334	0.51715	0.4149333333333334	0.5428833333333334	0.5257666666666667	0.3885166666666667	0.5233	0.39553333333333335	0.5183	0.48545000000000005	0.44963333333333333	0.434	0.47845000000000004	0.4491833333333334	0.47786666666666666	0.40535000000000004	0.44338333333333335	0.5018	0.48036666666666666	0.3288166666666667	0.39813333333333334	0.33413333333333334	0.30338333333333334	0.36050000000000004	0.42078333333333334	0.40658333333333335	0.3911	0.33963333333333334	0.37593333333333334	0.45228333333333337	0.45498333333333335	0.4521	0.47045000000000003	0.40375	0.47021666666666667	0.4295333333333334	0.4986333333333334	0.4572833333333334	0.5378833333333334	0.43746666666666667	0.4634166666666667	0.43235	0.4699666666666667	0.4721666666666667	0.43075	0.5468666666666667	0.47478333333333333	0.6130666666666666	0.49173333333333336	0.54055	0.45208333333333334	0.58475	0.49833333333333335	0.56715	0.46640000000000004	0.5135166666666667	0.48915000000000003	0.6163666666666667	0.49191666666666667	0.6013333333333334	0.5397833333333334	0.538	0.4927666666666667	0.42493333333333333	0.4314	0.5026166666666667	0.59325	0.5119666666666667	0.5610333333333334	0.6304833333333334	0.5023666666666667	0.5603333333333333	0.5825166666666667	0.5219333333333334	0.5309166666666667	0.49068333333333336
0.4880666666666667	0.48008333333333336	0.5033500000000001	0.4854666666666667	0.4238166666666667	0.49205000000000004	0.4794166666666667	0.5625166666666667	0.4925166666666667	0.54105	0.5641333333333334	0.48573333333333335	0.499	0.52795	0.6203333333333334	0.43685	0.4895166666666667	0.5672333333333334	0.5717833333333333	0.49463333333333337	0.5346166666666667	0.5485833333333333	0.5326333333333334	0.4834333333333334	0.5063333333333334	0.4788	0.5247	0.46205	0.6043833333333334	0.38498333333333334	0.5397166666666667	0.6094	0.5682166666666667	0.5484166666666667	0.5468666666666667	0.5173833333333333	0.43075	0.42705000000000004	0.4809333333333334	0.5100833333333333	0.47886666666666666	0.42785	0.4401666666666667	0.4392666666666667	0.3782666666666667	0.47205	0.4350333333333333	0.42533333333333334	0.5178666666666667	0.40171666666666667	0.37155	0.43268333333333336	0.3969666666666667	0.3627666666666667	0.3794166666666667	0.318	0.47428333333333333	0.5015666666666667	0.4776666666666667	0.47223333333333334	0.5105166666666667	0.5040833333333333	0.46338333333333337	0.5176000000000001	0.5964666666666667	0.4906666666666667	0.5125500000000001	0.52235	0.47845000000000004	0.5219	0.44351666666666667	0.39383333333333337	0.41881666666666667	0.5176333333333334	0.5447000000000001	0.42923333333333336	0.5562	0.5054500000000001	0.47500000000000003	0.4734333333333334	0.47113333333333335	0.5063500000000001	0.4942166666666667	0.5154	0.5017166666666667	0.5071333333333333	0.5731833333333334	0.6032333333333334	0.5685666666666667	0.5205333333333334	0.5906333333333333	0.49283333333333335	0.48718333333333336	0.5470333333333334	0.52005	0.5452833333333333	0.5666666666666667	0.5286166666666667	0.4903	0.4313666666666667
0.55055	0.6030666666666668	0.5542666666666667	0.5961500000000001	0.5707333333333333	0.5427500000000001	0.5698166666666667	0.4526	0.5737833333333333	0.5098333333333334	0.5594833333333333	0.63	0.38728333333333337	0.5852166666666667	0.53505	0.57625	0.6008	0.5453833333333333	0.46995000000000003	0.4909833333333334	0.5417833333333334	0.622	0.48065	0.44156666666666666	0.4105666666666667	0.4839	0.60295	0.47193333333333337	0.5133666666666666	0.4580166666666667	0.5073833333333334	0.46353333333333335	0.49855000000000005	0.49848333333333333	0.47605000000000003	0.47048333333333336	0.4961166666666667	0.5007	0.6087333333333333	0.4865166666666667	0.4176166666666667	0.5596666666666666	0.45443333333333336	0.4097	0.5115833333333334	0.4113	0.35500000000000004	0.4780666666666667	0.3808666666666667	0.3792666666666667	0.43428333333333335	0.3415666666666667	0.34318333333333334	0.40303333333333335	0.35591666666666666	0.44528333333333336	0.5544	0.4562	0.44228333333333336	0.5585333333333333	0.4057	0.5203	0.5346333333333334	0.45790000000000003	0.3905166666666667	0.4774166666666667	0.5081	0.5359333333333334	0.5035000000000001	0.6491833333333333	0.5571166666666667	0.42083333333333334	0.4769333333333334	0.5168666666666667	0.5411833333333333	0.4890666666666667	0.5228666666666667	0.44958333333333333	0.5442666666666667	0.4984	0.5088333333333334	0.5278166666666667	0.5214	0.41308333333333336	0.6184666666666667	0.47225	0.5049166666666667	0.6213333333333334	0.5292	0.5153333333333333	0.5659333333333334	0.4678333333333334	0.5415666666666666	0.6027666666666667	0.4764666666666667	0.6046333333333334	0.4573666666666667	0.5594	0.59875	0.61645
0.5673833333333334	0.5273	0.5595333333333333	0.5485	0.6334000000000001	0.5446166666666666	0.46973333333333334	0.5421666666666667	0.41935	0.5067666666666667	0.49755000000000005	0.5625833333333333	0.5847833333333333	0.5799666666666667	0.4685	0.5604666666666667	0.5310333333333334	0.5415333333333333	0.4953166666666667	0.5815	0.5305166666666667	0.4495	0.5157833333333334	0.5855	0.4361333333333334	0.6211833333333333	0.5011833333333333	0.5945666666666667	0.5465833333333333	0.5376000000000001	0.5164333333333334	0.5274166666666666	0.44983333333333336	0.4793	0.5216166666666667	0.5761000000000001	0.5255500000000001	0.48958333333333337	0.3976166666666667	0.48808333333333337	0.5003166666666667	0.5442	0.38766666666666666	0.48245000000000005	0.5265500000000001	0.40290000000000004	0.40238333333333337	0.4674166666666667	0.4721166666666667	0.3516666666666667	0.45683333333333337	0.3623166666666667	0.36055000000000004	0.42360000000000003	0.41003333333333336	0.45618333333333333	0.4499666666666667	0.4161166666666667	0.5337666666666667	0.55555	0.4698666666666667	0.4524166666666667	0.4383	0.46573333333333333	0.4184666666666667	0.6421666666666667	0.4451833333333334	0.40726666666666667	0.52815	0.5906	0.46675	0.5151166666666667	0.4086166666666667	0.47428333333333333	0.42515000000000003	0.5662666666666667	0.4503666666666667	0.5067	0.49365000000000003	0.5739000000000001	0.5171666666666667	0.5221166666666667	0.5539333333333334	0.5022666666666666	0.4976166666666667	0.55605	0.4066	0.44728333333333337	0.4610666666666667	0.5226500000000001	0.54045	0.48813333333333336	0.4783833333333334	0.6296333333333334	0.5749333333333334	0.5094500000000001	0.47698333333333337	0.5124166666666667	0.5864833333333334	0.5060166666666667
0.5307000000000001	0.6111666666666667	0.5812166666666667	0.5367666666666667	0.5457500000000001	0.5739666666666667	0.4322166666666667	0.45215	0.46745000000000003	0.48673333333333335	0.5471	0.5344833333333333	0.5326833333333334	0.5744666666666667	0.5537833333333334	0.4538166666666667	0.47735	0.49193333333333333	0.6085833333333334	0.5269333333333334	0.5114500000000001	0.4893	0.55405	0.5251	0.5960166666666668	0.49043333333333333	0.47290000000000004	0.57525	0.48433333333333334	0.46493333333333337	0.5687833333333333	0.5436333333333334	0.5190833333333333	0.5411	0.5225000000000001	0.58245	0.59065	0.4479	0.5628833333333334	0.48658333333333337	0.49368333333333336	0.4950833333333334	0.5173166666666666	0.5106833333333334	0.4035166666666667	0.47431666666666666	0.43291666666666667	0.45135000000000003	0.39815	0.39365	0.4875666666666667	0.4036	0.5104666666666667	0.4487666666666667	0.4048	0.46885000000000004	0.4761666666666667	0.48486666666666667	0.4412666666666667	0.5126833333333334	0.5320666666666667	0.40205	0.49300000000000005	0.5945	0.4442166666666667	0.55625	0.5434	0.4875333333333334	0.5327666666666667	0.4693333333333334	0.5398333333333334	0.5484833333333333	0.44455	0.4802	0.4635	0.6305333333333334	0.44353333333333333	0.4648666666666667	0.49415000000000003	0.5286166666666667	0.5100833333333333	0.5210166666666667	0.5363333333333333	0.5395666666666666	0.5162833333333333	0.5973333333333334	0.5100666666666667	0.6021166666666667	0.45830000000000004	0.4952166666666667	0.49943333333333334	0.5308333333333334	0.5561	0.54805	0.45408333333333334	0.5689000000000001	0.6244833333333334	0.6250666666666667	0.5746	0.4832666666666667
0.5356166666666667	0.4920333333333334	0.39521666666666666	0.41815	0.46358333333333335	0.4965	0.4683166666666667	0.5418333333333334	0.45408333333333334	0.39538333333333336	0.49260000000000004	0.5185333333333334	0.43695	0.5309	0.5142666666666666	0.452	0.54255	0.45370000000000005	0.51485	0.5013000000000001	0.5448833333333334	0.5834833333333334	0.40030000000000004	0.5482333333333334	0.48715	0.5389	0.5793	0.48285	0.4737166666666667	0.5158666666666667	0.5228833333333334	0.56275	0.5629166666666667	0.39871666666666666	0.4629666666666667	0.5031666666666667	0.49848333333333333	0.5548500000000001	0.4829833333333334	0.6060166666666666	0.5531333333333334	0.48683333333333334	0.4716166666666667	0.45053333333333334	0.5384166666666667	0.3834	0.514	0.4837666666666667	0.51465	0.49043333333333333	0.48835	0.51195	0.4372666666666667	0.4720666666666667	0.5226000000000001	0.51595	0.47326666666666667	0.5712166666666667	0.54415	0.5119	0.4411166666666667	0.48181666666666667	0.45215	0.3970166666666667	0.6025333333333334	0.4742	0.44908333333333333	0.5261833333333333	0.42993333333333333	0.4032	0.47398333333333337	0.5448666666666667	0.5813833333333334	0.5865333333333334	0.44248333333333334	0.46171666666666666	0.5091	0.6011833333333334	0.6577166666666667	0.5291	0.6221333333333333	0.7252833333333334	0.5281166666666667	0.50485	0.4365666666666667	0.4961166666666667	0.4723333333333334	0.4316166666666667	0.5605	0.56375	0.5784666666666667	0.5272666666666667	0.5077833333333334	0.5867833333333333	0.5451	0.45093333333333335	0.47328333333333333	0.53215	0.6062333333333334	0.5678500000000001
0.5175833333333334	0.42988333333333334	0.5498833333333334	0.5330333333333334	0.53205	0.4837666666666667	0.5177666666666667	0.4437166666666667	0.46458333333333335	0.46213333333333334	0.6002500000000001	0.43296666666666667	0.5953833333333334	0.45205	0.5002166666666666	0.43478333333333335	0.5407333333333334	0.4153	0.5097666666666667	0.54255	0.46390000000000003	0.5533833333333333	0.43695	0.52675	0.497	0.44260000000000005	0.46488333333333337	0.59635	0.5901333333333334	0.47273333333333334	0.41868333333333335	0.4941166666666667	0.5173	0.4850666666666667	0.47531666666666667	0.42100000000000004	0.5594833333333333	0.47040000000000004	0.4155666666666667	0.4843166666666667	0.5328	0.49901666666666666	0.5035833333333334	0.5080166666666667	0.45705	0.40165	0.5294333333333333	0.43418333333333337	0.4431666666666667	0.4491666666666667	0.5439666666666667	0.46925	0.5239166666666667	0.5022333333333333	0.4759166666666667	0.42560000000000003	0.5086	0.44875000000000004	0.4542666666666667	0.5371333333333334	0.5268166666666667	0.3952833333333334	0.4253166666666667	0.4429166666666667	0.5203333333333333	0.5373166666666667	0.5057333333333334	0.5109	0.42313333333333336	0.44728333333333337	0.4864333333333334	0.4925333333333334	0.6228833333333333	0.5104166666666667	0.5492833333333333	0.4686166666666667	0.49183333333333334	0.6026833333333333	0.5039	0.5571333333333334	0.5852	0.524	0.5603833333333333	0.5583166666666667	0.6320166666666667	0.5293166666666667	0.48335	0.496	0.47218333333333334	0.5813666666666667	0.5154166666666667	0.48636666666666667	0.5712333333333334	0.56445	0.55245	0.45128333333333337	0.5825166666666667	0.6161666666666668	0.5558833333333334	0.46145
0.5513166666666667	0.51595	0.6047	0.5682333333333334	0.5211333333333333	0.5199333333333334	0.5629833333333334	0.4982666666666667	0.5186666666666667	0.5098666666666667	0.5316166666666667	0.4709166666666667	0.5888333333333333	0.5287333333333334	0.49118333333333336	0.54595	0.6220666666666667	0.5218833333333334	0.66115	0.4713333333333334	0.5535666666666667	0.4899666666666667	0.5716666666666667	0.5797833333333333	0.42191666666666666	0.5341833333333333	0.5007333333333334	0.46085000000000004	0.5242666666666667	0.5092166666666667	0.4469666666666667	0.5563833333333333	0.5067166666666667	0.6196666666666667	0.46538333333333337	0.6073000000000001	0.4783	0.4728833333333334	0.3841333333333333	0.46985000000000005	0.4755166666666667	0.46638333333333337	0.5258166666666667	0.5049333333333333	0.5476	0.5357333333333334	0.5569166666666667	0.49685	0.4538166666666667	0.4508666666666667	0.4417666666666667	0.5007333333333334	0.517	0.5744	0.47648333333333337	0.5129166666666667	0.43543333333333334	0.6454333333333334	0.4441833333333334	0.45270000000000005	0.4887	0.4693666666666667	0.49563333333333337	0.43655	0.46463333333333334	0.4409666666666667	0.4782666666666667	0.33463333333333334	0.5288166666666667	0.5313833333333333	0.56975	0.4672	0.52115	0.4799833333333334	0.49875	0.5324166666666666	0.5683	0.41275	0.43483333333333335	0.5782166666666667	0.5012833333333333	0.5717166666666667	0.5384	0.6399833333333333	0.47700000000000004	0.5391666666666667	0.5052333333333333	0.5609666666666667	0.42628333333333335	0.4567833333333334	0.5831166666666667	0.6059333333333333	0.4565666666666667	0.5230333333333334	0.5437166666666667	0.46645000000000003	0.50575	0.6048833333333333	0.47855000000000003	0.5677333333333333
0.4792666666666667	0.46768333333333334	0.5204833333333334	0.5980166666666666	0.5217	0.5469	0.5122666666666666	0.5184166666666666	0.46580000000000005	0.43083333333333335	0.4721666666666667	0.6141500000000001	0.5276666666666667	0.5425333333333333	0.4701166666666667	0.5398000000000001	0.5298333333333334	0.5687166666666666	0.5682833333333334	0.61955	0.5456833333333334	0.46275	0.4421166666666667	0.5909166666666666	0.48228333333333334	0.5633	0.5362333333333333	0.6104166666666667	0.6546500000000001	0.52725	0.5782166666666667	0.5245000000000001	0.45763333333333334	0.4070166666666667	0.5250666666666667	0.52625	0.5342666666666667	0.3922333333333334	0.47331666666666666	0.465	0.46943333333333337	0.4125666666666667	0.53195	0.5534333333333333	0.49975	0.5066166666666667	0.4605666666666667	0.46713333333333334	0.4514666666666667	0.4545	0.46155	0.46955	0.5560166666666667	0.47825	0.42741666666666667	0.5016833333333334	0.5151333333333333	0.4630666666666667	0.41825	0.4270333333333334	0.47175	0.4943	0.4690666666666667	0.5915166666666667	0.4917666666666667	0.4771	0.4809333333333334	0.60305	0.4824833333333334	0.5127833333333334	0.58735	0.41875	0.48945	0.43123333333333336	0.5217166666666667	0.4918166666666667	0.5300333333333334	0.5734833333333333	0.45605	0.5072166666666666	0.5043666666666667	0.42105000000000004	0.4624666666666667	0.40525	0.47923333333333334	0.48885	0.53985	0.59135	0.5381833333333333	0.5023166666666667	0.5960833333333334	0.5947	0.5212333333333333	0.59195	0.5175666666666667	0.5772166666666667	0.5086166666666667	0.43610000000000004	0.5544333333333333	0.5643166666666667
0.50425	0.5482333333333334	0.52535	0.5439833333333334	0.5241666666666667	0.5823833333333334	0.46885000000000004	0.5355166666666666	0.48691666666666666	0.40198333333333336	0.4545	0.5367833333333334	0.46588333333333337	0.5619500000000001	0.5261833333333333	0.58175	0.5032666666666666	0.5510166666666667	0.5690666666666667	0.49110000000000004	0.5211166666666667	0.49885	0.4935333333333334	0.4769666666666667	0.4302166666666667	0.4295166666666667	0.4324	0.5197666666666667	0.5047333333333334	0.54195	0.4815166666666667	0.44028333333333336	0.48215	0.6121333333333334	0.5770666666666667	0.4410833333333333	0.4522666666666667	0.44351666666666667	0.5221666666666667	0.5957666666666667	0.4820166666666667	0.53495	0.5752833333333334	0.5902000000000001	0.49050000000000005	0.43848333333333334	0.44348333333333334	0.4968666666666667	0.6257666666666667	0.4997666666666667	0.4247666666666667	0.42173333333333335	0.54755	0.5431833333333334	0.53345	0.48338333333333333	0.5751333333333334	0.48850000000000005	0.44415000000000004	0.48613333333333336	0.5289333333333334	0.5421	0.42341666666666666	0.5177	0.49235	0.5220666666666667	0.5321666666666667	0.5665166666666667	0.5049666666666667	0.59865	0.4934	0.5219166666666667	0.40750000000000003	0.4871666666666667	0.5036	0.5678833333333334	0.5100833333333333	0.5039333333333333	0.5063	0.54965	0.4925333333333334	0.5371166666666667	0.49646666666666667	0.5420833333333334	0.4814333333333334	0.7141333333333334	0.4648166666666667	0.59455	0.4707	0.5202333333333333	0.49996666666666667	0.5398166666666667	0.6992333333333334	0.45365	0.4942666666666667	0.5309	0.5135166666666667	0.51365	0.5202666666666667	0.48555000000000004
0.47445000000000004	0.6031166666666667	0.42873333333333336	0.6083666666666667	0.48028333333333334	0.5476	0.6205166666666667	0.5182333333333333	0.5097333333333334	0.5043833333333334	0.5366666666666667	0.5403	0.5671333333333334	0.504	0.5331	0.5230833333333333	0.5722333333333334	0.61075	0.5518333333333334	0.4765666666666667	0.464	0.5170166666666667	0.5137833333333334	0.38203333333333334	0.6179666666666667	0.447	0.5385166666666666	0.6843666666666667	0.48435	0.5171	0.4884833333333334	0.4469166666666667	0.51475	0.5113333333333333	0.5146000000000001	0.5454333333333333	0.5281166666666667	0.48513333333333336	0.4636	0.4817666666666667	0.5216833333333334	0.5251833333333333	0.6105	0.5113833333333334	0.4668166666666667	0.5585166666666667	0.4218166666666667	0.4334166666666667	0.5939666666666666	0.5183	0.3797166666666667	0.57485	0.45593333333333336	0.48413333333333336	0.4091	0.42105000000000004	0.50925	0.509	0.44173333333333337	0.6253500000000001	0.4910333333333334	0.5076666666666667	0.4577833333333334	0.4389166666666667	0.6077166666666667	0.47663333333333335	0.49155000000000004	0.3943666666666667	0.5325	0.5642333333333334	0.5231333333333333	0.5058666666666667	0.5011833333333333	0.5480333333333334	0.4923666666666667	0.42550000000000004	0.4441	0.4546	0.5418333333333334	0.5791166666666667	0.6173666666666667	0.5706833333333333	0.5109333333333334	0.5720000000000001	0.49943333333333334	0.42755000000000004	0.43396666666666667	0.5687666666666666	0.5594666666666667	0.50665	0.5704166666666667	0.47498333333333337	0.44551666666666667	0.5799833333333334	0.5716666666666667	0.47915	0.50175	0.5188	0.5898333333333333	0.5885666666666667
0.48915000000000003	0.5043	0.6009166666666667	0.47245000000000004	0.5803	0.4878	0.5704666666666667	0.5109666666666667	0.5839333333333334	0.6048166666666667	0.49655000000000005	0.4854666666666667	0.5145666666666667	0.48973333333333335	0.5851000000000001	0.5033500000000001	0.47458333333333336	0.5156000000000001	0.5797666666666667	0.4878166666666667	0.4771166666666667	0.49325	0.5173666666666666	0.5416333333333334	0.5310666666666667	0.5375166666666666	0.5311833333333333	0.5515666666666666	0.5171833333333333	0.5293333333333333	0.5165833333333334	0.5865833333333333	0.53435	0.44503333333333334	0.4266166666666667	0.46033333333333337	0.5193333333333333	0.51685	0.6112000000000001	0.42158333333333337	0.5523	0.4455	0.59195	0.44053333333333333	0.5489	0.5122	0.4795166666666667	0.45105	0.6035166666666667	0.5198833333333334	0.44088333333333335	0.5408000000000001	0.5320666666666667	0.5294666666666666	0.5678000000000001	0.4468666666666667	0.4820666666666667	0.5002666666666666	0.5632666666666667	0.60645	0.45420000000000005	0.52445	0.49346666666666666	0.4945166666666667	0.5293166666666667	0.5232166666666667	0.5381166666666667	0.5605833333333333	0.49058333333333337	0.49385	0.4419	0.5706833333333333	0.49446666666666667	0.4778	0.4982666666666667	0.5893666666666667	0.43346666666666667	0.4565	0.47126666666666667	0.5668500000000001	0.5277333333333334	0.4922666666666667	0.5448500000000001	0.5171	0.5932000000000001	0.5639333333333334	0.5599166666666667	0.5196500000000001	0.5823833333333334	0.6250333333333333	0.5371333333333334	0.44906666666666667	0.4960166666666667	0.5744666666666667	0.6206	0.5366000000000001	0.5603833333333333	0.5769500000000001	0.44580000000000003	0.5545833333333333
0.5381	0.61285	0.5702666666666667	0.5204500000000001	0.5064500000000001	0.6154333333333334	0.46828333333333333	0.5296000000000001	0.5467666666666667	0.6754833333333333	0.46898333333333336	0.5085166666666667	0.55325	0.4552166666666667	0.5545	0.5609666666666667	0.51335	0.57315	0.45616666666666666	0.42485	0.51875	0.5761333333333334	0.5409666666666667	0.5047333333333334	0.44478333333333336	0.5704	0.4642666666666667	0.5313166666666667	0.5388333333333334	0.5893	0.5440833333333334	0.5567166666666667	0.5171333333333333	0.48058333333333336	0.46925	0.4905333333333334	0.44175000000000003	0.46033333333333337	0.43998333333333334	0.4862666666666667	0.5177833333333334	0.38485	0.4824333333333334	0.5538833333333334	0.47363333333333335	0.3748166666666667	0.5112166666666667	0.5133	0.5528333333333334	0.4422666666666667	0.5475833333333333	0.4629666666666667	0.5223833333333333	0.5870333333333334	0.49648333333333333	0.44365000000000004	0.5327166666666667	0.5292166666666667	0.5060166666666667	0.42578333333333335	0.4955166666666667	0.5055333333333334	0.5008833333333333	0.5305	0.5275000000000001	0.5499	0.4262	0.47850000000000004	0.4313666666666667	0.4153	0.5334666666666666	0.6109333333333333	0.5521	0.5274	0.5674333333333333	0.5285666666666667	0.4338166666666667	0.5795	0.5000166666666667	0.5236500000000001	0.5063500000000001	0.56715	0.49670000000000003	0.47848333333333337	0.45505	0.4371166666666667	0.6381666666666667	0.5318833333333334	0.57055	0.5702666666666667	0.5973	0.5676166666666667	0.4755166666666667	0.5371666666666667	0.6110333333333333	0.5954833333333334	0.5284833333333333	0.5356500000000001	0.4525166666666667	0.5264666666666666
0.5185666666666667	0.46830000000000005	0.5445333333333333	0.47955000000000003	0.5284333333333333	0.663	0.5286833333333334	0.4824333333333334	0.4250333333333334	0.5245166666666667	0.46	0.48760000000000003	0.5514666666666667	0.58925	0.5159833333333333	0.601	0.5069333333333333	0.5176000000000001	0.6209166666666667	0.47655000000000003	0.5559833333333334	0.5507500000000001	0.48118333333333335	0.49463333333333337	0.4701166666666667	0.4555666666666667	0.4065166666666667	0.4716166666666667	0.3993166666666667	0.5514666666666667	0.5780333333333334	0.48081666666666667	0.47463333333333335	0.5265333333333334	0.42995	0.41558333333333336	0.5809666666666667	0.4973166666666667	0.4790666666666667	0.4091666666666667	0.4933166666666667	0.4751166666666667	0.5080833333333333	0.51415	0.4806	0.47576666666666667	0.5177333333333334	0.49235	0.49951666666666666	0.5307000000000001	0.5564166666666667	0.5023833333333334	0.5323166666666667	0.48178333333333334	0.4832	0.5067833333333334	0.44183333333333336	0.43095	0.43898333333333334	0.4779666666666667	0.44183333333333336	0.5439166666666667	0.5604333333333333	0.5151333333333333	0.52395	0.4781666666666667	0.5501	0.5022666666666666	0.5372833333333333	0.5053500000000001	0.5051333333333333	0.5354833333333333	0.5784833333333333	0.47226666666666667	0.49475	0.5375	0.5094500000000001	0.5908333333333333	0.4795166666666667	0.5737	0.5087666666666667	0.47933333333333333	0.5841000000000001	0.5673666666666667	0.5195833333333334	0.6497	0.5091	0.5052666666666666	0.4548166666666667	0.5125500000000001	0.5216500000000001	0.5058333333333334	0.41665	0.5026833333333334	0.5481833333333334	0.5006333333333334	0.6056333333333334	0.5558500000000001	0.4920166666666667	0.5422833333333333
