0.5168833333333334	0.5345333333333333	0.5722166666666667	0.5263166666666667	0.47823333333333334	0.49733333333333335	0.46043333333333336	0.44508333333333333	0.5174166666666667	0.4641166666666667	0.6098166666666667	0.547	0.55165	0.5446666666666667	0.5333666666666667	0.4781666666666667	0.5528666666666667	0.48413333333333336	0.5244333333333333	0.5860000000000001	0.5192	0.6546500000000001	0.4419666666666667	0.48018333333333335	0.5327333333333334	0.4868166666666667	0.5309	0.5488666666666667	0.5147333333333334	0.5807833333333333	0.5420166666666667	0.5402333333333333	0.49895	0.5637166666666666	0.5672333333333334	0.4545666666666667	0.459	0.52185	0.43438333333333334	0.5348166666666667	0.4830666666666667	0.5164	0.5998666666666667	0.4743833333333334	0.47378333333333333	0.5474666666666667	0.46521666666666667	0.44693333333333335	0.47281666666666666	0.6058666666666667	0.39793333333333336	0.4984	0.4728833333333334	0.50305	0.45283333333333337	0.52585	0.4741	0.41085	0.5425	0.4814333333333334	0.55055	0.5069833333333333	0.47308333333333336	0.4331666666666667	0.55195	0.5283333333333333	0.5070166666666667	0.52975	0.5001	0.4889666666666667	0.6122666666666667	0.5362	0.58245	0.4961666666666667	0.51075	0.5577166666666666	0.4896666666666667	0.4628333333333334	0.4997666666666667	0.5562833333333334	0.5217333333333334	0.4686	0.5367000000000001	0.5577500000000001	0.5076666666666667	0.48595000000000005	0.46915	0.4492333333333334	0.44068333333333337	0.4973	0.5557166666666667	0.51775	0.51265	0.5022833333333333	0.5204500000000001	0.5262833333333333	0.5125333333333334	0.5250666666666667	0.49265000000000003	0.5090833333333333
0.5725833333333333	0.5288666666666667	0.5350833333333334	0.5323333333333333	0.4796666666666667	0.5493666666666667	0.5055166666666667	0.5162333333333333	0.5288666666666667	0.5781000000000001	0.5850166666666667	0.44913333333333333	0.57625	0.50875	0.4861166666666667	0.4652833333333334	0.5621833333333334	0.42235	0.5102333333333333	0.5077333333333334	0.5039	0.4597333333333334	0.5302666666666667	0.5683166666666667	0.5713333333333334	0.5382833333333333	0.5016	0.5063166666666666	0.5534333333333333	0.5523833333333333	0.4965166666666667	0.5370333333333334	0.4836166666666667	0.4375833333333334	0.5101666666666667	0.46900000000000003	0.5695666666666667	0.5418833333333334	0.4556	0.4282666666666667	0.5666	0.5400166666666667	0.4688333333333334	0.5692666666666667	0.45963333333333334	0.4489166666666667	0.5715666666666667	0.4400833333333334	0.5369833333333334	0.4381166666666667	0.5277333333333334	0.5027333333333334	0.4662	0.47468333333333335	0.5251833333333333	0.5160166666666667	0.4696166666666667	0.6006666666666667	0.46293333333333336	0.5874	0.4615	0.44083333333333335	0.52925	0.5185000000000001	0.47275	0.5130666666666667	0.48575	0.5136333333333334	0.48925	0.4269	0.47426666666666667	0.5119666666666667	0.49050000000000005	0.5746666666666667	0.4769333333333334	0.5033166666666667	0.47913333333333336	0.5194666666666667	0.4658166666666667	0.5006666666666667	0.4919833333333334	0.515	0.5627	0.56135	0.56665	0.46743333333333337	0.5449166666666667	0.6313833333333334	0.5446833333333334	0.5958333333333333	0.5302833333333333	0.5316166666666667	0.5523333333333333	0.5250666666666667	0.5381666666666667	0.4753	0.5277000000000001	0.4781166666666667	0.44943333333333335	0.5031666666666667
0.4601166666666667	0.5457166666666667	0.5613166666666667	0.5736	0.5439166666666667	0.6578333333333334	0.5240333333333334	0.5102833333333333	0.5681666666666667	0.47595000000000004	0.5085666666666667	0.4249666666666667	0.5970666666666667	0.54395	0.5487333333333334	0.5454833333333333	0.54525	0.49215000000000003	0.5996833333333333	0.52415	0.4985	0.5252833333333333	0.5687	0.6000166666666666	0.4605	0.5314166666666666	0.5524	0.5387000000000001	0.48638333333333333	0.5744	0.49295	0.6379166666666667	0.4859666666666667	0.4602666666666667	0.4749166666666667	0.42628333333333335	0.5121	0.52305	0.4182166666666667	0.49348333333333333	0.4802666666666667	0.48735	0.48895	0.4617666666666667	0.51705	0.5345333333333333	0.4817666666666667	0.49888333333333335	0.5014166666666667	0.4516	0.43270000000000003	0.46953333333333336	0.5125500000000001	0.5872833333333334	0.5397666666666667	0.5151833333333333	0.5003666666666667	0.4245666666666667	0.4893166666666667	0.45093333333333335	0.5041	0.46990000000000004	0.5055333333333334	0.5205166666666667	0.5304	0.5150833333333333	0.5245833333333334	0.44728333333333337	0.58995	0.46965	0.5305833333333334	0.4805666666666667	0.4837666666666667	0.6216	0.5630333333333334	0.5031	0.5586	0.5345500000000001	0.4752166666666667	0.5204500000000001	0.5427000000000001	0.42833333333333334	0.5084666666666667	0.465	0.5001666666666666	0.47653333333333336	0.5161833333333333	0.48578333333333334	0.6094333333333334	0.49673333333333336	0.44675000000000004	0.5046666666666667	0.47165	0.57165	0.5723666666666667	0.43075	0.5520166666666667	0.5234	0.6052333333333334	0.5234333333333333
0.5169833333333334	0.53535	0.5343	0.5619333333333334	0.48785	0.44770000000000004	0.47428333333333333	0.48823333333333335	0.6107	0.46215	0.5341333333333333	0.47490000000000004	0.5468333333333334	0.5322833333333333	0.5858166666666667	0.6033166666666667	0.46295000000000003	0.5322	0.5517500000000001	0.48385	0.5083166666666666	0.47150000000000003	0.5833	0.45298333333333335	0.5245000000000001	0.5926666666666667	0.5293166666666667	0.5855166666666667	0.5316500000000001	0.5048666666666667	0.48400000000000004	0.51485	0.49735	0.5417666666666667	0.5413	0.5851166666666667	0.5864166666666667	0.42755000000000004	0.5068333333333334	0.5064500000000001	0.5262666666666667	0.5325666666666667	0.5212833333333333	0.6295166666666667	0.4312	0.50715	0.45515	0.5316333333333334	0.4962166666666667	0.5908333333333333	0.4744166666666667	0.6031666666666667	0.5556333333333333	0.4909	0.48153333333333337	0.5601666666666667	0.48423333333333335	0.5666333333333333	0.5375	0.46525	0.44680000000000003	0.45320000000000005	0.5216833333333334	0.5346333333333334	0.5450333333333334	0.46271666666666667	0.4606	0.52035	0.48333333333333334	0.6017833333333333	0.5492333333333334	0.5052333333333333	0.5734333333333334	0.49738333333333334	0.5601666666666667	0.5099	0.5993333333333334	0.5351833333333333	0.5227833333333334	0.6012833333333334	0.49583333333333335	0.4976166666666667	0.53395	0.5065500000000001	0.4976666666666667	0.6351	0.58115	0.5045666666666667	0.4643333333333334	0.47043333333333337	0.5391666666666667	0.56005	0.6055333333333334	0.51475	0.4557833333333334	0.56405	0.48268333333333335	0.5877	0.49060000000000004	0.49905000000000005
0.4719166666666667	0.5464333333333333	0.47676666666666667	0.5489	0.5268833333333334	0.5045166666666667	0.47585	0.5398333333333334	0.43095	0.4888166666666667	0.5652166666666667	0.4448166666666667	0.5328333333333334	0.5951666666666667	0.4893	0.5915166666666667	0.5938	0.5458166666666667	0.45698333333333335	0.47858333333333336	0.5208166666666667	0.5296333333333334	0.43968333333333337	0.5035833333333334	0.5516	0.44018333333333337	0.5760666666666667	0.5285333333333334	0.5565666666666667	0.5898666666666667	0.61455	0.49510000000000004	0.55815	0.5173333333333333	0.5621	0.47303333333333336	0.5492833333333333	0.5400666666666667	0.47478333333333333	0.5571	0.4320666666666667	0.4922666666666667	0.5709333333333334	0.49795	0.5255666666666667	0.5509000000000001	0.467	0.5500333333333334	0.55255	0.6044833333333334	0.49595	0.49975	0.5440166666666667	0.46423333333333333	0.5490666666666667	0.5546166666666666	0.5211833333333333	0.4413	0.5971833333333334	0.5569333333333334	0.5358833333333334	0.5100833333333333	0.45461666666666667	0.48975	0.5238333333333334	0.4895666666666667	0.5169333333333334	0.4882666666666667	0.5118333333333334	0.5434666666666667	0.47345000000000004	0.4891666666666667	0.5018833333333333	0.5082166666666666	0.5056833333333334	0.46366666666666667	0.5777	0.4819666666666667	0.5253166666666667	0.5851333333333334	0.5619833333333334	0.47785	0.54215	0.5891166666666667	0.5348333333333334	0.5257833333333334	0.47325	0.5215166666666667	0.5012666666666666	0.6000666666666667	0.6237333333333334	0.47900000000000004	0.4688666666666667	0.5230833333333333	0.5151833333333333	0.47500000000000003	0.5310333333333334	0.50515	0.5538166666666667	0.49315000000000003
0.4928	0.5322166666666667	0.5432333333333333	0.53635	0.5012	0.5459666666666667	0.47203333333333336	0.6206166666666667	0.5674666666666667	0.5277166666666667	0.5135666666666667	0.5866333333333333	0.44480000000000003	0.5114833333333334	0.4648666666666667	0.5029166666666667	0.5005166666666667	0.51275	0.5197166666666667	0.5470166666666667	0.4915333333333334	0.5145666666666667	0.5203	0.5076	0.5087666666666667	0.5653	0.5066833333333334	0.5377166666666667	0.5465333333333333	0.5309	0.4831666666666667	0.4859666666666667	0.5278666666666667	0.5516833333333334	0.5604	0.49541666666666667	0.5489666666666667	0.5326500000000001	0.44480000000000003	0.5582666666666667	0.49425	0.52995	0.5037166666666667	0.5357000000000001	0.5500833333333334	0.4762	0.4552833333333334	0.5203	0.5961333333333334	0.47833333333333333	0.5221333333333333	0.4955	0.5136000000000001	0.4920833333333334	0.4808	0.5830666666666667	0.4898666666666667	0.48586666666666667	0.5911333333333334	0.4691666666666667	0.5097166666666667	0.5342833333333333	0.44758333333333333	0.48850000000000005	0.4466333333333334	0.5457500000000001	0.5231	0.4858	0.5313666666666667	0.5173	0.5461833333333334	0.5128166666666667	0.48663333333333336	0.5561	0.5303833333333333	0.5880666666666667	0.4821166666666667	0.4632833333333334	0.6002666666666667	0.5332333333333333	0.4735166666666667	0.54425	0.44975000000000004	0.5759833333333334	0.48533333333333334	0.4950666666666667	0.6024	0.6137166666666667	0.5574166666666667	0.5173166666666666	0.5189166666666667	0.4350666666666667	0.4995833333333334	0.5000833333333333	0.5729166666666667	0.5303833333333333	0.5014500000000001	0.4937	0.5095500000000001	0.5188666666666667
0.5217333333333334	0.4456833333333334	0.5198333333333334	0.5405166666666666	0.5152	0.5294166666666666	0.58535	0.5387000000000001	0.6061000000000001	0.49733333333333335	0.5447500000000001	0.4290666666666667	0.47598333333333337	0.5612	0.5768	0.5573833333333333	0.47800000000000004	0.5523166666666667	0.5051	0.5069333333333333	0.4935333333333334	0.44883333333333336	0.58455	0.54735	0.5029166666666667	0.5227666666666667	0.5976333333333333	0.4698833333333334	0.46218333333333333	0.5364333333333333	0.4564666666666667	0.44373333333333337	0.5179166666666667	0.5439166666666667	0.5572166666666667	0.5568333333333334	0.42241666666666666	0.5234	0.5414333333333333	0.4983	0.6201666666666666	0.5384666666666666	0.5961833333333334	0.4346166666666667	0.5340666666666667	0.5013000000000001	0.47168333333333334	0.5465333333333333	0.5092833333333333	0.47305	0.5676	0.5552166666666667	0.48038333333333333	0.5137666666666667	0.4504166666666667	0.5027333333333334	0.54035	0.5306666666666667	0.5832833333333334	0.5215166666666667	0.5287000000000001	0.51765	0.4994166666666667	0.5180833333333333	0.505	0.5916333333333333	0.5347500000000001	0.5572333333333334	0.5049333333333333	0.4925333333333334	0.5389833333333334	0.4125666666666667	0.61805	0.45153333333333334	0.4988	0.6165333333333334	0.5720166666666667	0.4516	0.6001666666666667	0.5084333333333334	0.6227333333333334	0.5036666666666667	0.5284833333333333	0.5089	0.4998	0.4649166666666667	0.5171333333333333	0.5099	0.45508333333333334	0.64535	0.47978333333333334	0.51535	0.41508333333333336	0.5484	0.51475	0.49128333333333335	0.5174333333333334	0.49348333333333333	0.4973	0.5648000000000001
0.4609666666666667	0.5427833333333334	0.5957833333333333	0.46175000000000005	0.40773333333333334	0.5399166666666667	0.48885	0.4705666666666667	0.47228333333333333	0.5303166666666667	0.5111166666666667	0.5334333333333333	0.5289666666666667	0.6205333333333334	0.49696666666666667	0.5239166666666667	0.58545	0.48068333333333335	0.5558333333333334	0.5587500000000001	0.44633333333333336	0.5144000000000001	0.5286666666666667	0.54555	0.5552	0.4741166666666667	0.49345	0.5339166666666667	0.5759666666666667	0.4492166666666667	0.5275500000000001	0.4920333333333334	0.4265666666666667	0.5374833333333333	0.4557666666666667	0.43993333333333334	0.5330666666666667	0.5564666666666667	0.43893333333333334	0.4597833333333334	0.5504	0.46115	0.4772166666666667	0.5116833333333334	0.5393833333333333	0.45561666666666667	0.51595	0.5580666666666667	0.5462666666666667	0.4834166666666667	0.47848333333333337	0.5228833333333334	0.49983333333333335	0.52705	0.55705	0.48928333333333335	0.51485	0.5179833333333334	0.44578333333333336	0.56105	0.45866666666666667	0.4887666666666667	0.5273666666666667	0.4075166666666667	0.43928333333333336	0.48743333333333333	0.5701833333333334	0.5791333333333334	0.37518333333333337	0.47513333333333335	0.5207333333333334	0.4993	0.5693	0.52905	0.6054166666666667	0.5250333333333334	0.5214	0.4817666666666667	0.5500833333333334	0.5358666666666667	0.59445	0.5093666666666667	0.48486666666666667	0.5357833333333334	0.5304666666666666	0.5541	0.5363833333333333	0.5231166666666667	0.5552	0.4821166666666667	0.5662166666666667	0.5174500000000001	0.5572	0.51775	0.5120833333333333	0.47528333333333334	0.4263	0.6107666666666667	0.46293333333333336	0.4979166666666667
0.4680166666666667	0.5824833333333334	0.5417500000000001	0.5103666666666667	0.5374	0.51835	0.46080000000000004	0.4725666666666667	0.47045000000000003	0.48723333333333335	0.51395	0.5229833333333334	0.49160000000000004	0.5217	0.6302166666666666	0.5020833333333333	0.6395500000000001	0.5157	0.5982833333333334	0.5388666666666667	0.4859333333333334	0.5611	0.5062666666666666	0.5128666666666667	0.4857166666666667	0.6030166666666666	0.5309	0.4884666666666667	0.46008333333333334	0.43545	0.4596166666666667	0.5019833333333333	0.5469333333333334	0.5564833333333333	0.5317166666666667	0.5185833333333334	0.5024666666666667	0.4958	0.5269666666666667	0.5482666666666667	0.5962333333333334	0.58175	0.4075166666666667	0.4760166666666667	0.42178333333333334	0.4960166666666667	0.6433333333333333	0.5767333333333333	0.5210333333333333	0.5431166666666667	0.5403666666666667	0.5028666666666667	0.53195	0.5579500000000001	0.5043500000000001	0.4365666666666667	0.54135	0.5620833333333334	0.5158666666666667	0.5199333333333334	0.5036666666666667	0.5256666666666667	0.47485000000000005	0.48755000000000004	0.5492	0.6509166666666667	0.5303166666666667	0.5257333333333334	0.54455	0.4181166666666667	0.4996666666666667	0.5355333333333333	0.5159	0.45185000000000003	0.5681166666666667	0.5501666666666667	0.55025	0.5136333333333334	0.5614	0.5253333333333333	0.5230333333333334	0.5768166666666666	0.5577833333333334	0.54695	0.54145	0.6069833333333333	0.49565000000000003	0.5517500000000001	0.5609333333333334	0.4898666666666667	0.5383	0.5620666666666667	0.4401333333333334	0.454	0.5215833333333334	0.49546666666666667	0.49185	0.4928666666666667	0.5547500000000001	0.5301833333333333
0.6103166666666667	0.5283833333333333	0.5002333333333333	0.4702	0.5477166666666667	0.5136166666666667	0.5249166666666667	0.6112333333333334	0.4886666666666667	0.48028333333333334	0.5436333333333334	0.5646666666666667	0.47295000000000004	0.4250333333333334	0.54005	0.5698833333333334	0.49783333333333335	0.6477333333333334	0.5311166666666667	0.5559833333333334	0.4377666666666667	0.5798666666666666	0.5281333333333333	0.5939833333333333	0.4881666666666667	0.5838166666666667	0.5287833333333334	0.5311666666666667	0.61795	0.6596333333333334	0.48360000000000003	0.5115000000000001	0.4764166666666667	0.5013333333333334	0.5715833333333333	0.5131	0.5661333333333334	0.49983333333333335	0.44793333333333335	0.48223333333333335	0.5393	0.5537333333333334	0.5346833333333334	0.4605166666666667	0.6388833333333334	0.5229166666666667	0.5988333333333333	0.5935333333333334	0.4665166666666667	0.5031333333333333	0.47933333333333333	0.47476666666666667	0.463	0.4439166666666667	0.5408666666666667	0.5650833333333334	0.5178333333333334	0.48955000000000004	0.5447500000000001	0.4540166666666667	0.40026666666666666	0.53215	0.4848166666666667	0.4703	0.48660000000000003	0.541	0.5184666666666667	0.49533333333333335	0.49993333333333334	0.4977666666666667	0.5449166666666667	0.5052	0.49568333333333336	0.5478500000000001	0.54515	0.5257666666666667	0.5511333333333334	0.48308333333333336	0.5307833333333334	0.6414500000000001	0.5272833333333333	0.4666166666666667	0.5194166666666666	0.5784666666666667	0.5160333333333333	0.6259833333333333	0.5198666666666667	0.5250666666666667	0.6212833333333334	0.48833333333333334	0.452	0.44270000000000004	0.46316666666666667	0.4789666666666667	0.4130166666666667	0.5644166666666667	0.5912666666666667	0.5271166666666667	0.5618166666666667	0.62455
0.5608833333333334	0.5235666666666667	0.53205	0.5132	0.5052833333333333	0.51615	0.45643333333333336	0.52435	0.6061166666666667	0.5185500000000001	0.52315	0.5175333333333334	0.5168833333333334	0.4788	0.48650000000000004	0.5964666666666667	0.4839333333333334	0.5511	0.51735	0.5835833333333333	0.4445	0.5025833333333334	0.5323333333333333	0.5568166666666667	0.5495666666666666	0.5508000000000001	0.5712833333333334	0.5206333333333334	0.6171833333333334	0.5294666666666666	0.4577	0.5031833333333333	0.5268166666666667	0.4885666666666667	0.5055333333333334	0.5257333333333334	0.45128333333333337	0.5941666666666667	0.5092	0.47423333333333334	0.47208333333333335	0.5359333333333334	0.5263333333333333	0.5878166666666667	0.5907833333333333	0.55755	0.46153333333333335	0.47448333333333337	0.6445333333333334	0.5210166666666667	0.4839166666666667	0.5236500000000001	0.44333333333333336	0.5759500000000001	0.46453333333333335	0.5047166666666667	0.4786166666666667	0.4669166666666667	0.54525	0.5735666666666667	0.54645	0.5239333333333334	0.5557500000000001	0.4819833333333334	0.51065	0.5785166666666667	0.42275	0.4848166666666667	0.5475	0.5799333333333334	0.5242	0.6525833333333334	0.607	0.5400833333333334	0.4785666666666667	0.52915	0.5438666666666667	0.6063000000000001	0.46490000000000004	0.6294833333333334	0.6305000000000001	0.48758333333333337	0.5561	0.48500000000000004	0.5615166666666667	0.5653833333333333	0.5617	0.48891666666666667	0.52395	0.5451	0.5238666666666667	0.46618333333333334	0.5160666666666667	0.46971666666666667	0.51115	0.4725166666666667	0.5757166666666667	0.50665	0.4870666666666667	0.5199
0.5403166666666667	0.50115	0.44188333333333335	0.5287333333333334	0.49718333333333337	0.5277666666666667	0.5628666666666667	0.52515	0.5251	0.5551	0.48281666666666667	0.64195	0.6231	0.54595	0.4406166666666667	0.5435166666666666	0.5226666666666667	0.5779000000000001	0.5690000000000001	0.5276500000000001	0.5616	0.5759166666666667	0.4971666666666667	0.53095	0.5451333333333334	0.6105666666666667	0.42785	0.48808333333333337	0.48973333333333335	0.47805000000000003	0.5027666666666667	0.5123166666666666	0.5977666666666667	0.5830333333333334	0.5662833333333334	0.4736666666666667	0.52445	0.5769333333333334	0.5715	0.5151833333333333	0.4863	0.55665	0.5577166666666666	0.5515166666666667	0.5775166666666667	0.4656	0.5731833333333334	0.48473333333333335	0.5155666666666667	0.47178333333333333	0.5581333333333334	0.4918666666666667	0.5301333333333333	0.46125000000000005	0.5204500000000001	0.5329666666666667	0.5146166666666667	0.5282666666666667	0.5226166666666667	0.4325	0.5090666666666667	0.5504833333333333	0.6086833333333334	0.5609000000000001	0.5268166666666667	0.5060333333333333	0.48585	0.5597	0.5797666666666667	0.4883166666666667	0.4924	0.5909166666666666	0.5682166666666667	0.53735	0.56355	0.5410166666666667	0.56165	0.5203833333333333	0.5823333333333334	0.5601	0.48333333333333334	0.5357666666666667	0.4784666666666667	0.5522333333333334	0.5512666666666667	0.4409	0.51005	0.5262166666666667	0.51515	0.5336333333333334	0.5154333333333334	0.5700833333333334	0.52405	0.4810166666666667	0.5161833333333333	0.46925	0.44270000000000004	0.5871166666666667	0.5841833333333334	0.4548666666666667
0.49951666666666666	0.5249833333333334	0.5128666666666667	0.5134500000000001	0.6039666666666667	0.5405833333333333	0.5883333333333334	0.55345	0.6068666666666667	0.5366333333333334	0.5137166666666667	0.4592	0.50465	0.5108666666666667	0.5225833333333334	0.5271833333333333	0.54015	0.4969	0.5220666666666667	0.5097333333333334	0.50805	0.49328333333333335	0.5394	0.58135	0.5385833333333334	0.5443166666666667	0.5890833333333334	0.5188166666666667	0.5086166666666667	0.4080166666666667	0.5693	0.449	0.5536166666666666	0.5954833333333334	0.5069333333333333	0.4713833333333334	0.5290333333333334	0.5759500000000001	0.48808333333333337	0.5251	0.5327500000000001	0.4664166666666667	0.5730166666666667	0.45813333333333334	0.5104833333333334	0.4918	0.53505	0.5412	0.4975166666666667	0.5582666666666667	0.5049	0.5196166666666667	0.5717333333333333	0.48468333333333335	0.5134333333333334	0.48878333333333335	0.5203666666666666	0.5530833333333334	0.5686166666666667	0.6025833333333334	0.5929	0.46116666666666667	0.4944	0.5249333333333334	0.49923333333333336	0.5791833333333334	0.4713833333333334	0.5218666666666667	0.5530166666666667	0.6164166666666667	0.49898333333333333	0.47535000000000005	0.5574333333333333	0.46973333333333334	0.45461666666666667	0.5548000000000001	0.6095333333333334	0.5240333333333334	0.5916166666666667	0.61975	0.47883333333333333	0.4969	0.5066666666666667	0.49223333333333336	0.5213333333333333	0.5203333333333333	0.4800166666666667	0.5575833333333333	0.45295	0.5809333333333334	0.5194833333333334	0.5580666666666667	0.53485	0.5115000000000001	0.5200333333333333	0.4859833333333334	0.47045000000000003	0.42635	0.6331166666666667	0.5458833333333334
0.5236833333333334	0.5095833333333334	0.6144666666666667	0.50775	0.5513333333333333	0.5193666666666666	0.5391333333333334	0.48000000000000004	0.49928333333333336	0.5360833333333334	0.54455	0.5402833333333333	0.5706	0.4940166666666667	0.45805	0.5120333333333333	0.53805	0.56305	0.51185	0.5277333333333334	0.5812166666666667	0.47558333333333336	0.48178333333333334	0.5627833333333334	0.5739166666666667	0.5347000000000001	0.53425	0.51095	0.4680666666666667	0.4854666666666667	0.4767	0.6234666666666667	0.5866833333333333	0.5149166666666667	0.5130666666666667	0.5509000000000001	0.60585	0.5050666666666667	0.5712	0.5225333333333334	0.5461	0.5711166666666667	0.5902666666666667	0.6592833333333333	0.4995666666666667	0.54195	0.5744666666666667	0.5834333333333334	0.4728833333333334	0.5378000000000001	0.47350000000000003	0.4337666666666667	0.47128333333333333	0.46068333333333333	0.5697	0.5088	0.4847166666666667	0.58535	0.5147833333333334	0.48108333333333336	0.5704	0.52775	0.5582166666666667	0.56225	0.5201333333333333	0.5532	0.6086666666666667	0.4343666666666667	0.4961166666666667	0.47558333333333336	0.5540166666666667	0.5232833333333333	0.5222333333333333	0.5107166666666667	0.5422333333333333	0.53645	0.6088833333333333	0.52095	0.5466	0.5055833333333334	0.47931666666666667	0.5110666666666667	0.5067	0.5137833333333334	0.6134833333333334	0.5093666666666667	0.4519666666666667	0.5771833333333334	0.5444833333333333	0.49045	0.45138333333333336	0.5698666666666667	0.5511666666666667	0.5057166666666667	0.48738333333333334	0.49748333333333333	0.5076	0.43248333333333333	0.6656666666666667	0.47528333333333334
0.5655166666666667	0.64525	0.6329666666666667	0.5014666666666667	0.5138833333333334	0.46645000000000003	0.48655000000000004	0.6057333333333333	0.46805	0.5633166666666667	0.55505	0.48635	0.5459666666666667	0.5691	0.47635	0.5218	0.5054000000000001	0.5592333333333334	0.5094000000000001	0.5722666666666667	0.50935	0.5103333333333333	0.5218833333333334	0.5335666666666667	0.58035	0.45648333333333335	0.5845	0.5379333333333334	0.53095	0.5768833333333334	0.5145833333333334	0.5211833333333333	0.5066166666666667	0.5607833333333334	0.5747833333333333	0.47128333333333333	0.51625	0.5143833333333333	0.48268333333333335	0.50965	0.55455	0.48018333333333335	0.4709666666666667	0.5156333333333334	0.5499666666666667	0.5434333333333333	0.45143333333333335	0.5704	0.5730333333333334	0.5514333333333333	0.4675	0.5497166666666667	0.5662	0.5597666666666667	0.49623333333333336	0.59655	0.5682666666666667	0.5117666666666667	0.5296166666666667	0.54035	0.5327500000000001	0.4349166666666667	0.5587166666666666	0.523	0.46835000000000004	0.49983333333333335	0.5325	0.4748666666666667	0.50185	0.5881500000000001	0.5575	0.5922833333333334	0.5836833333333333	0.47176666666666667	0.4389	0.4968	0.54345	0.5379666666666667	0.5196666666666667	0.5565166666666667	0.5522166666666667	0.48186666666666667	0.48015	0.5212333333333333	0.5165166666666667	0.4655666666666667	0.56245	0.51475	0.497	0.5089	0.4642	0.5488000000000001	0.4656	0.5793333333333334	0.49368333333333336	0.50985	0.4728833333333334	0.47455	0.4861666666666667	0.5275000000000001
0.5352333333333333	0.6232	0.5185166666666667	0.5298166666666667	0.498	0.49788333333333334	0.5026833333333334	0.4615	0.44748333333333334	0.53485	0.4384166666666667	0.5350166666666667	0.5882333333333334	0.5098666666666667	0.5117666666666667	0.5982166666666667	0.6314333333333334	0.4295833333333334	0.5615	0.4925166666666667	0.5395166666666666	0.42910000000000004	0.5362833333333333	0.4775166666666667	0.5800166666666667	0.48065	0.5898166666666667	0.52205	0.52585	0.46248333333333336	0.5232	0.5419	0.5224833333333334	0.5110333333333333	0.4888	0.45965	0.5629000000000001	0.4557666666666667	0.47023333333333334	0.48650000000000004	0.48883333333333334	0.46033333333333337	0.46166666666666667	0.4787166666666667	0.52795	0.51925	0.6076666666666667	0.5290166666666667	0.5855	0.48281666666666667	0.5861500000000001	0.48175	0.4729166666666667	0.5419166666666667	0.5617	0.5155333333333334	0.5950833333333334	0.5854833333333334	0.6126	0.51805	0.4658666666666667	0.4333666666666667	0.5636833333333333	0.5121333333333333	0.5623333333333334	0.42718333333333336	0.6332333333333333	0.52425	0.5059333333333333	0.4915166666666667	0.5647333333333333	0.5438333333333334	0.50815	0.4612833333333334	0.4665666666666667	0.5585833333333333	0.55615	0.4651	0.5243333333333333	0.5555	0.4837666666666667	0.4873	0.5504666666666667	0.5046666666666667	0.45155	0.49393333333333334	0.49851666666666666	0.5224333333333333	0.5944666666666667	0.5250833333333333	0.40176666666666666	0.56435	0.47223333333333334	0.5749166666666667	0.5896166666666667	0.62805	0.5796833333333333	0.6103166666666667	0.5409666666666667	0.5313
0.53555	0.5119833333333333	0.5892833333333334	0.5303666666666667	0.5297666666666667	0.6660666666666667	0.5040333333333333	0.5721666666666667	0.5011666666666666	0.5341166666666667	0.46903333333333336	0.5072833333333333	0.4925333333333334	0.5095500000000001	0.5041833333333333	0.49141666666666667	0.5044166666666667	0.47758333333333336	0.5294333333333333	0.5218666666666667	0.5918	0.464	0.5472166666666667	0.48215	0.5811666666666667	0.5427166666666667	0.5986333333333334	0.5055666666666667	0.49555000000000005	0.64915	0.5308833333333334	0.48150000000000004	0.6286333333333334	0.53845	0.5418833333333334	0.5202	0.5246666666666667	0.5144333333333334	0.4856666666666667	0.49595	0.5451166666666667	0.5108833333333334	0.5346833333333334	0.47276666666666667	0.48515	0.51795	0.5174500000000001	0.5104000000000001	0.5718333333333334	0.6015666666666667	0.56915	0.3899666666666667	0.56855	0.5707833333333333	0.48145000000000004	0.47750000000000004	0.5810833333333334	0.4988666666666667	0.4748666666666667	0.5350833333333334	0.48263333333333336	0.5245000000000001	0.5769500000000001	0.48985	0.5160833333333333	0.47526666666666667	0.5693333333333334	0.5586	0.5069333333333333	0.5326000000000001	0.5548333333333334	0.5586166666666667	0.4814333333333334	0.59595	0.5026166666666667	0.4857666666666667	0.49918333333333337	0.4731666666666667	0.5619833333333334	0.5857666666666667	0.5389333333333334	0.57845	0.5512666666666667	0.49425	0.5956833333333333	0.5141833333333333	0.5698500000000001	0.4567	0.50895	0.4791166666666667	0.51825	0.4861166666666667	0.5823833333333334	0.5893833333333334	0.44558333333333333	0.5367166666666667	0.44208333333333333	0.433	0.4671166666666667	0.50105
0.5369666666666667	0.43668333333333337	0.4565666666666667	0.5953	0.5514	0.63505	0.4827	0.5618666666666667	0.5075166666666667	0.5319666666666667	0.5244666666666666	0.47708333333333336	0.6330166666666667	0.44906666666666667	0.5415833333333333	0.47100000000000003	0.48555000000000004	0.5873833333333334	0.47045000000000003	0.4313	0.4875166666666667	0.5735333333333333	0.4896166666666667	0.4923	0.5703166666666667	0.4827166666666667	0.5991166666666667	0.5188666666666667	0.4814833333333334	0.5832333333333334	0.61405	0.5871500000000001	0.5572166666666667	0.5209	0.5301166666666667	0.5693166666666667	0.5609500000000001	0.58385	0.48550000000000004	0.50005	0.5866	0.5718666666666667	0.5721166666666667	0.5538166666666667	0.5962166666666667	0.5268666666666667	0.47875	0.609	0.48400000000000004	0.5442666666666667	0.48783333333333334	0.5353666666666667	0.5398666666666667	0.5116333333333334	0.5086	0.4521	0.44223333333333337	0.5768666666666667	0.5338333333333334	0.5312833333333333	0.5996166666666667	0.5015833333333334	0.5157833333333334	0.5322333333333333	0.5833666666666667	0.5316166666666667	0.5085000000000001	0.5766666666666667	0.5261	0.53115	0.5369166666666667	0.49365000000000003	0.44103333333333333	0.49165000000000003	0.5045833333333334	0.5880500000000001	0.5422333333333333	0.6111833333333334	0.4747166666666667	0.514	0.5826666666666667	0.4839666666666667	0.4945333333333334	0.48215	0.5497333333333334	0.5548500000000001	0.5307333333333334	0.4486666666666667	0.5230166666666667	0.5139	0.46835000000000004	0.4955833333333334	0.5884666666666667	0.5548000000000001	0.4976666666666667	0.5991333333333334	0.52495	0.5321	0.4970333333333334	0.5419833333333334
0.5854	0.4597333333333334	0.5059666666666667	0.5469	0.51175	0.4768666666666667	0.6426000000000001	0.5069833333333333	0.5431666666666667	0.49015000000000003	0.49078333333333335	0.5890166666666667	0.5128666666666667	0.5418666666666667	0.5292833333333333	0.5155166666666667	0.5713333333333334	0.47118333333333334	0.6315500000000001	0.5097	0.5886666666666667	0.4784666666666667	0.49875	0.48828333333333335	0.45311666666666667	0.5617166666666666	0.4438666666666667	0.45658333333333334	0.4920166666666667	0.4865166666666667	0.59595	0.5166166666666667	0.47300000000000003	0.5445666666666666	0.5679333333333334	0.49646666666666667	0.5559000000000001	0.5289666666666667	0.47298333333333337	0.5397666666666667	0.5526333333333333	0.5452166666666667	0.5698833333333334	0.5688500000000001	0.4686166666666667	0.5075666666666667	0.5279166666666667	0.5639166666666667	0.53805	0.5915166666666667	0.5478500000000001	0.5757166666666667	0.4869	0.5438666666666667	0.48958333333333337	0.4623666666666667	0.5092333333333333	0.5034166666666667	0.52025	0.6007666666666667	0.4938	0.5174666666666667	0.5257166666666667	0.5272833333333333	0.44998333333333335	0.5088166666666667	0.51195	0.5661166666666667	0.5747333333333333	0.5329	0.4941666666666667	0.6194333333333334	0.5343	0.4341166666666667	0.5824666666666667	0.6227166666666667	0.4960166666666667	0.49655000000000005	0.5838666666666666	0.4821166666666667	0.5792166666666667	0.5588833333333334	0.5655333333333333	0.5754666666666667	0.47268333333333334	0.4955166666666667	0.5696666666666667	0.5327000000000001	0.5276833333333334	0.5517666666666667	0.5182833333333333	0.4787166666666667	0.6089666666666667	0.4704666666666667	0.57035	0.55365	0.5188666666666667	0.5066166666666667	0.46165	0.5129666666666667
0.5271166666666667	0.5109833333333333	0.5870500000000001	0.50665	0.5430666666666667	0.5761166666666667	0.5014166666666667	0.4700166666666667	0.5561833333333334	0.5174	0.49935	0.5640333333333334	0.4924833333333334	0.5400666666666667	0.50025	0.4893166666666667	0.5384833333333333	0.47063333333333335	0.5511833333333334	0.5079	0.4100666666666667	0.5124333333333334	0.5963166666666667	0.49000000000000005	0.6370833333333333	0.5072166666666666	0.54735	0.48910000000000003	0.5258666666666667	0.48378333333333334	0.5251166666666667	0.5836166666666667	0.5835	0.4287	0.5559333333333334	0.4967166666666667	0.51285	0.5724666666666667	0.5014500000000001	0.5408333333333334	0.51865	0.5095666666666667	0.5267166666666667	0.47395000000000004	0.5801333333333334	0.5004666666666667	0.5262666666666667	0.49023333333333335	0.5518166666666667	0.4964166666666667	0.5460333333333334	0.49983333333333335	0.48363333333333336	0.49996666666666667	0.5710666666666667	0.4665166666666667	0.5082166666666666	0.45835000000000004	0.57945	0.5421666666666667	0.5402333333333333	0.5699333333333334	0.49193333333333333	0.5424166666666667	0.48943333333333333	0.5177333333333334	0.5283333333333333	0.6323833333333334	0.4799333333333334	0.5257333333333334	0.5979666666666666	0.5098166666666667	0.48233333333333334	0.5702166666666667	0.5675333333333333	0.43855	0.5785166666666667	0.47563333333333335	0.6212666666666667	0.49223333333333336	0.4782	0.5376833333333334	0.5197833333333334	0.5993333333333334	0.45790000000000003	0.52635	0.6058333333333333	0.4688666666666667	0.48260000000000003	0.5477166666666667	0.6116	0.44425000000000003	0.5476833333333334	0.5950333333333334	0.5179666666666667	0.42700000000000005	0.5094666666666667	0.5264833333333333	0.5082333333333333	0.43968333333333337
0.47795000000000004	0.5293	0.4881166666666667	0.4606	0.49563333333333337	0.5774333333333334	0.6411833333333333	0.5796666666666667	0.4853166666666667	0.5637	0.49918333333333337	0.4536	0.4886666666666667	0.5569166666666667	0.5087	0.5218333333333334	0.5217666666666667	0.49568333333333336	0.5640666666666667	0.4913666666666667	0.5371833333333333	0.4942166666666667	0.5716333333333333	0.4802166666666667	0.5583833333333333	0.4536	0.5784333333333334	0.4405833333333333	0.4931666666666667	0.47950000000000004	0.5411833333333333	0.5479833333333334	0.50575	0.5406666666666667	0.6010666666666667	0.5533333333333333	0.56505	0.5688666666666667	0.4637	0.6023333333333334	0.46603333333333335	0.5302	0.5021166666666667	0.5135166666666667	0.6024333333333334	0.5154	0.5462333333333333	0.4638666666666667	0.5421333333333334	0.5272	0.5719500000000001	0.4966666666666667	0.49210000000000004	0.48623333333333335	0.5727	0.5581333333333334	0.4540666666666667	0.5496166666666666	0.5734166666666667	0.58325	0.5181666666666667	0.5868333333333333	0.536	0.46213333333333334	0.5066166666666667	0.4893	0.4978666666666667	0.5067	0.46080000000000004	0.50495	0.47828333333333334	0.50485	0.6010500000000001	0.5611166666666667	0.61605	0.48936666666666667	0.54315	0.5730166666666667	0.47600000000000003	0.5127166666666667	0.46335000000000004	0.5279833333333334	0.5911833333333334	0.5638666666666667	0.5114666666666667	0.5657333333333333	0.5139	0.5635833333333333	0.49643333333333334	0.555	0.48545000000000005	0.5666833333333333	0.5731833333333334	0.5043500000000001	0.44693333333333335	0.5444	0.5689500000000001	0.4688166666666667	0.5417000000000001	0.48428333333333334
0.5678000000000001	0.4421166666666667	0.5405333333333333	0.5200833333333333	0.5384333333333333	0.5000666666666667	0.4832666666666667	0.615	0.5226666666666667	0.5538666666666667	0.4377166666666667	0.5105000000000001	0.5416166666666667	0.4851166666666667	0.4870166666666667	0.4923666666666667	0.5614	0.5325333333333334	0.5105166666666667	0.5921833333333334	0.51995	0.48755000000000004	0.51915	0.47831666666666667	0.47583333333333333	0.5801333333333334	0.5648833333333334	0.51175	0.52205	0.55055	0.48808333333333337	0.4813	0.6143833333333334	0.54135	0.6402833333333333	0.5871666666666667	0.42081666666666667	0.5771333333333334	0.4960833333333334	0.4495166666666667	0.57815	0.46218333333333333	0.5193666666666666	0.5395333333333333	0.5540333333333334	0.5629166666666667	0.5479166666666667	0.5525166666666667	0.55715	0.5198166666666667	0.4892666666666667	0.5736333333333333	0.5820333333333334	0.5303333333333333	0.5292333333333333	0.5596833333333333	0.5327333333333334	0.5210833333333333	0.5305833333333334	0.4854333333333334	0.55595	0.5886	0.49698333333333333	0.54045	0.5561333333333334	0.5176000000000001	0.5915333333333334	0.5511	0.5426333333333334	0.5320166666666667	0.5915833333333333	0.5779000000000001	0.6231666666666666	0.47003333333333336	0.5773166666666667	0.4764333333333334	0.5147166666666667	0.5140333333333333	0.5318666666666667	0.45543333333333336	0.5172833333333333	0.5161166666666667	0.5149666666666667	0.5023	0.5247666666666667	0.5670666666666667	0.4941166666666667	0.5832833333333334	0.6043000000000001	0.5160166666666667	0.4513666666666667	0.4353666666666667	0.5335833333333334	0.4711	0.6081666666666667	0.5650166666666667	0.5386833333333334	0.5860000000000001	0.5242	0.4887166666666667
0.56115	0.6098333333333333	0.5252666666666667	0.5893	0.4399666666666667	0.5209833333333334	0.57365	0.46498333333333336	0.4549	0.5239666666666667	0.57765	0.5224333333333333	0.4942666666666667	0.5733166666666667	0.5484	0.6217	0.4083	0.5417500000000001	0.46595000000000003	0.5649500000000001	0.5383333333333333	0.5522833333333333	0.5555	0.5068333333333334	0.50375	0.45748333333333335	0.6259333333333333	0.5216000000000001	0.5572833333333334	0.5023666666666667	0.5419	0.5484833333333333	0.5638500000000001	0.49060000000000004	0.49978333333333336	0.4932666666666667	0.48595000000000005	0.47181666666666666	0.5441	0.4887166666666667	0.55955	0.4976166666666667	0.49815000000000004	0.5585666666666667	0.5114666666666667	0.46555	0.5762666666666667	0.5079333333333333	0.46	0.5921333333333334	0.5152833333333333	0.5318666666666667	0.48995	0.5199166666666667	0.5350166666666667	0.5599833333333334	0.5487833333333334	0.5750000000000001	0.4496833333333334	0.5341833333333333	0.49260000000000004	0.5287666666666667	0.6104666666666667	0.48983333333333334	0.5583166666666667	0.47465	0.5255166666666667	0.5345166666666666	0.5356166666666667	0.4708166666666667	0.4742	0.4422666666666667	0.5646333333333333	0.47981666666666667	0.47905000000000003	0.5287333333333334	0.4799666666666667	0.4660666666666667	0.5713833333333334	0.5793333333333334	0.49243333333333333	0.5747166666666667	0.5008666666666667	0.5507333333333334	0.5024833333333334	0.5008833333333333	0.4767166666666667	0.5805333333333333	0.5877666666666667	0.5264	0.466	0.5141666666666667	0.48513333333333336	0.5347500000000001	0.41850000000000004	0.6047666666666667	0.49970000000000003	0.6335166666666667	0.5495	0.5369333333333334
0.5279333333333334	0.49745	0.4623166666666667	0.4823	0.48715	0.49938333333333335	0.5901833333333334	0.49848333333333333	0.5069833333333333	0.5642333333333334	0.5187833333333334	0.49623333333333336	0.5791833333333334	0.6242	0.4878	0.49870000000000003	0.5752333333333334	0.5281833333333333	0.56965	0.6064166666666667	0.54285	0.5126666666666667	0.5820833333333334	0.46995000000000003	0.5155333333333334	0.4978666666666667	0.47073333333333334	0.5245666666666667	0.49735	0.4723333333333334	0.5242	0.49018333333333336	0.54835	0.5294333333333333	0.5326166666666667	0.52205	0.5557833333333334	0.4633666666666667	0.5722166666666667	0.5578000000000001	0.4930333333333334	0.49278333333333335	0.5225000000000001	0.49596666666666667	0.6079333333333333	0.4801166666666667	0.46985000000000005	0.5067666666666667	0.5040333333333333	0.4693166666666667	0.5294833333333333	0.5383	0.5577500000000001	0.54105	0.5684166666666667	0.5260333333333334	0.5175500000000001	0.49113333333333337	0.5057833333333334	0.5459333333333334	0.5051333333333333	0.4662	0.53615	0.5132	0.5499833333333334	0.5419833333333334	0.5299166666666667	0.5551	0.5229	0.5623	0.5359666666666667	0.5047666666666667	0.5778	0.5000166666666667	0.53505	0.5231666666666667	0.5250333333333334	0.4834166666666667	0.5324	0.5217166666666667	0.62715	0.5955333333333334	0.57545	0.5176833333333334	0.55495	0.45915	0.5163333333333333	0.5518000000000001	0.5366333333333334	0.4526	0.49513333333333337	0.5896333333333333	0.6064666666666667	0.6319833333333333	0.5802666666666667	0.5451833333333334	0.5414833333333333	0.4026166666666667	0.5637333333333333	0.6005833333333334
0.5168833333333334	0.5202333333333333	0.4397666666666667	0.57585	0.47098333333333336	0.5167833333333334	0.48090000000000005	0.47886666666666666	0.5285666666666667	0.5011333333333333	0.5320333333333334	0.5087333333333334	0.49793333333333334	0.5195333333333334	0.48673333333333335	0.5379666666666667	0.5411166666666667	0.5547166666666667	0.5096	0.5093166666666666	0.5105833333333334	0.5214166666666666	0.4868166666666667	0.46530000000000005	0.4503666666666667	0.4434	0.5014166666666667	0.5872166666666667	0.5504166666666667	0.5507500000000001	0.5670833333333334	0.44988333333333336	0.5960166666666668	0.46665	0.55245	0.5278333333333334	0.5302833333333333	0.5663	0.54345	0.4895333333333334	0.5293166666666667	0.5914666666666667	0.5160666666666667	0.52985	0.5283666666666667	0.5320333333333334	0.4570666666666667	0.5278333333333334	0.4732166666666667	0.5741833333333334	0.4648333333333334	0.5918333333333333	0.48385	0.5574333333333333	0.5356666666666667	0.5096	0.5553833333333333	0.5380333333333334	0.48315	0.57245	0.5586333333333333	0.5063666666666667	0.5682166666666667	0.5797833333333333	0.55105	0.6154833333333334	0.44761666666666666	0.5553166666666667	0.5806166666666667	0.5887833333333333	0.5269166666666667	0.5325500000000001	0.5938333333333333	0.5586666666666666	0.5370833333333334	0.5239666666666667	0.5729333333333334	0.48478333333333334	0.5183	0.5076333333333334	0.53075	0.4508666666666667	0.6656833333333334	0.5527500000000001	0.5732166666666667	0.4691166666666667	0.4835666666666667	0.5360166666666667	0.54835	0.4739666666666667	0.5020166666666667	0.47383333333333333	0.5068833333333334	0.4656166666666667	0.49660000000000004	0.4772666666666667	0.5228	0.5880500000000001	0.44308333333333333	0.5053
0.5416333333333334	0.4882	0.5774333333333334	0.47573333333333334	0.5410166666666667	0.57755	0.48991666666666667	0.4845666666666667	0.5921333333333334	0.5977	0.47928333333333334	0.5481333333333334	0.5529166666666667	0.5503333333333333	0.499	0.5503833333333333	0.46415	0.5408333333333334	0.5506833333333334	0.49178333333333335	0.54605	0.5263	0.5502333333333334	0.5278166666666667	0.5811833333333334	0.49678333333333335	0.5327833333333334	0.6030166666666666	0.48360000000000003	0.6335000000000001	0.5105833333333334	0.4746166666666667	0.4657	0.5161166666666667	0.4890166666666667	0.4799666666666667	0.55645	0.5192666666666667	0.5700833333333334	0.5718666666666667	0.46675	0.5042	0.54915	0.45603333333333335	0.5542166666666667	0.6104166666666667	0.52225	0.5755833333333333	0.45133333333333336	0.48215	0.50685	0.5214666666666667	0.43495	0.48705000000000004	0.41113333333333335	0.5542166666666667	0.5360166666666667	0.61775	0.5050833333333333	0.47850000000000004	0.5425666666666666	0.5488833333333334	0.55955	0.5212666666666667	0.54135	0.49518333333333336	0.5608333333333334	0.4217	0.5197	0.6168166666666667	0.5246333333333334	0.5273666666666667	0.41853333333333337	0.5277000000000001	0.38783333333333336	0.46948333333333336	0.4764666666666667	0.46075000000000005	0.5621833333333334	0.5930833333333334	0.5322833333333333	0.4703666666666667	0.5329833333333334	0.47315	0.4606	0.5404333333333333	0.5611166666666667	0.5783	0.54905	0.47478333333333333	0.58875	0.5350166666666667	0.5563666666666667	0.5352166666666667	0.5379166666666667	0.5235166666666667	0.5226500000000001	0.48725	0.56435	0.5380833333333334
0.51395	0.5361	0.5636833333333333	0.5305166666666667	0.4857166666666667	0.5169	0.46721666666666667	0.5862	0.5244333333333333	0.5156833333333334	0.49845	0.6018833333333333	0.5492333333333334	0.6597833333333334	0.5313166666666667	0.5270666666666667	0.48453333333333337	0.52875	0.50725	0.5720166666666667	0.5307833333333334	0.4668833333333334	0.41173333333333334	0.49068333333333336	0.5131666666666667	0.4758	0.4103	0.44998333333333335	0.48360000000000003	0.5032333333333333	0.6161166666666666	0.5223166666666667	0.5259666666666667	0.50975	0.5441333333333334	0.4840166666666667	0.5539166666666667	0.43875000000000003	0.5434	0.5808666666666666	0.49845	0.5316666666666667	0.5293833333333333	0.4258	0.5169833333333334	0.4943166666666667	0.4644666666666667	0.56935	0.5861000000000001	0.5386166666666667	0.45266666666666666	0.4790666666666667	0.5689500000000001	0.5711166666666667	0.5919666666666666	0.5637333333333333	0.54405	0.52575	0.4131666666666667	0.5113166666666666	0.5412166666666667	0.5410166666666667	0.5768166666666666	0.4670666666666667	0.51075	0.4991333333333334	0.4788833333333334	0.48625	0.5268333333333334	0.49625	0.5215833333333334	0.54905	0.47440000000000004	0.5565	0.5536333333333333	0.4672	0.5544	0.5620166666666667	0.5515666666666666	0.5694833333333333	0.54395	0.5263666666666666	0.5098	0.5360833333333334	0.5099333333333333	0.4894	0.48063333333333336	0.44470000000000004	0.5194	0.48935	0.5863166666666667	0.4681166666666667	0.5650000000000001	0.49518333333333336	0.43553333333333333	0.49643333333333334	0.5439833333333334	0.5003166666666667	0.5660000000000001	0.48218333333333335
0.47785	0.4784333333333334	0.5128	0.48978333333333335	0.5565166666666667	0.5563	0.5005166666666667	0.58225	0.5414	0.5081166666666667	0.56355	0.5597666666666667	0.5547666666666667	0.5772666666666667	0.4985	0.55615	0.5307000000000001	0.48641666666666666	0.42745	0.6255833333333334	0.5631666666666667	0.5277166666666667	0.5632166666666667	0.4994	0.43935	0.5399833333333334	0.58365	0.4645666666666667	0.4609166666666667	0.5959166666666667	0.49175	0.59385	0.5071666666666667	0.5447166666666667	0.49668333333333337	0.5693333333333334	0.47640000000000005	0.5022833333333333	0.5165166666666667	0.5570333333333334	0.5213666666666666	0.5700000000000001	0.4743666666666667	0.5278833333333334	0.4994	0.5020166666666667	0.5026333333333334	0.5487333333333334	0.52435	0.51325	0.6013833333333334	0.5030833333333333	0.6	0.49388333333333334	0.5614833333333333	0.5009666666666667	0.5287666666666667	0.5611833333333334	0.5899666666666668	0.47786666666666666	0.5236000000000001	0.5075166666666667	0.4956666666666667	0.5550166666666667	0.5934333333333334	0.5072333333333333	0.5374	0.5034000000000001	0.4357166666666667	0.46840000000000004	0.52895	0.4261666666666667	0.529	0.53235	0.5236666666666667	0.4648666666666667	0.5033666666666667	0.5124500000000001	0.48975	0.5250166666666667	0.5445333333333333	0.4408666666666667	0.48208333333333336	0.5179333333333334	0.4980833333333334	0.5210666666666667	0.5532	0.5244166666666666	0.41718333333333335	0.4445	0.48086666666666666	0.58365	0.5154	0.5419333333333334	0.5642666666666667	0.47181666666666666	0.48333333333333334	0.42895	0.5395833333333333	0.48573333333333335
0.6335500000000001	0.5386166666666667	0.47028333333333333	0.5352833333333333	0.5211333333333333	0.5517833333333334	0.4335	0.4781	0.4911166666666667	0.4452166666666667	0.53735	0.5137666666666667	0.4985	0.49495	0.5691	0.4362166666666667	0.5656666666666667	0.4967666666666667	0.5199666666666667	0.45668333333333333	0.5293833333333333	0.5325333333333334	0.5273666666666667	0.5444666666666667	0.521	0.5603166666666667	0.45470000000000005	0.5598333333333334	0.5414833333333333	0.5674	0.4691166666666667	0.5287666666666667	0.5687666666666666	0.5221	0.46535000000000004	0.5144333333333334	0.5121666666666667	0.6463666666666666	0.5261833333333333	0.5870500000000001	0.4990666666666667	0.54655	0.5763166666666667	0.5618000000000001	0.5416000000000001	0.5323	0.6162666666666667	0.5257000000000001	0.55255	0.5447333333333334	0.5102333333333333	0.47240000000000004	0.5104666666666667	0.5329333333333334	0.51995	0.5546	0.47658333333333336	0.49688333333333334	0.5435	0.4971666666666667	0.5095833333333334	0.5559166666666667	0.45405	0.5492166666666667	0.5191833333333333	0.549	0.5002666666666666	0.39948333333333336	0.46268333333333334	0.5327666666666667	0.49383333333333335	0.5496166666666666	0.47298333333333337	0.5479166666666667	0.5104833333333334	0.5523	0.5573	0.4970833333333334	0.46253333333333335	0.48691666666666666	0.46363333333333334	0.5047333333333334	0.49055000000000004	0.5204500000000001	0.4499166666666667	0.4747	0.45885000000000004	0.6426000000000001	0.5392333333333333	0.5947833333333333	0.5464333333333333	0.49278333333333335	0.5591333333333334	0.5201	0.5407166666666667	0.5047666666666667	0.5120833333333333	0.48068333333333335	0.5349666666666667	0.5286333333333334
0.4398166666666667	0.5591166666666667	0.5131	0.5959833333333333	0.4817666666666667	0.5443166666666667	0.48423333333333335	0.5057333333333334	0.523	0.45038333333333336	0.5007166666666667	0.42758333333333337	0.55255	0.49848333333333333	0.43668333333333337	0.48236666666666667	0.5118333333333334	0.55815	0.5236166666666667	0.50595	0.5444	0.5047	0.45415	0.4555	0.5636166666666667	0.5416500000000001	0.5436166666666667	0.49723333333333336	0.5341666666666667	0.5358	0.5865833333333333	0.5370666666666667	0.5625166666666667	0.5498833333333334	0.49465000000000003	0.47335000000000005	0.4966166666666667	0.5998166666666667	0.50975	0.4688166666666667	0.5145000000000001	0.5107833333333334	0.4384166666666667	0.5710666666666667	0.5279	0.5405166666666666	0.47555000000000003	0.5233666666666666	0.5832333333333334	0.5546333333333333	0.5470333333333334	0.5026833333333334	0.5613166666666667	0.5503166666666667	0.5099333333333333	0.5008833333333333	0.6277	0.5328833333333334	0.6075333333333334	0.5340833333333334	0.6051333333333334	0.5476666666666667	0.5352166666666667	0.5363166666666667	0.5081666666666667	0.5201	0.56805	0.5827833333333333	0.5001	0.5716333333333333	0.5035000000000001	0.5500833333333334	0.5072166666666666	0.5233166666666667	0.62165	0.5735166666666667	0.5419833333333334	0.5772666666666667	0.5191333333333333	0.6214500000000001	0.5473666666666667	0.47435000000000005	0.49851666666666666	0.5063666666666667	0.4627833333333334	0.5339166666666667	0.46405	0.4625166666666667	0.5396000000000001	0.4378	0.4921666666666667	0.5614166666666667	0.5485	0.4476333333333333	0.4608666666666667	0.46130000000000004	0.48050000000000004	0.5136833333333334	0.5275666666666667	0.4859
0.59135	0.4583166666666667	0.48028333333333334	0.5073666666666667	0.54325	0.5236166666666667	0.5748333333333333	0.49175	0.5680000000000001	0.44188333333333335	0.551	0.5016	0.4814833333333334	0.5267333333333334	0.4842166666666667	0.4909666666666667	0.45665	0.6505333333333334	0.40490000000000004	0.46	0.49135	0.5084166666666667	0.5216666666666667	0.54515	0.5302	0.5194166666666666	0.5210333333333333	0.4516833333333334	0.5295	0.5165500000000001	0.5135666666666667	0.5354833333333333	0.5853	0.5729833333333334	0.5498166666666667	0.5094166666666667	0.5280333333333334	0.5399	0.5917666666666667	0.5681333333333334	0.47990000000000005	0.6238666666666667	0.6111166666666666	0.5142833333333333	0.5146000000000001	0.5411666666666667	0.6103166666666667	0.5368666666666667	0.5957	0.4401666666666667	0.4945166666666667	0.4791166666666667	0.53995	0.6086333333333334	0.56365	0.5918833333333333	0.5546833333333333	0.5334666666666666	0.5178	0.55815	0.5576666666666666	0.5061833333333333	0.5383666666666667	0.4842166666666667	0.46840000000000004	0.47723333333333334	0.6048833333333333	0.5260833333333333	0.5057166666666667	0.49770000000000003	0.5542333333333334	0.5388666666666667	0.5828833333333333	0.5317666666666667	0.52375	0.5877666666666667	0.53015	0.5407666666666667	0.48810000000000003	0.5380333333333334	0.5765166666666667	0.5090166666666667	0.6011666666666667	0.5105666666666667	0.5197833333333334	0.46775	0.5849166666666666	0.4587666666666667	0.46248333333333336	0.5931000000000001	0.6029	0.5508166666666667	0.5503	0.48491666666666666	0.5549833333333334	0.5285833333333334	0.4983166666666667	0.5242833333333333	0.5058333333333334	0.57575
0.5531666666666667	0.45215	0.4894833333333334	0.5336833333333334	0.5818166666666666	0.5361833333333333	0.53585	0.49735	0.5003333333333334	0.5271666666666667	0.5063166666666666	0.44445	0.4595666666666667	0.45871666666666666	0.50085	0.5575166666666667	0.46508333333333335	0.5844833333333334	0.5269	0.50785	0.5874666666666667	0.5324166666666666	0.5896166666666667	0.4733333333333334	0.5695166666666667	0.53685	0.4725166666666667	0.5793833333333334	0.5683833333333334	0.5727833333333333	0.5120333333333333	0.5061	0.5396500000000001	0.44575000000000004	0.5962000000000001	0.5522166666666667	0.6201333333333333	0.4308666666666667	0.5248166666666667	0.4670166666666667	0.5076833333333334	0.5103666666666667	0.5116166666666667	0.5602333333333334	0.5371166666666667	0.49445	0.5144166666666667	0.5269333333333334	0.5260333333333334	0.5510666666666667	0.6258333333333334	0.5952666666666667	0.5606	0.4811666666666667	0.5412	0.42188333333333333	0.5633666666666667	0.49313333333333337	0.5131333333333333	0.5165333333333334	0.5386333333333334	0.5612333333333334	0.5189833333333334	0.5591	0.43348333333333333	0.5501666666666667	0.5365833333333334	0.5885833333333333	0.5321166666666667	0.51705	0.5670166666666667	0.5580333333333334	0.5688666666666667	0.5529666666666667	0.46653333333333336	0.5283333333333333	0.53075	0.60145	0.54525	0.49523333333333336	0.5597833333333334	0.5796833333333333	0.48205000000000003	0.47531666666666667	0.5115833333333334	0.39485000000000003	0.5228333333333334	0.4716166666666667	0.49823333333333336	0.5297166666666667	0.5312	0.59565	0.5270166666666667	0.5169	0.5605	0.5164166666666667	0.5378833333333334	0.43523333333333336	0.5823166666666667	0.5154500000000001
0.5277333333333334	0.43095	0.4698833333333334	0.47786666666666666	0.44838333333333336	0.5045333333333334	0.5590166666666667	0.503	0.61565	0.4652	0.5322166666666667	0.47935	0.46093333333333336	0.5064333333333334	0.5741166666666667	0.49743333333333334	0.506	0.6534500000000001	0.5730500000000001	0.5008833333333333	0.5095166666666667	0.46726666666666666	0.4859333333333334	0.5127166666666667	0.4308	0.5089333333333333	0.52845	0.5193333333333333	0.5116833333333334	0.5094166666666667	0.5306833333333334	0.49223333333333336	0.4896166666666667	0.4679666666666667	0.5053666666666667	0.6074833333333334	0.5461833333333334	0.5210166666666667	0.5261666666666667	0.4960833333333334	0.5978166666666667	0.5290333333333334	0.45366666666666666	0.5729000000000001	0.5223833333333333	0.5581333333333334	0.5416000000000001	0.5080333333333333	0.4897	0.5641333333333334	0.5619333333333334	0.5583166666666667	0.5091333333333333	0.5571666666666667	0.5151	0.49155000000000004	0.49433333333333335	0.6053666666666667	0.5021333333333333	0.42693333333333333	0.5875166666666667	0.5163166666666666	0.532	0.5276666666666667	0.4771666666666667	0.5536333333333333	0.5548500000000001	0.5704666666666667	0.5414833333333333	0.5889833333333334	0.5363666666666667	0.5472333333333333	0.4282	0.46113333333333334	0.60485	0.52795	0.47508333333333336	0.5824666666666667	0.6135	0.49160000000000004	0.5476666666666667	0.4502333333333334	0.5528166666666667	0.4877666666666667	0.6509	0.51815	0.5620833333333334	0.44475000000000003	0.53245	0.5391333333333334	0.46908333333333335	0.5698500000000001	0.49663333333333337	0.4994	0.5185166666666667	0.6210166666666667	0.4979166666666667	0.5403166666666667	0.5796166666666667	0.45380000000000004
0.4946166666666667	0.49033333333333334	0.5765	0.5740166666666667	0.48185	0.5303666666666667	0.5357833333333334	0.5632333333333334	0.47908333333333336	0.4814666666666667	0.5137	0.5184666666666667	0.6	0.5417333333333334	0.44645	0.49278333333333335	0.60995	0.5373166666666667	0.4990833333333334	0.5274666666666666	0.42178333333333334	0.5529166666666667	0.5547833333333334	0.5095833333333334	0.5703666666666667	0.5241166666666667	0.49801666666666666	0.5379	0.4847666666666667	0.4934	0.6148	0.4786666666666667	0.48975	0.5375833333333334	0.50065	0.5345	0.5745	0.6074666666666667	0.47798333333333337	0.49565000000000003	0.5718666666666667	0.6462166666666667	0.5470666666666667	0.48250000000000004	0.5448166666666667	0.51515	0.5128833333333334	0.5648833333333334	0.5769666666666667	0.47968333333333335	0.57725	0.5003333333333334	0.5255166666666667	0.45715	0.4482166666666667	0.5341166666666667	0.46385000000000004	0.5289333333333334	0.53075	0.5390333333333334	0.5504166666666667	0.5569166666666667	0.5201333333333333	0.5624333333333333	0.53235	0.4827666666666667	0.4919833333333334	0.52795	0.5638500000000001	0.47190000000000004	0.5242666666666667	0.5254333333333333	0.5496166666666666	0.5840000000000001	0.5683833333333334	0.5003000000000001	0.49805000000000005	0.45953333333333335	0.41565	0.53695	0.48153333333333337	0.5350166666666667	0.49063333333333337	0.5221	0.48273333333333335	0.5216333333333334	0.38625000000000004	0.46878333333333333	0.5103666666666667	0.4875166666666667	0.4415833333333333	0.44738333333333336	0.5962500000000001	0.42195000000000005	0.45083333333333336	0.45793333333333336	0.56835	0.4937	0.5406166666666667	0.4989
0.5238833333333334	0.5508000000000001	0.55665	0.5559333333333334	0.48941666666666667	0.5470833333333334	0.5990500000000001	0.4414	0.5733	0.51075	0.5568500000000001	0.5083333333333333	0.5052	0.5283166666666667	0.5432166666666667	0.6048333333333333	0.5114833333333334	0.5817166666666667	0.49818333333333337	0.52	0.50175	0.40735000000000005	0.49933333333333335	0.5055166666666667	0.5551833333333334	0.5480833333333334	0.5085000000000001	0.49473333333333336	0.44493333333333335	0.5243833333333333	0.45025000000000004	0.4290666666666667	0.52185	0.5225500000000001	0.4892	0.5514166666666667	0.46875	0.5256500000000001	0.5997833333333333	0.5073500000000001	0.54285	0.62295	0.5341666666666667	0.5952500000000001	0.5147166666666667	0.5008833333333333	0.5000333333333333	0.5143833333333333	0.5007333333333334	0.50085	0.5140666666666667	0.5800500000000001	0.46680000000000005	0.5518166666666667	0.4409166666666667	0.48090000000000005	0.5671833333333334	0.5014833333333334	0.51215	0.46353333333333335	0.55045	0.5207166666666667	0.5193833333333333	0.5160333333333333	0.5008333333333334	0.5814666666666667	0.54935	0.52815	0.4734666666666667	0.5574333333333333	0.5050333333333333	0.5603333333333333	0.5271666666666667	0.5068666666666667	0.5203833333333333	0.4265666666666667	0.5038166666666667	0.50305	0.4883166666666667	0.5579333333333334	0.5723166666666667	0.4748666666666667	0.49396666666666667	0.5452666666666667	0.4870166666666667	0.5049	0.5389166666666667	0.5725666666666667	0.60885	0.5426833333333334	0.5126000000000001	0.49093333333333333	0.5352666666666667	0.61675	0.5312666666666667	0.4619166666666667	0.5396666666666667	0.5497500000000001	0.46513333333333334	0.5917
0.4436333333333334	0.56055	0.4973666666666667	0.5246333333333334	0.5078666666666667	0.5342666666666667	0.5448000000000001	0.49091666666666667	0.5421	0.49296666666666666	0.48295000000000005	0.5073666666666667	0.54725	0.49643333333333334	0.5212666666666667	0.5468833333333334	0.49243333333333333	0.5199	0.5438000000000001	0.49010000000000004	0.5143333333333333	0.49855000000000005	0.5344166666666667	0.5825166666666667	0.5367666666666667	0.47475	0.5593	0.5535	0.5653166666666667	0.4521833333333334	0.58065	0.5365833333333334	0.4987166666666667	0.5153333333333333	0.54545	0.49648333333333333	0.5288666666666667	0.5009333333333333	0.5605	0.5579500000000001	0.54495	0.5607833333333334	0.5366333333333334	0.4167666666666667	0.54825	0.4074166666666667	0.5463166666666667	0.6013833333333334	0.48075	0.4675166666666667	0.56135	0.5550666666666667	0.4996166666666667	0.5751833333333334	0.46721666666666667	0.5614666666666667	0.53555	0.5070666666666667	0.5491833333333334	0.57265	0.5827666666666667	0.4925333333333334	0.5660166666666667	0.5347500000000001	0.4911666666666667	0.558	0.5026666666666667	0.5221666666666667	0.5831166666666667	0.5454833333333333	0.5919333333333333	0.5232333333333333	0.49541666666666667	0.44956666666666667	0.5021	0.4852666666666667	0.5778666666666666	0.5559000000000001	0.5037333333333334	0.5699166666666667	0.5113333333333333	0.5074833333333334	0.4960333333333334	0.4985666666666667	0.5119	0.49825	0.5456833333333334	0.5225833333333334	0.5629666666666667	0.6243500000000001	0.45393333333333336	0.4724666666666667	0.5593666666666667	0.53025	0.49945	0.5276500000000001	0.545	0.5546666666666666	0.5417500000000001	0.5175333333333334
0.54125	0.5239166666666667	0.6245833333333334	0.5026833333333334	0.5303166666666667	0.59395	0.44628333333333337	0.45183333333333336	0.46168333333333333	0.5674666666666667	0.5843333333333334	0.6023833333333334	0.5524166666666667	0.4950333333333334	0.5048333333333334	0.5751000000000001	0.6140833333333333	0.5797166666666667	0.6270833333333333	0.5692333333333334	0.5488500000000001	0.5205666666666667	0.5622666666666667	0.5119833333333333	0.5847166666666667	0.5884666666666667	0.4481666666666667	0.5468500000000001	0.5984666666666667	0.5155833333333334	0.5474333333333333	0.6204500000000001	0.5109833333333333	0.5209	0.43525	0.5673666666666667	0.4977666666666667	0.5565	0.5346166666666667	0.47683333333333333	0.5291833333333333	0.5318333333333334	0.4567166666666667	0.5515833333333333	0.48378333333333334	0.4506666666666667	0.4721	0.61595	0.5112166666666667	0.5296666666666667	0.46755	0.4684666666666667	0.5845833333333333	0.5157	0.5159333333333334	0.5035333333333334	0.41515	0.5512666666666667	0.5825833333333333	0.4481833333333334	0.48125	0.5104166666666667	0.5922000000000001	0.4737	0.5619000000000001	0.48936666666666667	0.49245	0.5084666666666667	0.5436833333333334	0.5215500000000001	0.5175666666666667	0.5271666666666667	0.54055	0.5036	0.5600833333333334	0.6301	0.5036	0.5723833333333334	0.5156166666666667	0.6263333333333334	0.5859166666666666	0.5523166666666667	0.5716333333333333	0.48410000000000003	0.6001000000000001	0.5184666666666667	0.5099666666666667	0.5766333333333333	0.5	0.5201166666666667	0.47208333333333335	0.45765	0.5161	0.47953333333333337	0.5777166666666667	0.5814	0.4718333333333334	0.5634166666666667	0.4760166666666667	0.5729666666666667
0.56005	0.5527000000000001	0.5871166666666667	0.5813	0.5854833333333334	0.5003833333333334	0.48828333333333335	0.54695	0.5413666666666667	0.5605333333333333	0.6095	0.6383333333333334	0.6376333333333334	0.6027833333333333	0.5158833333333334	0.5293166666666667	0.544	0.5507000000000001	0.47455	0.5632166666666667	0.5276833333333334	0.48488333333333333	0.45435000000000003	0.56725	0.5691833333333334	0.5157333333333334	0.4973666666666667	0.5747166666666667	0.5077333333333334	0.5336833333333334	0.4993166666666667	0.5135666666666667	0.53145	0.5927666666666667	0.5407666666666667	0.6344000000000001	0.5800000000000001	0.4646666666666667	0.5840500000000001	0.5245166666666667	0.5209166666666667	0.5275333333333334	0.4634666666666667	0.5656333333333333	0.5512	0.4889833333333334	0.5071333333333333	0.5077666666666667	0.5635333333333333	0.59185	0.5436500000000001	0.49118333333333336	0.4904	0.5276833333333334	0.46503333333333335	0.48835	0.5798166666666666	0.5819166666666667	0.45038333333333336	0.49563333333333337	0.44438333333333335	0.5485	0.5148833333333334	0.5234	0.58285	0.4335333333333334	0.5400166666666667	0.5658000000000001	0.56465	0.4888	0.5265833333333334	0.5999666666666666	0.47053333333333336	0.5526	0.46921666666666667	0.5380666666666667	0.5105666666666667	0.6037333333333333	0.6271166666666667	0.45638333333333336	0.47595000000000004	0.53135	0.5067333333333334	0.5249833333333334	0.49946666666666667	0.49410000000000004	0.5690333333333334	0.57015	0.5346166666666667	0.48988333333333334	0.48760000000000003	0.48793333333333333	0.5733333333333334	0.5765166666666667	0.4595666666666667	0.44615000000000005	0.5313833333333333	0.54645	0.48560000000000003	0.49185
0.49948333333333333	0.46768333333333334	0.4927666666666667	0.49485	0.5376833333333334	0.48610000000000003	0.5334833333333333	0.5289333333333334	0.5194	0.49145	0.5182	0.41841666666666666	0.6255666666666667	0.5566	0.5352	0.5332833333333333	0.5058333333333334	0.5265333333333334	0.5760500000000001	0.5952500000000001	0.5969666666666666	0.4759166666666667	0.4927166666666667	0.5993	0.51025	0.5861000000000001	0.48800000000000004	0.5439833333333334	0.5750166666666667	0.5800666666666667	0.5054833333333334	0.51125	0.5427000000000001	0.45603333333333335	0.48988333333333334	0.5673166666666667	0.44353333333333333	0.5383	0.5128666666666667	0.47308333333333336	0.5174500000000001	0.5599833333333334	0.5499166666666667	0.5110333333333333	0.4936166666666667	0.5134000000000001	0.49745	0.4852166666666667	0.52235	0.5300166666666667	0.5573666666666667	0.5285666666666667	0.4906666666666667	0.5389666666666667	0.5204500000000001	0.45965	0.5221666666666667	0.46705	0.5518333333333334	0.5457333333333334	0.49400000000000005	0.5609166666666667	0.5106166666666667	0.5073500000000001	0.52835	0.4363166666666667	0.6369166666666667	0.57325	0.6050333333333333	0.5142333333333333	0.5380166666666667	0.5110166666666667	0.6008166666666667	0.5058333333333334	0.52435	0.52275	0.5419	0.5254166666666666	0.52245	0.45513333333333333	0.5116	0.4844333333333334	0.5221666666666667	0.5226333333333334	0.5206666666666667	0.42200000000000004	0.5079	0.4765166666666667	0.5307166666666667	0.5343166666666667	0.49008333333333337	0.4718333333333334	0.5313166666666667	0.43285	0.4277666666666667	0.6101333333333334	0.6177	0.6437666666666667	0.5369	0.5735833333333333
0.5004333333333334	0.5229	0.47318333333333334	0.5417500000000001	0.5804833333333334	0.4896666666666667	0.5945	0.5479	0.5786	0.5116666666666667	0.5618500000000001	0.5427833333333334	0.4131166666666667	0.47955000000000003	0.4798	0.6029666666666667	0.5172666666666667	0.5773333333333334	0.5109666666666667	0.5271	0.5887166666666667	0.5190833333333333	0.56245	0.5364833333333333	0.6236666666666667	0.5686166666666667	0.6097166666666667	0.3900666666666667	0.53785	0.4973	0.46568333333333334	0.5186000000000001	0.49948333333333333	0.5420333333333334	0.47748333333333337	0.5464166666666667	0.5371333333333334	0.5201833333333333	0.5787666666666667	0.4679166666666667	0.5395166666666666	0.5372833333333333	0.45885000000000004	0.5342833333333333	0.5097333333333334	0.4978666666666667	0.43460000000000004	0.4801666666666667	0.5676833333333333	0.49655000000000005	0.4708	0.4398166666666667	0.47415	0.5806833333333333	0.4782166666666667	0.5468833333333334	0.5315	0.5183666666666666	0.5412333333333333	0.5501333333333334	0.5281666666666667	0.48833333333333334	0.5308166666666667	0.48313333333333336	0.54555	0.5179333333333334	0.56915	0.5986333333333334	0.5552166666666667	0.5007333333333334	0.49428333333333335	0.5225500000000001	0.5332666666666667	0.5538833333333334	0.48181666666666667	0.5745666666666667	0.50195	0.5482833333333333	0.5138666666666667	0.6040666666666666	0.47981666666666667	0.4992166666666667	0.4806	0.48310000000000003	0.5345833333333334	0.5526833333333334	0.4570166666666667	0.4661666666666667	0.5130833333333333	0.4936666666666667	0.5577833333333334	0.5086333333333334	0.5193333333333333	0.5336500000000001	0.4824166666666667	0.4961166666666667	0.46216666666666667	0.6259333333333333	0.5779666666666667	0.49058333333333337
0.5318666666666667	0.42031666666666667	0.5104333333333334	0.45661666666666667	0.5073666666666667	0.5108333333333334	0.4537166666666667	0.48600000000000004	0.4993166666666667	0.44515000000000005	0.5327333333333334	0.5080333333333333	0.5501666666666667	0.6286166666666667	0.4678833333333334	0.5309833333333334	0.6555666666666667	0.4730666666666667	0.5023833333333334	0.4888166666666667	0.6215333333333334	0.528	0.5516666666666666	0.5458833333333334	0.5985166666666667	0.5544333333333333	0.5514833333333333	0.5368833333333334	0.5230166666666667	0.5348833333333334	0.5372333333333333	0.59445	0.4312	0.466	0.53845	0.6361833333333333	0.5075166666666667	0.4883166666666667	0.53905	0.49925	0.4765666666666667	0.5063	0.44565000000000005	0.5436	0.5179	0.46735000000000004	0.518	0.5552333333333334	0.5066166666666667	0.5003500000000001	0.5190333333333333	0.5502166666666667	0.5194	0.41818333333333335	0.5306166666666667	0.48310000000000003	0.4976166666666667	0.5294833333333333	0.46065	0.49955000000000005	0.4984	0.4371166666666667	0.5992000000000001	0.6250166666666667	0.5216333333333334	0.5391833333333333	0.5452833333333333	0.5969333333333333	0.6013000000000001	0.6019166666666667	0.4794833333333334	0.47728333333333334	0.5511	0.6257	0.4985	0.5319833333333334	0.5239166666666667	0.45165	0.55345	0.5609500000000001	0.44010000000000005	0.50895	0.6211166666666667	0.59995	0.5329666666666667	0.5905	0.5320666666666667	0.5966333333333333	0.48573333333333335	0.6500333333333334	0.52005	0.47673333333333334	0.52595	0.43743333333333334	0.54285	0.5160666666666667	0.5349833333333334	0.5212	0.5095500000000001	0.5189833333333334
0.5521166666666667	0.4976166666666667	0.5326666666666667	0.5845333333333333	0.55425	0.55325	0.5589666666666667	0.5468166666666667	0.6153166666666667	0.5816	0.54915	0.49388333333333334	0.54615	0.5228833333333334	0.5317833333333334	0.6227833333333334	0.5118833333333334	0.47315	0.5204500000000001	0.5372333333333333	0.37475	0.5267000000000001	0.5042333333333333	0.53805	0.5145500000000001	0.5594	0.4893	0.5335166666666666	0.5077166666666667	0.47615	0.5445833333333333	0.4758666666666667	0.4323666666666667	0.5656833333333333	0.48536666666666667	0.57845	0.5289	0.5251	0.46523333333333333	0.6007833333333333	0.4555166666666667	0.5537166666666667	0.5147666666666667	0.50205	0.5093666666666667	0.5055666666666667	0.5484833333333333	0.45415	0.5049666666666667	0.5194166666666666	0.5735166666666667	0.5184	0.53435	0.47318333333333334	0.5462833333333333	0.50165	0.5237333333333334	0.56435	0.52725	0.5285166666666667	0.4598166666666667	0.50935	0.4852166666666667	0.5392666666666667	0.4695666666666667	0.5437000000000001	0.46088333333333337	0.5514166666666667	0.50115	0.4950666666666667	0.6254000000000001	0.5313833333333333	0.4980666666666667	0.6146833333333334	0.5709000000000001	0.48975	0.5354	0.5332	0.49178333333333335	0.5364333333333333	0.4887166666666667	0.5547500000000001	0.5431666666666667	0.5910500000000001	0.46621666666666667	0.43595	0.6365833333333334	0.6202166666666667	0.6344833333333334	0.45825000000000005	0.52345	0.45411666666666667	0.5601166666666667	0.53585	0.5290833333333333	0.4959	0.52725	0.52185	0.4824333333333334	0.4581
0.58385	0.48081666666666667	0.4502666666666667	0.5413666666666667	0.5799333333333334	0.4918	0.53855	0.5121	0.5146000000000001	0.5412666666666667	0.5226833333333334	0.5502833333333333	0.45458333333333334	0.5241	0.46435000000000004	0.5453	0.5283666666666667	0.4965666666666667	0.5242	0.5054500000000001	0.5622833333333334	0.55865	0.5435	0.5527666666666667	0.5219833333333334	0.5110333333333333	0.5156166666666667	0.5260666666666667	0.5333333333333333	0.5751666666666667	0.48433333333333334	0.4945333333333334	0.41945000000000005	0.49833333333333335	0.5232	0.5849166666666666	0.5348	0.49833333333333335	0.5956166666666667	0.4986166666666667	0.5568000000000001	0.47663333333333335	0.5284333333333333	0.4859333333333334	0.5168333333333334	0.4957166666666667	0.4653666666666667	0.47595000000000004	0.5746666666666667	0.44638333333333335	0.5662	0.46440000000000003	0.5257000000000001	0.48863333333333336	0.5066	0.6212333333333334	0.5494833333333333	0.4794333333333334	0.5574333333333333	0.47768333333333335	0.47295000000000004	0.5594333333333333	0.4804666666666667	0.5515833333333333	0.5306333333333334	0.5222666666666667	0.46158333333333335	0.50685	0.57645	0.5966	0.5739000000000001	0.4874	0.5282833333333333	0.5296666666666667	0.5650666666666667	0.5080333333333333	0.6180833333333333	0.5446833333333334	0.5370166666666667	0.5439833333333334	0.5376666666666667	0.5199	0.51125	0.5437333333333334	0.49291666666666667	0.5724	0.4710166666666667	0.5166333333333334	0.6515666666666667	0.6192000000000001	0.4844333333333334	0.5718	0.5014500000000001	0.43515000000000004	0.4758	0.5317333333333334	0.5239833333333334	0.4938	0.5674	0.5535
0.5941000000000001	0.5206000000000001	0.5031166666666667	0.5523	0.5047666666666667	0.5963333333333334	0.4873166666666667	0.5181	0.5397666666666667	0.6044666666666667	0.5716166666666667	0.5617333333333333	0.5840166666666667	0.48438333333333333	0.501	0.5304666666666666	0.47925	0.5464	0.4730666666666667	0.48418333333333335	0.5354166666666667	0.5521666666666667	0.5711833333333334	0.4367666666666667	0.50975	0.5712833333333334	0.5377166666666667	0.45768333333333333	0.54705	0.5092	0.5153666666666666	0.52715	0.5162	0.44758333333333333	0.5905166666666667	0.53505	0.49438333333333334	0.5658833333333334	0.5737	0.46293333333333336	0.5288333333333334	0.46585000000000004	0.5694	0.56925	0.5457500000000001	0.48360000000000003	0.5257166666666667	0.4505	0.49985	0.5503166666666667	0.5363666666666667	0.5386000000000001	0.4957666666666667	0.4839166666666667	0.4969	0.49250000000000005	0.5033333333333334	0.4155666666666667	0.4732166666666667	0.4852	0.5878833333333333	0.59485	0.45893333333333336	0.47328333333333333	0.52405	0.5494833333333333	0.5102333333333333	0.5453833333333333	0.5371666666666667	0.5138833333333334	0.5415833333333333	0.4582	0.53525	0.4870166666666667	0.42065	0.5335833333333334	0.4765666666666667	0.5378166666666667	0.5539666666666667	0.50825	0.5899	0.4942166666666667	0.46216666666666667	0.50095	0.5573666666666667	0.5329833333333334	0.5395166666666666	0.5804	0.5546833333333333	0.5136666666666667	0.47285000000000005	0.46175000000000005	0.5179166666666667	0.5016333333333334	0.5553333333333333	0.4352666666666667	0.517	0.5558333333333334	0.5432166666666667	0.5384833333333333
0.5433333333333333	0.57585	0.5429	0.5652166666666667	0.5816833333333333	0.5863166666666667	0.4835666666666667	0.557	0.49433333333333335	0.5453	0.4985	0.5545	0.5770666666666667	0.4721166666666667	0.4684166666666667	0.5613166666666667	0.6577166666666667	0.5347000000000001	0.4749166666666667	0.5573333333333333	0.5249333333333334	0.6	0.5133833333333333	0.5304166666666666	0.6038166666666667	0.5034666666666667	0.5836333333333333	0.49951666666666666	0.4844666666666667	0.5273666666666667	0.53945	0.49975	0.4733333333333334	0.4883	0.5423333333333333	0.5585166666666667	0.46913333333333335	0.54425	0.5585666666666667	0.4932666666666667	0.5129333333333334	0.4400833333333334	0.4345833333333334	0.50675	0.4543166666666667	0.4215666666666667	0.48413333333333336	0.49235	0.5208	0.4836666666666667	0.47053333333333336	0.4935666666666667	0.5307666666666667	0.4701	0.4653166666666667	0.4977666666666667	0.4635166666666667	0.5100333333333333	0.5679333333333334	0.47200000000000003	0.46630000000000005	0.5337833333333334	0.5787166666666667	0.5133	0.5769000000000001	0.45463333333333333	0.53415	0.43753333333333333	0.5617666666666667	0.42778333333333335	0.524	0.5349166666666667	0.5399333333333334	0.5602166666666667	0.6065	0.46073333333333333	0.52245	0.5668166666666667	0.66855	0.4356666666666667	0.5129833333333333	0.55405	0.48415	0.5415833333333333	0.5517833333333334	0.5284	0.5333333333333333	0.48685	0.4903166666666667	0.5075833333333334	0.5699166666666667	0.5197833333333334	0.5013000000000001	0.5124333333333334	0.5613833333333333	0.42608333333333337	0.4951666666666667	0.5451833333333334	0.63685	0.53635
0.5135833333333334	0.4872666666666667	0.6376166666666667	0.43915000000000004	0.4975333333333334	0.5276833333333334	0.52895	0.51315	0.4190666666666667	0.48523333333333335	0.49343333333333333	0.5809666666666667	0.48888333333333334	0.6301833333333333	0.54045	0.5331833333333333	0.5353	0.5540333333333334	0.5123333333333333	0.49946666666666667	0.5683166666666667	0.50285	0.5760500000000001	0.5203333333333333	0.5050166666666667	0.5522833333333333	0.6292333333333333	0.5703166666666667	0.5771333333333334	0.5920333333333334	0.4900333333333334	0.4727	0.5327666666666667	0.4182	0.5496166666666666	0.49643333333333334	0.42788333333333334	0.49210000000000004	0.4582	0.45598333333333335	0.55215	0.5034166666666667	0.5315	0.4658666666666667	0.5133	0.4927166666666667	0.5874833333333334	0.5471	0.5100666666666667	0.5007833333333334	0.5121166666666667	0.5371666666666667	0.5075500000000001	0.5047166666666667	0.5755666666666667	0.5315	0.49938333333333335	0.4590666666666667	0.4617	0.4923666666666667	0.5151833333333333	0.4204666666666667	0.5150333333333333	0.4876666666666667	0.56205	0.5113666666666666	0.5694333333333333	0.5213166666666667	0.5052	0.5111666666666667	0.47713333333333335	0.5668333333333334	0.4711166666666667	0.60375	0.4791166666666667	0.4693333333333334	0.5230666666666667	0.5235833333333334	0.5550666666666667	0.48235	0.5188333333333334	0.5904666666666667	0.51665	0.4909	0.47785	0.41578333333333334	0.49093333333333333	0.5448000000000001	0.5165833333333334	0.55505	0.5648833333333334	0.5954	0.5291	0.50865	0.5300666666666667	0.5094166666666667	0.5074166666666667	0.49510000000000004	0.5214833333333334	0.5010333333333333
0.542	0.5841666666666667	0.49945	0.5264	0.4919833333333334	0.5851333333333334	0.5259666666666667	0.5152333333333333	0.5923666666666667	0.48081666666666667	0.49443333333333334	0.47318333333333334	0.41963333333333336	0.5060666666666667	0.5686166666666667	0.54815	0.4510166666666667	0.5999833333333333	0.5432666666666667	0.5102666666666666	0.45965	0.4407666666666667	0.5645666666666667	0.4505	0.50255	0.4347166666666667	0.5123666666666666	0.5045833333333334	0.5736333333333333	0.42868333333333336	0.4829333333333334	0.4980833333333334	0.5850666666666667	0.5337833333333334	0.59065	0.5697833333333333	0.45	0.6166166666666667	0.5111333333333333	0.36375	0.6494166666666668	0.5191833333333333	0.5809166666666667	0.5292333333333333	0.4881666666666667	0.4804333333333334	0.5740000000000001	0.4334166666666667	0.5235500000000001	0.4777166666666667	0.4802666666666667	0.5333666666666667	0.43993333333333334	0.49485	0.45988333333333337	0.5474	0.4546	0.50915	0.45908333333333334	0.45175000000000004	0.5223833333333333	0.5819666666666667	0.5387666666666667	0.539	0.5635666666666667	0.5117833333333334	0.5062166666666666	0.5342	0.6156	0.4491	0.5354166666666667	0.6391166666666667	0.4787166666666667	0.48058333333333336	0.44738333333333336	0.6098666666666667	0.5577666666666667	0.4911666666666667	0.6173833333333334	0.57125	0.5162166666666667	0.5894833333333334	0.5897833333333333	0.5549833333333334	0.4673666666666667	0.5399833333333334	0.5024666666666667	0.6071166666666667	0.5590166666666667	0.4835666666666667	0.5136333333333334	0.53075	0.5015000000000001	0.47245000000000004	0.5092333333333333	0.5072	0.6251666666666666	0.44715000000000005	0.5087333333333334	0.45593333333333336
0.4797	0.52705	0.5118	0.47790000000000005	0.5663666666666667	0.5856166666666667	0.5367666666666667	0.44478333333333336	0.47795000000000004	0.45285000000000003	0.5724333333333333	0.5068666666666667	0.4741166666666667	0.5009666666666667	0.52135	0.5338	0.5132833333333333	0.5246500000000001	0.5487833333333334	0.5155166666666667	0.4476833333333334	0.48945	0.5200166666666667	0.52175	0.48600000000000004	0.4615166666666667	0.49250000000000005	0.47353333333333336	0.4989	0.5691666666666667	0.45938333333333337	0.46555	0.49860000000000004	0.44758333333333333	0.5396166666666667	0.5201833333333333	0.5389333333333334	0.5298166666666667	0.46271666666666667	0.5746666666666667	0.50875	0.47078333333333333	0.46876666666666666	0.5336500000000001	0.6110666666666666	0.45738333333333336	0.4222	0.49195	0.48215	0.48040000000000005	0.43283333333333335	0.4372666666666667	0.47715	0.46635000000000004	0.5000166666666667	0.5486166666666666	0.49225	0.5163833333333333	0.4789166666666667	0.5074000000000001	0.5326833333333334	0.4902	0.5814666666666667	0.44625000000000004	0.5776666666666667	0.5689000000000001	0.6504833333333334	0.5486166666666666	0.56265	0.5178	0.5660333333333334	0.47148333333333337	0.5680666666666667	0.5697	0.44643333333333335	0.5173833333333333	0.45833333333333337	0.5596666666666666	0.47476666666666667	0.5182	0.47100000000000003	0.5181166666666667	0.47940000000000005	0.5636333333333333	0.54925	0.48258333333333336	0.5333	0.5310166666666667	0.45815	0.5777833333333333	0.5369166666666667	0.50065	0.4955166666666667	0.5049166666666667	0.5455833333333333	0.5330666666666667	0.5257333333333334	0.45890000000000003	0.5047	0.55395
0.5407333333333334	0.4918166666666667	0.5468333333333334	0.5800666666666667	0.45811666666666667	0.5083666666666667	0.5196333333333334	0.5409666666666667	0.4935166666666667	0.5871666666666667	0.6068666666666667	0.55345	0.4525166666666667	0.48038333333333333	0.4985	0.4464666666666667	0.5062833333333333	0.4889666666666667	0.5191833333333333	0.5656166666666667	0.5378166666666667	0.54045	0.6061500000000001	0.5593166666666667	0.5127	0.5339666666666667	0.55715	0.6219	0.51165	0.48658333333333337	0.5113333333333333	0.45898333333333335	0.5237	0.53625	0.5608000000000001	0.52885	0.4489166666666667	0.5158833333333334	0.5172	0.5062833333333333	0.5492166666666667	0.5000333333333333	0.45033333333333336	0.41405000000000003	0.4674166666666667	0.4935333333333334	0.4459	0.5157833333333334	0.45305	0.48333333333333334	0.42528333333333335	0.47783333333333333	0.5312833333333333	0.4599166666666667	0.5151333333333333	0.40815	0.4678833333333334	0.56115	0.5985	0.5307333333333334	0.5344166666666667	0.52185	0.46416666666666667	0.4392666666666667	0.4520166666666667	0.5329833333333334	0.5570333333333334	0.4277166666666667	0.4587333333333334	0.48741666666666666	0.5289666666666667	0.48791666666666667	0.5004166666666667	0.48765000000000003	0.49041666666666667	0.53035	0.43083333333333335	0.5290166666666667	0.43228333333333335	0.46613333333333334	0.50875	0.5419333333333334	0.6404333333333334	0.61455	0.49705000000000005	0.44110000000000005	0.4447166666666667	0.48018333333333335	0.4576	0.5537833333333334	0.4309	0.5446166666666666	0.6268333333333334	0.5784666666666667	0.5814666666666667	0.47113333333333335	0.5404	0.45335000000000003	0.4834833333333334	0.5378666666666667
0.6294333333333334	0.47578333333333334	0.4106	0.5215166666666667	0.40465	0.5617	0.5318166666666667	0.5353666666666667	0.5403166666666667	0.5720500000000001	0.5451666666666667	0.49596666666666667	0.5068333333333334	0.46518333333333334	0.4958666666666667	0.51365	0.5417333333333334	0.5049833333333333	0.6098666666666667	0.4239666666666667	0.5463833333333333	0.5607	0.5230833333333333	0.537	0.5284833333333333	0.48810000000000003	0.5127166666666667	0.5008166666666667	0.4930666666666667	0.47595000000000004	0.49543333333333334	0.5593333333333333	0.5280666666666667	0.5328166666666667	0.4900666666666667	0.5576333333333333	0.4812	0.4823	0.48138333333333333	0.4763	0.5333	0.5423	0.4325666666666667	0.4670666666666667	0.49355000000000004	0.4439166666666667	0.47805000000000003	0.4834333333333334	0.4699166666666667	0.45805	0.45468333333333333	0.4193	0.41095000000000004	0.42265	0.47058333333333335	0.5254666666666666	0.52225	0.39658333333333334	0.5851333333333334	0.48928333333333335	0.4737	0.4905666666666667	0.48741666666666666	0.5107833333333334	0.49983333333333335	0.5272	0.5072	0.5288166666666667	0.5834666666666667	0.5173833333333333	0.5218666666666667	0.504	0.44033333333333335	0.49895	0.5092666666666666	0.5189333333333334	0.5426166666666667	0.5382166666666667	0.4979166666666667	0.51375	0.47840000000000005	0.5635333333333333	0.5692666666666667	0.5314333333333333	0.5925666666666667	0.47785	0.4940166666666667	0.5903166666666667	0.5275166666666667	0.5676333333333333	0.5481333333333334	0.5028166666666667	0.55065	0.5127166666666667	0.5494833333333333	0.5456333333333334	0.4779333333333334	0.5653	0.48668333333333336	0.45403333333333334
0.4159166666666667	0.4499166666666667	0.5007833333333334	0.6142333333333334	0.5298833333333334	0.49555000000000005	0.524	0.4912166666666667	0.6273500000000001	0.6035833333333334	0.5916666666666667	0.5138333333333334	0.5543333333333333	0.56915	0.5088666666666667	0.5780833333333334	0.5443333333333333	0.6083000000000001	0.5175166666666667	0.5275333333333334	0.6030833333333334	0.5581	0.5084000000000001	0.52805	0.4931166666666667	0.5000833333333333	0.50525	0.47285000000000005	0.51135	0.50905	0.5099833333333333	0.44805	0.5531	0.5245666666666667	0.5025000000000001	0.4852166666666667	0.5299833333333334	0.5775	0.5466333333333333	0.4544666666666667	0.4140166666666667	0.47718333333333335	0.46735000000000004	0.51595	0.47640000000000005	0.5031	0.5012833333333333	0.4146	0.42086666666666667	0.47190000000000004	0.5149166666666667	0.4643333333333334	0.5280666666666667	0.42525	0.49960000000000004	0.5550166666666667	0.4795166666666667	0.5157833333333334	0.4609666666666667	0.4791166666666667	0.44208333333333333	0.48705000000000004	0.5638666666666667	0.5463666666666667	0.6213833333333334	0.4332666666666667	0.5053	0.48515	0.47100000000000003	0.5272333333333333	0.5026166666666667	0.5185166666666667	0.5461	0.5504	0.5233333333333333	0.5043833333333334	0.53625	0.4935666666666667	0.52495	0.5819	0.5849833333333334	0.5019833333333333	0.5179166666666667	0.5283833333333333	0.5311	0.5374166666666667	0.4977166666666667	0.48710000000000003	0.5950333333333334	0.5591833333333334	0.5625833333333333	0.5695833333333333	0.56675	0.48228333333333334	0.5160833333333333	0.4748	0.48213333333333336	0.5077333333333334	0.5473166666666667	0.5335333333333333
0.5008333333333334	0.5456333333333334	0.6183500000000001	0.4754333333333334	0.5351	0.4859666666666667	0.5288333333333334	0.54735	0.5251333333333333	0.5054833333333334	0.62205	0.5693333333333334	0.4892166666666667	0.4637833333333334	0.44155	0.522	0.4975666666666667	0.4722	0.5245333333333334	0.4814166666666667	0.4087166666666667	0.5379833333333334	0.4854833333333334	0.5892833333333334	0.48036666666666666	0.5174666666666667	0.4805166666666667	0.4953166666666667	0.5349833333333334	0.4791666666666667	0.5427166666666667	0.45716666666666667	0.5568000000000001	0.4799333333333334	0.5277833333333334	0.4474	0.4443666666666667	0.5547666666666667	0.5269333333333334	0.5102	0.5837166666666667	0.5183333333333333	0.4740666666666667	0.4298166666666667	0.42946666666666666	0.5551	0.48136666666666666	0.39998333333333336	0.5315166666666666	0.45163333333333333	0.4376166666666667	0.41558333333333336	0.4695666666666667	0.4404	0.46138333333333337	0.5138666666666667	0.5581	0.4608166666666667	0.41231666666666666	0.43673333333333336	0.47498333333333337	0.51685	0.5294166666666666	0.60195	0.47931666666666667	0.5819	0.4798833333333334	0.48963333333333336	0.4910333333333334	0.47745000000000004	0.49491666666666667	0.52115	0.5269666666666667	0.5580333333333334	0.5824666666666667	0.67015	0.5190333333333333	0.5353833333333333	0.4344166666666667	0.53835	0.49296666666666666	0.5440333333333334	0.5519000000000001	0.5470333333333334	0.5244166666666666	0.5435	0.5786666666666667	0.5153	0.5688666666666667	0.5537000000000001	0.4957166666666667	0.5917	0.4909666666666667	0.5465	0.47918333333333335	0.5635333333333333	0.47855000000000003	0.5054166666666667	0.4918	0.5448166666666667
0.5189	0.49493333333333334	0.5219166666666667	0.49960000000000004	0.5657833333333334	0.5190333333333333	0.55465	0.44561666666666666	0.5130666666666667	0.5448000000000001	0.5195166666666667	0.5739500000000001	0.5635	0.5244833333333334	0.5509000000000001	0.5795166666666667	0.5372666666666667	0.5133666666666666	0.5749666666666667	0.6291666666666667	0.6044166666666667	0.5006666666666667	0.5370333333333334	0.45730000000000004	0.5263666666666666	0.5274	0.4587333333333334	0.5536	0.5748	0.43793333333333334	0.49895	0.61205	0.5168	0.53785	0.4708166666666667	0.38613333333333333	0.4923166666666667	0.44765000000000005	0.46621666666666667	0.42850000000000005	0.42495	0.41083333333333333	0.5720333333333334	0.43585	0.55845	0.37333333333333335	0.4801666666666667	0.44043333333333334	0.4376166666666667	0.5669833333333334	0.49660000000000004	0.4414666666666667	0.44023333333333337	0.48388333333333333	0.5003000000000001	0.4926166666666667	0.45148333333333335	0.49191666666666667	0.4729666666666667	0.5091666666666667	0.5364666666666666	0.51185	0.47983333333333333	0.49878333333333336	0.5563	0.4767	0.5817333333333333	0.5153666666666666	0.5665333333333333	0.5970666666666667	0.5353833333333333	0.5277666666666667	0.5713	0.5231333333333333	0.47623333333333334	0.55845	0.4814166666666667	0.48736666666666667	0.5188166666666667	0.5638833333333334	0.5354166666666667	0.56615	0.43915000000000004	0.52845	0.55205	0.49335	0.5296333333333334	0.5124666666666667	0.4474666666666667	0.5096166666666667	0.43393333333333334	0.5162333333333333	0.5548333333333334	0.5215000000000001	0.5873	0.46868333333333334	0.5246166666666667	0.5860000000000001	0.57925	0.5233166666666667
0.6626500000000001	0.4703166666666667	0.5254666666666666	0.45513333333333333	0.55945	0.4929	0.5142666666666666	0.5790333333333334	0.6348333333333334	0.5879333333333333	0.5599833333333334	0.4976666666666667	0.5541333333333334	0.5191166666666667	0.5406833333333334	0.5201	0.5440333333333334	0.5469333333333334	0.45955	0.5193666666666666	0.47113333333333335	0.5563666666666667	0.48693333333333333	0.4903	0.5938333333333333	0.4997166666666667	0.5113166666666666	0.5321666666666667	0.5122	0.49623333333333336	0.5560666666666667	0.5160333333333333	0.5616	0.5102166666666667	0.44778333333333337	0.5458500000000001	0.4484666666666667	0.42646666666666666	0.4829666666666667	0.45588333333333336	0.4310166666666667	0.5218333333333334	0.4646666666666667	0.48053333333333337	0.40398333333333336	0.5525833333333333	0.4985666666666667	0.5291333333333333	0.52235	0.49465000000000003	0.4356333333333334	0.5002833333333333	0.4890666666666667	0.4774166666666667	0.44005	0.5163833333333333	0.4978	0.55395	0.515	0.48200000000000004	0.5333666666666667	0.4843	0.51465	0.4041	0.5733833333333334	0.43493333333333334	0.40768333333333334	0.48418333333333335	0.435	0.5151666666666667	0.5491666666666667	0.5290166666666667	0.4574666666666667	0.5164833333333334	0.5783833333333334	0.5257833333333334	0.5174166666666667	0.5040166666666667	0.5746166666666667	0.49191666666666667	0.5722833333333334	0.47748333333333337	0.5349666666666667	0.5519000000000001	0.5701166666666667	0.5456	0.545	0.5209166666666667	0.5103666666666667	0.5473333333333333	0.4792666666666667	0.5636333333333333	0.4933666666666667	0.5035666666666667	0.5670166666666667	0.5440333333333334	0.5612166666666667	0.5875666666666667	0.5237666666666667	0.4605166666666667
0.5250166666666667	0.546	0.48645000000000005	0.5072333333333333	0.5277333333333334	0.5391166666666667	0.6020166666666666	0.5770666666666667	0.49870000000000003	0.5598000000000001	0.5403333333333333	0.5580833333333334	0.5052333333333333	0.4530166666666667	0.5175333333333334	0.4353166666666667	0.5584333333333333	0.5794166666666667	0.49985	0.5659500000000001	0.5517833333333334	0.5069	0.48723333333333335	0.47955000000000003	0.44408333333333333	0.4988166666666667	0.5240833333333333	0.4791166666666667	0.5243833333333333	0.5083666666666667	0.48763333333333336	0.4525666666666667	0.5054333333333334	0.5733666666666667	0.46365	0.45815	0.5156000000000001	0.4473166666666667	0.43628333333333336	0.46676666666666666	0.50125	0.48705000000000004	0.5043	0.4829666666666667	0.46525	0.5175000000000001	0.4091666666666667	0.4572833333333334	0.5098666666666667	0.44605	0.47458333333333336	0.5029	0.46588333333333337	0.44520000000000004	0.4446166666666667	0.4725166666666667	0.48515	0.5964166666666667	0.43818333333333337	0.5539666666666667	0.43748333333333334	0.4865166666666667	0.5814	0.49943333333333334	0.40915	0.5753	0.50495	0.47405	0.5418000000000001	0.4627666666666667	0.53615	0.5236500000000001	0.47895000000000004	0.49383333333333335	0.48455000000000004	0.4985333333333334	0.5090833333333333	0.45630000000000004	0.5004333333333334	0.4722	0.4971166666666667	0.6041000000000001	0.50605	0.4969166666666667	0.5140833333333333	0.5278166666666667	0.5399833333333334	0.48575	0.45698333333333335	0.4577833333333334	0.47573333333333334	0.5900166666666667	0.5066666666666667	0.55425	0.4846166666666667	0.5433833333333333	0.5130666666666667	0.5865333333333334	0.5651166666666667	0.5855166666666667
0.5138666666666667	0.5634166666666667	0.4613166666666667	0.4642833333333334	0.5315166666666666	0.5145333333333334	0.50865	0.5692666666666667	0.4771166666666667	0.6113500000000001	0.48713333333333336	0.5473833333333333	0.5300333333333334	0.544	0.5799000000000001	0.4307666666666667	0.46365	0.5281	0.5187833333333334	0.47293333333333337	0.5384833333333333	0.5527333333333334	0.48386666666666667	0.5688	0.5413666666666667	0.4821666666666667	0.51295	0.5333	0.44761666666666666	0.5297166666666667	0.4849666666666667	0.5347333333333334	0.5287833333333334	0.5127	0.5434	0.5158833333333334	0.50915	0.4344	0.5576333333333333	0.46708333333333335	0.5709666666666667	0.5113	0.46971666666666667	0.42065	0.44745	0.45270000000000005	0.4640166666666667	0.48835	0.5766666666666667	0.43096666666666666	0.5392	0.45061666666666667	0.4187166666666667	0.4845166666666667	0.45311666666666667	0.49241666666666667	0.47265	0.4963166666666667	0.4507166666666667	0.5616166666666667	0.4637666666666667	0.5251833333333333	0.47763333333333335	0.53905	0.45505	0.5175833333333334	0.47628333333333334	0.46618333333333334	0.5122333333333333	0.46848333333333336	0.58325	0.46645000000000003	0.5199166666666667	0.4451	0.4038166666666667	0.5761000000000001	0.49788333333333334	0.49670000000000003	0.5017666666666667	0.5278333333333334	0.48641666666666666	0.5606	0.5556666666666666	0.5574166666666667	0.5292333333333333	0.5298833333333334	0.5315833333333334	0.4796666666666667	0.52815	0.5779000000000001	0.5351166666666667	0.49205000000000004	0.5484833333333333	0.5551	0.45753333333333335	0.4773666666666667	0.5993333333333334	0.5461333333333334	0.5316166666666667	0.5185166666666667
0.5638333333333334	0.49245	0.56775	0.56865	0.5443	0.60205	0.5758333333333333	0.5579000000000001	0.44215000000000004	0.5980833333333334	0.51975	0.4978	0.5241166666666667	0.5328333333333334	0.5202333333333333	0.5592166666666667	0.5545333333333333	0.5173333333333333	0.6014333333333334	0.5644333333333333	0.45085000000000003	0.5156666666666667	0.5366833333333334	0.43315000000000003	0.5548000000000001	0.48118333333333335	0.4932666666666667	0.5101666666666667	0.5439833333333334	0.5127833333333334	0.5574666666666667	0.4395833333333334	0.5122666666666666	0.5066833333333334	0.5751833333333334	0.5025833333333334	0.4751666666666667	0.49035	0.4898166666666667	0.42445	0.51425	0.42813333333333337	0.49335	0.39325000000000004	0.5143	0.5134333333333334	0.41735	0.4905166666666667	0.4187166666666667	0.4745166666666667	0.45303333333333334	0.4846666666666667	0.45380000000000004	0.43095	0.39561666666666667	0.48425	0.4989	0.5093833333333334	0.4632666666666667	0.4324	0.46016666666666667	0.5373833333333333	0.40495000000000003	0.4415833333333333	0.44865000000000005	0.4703	0.4683666666666667	0.5149333333333334	0.45013333333333333	0.5152833333333333	0.5102333333333333	0.39985000000000004	0.5026666666666667	0.5120833333333333	0.5587166666666666	0.5249	0.51035	0.4918166666666667	0.53095	0.50785	0.5328166666666667	0.5024666666666667	0.5790833333333334	0.5385	0.5824166666666667	0.4533166666666667	0.5696333333333333	0.5200333333333333	0.5391	0.49943333333333334	0.5033500000000001	0.6034166666666667	0.4911166666666667	0.4698333333333334	0.51295	0.5658833333333334	0.43851666666666667	0.5429666666666667	0.4459166666666667	0.49623333333333336
0.5394666666666666	0.5718166666666666	0.5270166666666667	0.5270166666666667	0.5371833333333333	0.551	0.56555	0.46825	0.4887	0.5479	0.5131	0.5307333333333334	0.5225833333333334	0.5788333333333333	0.5160333333333333	0.5337000000000001	0.5230666666666667	0.50905	0.48258333333333336	0.49010000000000004	0.5467166666666667	0.48365	0.5114000000000001	0.43135	0.55825	0.5630166666666667	0.44961666666666666	0.5018666666666667	0.46073333333333333	0.4311666666666667	0.48973333333333335	0.4993166666666667	0.52885	0.5246333333333334	0.48638333333333333	0.49673333333333336	0.47968333333333335	0.5014166666666667	0.46993333333333337	0.4742	0.46113333333333334	0.48000000000000004	0.4854666666666667	0.5172	0.41395000000000004	0.48691666666666666	0.43528333333333336	0.43956666666666666	0.5416000000000001	0.5239333333333334	0.42238333333333333	0.4092	0.4353	0.3430666666666667	0.41575	0.46371666666666667	0.40275	0.5116166666666667	0.4579166666666667	0.46690000000000004	0.42378333333333335	0.5341833333333333	0.44470000000000004	0.51865	0.4317166666666667	0.5672166666666667	0.38761666666666666	0.5926833333333333	0.5543	0.5168833333333334	0.48823333333333335	0.48663333333333336	0.47690000000000005	0.5587	0.5002333333333333	0.4862666666666667	0.5578833333333334	0.5124166666666667	0.4679666666666667	0.5699333333333334	0.46373333333333333	0.5395833333333333	0.5101	0.4990333333333334	0.5641833333333334	0.46858333333333335	0.4441	0.5638000000000001	0.6294333333333334	0.48835	0.47445000000000004	0.4879666666666667	0.5541166666666667	0.5356333333333334	0.5157	0.5091	0.4856666666666667	0.5655666666666667	0.46940000000000004	0.5312833333333333
0.5092666666666666	0.4597	0.5135333333333334	0.5095833333333334	0.5196500000000001	0.5659500000000001	0.47263333333333335	0.5602833333333334	0.5183833333333333	0.5224666666666667	0.4995833333333334	0.5073333333333333	0.46553333333333335	0.5317500000000001	0.547	0.5018666666666667	0.5492333333333334	0.5518333333333334	0.5354166666666667	0.45185000000000003	0.5527333333333334	0.5482833333333333	0.5745333333333333	0.4228166666666667	0.5465	0.4905666666666667	0.5297333333333334	0.6378166666666667	0.5661333333333334	0.45166666666666666	0.49493333333333334	0.3718166666666667	0.41545000000000004	0.45690000000000003	0.47331666666666666	0.5156166666666667	0.47390000000000004	0.4679166666666667	0.5306666666666667	0.43501666666666666	0.5255000000000001	0.4699166666666667	0.4580166666666667	0.4023166666666667	0.48488333333333333	0.44298333333333334	0.49343333333333333	0.42558333333333337	0.4178	0.42283333333333334	0.42688333333333334	0.4156166666666667	0.4340833333333334	0.45893333333333336	0.48783333333333334	0.4821666666666667	0.4502333333333334	0.44803333333333334	0.42153333333333337	0.5110333333333333	0.5023666666666667	0.46033333333333337	0.44056666666666666	0.49725	0.51815	0.46755	0.46015	0.4708	0.4980833333333334	0.41936666666666667	0.5147833333333334	0.5596333333333333	0.5709333333333334	0.5313333333333333	0.46538333333333337	0.48708333333333337	0.5988333333333333	0.5422666666666667	0.47025	0.56565	0.4643666666666667	0.4560166666666667	0.5907333333333333	0.5247833333333334	0.5597166666666666	0.5251333333333333	0.54905	0.54325	0.5373	0.5557500000000001	0.5633333333333334	0.5622333333333334	0.6285833333333334	0.52785	0.5553666666666667	0.5221666666666667	0.5370666666666667	0.6160333333333333	0.5127166666666667	0.5627
0.4905666666666667	0.5389666666666667	0.62915	0.5960833333333334	0.6434833333333334	0.5174166666666667	0.51995	0.47331666666666666	0.5232666666666667	0.5829666666666667	0.61205	0.5103166666666666	0.5181666666666667	0.5599166666666667	0.55405	0.5253666666666666	0.44961666666666666	0.48053333333333337	0.47298333333333337	0.4909666666666667	0.48718333333333336	0.5366833333333334	0.46958333333333335	0.43423333333333336	0.4554166666666667	0.5394833333333333	0.5528500000000001	0.46033333333333337	0.6350833333333333	0.5128	0.49725	0.59365	0.44358333333333333	0.4738	0.41348333333333337	0.44273333333333337	0.48785	0.4858166666666667	0.5014166666666667	0.5309166666666667	0.4980833333333334	0.5392666666666667	0.45468333333333333	0.4826666666666667	0.5427833333333334	0.5224	0.4211666666666667	0.5127166666666667	0.4648333333333334	0.44308333333333333	0.47665	0.4922666666666667	0.44235	0.4080166666666667	0.4344	0.42536666666666667	0.4093	0.4585666666666667	0.43638333333333335	0.5003166666666667	0.4300666666666667	0.5217166666666667	0.5004833333333334	0.5024833333333334	0.41868333333333335	0.5810333333333334	0.5418833333333334	0.5436833333333334	0.5086666666666667	0.5468166666666667	0.5108833333333334	0.5727166666666667	0.5612333333333334	0.4913166666666667	0.4853	0.5857333333333333	0.5309833333333334	0.5535	0.5419333333333334	0.40848333333333336	0.5588000000000001	0.44623333333333337	0.57265	0.46568333333333334	0.45758333333333334	0.46508333333333335	0.48073333333333335	0.5131833333333333	0.5430666666666667	0.48535	0.45885000000000004	0.6045333333333334	0.5482166666666667	0.5728	0.5702666666666667	0.5126166666666667	0.61005	0.5366500000000001	0.5239666666666667	0.5629833333333334
0.5536166666666666	0.4955833333333334	0.5534333333333333	0.59885	0.5652666666666667	0.5985166666666667	0.5439833333333334	0.5575333333333333	0.5443666666666667	0.50715	0.49638333333333334	0.5044500000000001	0.5088166666666667	0.4878166666666667	0.4975666666666667	0.49768333333333337	0.43898333333333334	0.44455	0.5690500000000001	0.5077	0.5154833333333334	0.49820000000000003	0.5709166666666667	0.5184333333333334	0.5883	0.5243333333333333	0.5615333333333333	0.5718333333333334	0.5165500000000001	0.5249333333333334	0.5273833333333333	0.48800000000000004	0.4942666666666667	0.43855	0.5111166666666667	0.5385166666666666	0.47328333333333333	0.4489666666666667	0.5493333333333333	0.4589666666666667	0.5177	0.41186666666666666	0.48395000000000005	0.45593333333333336	0.41055	0.4464166666666667	0.43410000000000004	0.45998333333333336	0.47245000000000004	0.4451	0.3691166666666667	0.45403333333333334	0.44795	0.3228666666666667	0.4401166666666667	0.5571666666666667	0.45808333333333334	0.48433333333333334	0.4964	0.47690000000000005	0.463	0.46775	0.45020000000000004	0.4884	0.40198333333333336	0.5114000000000001	0.5480166666666667	0.5270666666666667	0.4602833333333334	0.51915	0.54895	0.4703333333333334	0.46053333333333335	0.5094833333333334	0.5196500000000001	0.46071666666666666	0.52495	0.5230166666666667	0.49173333333333336	0.5023	0.5331833333333333	0.5876833333333333	0.4963166666666667	0.5026833333333334	0.56835	0.4944	0.40548333333333336	0.6176833333333334	0.5327833333333334	0.5223333333333333	0.54215	0.5769166666666667	0.5962166666666667	0.5740166666666667	0.5154833333333334	0.5482166666666667	0.5229333333333334	0.50255	0.5035000000000001	0.5191166666666667
0.5608000000000001	0.45690000000000003	0.48705000000000004	0.52825	0.5362833333333333	0.48885	0.5148333333333334	0.4951666666666667	0.5713666666666667	0.49898333333333333	0.4275333333333334	0.45603333333333335	0.5005166666666667	0.5162333333333333	0.4846166666666667	0.5987833333333333	0.43048333333333333	0.5892666666666667	0.5448000000000001	0.5546166666666666	0.5682333333333334	0.4675166666666667	0.5368	0.5154333333333334	0.5333	0.41283333333333333	0.50065	0.56875	0.5653666666666667	0.5049333333333333	0.4154666666666667	0.5176166666666667	0.5085833333333334	0.5406500000000001	0.5892333333333334	0.48273333333333335	0.4532666666666667	0.5272	0.4886166666666667	0.4749166666666667	0.45868333333333333	0.5434166666666667	0.44948333333333335	0.3883166666666667	0.33981666666666666	0.45613333333333334	0.45128333333333337	0.43068333333333336	0.43865000000000004	0.4443166666666667	0.45553333333333335	0.3360666666666667	0.3863666666666667	0.41178333333333333	0.38253333333333334	0.4953166666666667	0.44623333333333337	0.46963333333333335	0.49150000000000005	0.49078333333333335	0.4978166666666667	0.5347500000000001	0.5131333333333333	0.47315	0.52715	0.4221166666666667	0.41065	0.5460166666666667	0.4885166666666667	0.4765166666666667	0.4375666666666667	0.54155	0.48936666666666667	0.4802166666666667	0.4642666666666667	0.4774333333333334	0.4972166666666667	0.5908333333333333	0.4952666666666667	0.51785	0.5176666666666667	0.44138333333333335	0.5286500000000001	0.47176666666666667	0.5391166666666667	0.5249666666666667	0.5265166666666667	0.5390833333333334	0.6115	0.48945	0.5491666666666667	0.48435	0.56565	0.5338166666666667	0.43498333333333333	0.4883166666666667	0.5030166666666667	0.4821666666666667	0.4820666666666667	0.5089666666666667
0.5112833333333333	0.6204333333333334	0.5741333333333334	0.47923333333333334	0.5301833333333333	0.5010666666666667	0.6021500000000001	0.5385	0.5345333333333333	0.5367333333333334	0.5559166666666667	0.5192666666666667	0.5323333333333333	0.52085	0.6510166666666667	0.58865	0.4932666666666667	0.5458666666666667	0.48605000000000004	0.4645166666666667	0.5538666666666667	0.4654666666666667	0.54185	0.5362833333333333	0.4666666666666667	0.46280000000000004	0.5306333333333334	0.46368333333333334	0.4930333333333334	0.5561666666666667	0.4607666666666667	0.4447166666666667	0.36160000000000003	0.47983333333333333	0.4560166666666667	0.49225	0.4035166666666667	0.4926166666666667	0.5041666666666667	0.48760000000000003	0.41381666666666667	0.38255	0.40726666666666667	0.42208333333333337	0.3721166666666667	0.4102166666666667	0.3809	0.39	0.39255	0.3828666666666667	0.33658333333333335	0.4602333333333334	0.36868333333333336	0.3337833333333334	0.34731666666666666	0.43903333333333333	0.43025	0.40053333333333335	0.4652833333333334	0.36595	0.4328	0.42888333333333334	0.4650166666666667	0.38675000000000004	0.5517500000000001	0.5365833333333334	0.43843333333333334	0.5358666666666667	0.5343166666666667	0.4774333333333334	0.45585000000000003	0.41425	0.5106	0.53415	0.5054500000000001	0.52985	0.46475	0.48668333333333336	0.44711666666666666	0.5270333333333334	0.5101333333333333	0.5433333333333333	0.47533333333333333	0.5486833333333334	0.6088666666666667	0.4976166666666667	0.45803333333333335	0.5306833333333334	0.5496833333333334	0.58925	0.5622333333333334	0.5840000000000001	0.4623166666666667	0.5227	0.5302333333333333	0.5980833333333334	0.4345333333333333	0.4805666666666667	0.5523166666666667	0.55465
0.5491333333333334	0.47553333333333336	0.49523333333333336	0.49218333333333336	0.5189	0.5548166666666667	0.5479833333333334	0.5491333333333334	0.5605	0.4881666666666667	0.5035833333333334	0.47983333333333333	0.5191333333333333	0.4292666666666667	0.5063	0.5620333333333334	0.4608333333333334	0.4965833333333334	0.4572666666666667	0.5656166666666667	0.5558333333333334	0.5042833333333333	0.42408333333333337	0.51565	0.5670833333333334	0.4976666666666667	0.6234833333333334	0.5189166666666667	0.4912	0.4565666666666667	0.49260000000000004	0.52125	0.5134333333333334	0.5084500000000001	0.5230666666666667	0.51565	0.45198333333333335	0.53525	0.44595	0.44988333333333336	0.4312	0.40565	0.34918333333333335	0.42935	0.44953333333333334	0.40845000000000004	0.38288333333333335	0.36746666666666666	0.35500000000000004	0.38073333333333337	0.3390666666666667	0.40163333333333334	0.32111666666666666	0.39973333333333333	0.39258333333333334	0.4048166666666667	0.45053333333333334	0.4458666666666667	0.4573166666666667	0.4898166666666667	0.4368	0.38656666666666667	0.43583333333333335	0.44770000000000004	0.44888333333333336	0.4460166666666667	0.5418333333333334	0.5091166666666667	0.6528166666666667	0.5413166666666667	0.5243833333333333	0.42341666666666666	0.5494833333333333	0.5103833333333334	0.5276500000000001	0.46950000000000003	0.5093666666666667	0.5507000000000001	0.48208333333333336	0.5306333333333334	0.4134666666666667	0.5669666666666667	0.5335166666666666	0.6201833333333333	0.48655000000000004	0.44345	0.47558333333333336	0.5034000000000001	0.5773166666666667	0.5751666666666667	0.4049166666666667	0.4928666666666667	0.51505	0.4942166666666667	0.5839833333333334	0.5287666666666667	0.4940166666666667	0.5560666666666667	0.5658833333333334	0.48158333333333336
0.6336	0.4439166666666667	0.48031666666666667	0.5135333333333334	0.5427666666666667	0.4936666666666667	0.5771166666666667	0.5165000000000001	0.5495666666666666	0.5381833333333333	0.5018333333333334	0.5343333333333333	0.5087166666666667	0.4950166666666667	0.5426	0.5204833333333334	0.5101833333333333	0.52605	0.5745	0.5217333333333334	0.48003333333333337	0.5695166666666667	0.5489333333333334	0.5313833333333333	0.5115000000000001	0.5339666666666667	0.5208666666666667	0.48425	0.5536	0.41773333333333335	0.4781166666666667	0.6097	0.48863333333333336	0.4736	0.5193166666666666	0.47883333333333333	0.42865000000000003	0.38875000000000004	0.46385000000000004	0.44206666666666666	0.42036666666666667	0.39155	0.4053333333333334	0.36751666666666666	0.3986	0.4036166666666667	0.3688	0.36446666666666666	0.3729166666666667	0.30955	0.34423333333333334	0.30863333333333337	0.3523	0.38825000000000004	0.35245000000000004	0.3638166666666667	0.36346666666666666	0.38685	0.4679166666666667	0.40735000000000005	0.42718333333333336	0.4518666666666667	0.41608333333333336	0.44578333333333336	0.4640666666666667	0.455	0.47735	0.5514833333333333	0.5169166666666667	0.5098833333333334	0.4849333333333334	0.43815000000000004	0.53195	0.5012166666666666	0.46316666666666667	0.5484666666666667	0.45458333333333334	0.49223333333333336	0.5840666666666667	0.5767166666666667	0.4887	0.4990833333333334	0.6117	0.5429333333333334	0.56155	0.39740000000000003	0.40543333333333337	0.5389333333333334	0.50915	0.5467166666666667	0.52015	0.5763166666666667	0.5425666666666666	0.4800666666666667	0.5191833333333333	0.61495	0.5146833333333334	0.5241166666666667	0.5038166666666667	0.5288333333333334
0.51735	0.5134500000000001	0.5448166666666667	0.4833	0.5152833333333333	0.5305333333333334	0.50625	0.4703166666666667	0.4945333333333334	0.46140000000000003	0.5074833333333334	0.5276666666666667	0.5305833333333334	0.7018333333333334	0.4558666666666667	0.5412166666666667	0.4144166666666667	0.5349666666666667	0.5971500000000001	0.48188333333333333	0.5170833333333333	0.48773333333333335	0.5297000000000001	0.49585	0.54085	0.5674333333333333	0.5178	0.49143333333333333	0.46945000000000003	0.4839666666666667	0.4635666666666667	0.46828333333333333	0.4361666666666667	0.43178333333333335	0.3725	0.4463166666666667	0.5194666666666667	0.49965000000000004	0.51895	0.44770000000000004	0.4532166666666667	0.38843333333333335	0.3970666666666667	0.31988333333333335	0.31725000000000003	0.33058333333333334	0.27978333333333333	0.3186	0.32225000000000004	0.32775000000000004	0.29573333333333335	0.2861666666666667	0.3047166666666667	0.29585	0.34295000000000003	0.32375000000000004	0.37353333333333333	0.38578333333333337	0.42655000000000004	0.4284833333333333	0.41700000000000004	0.45080000000000003	0.4891666666666667	0.4265666666666667	0.4272	0.47175	0.42923333333333336	0.399	0.5286166666666667	0.40795000000000003	0.49346666666666666	0.46338333333333337	0.4585	0.5506833333333334	0.44788333333333336	0.5244833333333334	0.5509333333333334	0.5892000000000001	0.48425	0.48328333333333334	0.5343666666666667	0.5336666666666667	0.5001166666666667	0.4993666666666667	0.4572666666666667	0.5132333333333333	0.5202666666666667	0.44565000000000005	0.4986333333333334	0.5783833333333334	0.5050166666666667	0.5052666666666666	0.4693166666666667	0.49038333333333334	0.5155666666666667	0.5499666666666667	0.5586666666666666	0.62755	0.49000000000000005	0.5950166666666667
0.5622666666666667	0.46363333333333334	0.5154833333333334	0.5377666666666667	0.5827	0.5596	0.5272666666666667	0.4918666666666667	0.4591166666666667	0.47050000000000003	0.5405	0.5560166666666667	0.53725	0.45470000000000005	0.5725833333333333	0.4889	0.4455	0.47295000000000004	0.4726	0.5871166666666667	0.49238333333333334	0.49045	0.56355	0.5253666666666666	0.48385	0.5064666666666667	0.41205	0.4890333333333334	0.5660833333333334	0.5368166666666667	0.5195000000000001	0.4886166666666667	0.45415	0.46268333333333334	0.4497666666666667	0.4768	0.44106666666666666	0.3821666666666667	0.4189666666666667	0.3446166666666667	0.3540166666666667	0.42325	0.3665333333333334	0.3029833333333333	0.35028333333333334	0.2659166666666667	0.3012166666666667	0.2890166666666667	0.26775	0.25303333333333333	0.22793333333333335	0.2527666666666667	0.2875166666666667	0.22516666666666668	0.34135000000000004	0.3481666666666667	0.3544666666666667	0.32555	0.3402	0.33555	0.32075000000000004	0.3737666666666667	0.38633333333333336	0.4034166666666667	0.4826666666666667	0.5213833333333333	0.49698333333333333	0.47928333333333334	0.47675	0.5248166666666667	0.5205333333333334	0.52315	0.5652833333333334	0.5560166666666667	0.4738666666666667	0.48435	0.47240000000000004	0.5057333333333334	0.56655	0.5393333333333333	0.5359833333333334	0.5177166666666667	0.5568166666666667	0.4676166666666667	0.5670000000000001	0.53005	0.5317166666666667	0.6392166666666667	0.5679833333333334	0.5021166666666667	0.5468500000000001	0.5796166666666667	0.5361	0.5192666666666667	0.5591833333333334	0.5080666666666667	0.49993333333333334	0.5785166666666667	0.5230666666666667	0.46421666666666667
0.4586166666666667	0.58525	0.5897833333333333	0.54495	0.5273	0.4806666666666667	0.5619666666666667	0.6389166666666667	0.47898333333333337	0.6379333333333334	0.5157666666666667	0.55835	0.5705833333333333	0.5462	0.5100166666666667	0.6210833333333333	0.4937	0.5330333333333334	0.5164500000000001	0.46843333333333337	0.5637833333333334	0.5435833333333333	0.5051166666666667	0.5415666666666666	0.43543333333333334	0.56725	0.5145666666666667	0.41445000000000004	0.5752666666666667	0.4225166666666667	0.4786	0.48213333333333336	0.5281333333333333	0.502	0.462	0.5109333333333334	0.44170000000000004	0.5840500000000001	0.3743166666666667	0.4181	0.33290000000000003	0.3532666666666667	0.2564	0.32905	0.2781666666666667	0.2647666666666667	0.2641	0.20450000000000002	0.20171666666666668	0.17298333333333335	0.21178333333333335	0.2581	0.22128333333333333	0.26715	0.26566666666666666	0.3166	0.28886666666666666	0.32015	0.32243333333333335	0.3141	0.40255	0.38170000000000004	0.4105166666666667	0.3987	0.5255500000000001	0.40553333333333336	0.42003333333333337	0.4357166666666667	0.44335	0.5338833333333334	0.5018	0.47375	0.498	0.5040166666666667	0.4226166666666667	0.4135166666666667	0.42463333333333336	0.51705	0.5144666666666667	0.5042333333333333	0.5219333333333334	0.5512666666666667	0.6243000000000001	0.5682333333333334	0.5551666666666667	0.55025	0.53005	0.57045	0.6656500000000001	0.50155	0.5725333333333333	0.5283833333333333	0.5675833333333333	0.5702833333333334	0.4530666666666667	0.5366500000000001	0.53045	0.57885	0.4792	0.5627333333333333
0.45938333333333337	0.5057666666666667	0.5571333333333334	0.47213333333333335	0.5253166666666667	0.4834833333333334	0.5178	0.4538666666666667	0.4815666666666667	0.5231	0.56115	0.4486666666666667	0.5148166666666667	0.5855166666666667	0.5284	0.4730666666666667	0.4216166666666667	0.4671666666666667	0.6092166666666667	0.44588333333333335	0.4869666666666667	0.49215000000000003	0.49943333333333334	0.45665	0.5614666666666667	0.5347500000000001	0.459	0.47568333333333335	0.4301666666666667	0.4595666666666667	0.5242833333333333	0.5096833333333334	0.5652333333333334	0.4547666666666667	0.38916666666666666	0.41150000000000003	0.46538333333333337	0.40800000000000003	0.36883333333333335	0.38433333333333336	0.45056666666666667	0.37920000000000004	0.27876666666666666	0.3165	0.21333333333333335	0.23778333333333335	0.21198333333333336	0.2026666666666667	0.17563333333333334	0.13906666666666667	0.15435000000000001	0.19266666666666668	0.19563333333333335	0.24306666666666668	0.22326666666666667	0.2409666666666667	0.28783333333333333	0.3048166666666667	0.39713333333333334	0.30545	0.3988333333333334	0.39263333333333333	0.4260666666666667	0.38280000000000003	0.4366333333333334	0.4886666666666667	0.47835	0.49573333333333336	0.5264166666666666	0.4524666666666667	0.5281166666666667	0.4783	0.6014666666666667	0.5526833333333334	0.5451166666666667	0.5036333333333334	0.4507666666666667	0.5137	0.42188333333333333	0.5782166666666667	0.523	0.5120333333333333	0.4471666666666667	0.5275500000000001	0.5238833333333334	0.5061166666666667	0.5429833333333334	0.5109	0.5444	0.6176666666666667	0.4721	0.5049666666666667	0.4426333333333334	0.5710166666666667	0.4760166666666667	0.48075	0.5922000000000001	0.5002333333333333	0.5199	0.5111333333333333
0.5666833333333333	0.5452833333333333	0.5739166666666667	0.5679166666666667	0.5082833333333333	0.4115666666666667	0.4744333333333334	0.5495666666666666	0.5026	0.5472166666666667	0.4254	0.5468166666666667	0.44320000000000004	0.6043333333333334	0.56665	0.5161	0.46615	0.47973333333333334	0.5228333333333334	0.50695	0.41941666666666666	0.49496666666666667	0.3934	0.5464666666666667	0.5288166666666667	0.4859833333333334	0.5283833333333333	0.6022666666666667	0.5014000000000001	0.4647	0.47390000000000004	0.5428166666666667	0.37183333333333335	0.5227833333333334	0.4860666666666667	0.4978166666666667	0.40485000000000004	0.4165166666666667	0.3302833333333334	0.3407	0.3524	0.3204	0.2925166666666667	0.30988333333333334	0.16836666666666666	0.24683333333333335	0.1647	0.17205	0.12815000000000001	0.13238333333333335	0.12041666666666667	0.15036666666666668	0.12905	0.1815166666666667	0.18503333333333336	0.22138333333333335	0.24350000000000002	0.26926666666666665	0.2786166666666667	0.3481666666666667	0.3412	0.36333333333333334	0.45555	0.4302166666666667	0.39716666666666667	0.43825000000000003	0.44165000000000004	0.5380166666666667	0.35855000000000004	0.5048166666666667	0.5084000000000001	0.4834666666666667	0.5237333333333334	0.5969833333333333	0.4896666666666667	0.4755166666666667	0.4944	0.5065166666666667	0.49396666666666667	0.43935	0.5491166666666667	0.5639833333333334	0.44528333333333336	0.5597500000000001	0.5031166666666667	0.51485	0.4281666666666667	0.54185	0.55605	0.5489166666666667	0.4745666666666667	0.5378333333333334	0.45821666666666666	0.5198666666666667	0.5500833333333334	0.4766166666666667	0.5230333333333334	0.5260333333333334	0.5660166666666667	0.46165
0.58525	0.5675666666666667	0.5595833333333333	0.5447500000000001	0.5652	0.5023	0.5766833333333333	0.52805	0.5893333333333334	0.45515	0.4537333333333334	0.5957333333333333	0.4797666666666667	0.5405166666666666	0.5660000000000001	0.51425	0.5385166666666666	0.5175666666666667	0.4925166666666667	0.49495	0.41725	0.45966666666666667	0.51325	0.5084500000000001	0.4339	0.46395000000000003	0.4840166666666667	0.5585333333333333	0.5150166666666667	0.5546166666666666	0.48655000000000004	0.5145333333333334	0.4968166666666667	0.45985000000000004	0.40105	0.3902166666666667	0.5092666666666666	0.4359	0.3980166666666667	0.37993333333333335	0.30110000000000003	0.3282	0.27308333333333334	0.22681666666666667	0.19876666666666667	0.1489	0.13376666666666667	0.09128333333333334	0.11416666666666667	0.11078333333333334	0.0858	0.07880000000000001	0.09951666666666667	0.12528333333333333	0.16006666666666666	0.19638333333333335	0.2527166666666667	0.27376666666666666	0.31798333333333334	0.31973333333333337	0.3631166666666667	0.4260166666666667	0.44620000000000004	0.46380000000000005	0.46325	0.4840666666666667	0.5015333333333334	0.4557333333333334	0.5207666666666667	0.47368333333333335	0.46213333333333334	0.51835	0.5605333333333333	0.50175	0.5136833333333334	0.48123333333333335	0.5173166666666666	0.4630666666666667	0.5264833333333333	0.4452666666666667	0.5797	0.6363833333333334	0.5092666666666666	0.5267000000000001	0.46416666666666667	0.44005	0.5670833333333334	0.6081666666666667	0.5835833333333333	0.5336833333333334	0.56835	0.5977333333333333	0.53215	0.5239333333333334	0.5240166666666667	0.5444666666666667	0.5088166666666667	0.49191666666666667	0.5187666666666667	0.6231166666666667
0.41435	0.49296666666666666	0.43568333333333337	0.48810000000000003	0.5543666666666667	0.6889333333333334	0.5196166666666667	0.5809166666666667	0.5387000000000001	0.5716666666666667	0.6061833333333334	0.51325	0.5307000000000001	0.5356166666666667	0.5041166666666667	0.45166666666666666	0.5037	0.4876166666666667	0.4295166666666667	0.5089	0.5626666666666666	0.51515	0.5022	0.5036666666666667	0.41775	0.40703333333333336	0.4865166666666667	0.4986166666666667	0.4797	0.5299833333333334	0.4687	0.50575	0.48308333333333336	0.47708333333333336	0.41113333333333335	0.374	0.4945833333333334	0.45713333333333334	0.3718666666666667	0.38895	0.2842166666666667	0.30246666666666666	0.21143333333333333	0.19763333333333336	0.14228333333333334	0.14066666666666666	0.12056666666666667	0.08245000000000001	0.062433333333333334	0.0786	0.05815	0.053450000000000004	0.09005	0.11861666666666668	0.15206666666666668	0.17776666666666668	0.20013333333333333	0.2647666666666667	0.26848333333333335	0.2727833333333333	0.35528333333333334	0.3621666666666667	0.3992833333333334	0.38338333333333335	0.3632166666666667	0.4307166666666667	0.44930000000000003	0.45265	0.48253333333333337	0.4537333333333334	0.5007	0.5028833333333333	0.5171166666666667	0.4834666666666667	0.4567166666666667	0.5478666666666667	0.5295333333333334	0.51275	0.5634166666666667	0.45513333333333333	0.5830333333333334	0.5618000000000001	0.4202166666666667	0.5114000000000001	0.43435	0.5325	0.5241333333333333	0.5181333333333333	0.5448166666666667	0.5057333333333334	0.5237166666666667	0.48655000000000004	0.49996666666666667	0.5210166666666667	0.5133333333333333	0.5308333333333334	0.5831666666666667	0.5066833333333334	0.5453833333333333	0.5198
0.43088333333333334	0.4388	0.5059333333333333	0.44825000000000004	0.51205	0.6139	0.49113333333333337	0.5004500000000001	0.5924166666666667	0.4899833333333334	0.5632166666666667	0.57955	0.5326833333333334	0.511	0.5387500000000001	0.5538666666666667	0.4637666666666667	0.47175	0.52745	0.5110333333333333	0.52585	0.5346333333333334	0.5111333333333333	0.46958333333333335	0.5298333333333334	0.4389166666666667	0.47963333333333336	0.5184166666666666	0.41000000000000003	0.4813	0.4789666666666667	0.44885	0.45658333333333334	0.47313333333333335	0.5064666666666667	0.43683333333333335	0.5051833333333333	0.4717	0.35738333333333333	0.3480166666666667	0.3587166666666667	0.2634666666666667	0.22745	0.19396666666666668	0.12798333333333334	0.10426666666666667	0.09203333333333334	0.05658333333333333	0.05721666666666667	0.06041666666666667	0.031133333333333336	0.048	0.04046666666666667	0.0903	0.11410000000000001	0.1207	0.15695	0.2700166666666667	0.25785	0.28431666666666666	0.3327	0.36623333333333336	0.37835	0.37388333333333335	0.41440000000000005	0.5264166666666666	0.399	0.47653333333333336	0.5031666666666667	0.3922333333333334	0.4436666666666667	0.5059	0.42135	0.48575	0.4617	0.5438500000000001	0.5214166666666666	0.4613666666666667	0.4967166666666667	0.4770666666666667	0.5907666666666667	0.5073166666666666	0.5665833333333333	0.53635	0.55535	0.5045833333333334	0.5359	0.43133333333333335	0.5543166666666667	0.48710000000000003	0.5241	0.46363333333333334	0.51795	0.57735	0.5382333333333333	0.56025	0.5746333333333333	0.5949666666666666	0.44105	0.5701666666666667
0.4419	0.5531166666666667	0.4986166666666667	0.50585	0.5238	0.5519333333333334	0.5041333333333333	0.5785333333333333	0.61055	0.5411666666666667	0.5519166666666667	0.5629666666666667	0.5550666666666667	0.5943	0.48468333333333335	0.5648166666666667	0.5244833333333334	0.5867666666666667	0.48410000000000003	0.5222166666666667	0.5123833333333334	0.48135	0.46318333333333334	0.56755	0.5427500000000001	0.3600666666666667	0.4708166666666667	0.48658333333333337	0.46193333333333336	0.5134333333333334	0.42238333333333333	0.42018333333333335	0.4303	0.39511666666666667	0.47798333333333337	0.37233333333333335	0.4118	0.4471	0.3544	0.28298333333333336	0.3340166666666667	0.2843	0.28741666666666665	0.18180000000000002	0.12516666666666668	0.12860000000000002	0.04763333333333333	0.05061666666666667	0.017983333333333334	0.012433333333333334	0.005216666666666667	0.019450000000000002	0.034666666666666665	0.07083333333333333	0.13586666666666666	0.14466666666666667	0.15176666666666666	0.24468333333333334	0.338	0.2944333333333333	0.3283166666666667	0.42641666666666667	0.4310666666666667	0.40003333333333335	0.33425	0.41183333333333333	0.4013666666666667	0.56015	0.50155	0.4637833333333334	0.40185000000000004	0.47753333333333337	0.5762833333333334	0.5042666666666666	0.4645	0.5560666666666667	0.5191333333333333	0.45048333333333335	0.54045	0.46463333333333334	0.5205333333333334	0.4819333333333334	0.48345000000000005	0.4629166666666667	0.4385	0.4998666666666667	0.48695000000000005	0.4945166666666667	0.5297333333333334	0.45430000000000004	0.5583666666666667	0.42685	0.4824833333333334	0.5118	0.5633	0.49868333333333337	0.5543833333333333	0.5314833333333333	0.5338333333333334	0.5561
0.5394833333333333	0.5672666666666667	0.4835166666666667	0.4919833333333334	0.5359166666666667	0.5407500000000001	0.5399	0.5337500000000001	0.4554	0.48838333333333334	0.4894833333333334	0.49405000000000004	0.5451166666666667	0.4849666666666667	0.5287666666666667	0.4730666666666667	0.5786166666666667	0.48738333333333334	0.5421166666666667	0.5773	0.4763833333333334	0.45611666666666667	0.46540000000000004	0.5092666666666666	0.4738666666666667	0.5716666666666667	0.49245	0.4842	0.52805	0.45733333333333337	0.52715	0.4547666666666667	0.5619333333333334	0.45666666666666667	0.5089333333333333	0.4285666666666667	0.43025	0.40771666666666667	0.3924	0.375	0.2707	0.2646	0.1993	0.18936666666666668	0.13113333333333335	0.08965000000000001	0.050216666666666666	0.026016666666666667	0.018366666666666667	0.005166666666666667	0.0026000000000000003	0.0094	0.032483333333333336	0.06141666666666667	0.06705	0.15216666666666667	0.16803333333333334	0.20063333333333333	0.23270000000000002	0.2981666666666667	0.2772	0.2897666666666667	0.46198333333333336	0.38593333333333335	0.4151	0.48636666666666667	0.5326166666666667	0.47423333333333334	0.40708333333333335	0.50475	0.5434333333333333	0.45328333333333337	0.49045	0.44278333333333336	0.5101666666666667	0.5062333333333333	0.5265333333333334	0.45745	0.48500000000000004	0.4639666666666667	0.4996166666666667	0.5567	0.57275	0.5194833333333334	0.4639166666666667	0.48225	0.42338333333333333	0.5684333333333333	0.5242333333333333	0.5150333333333333	0.3955	0.5503	0.5040333333333333	0.5361833333333333	0.5471833333333334	0.5471666666666667	0.5104000000000001	0.5797	0.4564166666666667	0.39535000000000003
0.5745	0.5202333333333333	0.5520833333333334	0.5651333333333334	0.5894166666666667	0.42073333333333335	0.5087833333333334	0.4189666666666667	0.46068333333333333	0.6262500000000001	0.5786666666666667	0.48085	0.5715666666666667	0.5434666666666667	0.5245000000000001	0.46118333333333333	0.5092833333333333	0.5689666666666667	0.4972166666666667	0.5664833333333333	0.4202666666666667	0.5064000000000001	0.47158333333333335	0.4287666666666667	0.4524	0.5134333333333334	0.47418333333333335	0.52885	0.49920000000000003	0.43513333333333337	0.4129666666666667	0.49025	0.46635000000000004	0.46995000000000003	0.47583333333333333	0.44863333333333333	0.4453166666666667	0.42545	0.3463833333333334	0.36265000000000003	0.2979833333333333	0.2749666666666667	0.20811666666666667	0.16281666666666667	0.13081666666666666	0.09986666666666667	0.05733333333333333	0.024083333333333335	0.0142	0.00125	0.00525	0.01455	0.024566666666666667	0.04506666666666667	0.08528333333333334	0.13926666666666668	0.16128333333333333	0.17741666666666667	0.2689666666666667	0.26178333333333337	0.3838166666666667	0.3609	0.4370666666666667	0.4797166666666667	0.4642833333333334	0.47218333333333334	0.4480166666666667	0.5356666666666667	0.4658333333333334	0.4621166666666667	0.4849666666666667	0.47650000000000003	0.48938333333333334	0.5267166666666667	0.44948333333333335	0.47025	0.4885333333333334	0.5229	0.5639666666666667	0.49263333333333337	0.51105	0.5160333333333333	0.5340166666666667	0.4641	0.4774666666666667	0.497	0.51195	0.6013000000000001	0.49050000000000005	0.54035	0.4237166666666667	0.49678333333333335	0.5003000000000001	0.48140000000000005	0.5682166666666667	0.48733333333333334	0.5238666666666667	0.46778333333333333	0.5100333333333333	0.5438333333333334
0.5311333333333333	0.4984166666666667	0.49375	0.5339333333333334	0.63765	0.6132166666666667	0.6406000000000001	0.5192666666666667	0.5602166666666667	0.5881500000000001	0.4539166666666667	0.5819666666666667	0.6425000000000001	0.43425	0.6171166666666666	0.47953333333333337	0.5226166666666667	0.4866166666666667	0.6235833333333334	0.4616	0.5427166666666667	0.50725	0.57985	0.5257333333333334	0.43965000000000004	0.6064833333333334	0.4661666666666667	0.4628333333333334	0.48960000000000004	0.4411333333333334	0.46821666666666667	0.45668333333333333	0.44160000000000005	0.39935000000000004	0.3706666666666667	0.43898333333333334	0.45505	0.36405000000000004	0.32903333333333334	0.29563333333333336	0.29925	0.2097	0.2131	0.1706666666666667	0.13963333333333333	0.08028333333333333	0.0664	0.0366	0.016900000000000002	0.019700000000000002	0.014016666666666667	0.018733333333333334	0.024216666666666668	0.061233333333333334	0.091	0.11886666666666668	0.18361666666666668	0.23318333333333335	0.2311666666666667	0.27316666666666667	0.34990000000000004	0.4140166666666667	0.3870166666666667	0.46253333333333335	0.46748333333333336	0.5455333333333333	0.40850000000000003	0.5621833333333334	0.5130333333333333	0.46623333333333333	0.47928333333333334	0.49341666666666667	0.45103333333333334	0.5445	0.49710000000000004	0.4904666666666667	0.44738333333333336	0.5288333333333334	0.5094666666666667	0.5129333333333334	0.5921333333333334	0.58065	0.5596666666666666	0.5199	0.4957166666666667	0.5879	0.6397166666666667	0.5599666666666667	0.4978166666666667	0.5796	0.45293333333333335	0.5567666666666667	0.49146666666666666	0.6119	0.47640000000000005	0.6029	0.5567833333333334	0.6475333333333334	0.4882666666666667	0.5441166666666667
0.5724666666666667	0.42295	0.5569000000000001	0.4913	0.5610833333333334	0.5082333333333333	0.5702833333333334	0.5379166666666667	0.5551666666666667	0.46490000000000004	0.4885666666666667	0.48685	0.5648500000000001	0.47525	0.5069	0.5228333333333334	0.43296666666666667	0.51905	0.50415	0.57255	0.5663333333333334	0.5600333333333334	0.5968166666666667	0.5426166666666667	0.5786666666666667	0.4633166666666667	0.56715	0.52525	0.43598333333333333	0.47603333333333336	0.4655	0.5296833333333334	0.39823333333333333	0.43896666666666667	0.43628333333333336	0.46065	0.44953333333333334	0.38108333333333333	0.4231166666666667	0.32288333333333336	0.27488333333333337	0.2857166666666667	0.26776666666666665	0.22315000000000002	0.17593333333333333	0.13575	0.09515	0.05285	0.04746666666666667	0.043750000000000004	0.030266666666666667	0.04513333333333334	0.055200000000000006	0.08826666666666667	0.10271666666666668	0.13966666666666666	0.18148333333333333	0.25445	0.22576666666666667	0.2667833333333334	0.3210166666666667	0.3716666666666667	0.46238333333333337	0.43995	0.43870000000000003	0.4836166666666667	0.43823333333333336	0.48315	0.43460000000000004	0.5118666666666667	0.52375	0.4875666666666667	0.5265833333333334	0.4737166666666667	0.44995	0.5702666666666667	0.4738666666666667	0.43496666666666667	0.5099333333333333	0.50785	0.5562166666666667	0.5955666666666667	0.5242833333333333	0.44608333333333333	0.49285	0.49535	0.5291166666666667	0.5651166666666667	0.50575	0.4509166666666667	0.51235	0.5272833333333333	0.4796	0.5139333333333334	0.5387500000000001	0.5776833333333333	0.5279833333333334	0.5327500000000001	0.5090833333333333	0.49018333333333336
0.5518500000000001	0.5544666666666667	0.5385	0.5701	0.4663666666666667	0.42805000000000004	0.5857333333333333	0.49851666666666666	0.53895	0.59555	0.51295	0.6137666666666667	0.5059166666666667	0.5589333333333334	0.5145166666666667	0.5329833333333334	0.62205	0.46180000000000004	0.45113333333333333	0.45415	0.5532333333333334	0.5590833333333334	0.49143333333333333	0.5089833333333333	0.54095	0.5489	0.5235166666666667	0.5276000000000001	0.4973	0.5339333333333334	0.4884666666666667	0.51915	0.4955833333333334	0.4393	0.37915000000000004	0.40240000000000004	0.37523333333333336	0.41178333333333333	0.4435	0.3658666666666667	0.3582166666666667	0.23515	0.1885	0.19016666666666668	0.20775000000000002	0.14776666666666669	0.12011666666666668	0.09970000000000001	0.06491666666666666	0.05161666666666667	0.03015	0.06363333333333333	0.08783333333333333	0.10156666666666667	0.1335	0.13095	0.2021666666666667	0.20323333333333335	0.2843833333333333	0.30913333333333337	0.3394166666666667	0.3782666666666667	0.3696666666666667	0.36863333333333337	0.4710166666666667	0.50625	0.4034166666666667	0.463	0.51325	0.48015	0.4645666666666667	0.4232166666666667	0.43975000000000003	0.47195000000000004	0.48763333333333336	0.4535	0.5162166666666667	0.46203333333333335	0.5176166666666667	0.60685	0.5205666666666667	0.53815	0.5727666666666666	0.5373166666666667	0.5875833333333333	0.6594166666666667	0.6153833333333334	0.51705	0.4871666666666667	0.48938333333333334	0.5812166666666667	0.5482166666666667	0.49573333333333336	0.5166000000000001	0.5431833333333334	0.47373333333333334	0.5231333333333333	0.4826666666666667	0.5440833333333334	0.5516833333333334
0.53545	0.5411666666666667	0.5115333333333334	0.5592	0.43846666666666667	0.5193166666666666	0.50685	0.44863333333333333	0.49688333333333334	0.4747	0.5074666666666667	0.5156333333333334	0.5445	0.5157333333333334	0.46590000000000004	0.5164833333333334	0.5018166666666667	0.4348	0.5122666666666666	0.4585	0.538	0.48365	0.4932	0.4920166666666667	0.5407666666666667	0.5351333333333333	0.4569666666666667	0.4991666666666667	0.5703333333333334	0.4884833333333334	0.4915166666666667	0.4983166666666667	0.42210000000000003	0.4428166666666667	0.4718833333333334	0.4448166666666667	0.3834	0.3285166666666667	0.43660000000000004	0.37528333333333336	0.3486	0.23815	0.2635166666666667	0.25025000000000003	0.18908333333333335	0.15975	0.14185	0.12935	0.057100000000000005	0.09625	0.07930000000000001	0.08965000000000001	0.10015	0.14018333333333333	0.16705	0.20308333333333334	0.24838333333333334	0.24236666666666667	0.31673333333333337	0.3107666666666667	0.3607166666666667	0.40040000000000003	0.3857166666666667	0.4212166666666667	0.47583333333333333	0.47013333333333335	0.4664166666666667	0.4699666666666667	0.4684666666666667	0.4918666666666667	0.42333333333333334	0.4220666666666667	0.5374	0.48478333333333334	0.5508000000000001	0.49533333333333335	0.5923333333333334	0.6010666666666667	0.48591666666666666	0.5395	0.48845000000000005	0.5599000000000001	0.5161833333333333	0.5502166666666667	0.48638333333333333	0.49585	0.5584	0.51515	0.5398166666666667	0.5173166666666666	0.5078833333333334	0.5630666666666667	0.5340666666666667	0.5339833333333334	0.5931166666666667	0.5868666666666666	0.5198833333333334	0.5718	0.5588500000000001	0.6524
0.5580333333333334	0.5507000000000001	0.49055000000000004	0.4992166666666667	0.63275	0.49323333333333336	0.5490666666666667	0.44535	0.51275	0.5815166666666667	0.4661666666666667	0.5034500000000001	0.6033666666666667	0.4969166666666667	0.53225	0.5869	0.58875	0.5860166666666667	0.46513333333333334	0.5293166666666667	0.4508166666666667	0.41623333333333334	0.5582666666666667	0.4958666666666667	0.42236666666666667	0.5533166666666667	0.48436666666666667	0.44965	0.49735	0.4909666666666667	0.5733166666666667	0.49420000000000003	0.5162333333333333	0.3923666666666667	0.46721666666666667	0.46280000000000004	0.4175666666666667	0.4165166666666667	0.3925	0.37925000000000003	0.2988	0.32128333333333337	0.26876666666666665	0.28768333333333335	0.18943333333333334	0.23296666666666668	0.16531666666666667	0.14806666666666668	0.1313	0.13985	0.13105	0.10493333333333334	0.16155	0.16596666666666668	0.2066	0.22716666666666668	0.3145	0.3123166666666667	0.2757833333333333	0.3368166666666667	0.3883666666666667	0.3918666666666667	0.41828333333333334	0.4271166666666667	0.41936666666666667	0.44256666666666666	0.5032833333333333	0.4499	0.4943166666666667	0.44620000000000004	0.5619833333333334	0.5196166666666667	0.5252333333333333	0.5470333333333334	0.5262166666666667	0.5294166666666666	0.503	0.51395	0.45653333333333335	0.48663333333333336	0.5447166666666667	0.5172	0.5864833333333334	0.5124333333333334	0.5923333333333334	0.49045	0.47833333333333333	0.5112333333333333	0.5865	0.47655000000000003	0.5236666666666667	0.46315	0.5618500000000001	0.5539000000000001	0.5729333333333334	0.5479333333333334	0.5052	0.5091	0.4621166666666667	0.49283333333333335
0.5210833333333333	0.5407666666666667	0.4383166666666667	0.46968333333333334	0.5462666666666667	0.53845	0.5334	0.46718333333333334	0.5142666666666666	0.55535	0.5573833333333333	0.5300166666666667	0.5479	0.49696666666666667	0.59635	0.47833333333333333	0.47823333333333334	0.48591666666666666	0.5160333333333333	0.5344666666666666	0.4496666666666667	0.5809000000000001	0.46858333333333335	0.5603666666666667	0.4991333333333334	0.5055000000000001	0.45705	0.46975	0.49660000000000004	0.5060333333333333	0.4954	0.45811666666666667	0.5437500000000001	0.5080166666666667	0.46748333333333336	0.4128833333333334	0.47558333333333336	0.42560000000000003	0.46095	0.4217166666666667	0.3468	0.28903333333333336	0.3279666666666667	0.27233333333333337	0.26503333333333334	0.22701666666666667	0.22383333333333336	0.15753333333333333	0.17973333333333333	0.18345	0.16493333333333335	0.16023333333333334	0.18860000000000002	0.19798333333333334	0.31370000000000003	0.2747	0.3141333333333334	0.3481166666666667	0.31601666666666667	0.38538333333333336	0.3723	0.3814666666666667	0.42923333333333336	0.5091166666666667	0.48483333333333334	0.48186666666666667	0.42515000000000003	0.45320000000000005	0.5046166666666667	0.5419666666666667	0.5325166666666666	0.48486666666666667	0.42310000000000003	0.3966	0.49050000000000005	0.5213666666666666	0.49883333333333335	0.48315	0.5128333333333334	0.49413333333333337	0.5705666666666667	0.5078	0.4743666666666667	0.49828333333333336	0.5092833333333333	0.4857166666666667	0.4673166666666667	0.48585	0.54545	0.5384	0.5663666666666667	0.5560166666666667	0.5601666666666667	0.55765	0.5574666666666667	0.5708500000000001	0.4899	0.4997166666666667	0.5865833333333333	0.5213666666666666
0.5821000000000001	0.4597	0.4969166666666667	0.5619166666666667	0.5072	0.48175	0.4759333333333334	0.5668833333333334	0.5235833333333334	0.5503333333333333	0.39253333333333335	0.49748333333333333	0.45195	0.4673333333333334	0.5296166666666667	0.5488333333333334	0.5421833333333334	0.4684666666666667	0.5391333333333334	0.51705	0.5579666666666667	0.4418166666666667	0.5284833333333333	0.5165000000000001	0.5593166666666667	0.5324	0.47278333333333333	0.5004000000000001	0.45680000000000004	0.48308333333333336	0.55325	0.5552666666666667	0.3977333333333333	0.3755833333333333	0.4762	0.3812666666666667	0.44653333333333334	0.4022	0.4396166666666667	0.39343333333333336	0.4066	0.3611666666666667	0.3279166666666667	0.3300166666666667	0.27705	0.2611833333333333	0.2598166666666667	0.22846666666666668	0.19395	0.18216666666666667	0.2549666666666667	0.20396666666666668	0.24546666666666667	0.21385	0.2988	0.22408333333333336	0.31095	0.30525	0.367	0.3821666666666667	0.34800000000000003	0.4389166666666667	0.4509	0.43685	0.48841666666666667	0.40671666666666667	0.45921666666666666	0.47223333333333334	0.5478500000000001	0.4291166666666667	0.5160833333333333	0.4585	0.5508166666666667	0.4695166666666667	0.5008666666666667	0.5544333333333333	0.5372166666666667	0.4393666666666667	0.49860000000000004	0.5421833333333334	0.5772833333333334	0.5187	0.44168333333333337	0.55005	0.4629166666666667	0.51225	0.49645	0.5073333333333333	0.42660000000000003	0.48635	0.5236000000000001	0.5056666666666667	0.47415	0.5756833333333333	0.5761333333333334	0.51025	0.4756666666666667	0.5809000000000001	0.49613333333333337	0.4982166666666667
0.40840000000000004	0.5737666666666666	0.5891500000000001	0.5387166666666667	0.4983	0.5352833333333333	0.45788333333333336	0.52005	0.5169666666666667	0.5204333333333333	0.49015000000000003	0.5146666666666667	0.5206000000000001	0.5536833333333333	0.4585166666666667	0.5451	0.49005000000000004	0.5286000000000001	0.5174333333333334	0.44153333333333333	0.48600000000000004	0.48173333333333335	0.4732166666666667	0.4990833333333334	0.47476666666666667	0.5023	0.5780333333333334	0.5588500000000001	0.46485000000000004	0.4885666666666667	0.5838833333333333	0.4484	0.4059666666666667	0.48350000000000004	0.4562	0.4325	0.48303333333333337	0.4458166666666667	0.4750666666666667	0.49138333333333334	0.41368333333333335	0.35033333333333333	0.3129166666666667	0.4239666666666667	0.30235	0.3128166666666667	0.2862166666666667	0.2548666666666667	0.2644166666666667	0.24853333333333336	0.20036666666666667	0.2546833333333334	0.27121666666666666	0.30956666666666666	0.35383333333333333	0.33863333333333334	0.3286833333333333	0.37683333333333335	0.34868333333333335	0.31151666666666666	0.4204833333333334	0.3937833333333334	0.4605	0.37768333333333337	0.42008333333333336	0.5107	0.42943333333333333	0.3995	0.47773333333333334	0.44115000000000004	0.535	0.55005	0.54645	0.4970666666666667	0.5052166666666666	0.4784666666666667	0.4694666666666667	0.45888333333333337	0.5002833333333333	0.4345833333333334	0.45653333333333335	0.43723333333333336	0.5131	0.45011666666666666	0.4893166666666667	0.5365666666666667	0.5446500000000001	0.5280666666666667	0.5299666666666667	0.5106333333333334	0.41935	0.38343333333333335	0.46118333333333333	0.4703833333333334	0.6585166666666668	0.5028333333333334	0.5572166666666667	0.5285500000000001	0.46185000000000004	0.58555
0.61145	0.5281833333333333	0.46305	0.5769666666666667	0.4988166666666667	0.5760500000000001	0.5055333333333334	0.5784333333333334	0.48791666666666667	0.5300166666666667	0.5249	0.5506833333333334	0.6236	0.5513	0.4809333333333334	0.58085	0.59595	0.5184833333333334	0.5530666666666667	0.48658333333333337	0.5485666666666666	0.61345	0.5231166666666667	0.5306333333333334	0.50025	0.5299	0.53505	0.4615	0.4416166666666667	0.45511666666666667	0.6365000000000001	0.5241666666666667	0.49660000000000004	0.4973	0.5383166666666667	0.47115	0.46608333333333335	0.41648333333333337	0.46776666666666666	0.4638166666666667	0.43213333333333337	0.37453333333333333	0.41240000000000004	0.3437	0.32918333333333333	0.3553	0.29473333333333335	0.23448333333333335	0.26666666666666666	0.3073666666666667	0.26730000000000004	0.2723	0.27808333333333335	0.2850166666666667	0.30315000000000003	0.34765	0.4278666666666667	0.3919166666666667	0.37870000000000004	0.41053333333333336	0.36515000000000003	0.3574333333333333	0.4495166666666667	0.46793333333333337	0.4608666666666667	0.4595666666666667	0.5118666666666667	0.4995666666666667	0.4245333333333334	0.51875	0.4562333333333334	0.5214166666666666	0.5373	0.48315	0.5759666666666667	0.5149833333333333	0.5281833333333333	0.4762	0.52735	0.524	0.5187666666666667	0.48350000000000004	0.5044166666666667	0.5053	0.51415	0.5485666666666666	0.47268333333333334	0.5498166666666667	0.4955	0.5302833333333333	0.5798166666666666	0.5372666666666667	0.47733333333333333	0.4297	0.5282166666666667	0.5302	0.49493333333333334	0.59965	0.5111166666666667	0.49538333333333334
0.46135000000000004	0.4858	0.5627833333333334	0.6220666666666667	0.45965	0.5809000000000001	0.6001000000000001	0.6506000000000001	0.5381166666666667	0.5102	0.41286666666666666	0.4893	0.49935	0.46240000000000003	0.5521333333333334	0.5636	0.54925	0.46950000000000003	0.5782666666666667	0.55615	0.49678333333333335	0.5138	0.44480000000000003	0.5235333333333334	0.5392666666666667	0.5276500000000001	0.48736666666666667	0.4567	0.5535	0.50195	0.49663333333333337	0.52095	0.44928333333333337	0.43970000000000004	0.5233333333333333	0.45065	0.5063333333333334	0.4952166666666667	0.4878	0.34973333333333334	0.43760000000000004	0.35313333333333335	0.4091	0.3667	0.393	0.38470000000000004	0.3834166666666667	0.3912666666666667	0.3519666666666667	0.3182666666666667	0.3459166666666667	0.39475000000000005	0.31815	0.33658333333333335	0.3957	0.34313333333333335	0.36668333333333336	0.40818333333333334	0.4066	0.42458333333333337	0.4454666666666667	0.4178	0.4950166666666667	0.43668333333333337	0.52685	0.45185000000000003	0.5093333333333333	0.5032	0.49573333333333336	0.4782666666666667	0.4863166666666667	0.4975333333333334	0.5094333333333334	0.51385	0.49193333333333333	0.46915	0.5451833333333334	0.5327000000000001	0.5001333333333333	0.5144333333333334	0.5029666666666667	0.4696	0.4378666666666667	0.49343333333333333	0.5476666666666667	0.5177833333333334	0.5294333333333333	0.529	0.5781166666666667	0.6034833333333334	0.53515	0.5905	0.6108833333333333	0.5313	0.5707333333333333	0.5441	0.5043166666666666	0.5817666666666667	0.45711666666666667	0.4655166666666667
0.55055	0.5270333333333334	0.5048	0.46388333333333337	0.5253	0.5637	0.5699333333333334	0.5497166666666667	0.4693	0.5131	0.5136000000000001	0.4855166666666667	0.43601666666666666	0.5417333333333334	0.45835000000000004	0.5419	0.5315	0.5488166666666667	0.6025333333333334	0.5280833333333333	0.6196	0.4700166666666667	0.43568333333333337	0.45966666666666667	0.50055	0.4878	0.5117	0.51675	0.5158	0.4836666666666667	0.5055333333333334	0.4924833333333334	0.5654333333333333	0.4371666666666667	0.5043	0.47100000000000003	0.46715	0.4231666666666667	0.4258	0.3754166666666667	0.4414166666666667	0.44833333333333336	0.45228333333333337	0.4199	0.4416333333333334	0.36995	0.4272	0.4650166666666667	0.4134666666666667	0.37845	0.4041166666666667	0.37353333333333333	0.4004166666666667	0.48900000000000005	0.4613333333333334	0.4163	0.39885000000000004	0.3779166666666667	0.4219666666666667	0.4502333333333334	0.5074166666666667	0.38375000000000004	0.5097833333333334	0.43760000000000004	0.4809833333333334	0.5031666666666667	0.48150000000000004	0.4517333333333334	0.5458333333333334	0.5236833333333334	0.56035	0.5651833333333334	0.4592666666666667	0.5182	0.49978333333333336	0.44728333333333337	0.5152666666666667	0.43418333333333337	0.5210166666666667	0.48095000000000004	0.53935	0.4994166666666667	0.5306166666666667	0.47808333333333336	0.5526166666666666	0.5598666666666667	0.49645	0.5142	0.53825	0.51075	0.47563333333333335	0.5082666666666666	0.49420000000000003	0.6097666666666667	0.5340833333333334	0.4849	0.5420333333333334	0.5315500000000001	0.5056666666666667	0.5205500000000001
0.49018333333333336	0.4714166666666667	0.50675	0.53075	0.46563333333333334	0.59765	0.49545	0.5490666666666667	0.41355000000000003	0.5025000000000001	0.3977	0.45453333333333334	0.4292666666666667	0.51665	0.4963666666666667	0.6381333333333333	0.49865000000000004	0.4716166666666667	0.49565000000000003	0.49241666666666667	0.4325666666666667	0.3621166666666667	0.5507833333333334	0.3952	0.5093166666666666	0.5605166666666667	0.5208666666666667	0.5400166666666667	0.4799833333333334	0.52505	0.5505166666666667	0.51415	0.5173333333333333	0.4898	0.5276000000000001	0.5022833333333333	0.4446166666666667	0.5234333333333333	0.5221666666666667	0.46975	0.4747166666666667	0.4424166666666667	0.38488333333333336	0.44988333333333336	0.30478333333333335	0.40158333333333335	0.37628333333333336	0.3990166666666667	0.4315166666666667	0.4119666666666667	0.4028333333333334	0.43951666666666667	0.4160166666666667	0.33603333333333335	0.37475	0.40348333333333336	0.4489666666666667	0.45988333333333337	0.4353	0.44733333333333336	0.4559	0.48058333333333336	0.4349	0.46753333333333336	0.4726166666666667	0.5087833333333334	0.53105	0.44133333333333336	0.4959166666666667	0.5520166666666667	0.44270000000000004	0.4506833333333334	0.49793333333333334	0.43903333333333333	0.5539666666666667	0.4779333333333334	0.5123166666666666	0.5067666666666667	0.4575166666666667	0.5639000000000001	0.47731666666666667	0.5225833333333334	0.5241833333333333	0.5344333333333333	0.5125833333333334	0.5624333333333333	0.5529000000000001	0.50155	0.5297000000000001	0.5191166666666667	0.48585	0.5136000000000001	0.5722	0.48915000000000003	0.5654	0.6180666666666667	0.4998666666666667	0.5079333333333333	0.56975	0.57535
0.5891500000000001	0.6322833333333333	0.5772333333333334	0.5978333333333333	0.5761666666666667	0.48818333333333336	0.5841833333333334	0.49801666666666666	0.50315	0.5331833333333333	0.5772666666666667	0.54335	0.5493333333333333	0.49985	0.46421666666666667	0.5650666666666667	0.44423333333333337	0.5114166666666667	0.5073500000000001	0.4776	0.44705	0.5208	0.57555	0.39445	0.5236000000000001	0.5080833333333333	0.5248333333333334	0.4486	0.49155000000000004	0.5484166666666667	0.5007	0.5362833333333333	0.5754333333333334	0.5227833333333334	0.5842666666666667	0.4840166666666667	0.4541	0.42358333333333337	0.47678333333333334	0.5067666666666667	0.49505000000000005	0.44551666666666667	0.46348333333333336	0.3983666666666667	0.4204	0.38211666666666666	0.47173333333333334	0.47043333333333337	0.45156666666666667	0.45795	0.4532166666666667	0.39753333333333335	0.34676666666666667	0.43956666666666666	0.42623333333333335	0.4056	0.433	0.44961666666666666	0.46690000000000004	0.39361666666666667	0.47598333333333337	0.5126333333333334	0.38458333333333333	0.4879	0.4867166666666667	0.43633333333333335	0.5456833333333334	0.51465	0.5197833333333334	0.50275	0.5152833333333333	0.5721666666666667	0.5396333333333334	0.4774333333333334	0.4809666666666667	0.4970666666666667	0.5180333333333333	0.54725	0.5095833333333334	0.47886666666666666	0.4740166666666667	0.5072833333333333	0.4358	0.508	0.49835	0.5582833333333334	0.5415333333333333	0.5727333333333333	0.5092666666666666	0.52375	0.5316000000000001	0.5896666666666667	0.52895	0.56665	0.5288666666666667	0.5783833333333334	0.57545	0.49588333333333334	0.5140166666666667	0.5252833333333333
0.4883166666666667	0.5252166666666667	0.5099	0.6113000000000001	0.5713833333333334	0.5234833333333334	0.5373166666666667	0.49993333333333334	0.5304333333333333	0.51495	0.5440833333333334	0.5542833333333334	0.4398666666666667	0.5720666666666667	0.41240000000000004	0.5179166666666667	0.4915166666666667	0.5109	0.6133833333333334	0.4743	0.5373666666666667	0.5873666666666667	0.6274333333333334	0.5208166666666667	0.48988333333333334	0.4973166666666667	0.48925	0.5347666666666667	0.48655000000000004	0.4843166666666667	0.4956666666666667	0.5501666666666667	0.5073500000000001	0.4736666666666667	0.5116	0.46643333333333337	0.51265	0.38408333333333333	0.42625	0.4555666666666667	0.39538333333333336	0.4302	0.4133833333333334	0.48015	0.44580000000000003	0.44206666666666666	0.43093333333333333	0.41025	0.34650000000000003	0.46055	0.39766666666666667	0.4230333333333334	0.4525666666666667	0.4184333333333334	0.42165	0.4314	0.46813333333333335	0.48836666666666667	0.44533333333333336	0.41195000000000004	0.4492166666666667	0.46698333333333336	0.5416166666666667	0.49345	0.5623	0.5306666666666667	0.4212166666666667	0.4477166666666667	0.46038333333333337	0.41818333333333335	0.4628333333333334	0.48455000000000004	0.49878333333333336	0.5164666666666667	0.50975	0.4893	0.5236000000000001	0.48410000000000003	0.5197166666666667	0.49158333333333337	0.5097166666666667	0.4797166666666667	0.5174833333333334	0.5255166666666667	0.4497666666666667	0.5053166666666666	0.58045	0.47700000000000004	0.5819666666666667	0.5117333333333334	0.5032833333333333	0.5546666666666666	0.5497166666666667	0.5616333333333333	0.5197833333333334	0.49346666666666666	0.5142	0.50885	0.5286333333333334	0.5354333333333333
0.4606	0.5261166666666667	0.4940166666666667	0.5438166666666667	0.5523666666666667	0.5796666666666667	0.5023833333333334	0.5198833333333334	0.5670833333333334	0.4960166666666667	0.5870666666666667	0.5392	0.5742833333333334	0.5301	0.43695	0.5285500000000001	0.52385	0.5697	0.52785	0.4715166666666667	0.5486	0.53745	0.39703333333333335	0.5482666666666667	0.41923333333333335	0.6079166666666667	0.5836	0.5395666666666666	0.5214833333333334	0.5418666666666667	0.44955	0.5043	0.47450000000000003	0.4990666666666667	0.44028333333333336	0.4855166666666667	0.4781166666666667	0.47075	0.46505	0.4265166666666667	0.43688333333333335	0.4129333333333334	0.5289	0.47628333333333334	0.38585	0.43823333333333336	0.4476333333333333	0.41905000000000003	0.48715	0.5440833333333334	0.4395833333333334	0.4179166666666667	0.4021666666666667	0.46878333333333333	0.4207166666666667	0.4487333333333334	0.48183333333333334	0.47765	0.49183333333333334	0.49085	0.5003500000000001	0.5029	0.44353333333333333	0.5041166666666667	0.45905	0.4927	0.5738666666666667	0.5525833333333333	0.5012166666666666	0.48135	0.5671833333333334	0.5126166666666667	0.5718166666666666	0.4885333333333334	0.4355666666666667	0.4527333333333334	0.6241333333333333	0.5316333333333334	0.45853333333333335	0.5544	0.5795333333333333	0.5030666666666667	0.6175333333333334	0.4787	0.5235833333333334	0.51265	0.5339	0.52105	0.5930166666666667	0.6122833333333334	0.5636833333333333	0.56055	0.5317666666666667	0.5834	0.5328	0.48228333333333334	0.5262333333333333	0.5805	0.5220166666666667	0.5650333333333334
0.5216000000000001	0.6045333333333334	0.4711666666666667	0.44761666666666666	0.5264166666666666	0.5863833333333334	0.49655000000000005	0.45845	0.5838166666666667	0.49168333333333336	0.51815	0.48418333333333335	0.5279	0.5041	0.5070333333333333	0.4129166666666667	0.5312333333333333	0.5214833333333334	0.5217666666666667	0.5173666666666666	0.5254166666666666	0.4766666666666667	0.5093166666666666	0.47205	0.5020833333333333	0.50175	0.5103666666666667	0.5366500000000001	0.5580666666666667	0.4340833333333334	0.47783333333333333	0.46485000000000004	0.5075666666666667	0.5820666666666667	0.45265	0.4225166666666667	0.5466666666666667	0.46090000000000003	0.44895	0.5015833333333334	0.4992666666666667	0.40245000000000003	0.4709166666666667	0.5055000000000001	0.4860333333333334	0.4965666666666667	0.522	0.5032	0.4948	0.40968333333333334	0.48563333333333336	0.52225	0.4467166666666667	0.45785000000000003	0.5204166666666666	0.44128333333333336	0.51005	0.5124333333333334	0.4232666666666667	0.49255000000000004	0.47995000000000004	0.3640666666666667	0.45608333333333334	0.5547666666666667	0.51285	0.5155166666666667	0.48883333333333334	0.5105333333333334	0.5262666666666667	0.5468166666666667	0.4709166666666667	0.5276833333333334	0.45011666666666666	0.5139166666666667	0.5064333333333334	0.4399	0.5591166666666667	0.5938666666666667	0.4983666666666667	0.49123333333333336	0.5492333333333334	0.4678166666666667	0.49498333333333333	0.5096666666666667	0.4236166666666667	0.4772166666666667	0.5187166666666667	0.5155666666666667	0.48793333333333333	0.5615833333333333	0.5126333333333334	0.5557333333333334	0.49085	0.4942666666666667	0.5423666666666667	0.60285	0.50925	0.47581666666666667	0.47950000000000004	0.4386166666666667
0.5157	0.4716666666666667	0.6297	0.53345	0.6135	0.54525	0.4754166666666667	0.6027833333333333	0.4207166666666667	0.6101	0.56045	0.5174	0.42255000000000004	0.4924	0.5108166666666667	0.46230000000000004	0.58115	0.4959166666666667	0.49528333333333335	0.5157166666666667	0.52435	0.5972000000000001	0.5384833333333333	0.5055666666666667	0.49768333333333337	0.4791	0.5168333333333334	0.5746333333333333	0.50225	0.5090166666666667	0.49138333333333334	0.52495	0.42900000000000005	0.5241666666666667	0.5041	0.4613333333333334	0.4206166666666667	0.5255833333333334	0.5032333333333333	0.5399166666666667	0.5074166666666667	0.4961666666666667	0.5546833333333333	0.50685	0.48536666666666667	0.5594333333333333	0.5172333333333333	0.42133333333333334	0.49946666666666667	0.4509	0.38465	0.5191166666666667	0.44160000000000005	0.4713666666666667	0.4733333333333334	0.49951666666666666	0.5136666666666667	0.5018666666666667	0.46978333333333333	0.44965	0.47203333333333336	0.3994666666666667	0.55495	0.47313333333333335	0.43010000000000004	0.4697	0.5451666666666667	0.5017333333333334	0.47415	0.5202	0.5191	0.48713333333333336	0.5195000000000001	0.5016333333333334	0.50965	0.54745	0.5173333333333333	0.598	0.5106833333333334	0.5347000000000001	0.5306833333333334	0.5150333333333333	0.5315500000000001	0.57945	0.5556166666666666	0.5586833333333333	0.49488333333333334	0.4392666666666667	0.52625	0.5061	0.6273166666666667	0.54515	0.5091333333333333	0.5326833333333334	0.46926666666666667	0.51625	0.48250000000000004	0.5154333333333334	0.5443333333333333	0.5638500000000001
0.48565	0.5912833333333334	0.501	0.52345	0.5739166666666667	0.5156166666666667	0.4130166666666667	0.4925666666666667	0.5062666666666666	0.55505	0.5329	0.49898333333333333	0.6109333333333333	0.5321	0.56	0.48375	0.44953333333333334	0.5180166666666667	0.5599666666666667	0.51105	0.5663166666666667	0.5184833333333334	0.47733333333333333	0.45311666666666667	0.52325	0.45048333333333335	0.56735	0.5553833333333333	0.49943333333333334	0.5066	0.49946666666666667	0.4529	0.48365	0.46313333333333334	0.40748333333333336	0.51425	0.56965	0.48323333333333335	0.4368	0.39168333333333333	0.5331833333333333	0.5461333333333334	0.46393333333333336	0.4872	0.5506166666666666	0.48713333333333336	0.4789333333333334	0.4691166666666667	0.5518333333333334	0.5068833333333334	0.48841666666666667	0.50175	0.49843333333333334	0.4993666666666667	0.49175	0.5237333333333334	0.4340333333333333	0.4682	0.5204500000000001	0.5497500000000001	0.47455	0.44938333333333336	0.5955333333333334	0.5377333333333334	0.49318333333333336	0.41326666666666667	0.5052333333333333	0.4214833333333334	0.49088333333333334	0.40276666666666666	0.49615000000000004	0.5637166666666666	0.48100000000000004	0.5273833333333333	0.5047333333333334	0.5029166666666667	0.5496333333333333	0.44188333333333335	0.4667833333333334	0.5644666666666667	0.5405333333333333	0.5041833333333333	0.5368833333333334	0.5619000000000001	0.5170666666666667	0.53825	0.4601	0.5301166666666667	0.5589333333333334	0.48988333333333334	0.5924166666666667	0.5680833333333334	0.49178333333333335	0.5300833333333334	0.5078333333333334	0.50625	0.5685	0.48985	0.48005000000000003	0.545
0.5793	0.5248	0.5602833333333334	0.5448000000000001	0.5927833333333333	0.4951666666666667	0.5058	0.5718666666666667	0.51205	0.5503666666666667	0.4950666666666667	0.49548333333333333	0.5957333333333333	0.5003833333333334	0.5429333333333334	0.5481666666666667	0.5918666666666667	0.5542666666666667	0.4568666666666667	0.59125	0.5312166666666667	0.43465000000000004	0.5341166666666667	0.43983333333333335	0.5184166666666666	0.51935	0.4971666666666667	0.5117666666666667	0.5151666666666667	0.5122333333333333	0.4999	0.47303333333333336	0.5539166666666667	0.51905	0.56155	0.4588666666666667	0.5414	0.5004166666666667	0.5398000000000001	0.4368	0.5679000000000001	0.5681	0.46303333333333335	0.45811666666666667	0.5305666666666667	0.4765666666666667	0.5259333333333334	0.44106666666666666	0.39180000000000004	0.46776666666666666	0.48783333333333334	0.48575	0.48835	0.5163666666666666	0.5144000000000001	0.48700000000000004	0.4962666666666667	0.5091666666666667	0.44888333333333336	0.47595000000000004	0.43220000000000003	0.52785	0.4665166666666667	0.5041333333333333	0.42265	0.4861666666666667	0.55365	0.46545000000000003	0.48475	0.507	0.5943666666666667	0.44523333333333337	0.5215833333333334	0.45225000000000004	0.5509833333333334	0.5241	0.5292666666666667	0.5115000000000001	0.5209833333333334	0.5065666666666667	0.4716	0.4375833333333334	0.5861666666666667	0.5135500000000001	0.5054833333333334	0.5245333333333334	0.5129666666666667	0.55665	0.5741333333333334	0.5639666666666667	0.4964	0.5806166666666667	0.5669166666666667	0.5014833333333334	0.4997666666666667	0.5807666666666667	0.5251833333333333	0.48600000000000004	0.48791666666666667	0.58375
0.5159166666666667	0.4893	0.5229166666666667	0.5580833333333334	0.5424833333333333	0.5813666666666667	0.4156166666666667	0.5097333333333334	0.5547333333333334	0.5536	0.6300833333333333	0.5458833333333334	0.4814666666666667	0.5330833333333334	0.48718333333333336	0.5204	0.44035	0.5687	0.6160333333333333	0.5357333333333334	0.5432166666666667	0.5497166666666667	0.49943333333333334	0.5629500000000001	0.4702	0.5045166666666667	0.54225	0.5156333333333334	0.4673333333333334	0.4853166666666667	0.4773666666666667	0.5145833333333334	0.48208333333333336	0.5833666666666667	0.47613333333333335	0.42815000000000003	0.40021666666666667	0.4388666666666667	0.4665666666666667	0.47735	0.47145000000000004	0.49233333333333335	0.48610000000000003	0.5653166666666667	0.4539	0.4904	0.4922666666666667	0.49035	0.49398333333333333	0.49438333333333334	0.45078333333333337	0.4913	0.48733333333333334	0.5288166666666667	0.5239	0.48383333333333334	0.5509333333333334	0.4924	0.47905000000000003	0.5019166666666667	0.4484166666666667	0.49843333333333334	0.4573166666666667	0.5153666666666666	0.48495000000000005	0.5174333333333334	0.5548000000000001	0.5328333333333334	0.5577500000000001	0.5074166666666667	0.5451	0.5164333333333334	0.48173333333333335	0.5080666666666667	0.5969833333333333	0.5614166666666667	0.5412	0.5518000000000001	0.5440833333333334	0.5011	0.53855	0.49728333333333335	0.5016333333333334	0.48083333333333333	0.522	0.5269833333333334	0.51635	0.46075000000000005	0.5795333333333333	0.5724	0.5172166666666667	0.6142000000000001	0.5433833333333333	0.5151	0.6361166666666667	0.47503333333333336	0.5805666666666667	0.5744333333333334	0.5101333333333333	0.53995
0.5690666666666667	0.4639166666666667	0.4940166666666667	0.4970166666666667	0.48135	0.47768333333333335	0.5357166666666667	0.48618333333333336	0.5771000000000001	0.5391833333333333	0.5482833333333333	0.5088	0.4999166666666667	0.5444666666666667	0.6009833333333333	0.6179666666666667	0.5299666666666667	0.51065	0.5542166666666667	0.54935	0.5754833333333333	0.5209166666666667	0.5191666666666667	0.4694666666666667	0.5496333333333333	0.4743666666666667	0.5395833333333333	0.45566666666666666	0.5497833333333334	0.50185	0.5083500000000001	0.4773	0.50865	0.4039666666666667	0.4956666666666667	0.5111666666666667	0.4020166666666667	0.4770666666666667	0.5160333333333333	0.40395000000000003	0.5255000000000001	0.45805	0.4999166666666667	0.5630000000000001	0.5144333333333334	0.38555	0.5043666666666667	0.52495	0.47118333333333334	0.46615	0.5235500000000001	0.43810000000000004	0.5467000000000001	0.4909833333333334	0.4443166666666667	0.45975000000000005	0.48410000000000003	0.5147166666666667	0.4758666666666667	0.4791166666666667	0.4728666666666667	0.5231333333333333	0.5869833333333334	0.4859333333333334	0.5237166666666667	0.5013833333333334	0.55395	0.5192833333333333	0.4880166666666667	0.5737333333333333	0.49443333333333334	0.5652666666666667	0.45848333333333335	0.4694666666666667	0.42615000000000003	0.45630000000000004	0.5052666666666666	0.5235333333333334	0.41315	0.49765000000000004	0.5582333333333334	0.5172	0.5756833333333333	0.5153666666666666	0.5001333333333333	0.5551333333333334	0.5265833333333334	0.5704666666666667	0.6417666666666667	0.4914833333333334	0.5726666666666667	0.50975	0.5246333333333334	0.49535	0.5684333333333333	0.54555	0.4814333333333334	0.5373333333333333	0.47348333333333337	0.5270333333333334
0.5418000000000001	0.5556	0.49783333333333335	0.49920000000000003	0.5194666666666667	0.49083333333333334	0.5847833333333333	0.5611833333333334	0.5253166666666667	0.5483333333333333	0.5301	0.5225666666666667	0.52985	0.49093333333333333	0.5205833333333334	0.49133333333333334	0.4815666666666667	0.4552166666666667	0.5642333333333334	0.5396833333333334	0.44561666666666666	0.5445833333333333	0.5912666666666667	0.5088666666666667	0.5323333333333333	0.4959166666666667	0.4702	0.5346333333333334	0.5118666666666667	0.4475	0.46225000000000005	0.6865666666666667	0.5876666666666667	0.4920666666666667	0.46508333333333335	0.4708166666666667	0.5346666666666667	0.49805000000000005	0.5195833333333334	0.5444	0.52675	0.4822166666666667	0.5254666666666666	0.49275	0.47798333333333337	0.5018833333333333	0.4941666666666667	0.4505166666666667	0.5782833333333334	0.5373666666666667	0.50405	0.5197	0.49245	0.41215	0.5320166666666667	0.5091166666666667	0.5196500000000001	0.5023	0.48013333333333336	0.5222333333333333	0.4920333333333334	0.5103333333333333	0.447	0.6117	0.5325833333333334	0.5567666666666667	0.5265833333333334	0.5755166666666667	0.47290000000000004	0.3947333333333333	0.5539666666666667	0.5246666666666667	0.47000000000000003	0.46973333333333334	0.48031666666666667	0.5342666666666667	0.4791666666666667	0.5595333333333333	0.4900666666666667	0.5762333333333334	0.44765000000000005	0.6020833333333334	0.48236666666666667	0.5471166666666667	0.5960166666666668	0.5300666666666667	0.5145833333333334	0.49593333333333334	0.5671166666666667	0.49983333333333335	0.6279333333333333	0.5146833333333334	0.5554166666666667	0.6332833333333333	0.5628833333333334	0.60165	0.4790166666666667	0.5032833333333333	0.4668833333333334	0.5898166666666667
0.43251666666666666	0.5359666666666667	0.524	0.48778333333333335	0.5239166666666667	0.5560833333333334	0.5396333333333334	0.5212	0.4804166666666667	0.47590000000000005	0.47505000000000003	0.5290666666666667	0.4782	0.6008833333333333	0.5379166666666667	0.5874166666666667	0.5305833333333334	0.5155333333333334	0.5319	0.4726666666666667	0.44438333333333335	0.5613333333333334	0.5236333333333334	0.5512	0.69245	0.47440000000000004	0.5416166666666667	0.5034666666666667	0.559	0.5448666666666667	0.5376666666666667	0.4720166666666667	0.5398333333333334	0.4177	0.46776666666666666	0.47123333333333334	0.5376666666666667	0.49285	0.5174500000000001	0.4414166666666667	0.4799333333333334	0.4983166666666667	0.47923333333333334	0.48615	0.5065333333333334	0.5166666666666667	0.5870833333333334	0.5785666666666667	0.41750000000000004	0.5680666666666667	0.5121833333333333	0.5018166666666667	0.4531833333333334	0.5462333333333333	0.5177166666666667	0.4303166666666667	0.4840166666666667	0.4804333333333334	0.5311333333333333	0.5319166666666667	0.6264333333333334	0.46363333333333334	0.4879666666666667	0.5195333333333334	0.46976666666666667	0.4398	0.5003833333333334	0.47403333333333336	0.46525	0.5365	0.5143333333333333	0.5369833333333334	0.5777333333333333	0.5421	0.49250000000000005	0.49150000000000005	0.49575	0.438	0.5192	0.5500333333333334	0.4663666666666667	0.4119666666666667	0.48663333333333336	0.5107	0.5171333333333333	0.5751666666666667	0.5821500000000001	0.5249333333333334	0.47535000000000005	0.5272	0.5734666666666667	0.49695	0.58355	0.44825000000000004	0.5149833333333333	0.5290333333333334	0.5596833333333333	0.50705	0.4861166666666667	0.5056666666666667
0.56035	0.6006833333333333	0.48100000000000004	0.5060333333333333	0.5536	0.52735	0.5613166666666667	0.4979166666666667	0.49315000000000003	0.5811833333333334	0.4608166666666667	0.5415666666666666	0.5765833333333333	0.5016	0.4985833333333334	0.5489666666666667	0.6037166666666667	0.4913666666666667	0.48115	0.4889666666666667	0.4798833333333334	0.52605	0.5284833333333333	0.54635	0.4956166666666667	0.49175	0.5673666666666667	0.61205	0.5113	0.44225000000000003	0.5379666666666667	0.5462166666666667	0.5026	0.5059166666666667	0.4524666666666667	0.48878333333333335	0.5723833333333334	0.47890000000000005	0.62475	0.5148833333333334	0.52795	0.3937333333333334	0.4446833333333334	0.501	0.56855	0.50105	0.47995000000000004	0.4486833333333334	0.4313166666666667	0.5298	0.5224666666666667	0.43788333333333335	0.5186833333333334	0.6423833333333334	0.48925	0.4869	0.5387166666666667	0.509	0.5421166666666667	0.5205000000000001	0.47895000000000004	0.49896666666666667	0.46021666666666666	0.5672	0.49465000000000003	0.5151	0.5428000000000001	0.5587	0.5143333333333333	0.49618333333333337	0.52525	0.5661	0.48650000000000004	0.4377166666666667	0.5583666666666667	0.5343666666666667	0.49860000000000004	0.5154	0.5134666666666667	0.4936666666666667	0.51225	0.5501833333333334	0.5363166666666667	0.44911666666666666	0.6383166666666666	0.5450666666666667	0.4338166666666667	0.5123	0.49705000000000005	0.5573	0.48023333333333335	0.53125	0.6	0.49068333333333336	0.46818333333333334	0.5645166666666667	0.5443333333333333	0.5119166666666667	0.5605833333333333	0.4975333333333334
