0.5188333333333334	0.2733333333333333	0.39366666666666666	0.8243333333333333	0.42966666666666664	0.7151666666666666	0.4116666666666666	0.3838333333333333	0.5735	0.409	0.702	0.69	0.5365	0.6633333333333333	0.6143333333333333	0.4723333333333333	0.40349999999999997	0.5241666666666667	0.6721666666666667	0.5001666666666666	0.293	0.37966666666666665	0.5763333333333334	0.5291666666666667	0.611	0.43966666666666665	0.432	0.5636666666666666	0.7521666666666667	0.41766666666666663	0.3328333333333333	0.4413333333333333	0.35	0.5101666666666667	0.2825	0.5188333333333334	0.47483333333333333	0.6726666666666666	0.5505	0.644	0.5248333333333333	0.3461666666666667	0.177	0.7611666666666667	0.46249999999999997	0.39199999999999996	0.5018333333333334	0.26166666666666666	0.47	0.42416666666666664	0.4943333333333333	0.7979999999999999	0.662	0.6798333333333333	0.3723333333333333	0.4038333333333333	0.324	0.593	0.624	0.37466666666666665	0.48	0.42916666666666664	0.29116666666666663	0.5559999999999999	0.571	0.31866666666666665	0.6413333333333333	0.4095	0.6668333333333333	0.4136666666666666	0.5558333333333333	0.47816666666666663	0.6276666666666666	0.4533333333333333	0.6151666666666666	0.5321666666666667	0.6226666666666666	0.30916666666666665	0.5288333333333333	0.45949999999999996	0.6456666666666666	0.3813333333333333	0.5103333333333333	0.39866666666666667	0.3451666666666667	0.6423333333333333	0.3695	0.48783333333333334	0.3228333333333333	0.4485	0.526	0.634	0.30883333333333335	0.35766666666666663	0.5873333333333333	0.5146666666666666	0.3476666666666667	0.349	0.6916666666666667	0.43316666666666664
0.6841666666666666	0.6443333333333333	0.5655	0.4815	0.5478333333333333	0.7441666666666666	0.45516666666666666	0.5091666666666667	0.495	0.6345	0.4101666666666667	0.37866666666666665	0.4116666666666666	0.6965	0.6285	0.7638333333333333	0.18033333333333332	0.5436666666666666	0.39616666666666667	0.45649999999999996	0.5726666666666667	0.311	0.8848333333333332	0.47683333333333333	0.33649999999999997	0.5135	0.6068333333333333	0.6995	0.5146666666666666	0.23966666666666667	0.46316666666666667	0.5501666666666667	0.7181666666666666	0.472	0.5358333333333333	0.6998333333333333	0.31916666666666665	0.3675	0.48266666666666663	0.5911666666666666	0.32016666666666665	0.23216666666666666	0.38466666666666666	0.8861666666666667	0.322	0.5973333333333333	0.5993333333333333	0.636	0.3605	0.5976666666666667	0.5921666666666666	0.34883333333333333	0.369	0.6553333333333333	0.5443333333333333	0.6026666666666667	0.4215	0.21066666666666667	0.5053333333333333	0.3453333333333333	0.5111666666666667	0.4333333333333333	0.488	0.6013333333333333	0.5521666666666667	0.6346666666666666	0.3828333333333333	0.4458333333333333	0.6441666666666667	0.2906666666666667	0.5743333333333334	0.48383333333333334	0.6669999999999999	0.3255	0.5385	0.5666666666666667	0.42466666666666664	0.29616666666666663	0.6913333333333334	0.46116666666666667	0.34299999999999997	0.5579999999999999	0.52	0.5435	0.24866666666666665	0.3253333333333333	0.2826666666666667	0.6779999999999999	0.4056666666666667	0.7138333333333333	0.417	0.49516666666666664	0.5498333333333333	0.45666666666666667	0.29766666666666663	0.5281666666666667	0.4686666666666667	0.4563333333333333	0.8103333333333333	0.4988333333333333
0.498	0.5538333333333333	0.3655	0.5671666666666666	0.2773333333333333	0.39349999999999996	0.3978333333333333	0.32516666666666666	0.5145	0.5105	0.881	0.7031666666666666	0.6761666666666667	0.5368333333333333	0.5083333333333333	0.5781666666666666	0.6096666666666667	0.3065	0.47866666666666663	0.4393333333333333	0.6873333333333334	0.701	0.5811666666666666	0.5611666666666667	0.532	0.5976666666666667	0.524	0.536	0.866	0.5806666666666667	0.601	0.38866666666666666	0.5073333333333333	0.37066666666666664	0.6263333333333333	0.39266666666666666	0.4515	0.2876666666666667	0.39749999999999996	0.7695	0.946	0.42266666666666663	0.5213333333333333	0.727	0.7075	0.5151666666666667	0.48283333333333334	0.5295	0.5996666666666667	0.5665	0.38516666666666666	0.6066666666666667	0.31	0.6405	0.41283333333333333	0.41883333333333334	0.311	0.5133333333333333	0.7753333333333333	0.4478333333333333	0.5466666666666666	0.6223333333333333	0.28633333333333333	0.35083333333333333	0.6585	0.5775	0.353	0.4706666666666667	0.5373333333333333	0.589	0.819	0.5031666666666667	0.33199999999999996	0.6228333333333333	0.4855	0.4465	0.41783333333333333	0.4975	0.822	0.45649999999999996	0.3248333333333333	0.3823333333333333	0.6405	0.3853333333333333	0.5888333333333333	0.7635	0.4018333333333333	0.3768333333333333	0.45016666666666666	0.6749999999999999	0.4141666666666666	0.42716666666666664	0.27699999999999997	0.25416666666666665	0.7273333333333333	0.6096666666666667	0.613	0.3873333333333333	0.5711666666666666	0.5318333333333333
0.5926666666666667	0.4646666666666667	0.3883333333333333	0.5508333333333333	0.6716666666666666	0.599	0.4065	0.759	0.3195	0.47933333333333333	0.19166666666666665	0.39799999999999996	0.6218333333333333	0.355	0.5416666666666666	0.5496666666666666	0.48	0.6689999999999999	0.602	0.505	0.3515	0.376	0.6649999999999999	0.6321666666666667	0.48883333333333334	0.45766666666666667	0.4205	0.6566666666666666	0.7226666666666667	0.38066666666666665	0.4608333333333333	0.3903333333333333	0.7683333333333333	0.39199999999999996	0.6228333333333333	0.6318333333333334	0.45116666666666666	0.44866666666666666	0.4935	0.327	0.3695	0.4413333333333333	0.4393333333333333	0.5381666666666667	0.49916666666666665	0.581	0.608	0.26516666666666666	0.3285	0.523	0.7993333333333333	0.2733333333333333	0.2876666666666667	0.1725	0.49166666666666664	0.6163333333333333	0.5961666666666666	0.298	0.578	0.30016666666666664	0.6403333333333333	0.771	0.6074999999999999	0.38316666666666666	0.7053333333333333	0.8018333333333333	0.513	0.5036666666666666	0.28933333333333333	0.46499999999999997	0.43916666666666665	0.5671666666666666	0.35683333333333334	0.6074999999999999	0.8069999999999999	0.40116666666666667	0.5773333333333334	0.46099999999999997	0.5811666666666666	0.352	0.5146666666666666	0.6869999999999999	0.3273333333333333	0.5078333333333334	0.6966666666666667	0.359	0.41516666666666663	0.5403333333333333	0.5113333333333333	0.5175	0.413	0.4508333333333333	0.23366666666666666	0.45466666666666666	0.4046666666666667	0.8051666666666666	0.7511666666666666	0.3948333333333333	0.44716666666666666	0.39566666666666667
0.4693333333333333	0.6431666666666667	0.5415	0.3095	0.49866666666666665	0.6486666666666666	0.345	0.3451666666666667	0.3085	0.3388333333333333	0.5801666666666666	0.26516666666666666	0.476	0.26016666666666666	0.33716666666666667	0.41283333333333333	0.5336666666666666	0.6941666666666666	0.29166666666666663	0.48333333333333334	0.355	0.43216666666666664	0.363	0.5161666666666667	0.5273333333333333	0.35533333333333333	0.5395	0.3545	0.4693333333333333	0.771	0.8191666666666666	0.6606666666666666	0.3978333333333333	0.26766666666666666	0.6578333333333333	0.3923333333333333	0.5763333333333334	0.49033333333333334	0.5509999999999999	0.5443333333333333	0.49083333333333334	0.6813333333333333	0.24833333333333332	0.4375	0.6113333333333333	0.5856666666666667	0.2638333333333333	0.5308333333333333	0.24283333333333332	0.432	0.2618333333333333	0.45316666666666666	0.47933333333333333	0.743	0.6893333333333334	0.8398333333333333	0.5378333333333333	0.6538333333333333	0.48266666666666663	0.5115	0.7311666666666666	0.16383333333333333	0.5626666666666666	0.4095	0.44216666666666665	0.388	0.3213333333333333	0.3815	0.534	0.21866666666666665	0.4613333333333333	0.5748333333333333	0.6848333333333333	0.5971666666666666	0.7775	0.5818333333333333	0.6268333333333334	0.46249999999999997	0.19849999999999998	0.6786666666666666	0.2555	0.5093333333333333	0.4973333333333333	0.3895	0.8086666666666666	0.3213333333333333	0.2758333333333333	0.3923333333333333	0.5008333333333334	0.7531666666666667	0.44066666666666665	0.43666666666666665	0.4716666666666667	0.46549999999999997	0.5585	0.7263333333333333	0.5398333333333333	0.3451666666666667	0.6336666666666666	0.4085
0.6411666666666667	0.5458333333333333	0.7976666666666666	0.39849999999999997	0.31416666666666665	0.534	0.5108333333333334	0.4205	0.44066666666666665	0.20066666666666666	0.5206666666666666	0.39766666666666667	0.48433333333333334	0.3411666666666667	0.5606666666666666	0.362	0.4658333333333333	0.39199999999999996	0.5375	0.49766666666666665	0.4553333333333333	0.5835	0.5953333333333333	0.30416666666666664	0.5258333333333333	0.265	0.6193333333333333	0.4438333333333333	0.3888333333333333	0.5913333333333333	0.26666666666666666	0.38766666666666666	0.3055	0.41483333333333333	0.5198333333333334	0.3923333333333333	0.4365	0.3285	0.6325	0.486	0.41083333333333333	0.11783333333333333	0.5421666666666667	0.5083333333333333	0.35283333333333333	0.5583333333333333	0.6676666666666666	0.5758333333333333	0.8188333333333333	0.45366666666666666	0.48916666666666664	0.49866666666666665	0.5013333333333333	0.43916666666666665	0.3655	0.586	0.3743333333333333	0.20183333333333334	0.4415	0.6516666666666666	0.2813333333333333	0.31	0.317	0.4945	0.3275	0.5851666666666666	0.4116666666666666	0.6078333333333333	0.4086666666666667	0.443	0.6781666666666667	0.4458333333333333	0.5133333333333333	0.6403333333333333	0.574	0.5098333333333334	0.22566666666666665	0.36516666666666664	0.5646666666666667	0.3863333333333333	0.3235	0.609	0.45066666666666666	0.5559999999999999	0.6113333333333333	0.5205	0.5675	0.9195	0.6629999999999999	0.6799999999999999	0.471	0.41533333333333333	0.3775	0.6638333333333333	0.43266666666666664	0.564	0.5058333333333334	0.6789999999999999	0.33466666666666667	0.48866666666666664
0.5916666666666667	0.49133333333333334	0.5401666666666667	0.39249999999999996	0.4945	0.6819999999999999	0.625	0.3511666666666667	0.629	0.48233333333333334	0.7015	0.4116666666666666	0.5113333333333333	0.6418333333333334	0.3665	0.6503333333333333	0.3411666666666667	0.409	0.35316666666666663	0.535	0.6208333333333333	0.5438333333333333	0.5635	0.3575	0.36166666666666664	0.3348333333333333	0.4063333333333333	0.605	0.44966666666666666	0.6695	0.44116666666666665	0.5458333333333333	0.6251666666666666	0.3125	0.43033333333333335	0.5213333333333333	0.8186666666666667	0.6083333333333333	0.45249999999999996	0.5676666666666667	0.6283333333333333	0.39749999999999996	0.7653333333333333	0.633	0.4068333333333333	0.38116666666666665	0.6423333333333333	0.39066666666666666	0.48366666666666663	0.8788333333333334	0.3396666666666667	0.35933333333333334	0.572	0.6253333333333333	0.5738333333333333	0.5056666666666666	0.6058333333333333	0.49616666666666664	0.41466666666666663	0.38766666666666666	0.5073333333333333	0.5208333333333334	0.5326666666666666	0.42966666666666664	0.5285	0.36283333333333334	0.2598333333333333	0.8501666666666666	0.9798333333333333	0.7173333333333333	0.4478333333333333	0.6378333333333334	0.5091666666666667	0.5373333333333333	0.5285	0.6005	0.53	0.254	0.35616666666666663	0.7383333333333333	0.47333333333333333	0.21933333333333332	0.3723333333333333	0.6778333333333333	0.5303333333333333	0.479	0.4056666666666667	0.4578333333333333	0.46116666666666667	0.3778333333333333	0.5435	0.3235	0.3358333333333333	0.4081666666666667	0.39266666666666666	0.8588333333333333	0.4661666666666667	0.5546666666666666	0.4513333333333333	0.4448333333333333
0.43816666666666665	0.5333333333333333	0.5491666666666667	0.5196666666666666	0.37133333333333335	0.33266666666666667	0.45249999999999996	0.3478333333333333	0.41383333333333333	0.45766666666666667	0.4746666666666666	0.346	0.488	0.4696666666666667	0.5576666666666666	0.48	0.45066666666666666	0.5688333333333333	0.501	0.705	0.4558333333333333	0.3923333333333333	0.40116666666666667	0.37116666666666664	0.429	0.373	0.4723333333333333	0.45349999999999996	0.7693333333333333	0.5735	0.4765	0.24666666666666665	0.47783333333333333	0.28933333333333333	0.3665	0.42633333333333334	0.35	0.6103333333333333	0.42733333333333334	0.45266666666666666	0.5958333333333333	0.4428333333333333	0.48583333333333334	0.7331666666666666	0.298	0.29983333333333334	0.382	0.4715	0.47333333333333333	0.432	0.658	0.6988333333333333	0.38516666666666666	0.3845	0.45866666666666667	0.8693333333333333	0.7651666666666667	0.30033333333333334	0.37916666666666665	0.9858333333333333	0.4983333333333333	0.421	0.4623333333333333	0.5065	0.36383333333333334	0.6005	0.654	0.35733333333333334	0.5288333333333333	0.7103333333333333	0.5155	0.4696666666666667	0.42016666666666663	0.3446666666666667	0.40199999999999997	0.33749999999999997	0.3045	0.5988333333333333	0.49516666666666664	0.48683333333333334	0.3833333333333333	0.38516666666666666	0.6176666666666667	0.5956666666666667	0.5008333333333334	0.4805	0.4708333333333333	0.36916666666666664	0.18	0.373	0.19999999999999998	0.329	0.48783333333333334	0.39199999999999996	0.6931666666666666	0.6231666666666666	0.6736666666666666	0.6311666666666667	0.5851666666666666	0.3535
0.6083333333333333	0.36816666666666664	0.358	0.6471666666666667	0.6958333333333333	0.2568333333333333	0.4755	0.5685	0.3453333333333333	0.5505	0.386	0.5906666666666667	0.5469999999999999	0.4835	0.43866666666666665	0.4175	0.5191666666666667	0.5436666666666666	0.4588333333333333	0.711	0.66	0.49616666666666664	0.437	0.22166666666666665	0.3675	0.2875	0.3868333333333333	0.46799999999999997	0.5318333333333333	0.40349999999999997	0.519	0.5206666666666666	0.5658333333333333	0.48033333333333333	0.2673333333333333	0.7855	0.36283333333333334	0.3983333333333333	0.838	0.4588333333333333	0.4751666666666666	0.22316666666666665	0.4785	0.6748333333333333	0.8801666666666667	0.353	0.31033333333333335	0.43466666666666665	0.3403333333333333	0.588	0.6076666666666667	0.5606666666666666	0.3413333333333333	0.33649999999999997	0.384	0.6	0.3463333333333333	0.619	0.6431666666666667	0.39566666666666667	0.45849999999999996	0.5508333333333333	0.48	0.6416666666666666	0.4458333333333333	0.4718333333333333	0.4245	0.7531666666666667	0.37616666666666665	0.5026666666666666	0.34299999999999997	0.5778333333333333	0.36216666666666664	0.5628333333333333	0.6421666666666667	0.47633333333333333	0.5298333333333333	0.6036666666666667	0.48683333333333334	0.6438333333333333	0.6415	0.604	0.6016666666666667	0.3958333333333333	0.30866666666666664	0.6546666666666666	0.5405	0.5443333333333333	0.37916666666666665	0.3476666666666667	0.18566666666666667	0.42016666666666663	0.7321666666666666	0.5931666666666666	0.41383333333333333	0.9063333333333333	0.6646666666666666	0.6603333333333333	0.46416666666666667	0.4683333333333333
0.5146666666666666	0.503	0.21466666666666667	0.63	0.3128333333333333	0.5148333333333334	0.4041666666666667	0.36216666666666664	0.44866666666666666	0.522	0.6841666666666666	0.4033333333333333	0.5178333333333334	0.5138333333333334	0.749	0.49716666666666665	0.6214999999999999	0.413	0.6198333333333333	0.614	0.46166666666666667	0.44916666666666666	0.1825	0.4885	0.3863333333333333	0.5519999999999999	0.5386666666666666	0.5609999999999999	0.5439999999999999	0.4855	0.2758333333333333	0.428	0.35633333333333334	0.595	0.44666666666666666	0.4041666666666667	0.6295	0.5883333333333333	0.2811666666666667	0.5353333333333333	0.6156666666666667	0.23233333333333334	0.3525	0.39966666666666667	0.41483333333333333	0.8308333333333333	0.617	0.3461666666666667	0.22266666666666665	0.5076666666666666	0.7921666666666667	0.3178333333333333	0.41683333333333333	0.7374999999999999	0.6178333333333333	0.6946666666666667	0.38816666666666666	0.8045	0.64	0.38816666666666666	0.418	0.6763333333333333	0.6056666666666667	0.5343333333333333	0.5111666666666667	0.30883333333333335	0.4125	0.42716666666666664	0.6123333333333333	0.49516666666666664	0.4078333333333333	0.7348333333333333	0.45	0.7001666666666666	0.5471666666666667	0.42633333333333334	0.2823333333333333	0.30133333333333334	0.6388333333333334	0.5691666666666666	0.5145	0.39266666666666666	0.7806666666666666	0.6659999999999999	0.661	0.528	0.9056666666666666	0.5429999999999999	0.415	0.37866666666666665	0.6838333333333333	0.2628333333333333	0.39599999999999996	0.6491666666666667	0.475	0.5895	0.5851666666666666	0.78	0.3885	0.6803333333333333
0.4681666666666667	0.34933333333333333	0.5411666666666667	0.30833333333333335	0.9941666666666666	0.563	0.48316666666666663	0.5533333333333333	0.5013333333333333	0.5448333333333333	0.26716666666666666	0.26716666666666666	0.5208333333333334	0.5961666666666666	0.4478333333333333	0.45249999999999996	0.579	0.4105	0.4988333333333333	0.41866666666666663	0.5678333333333333	0.30333333333333334	0.6995	0.9288333333333333	0.3025	0.5528333333333333	0.5693333333333334	0.3413333333333333	0.6233333333333333	0.48616666666666664	0.7133333333333333	0.344	0.73	0.595	0.4528333333333333	0.413	0.6848333333333333	0.3585	0.3878333333333333	0.48516666666666663	0.648	0.3143333333333333	0.49083333333333334	0.27249999999999996	0.5018333333333334	0.6186666666666667	0.45866666666666667	0.4075	0.9221666666666667	0.3733333333333333	0.6671666666666667	0.516	0.6538333333333333	0.46449999999999997	0.617	0.48366666666666663	0.6571666666666667	0.43033333333333335	0.517	0.726	0.7253333333333333	0.25	0.6161666666666666	0.3358333333333333	0.37216666666666665	0.5006666666666667	0.2965	0.6671666666666667	0.5988333333333333	0.4185	0.36833333333333335	0.5828333333333333	0.45249999999999996	0.5033333333333333	0.33499999999999996	0.6026666666666667	0.46799999999999997	0.3818333333333333	0.5331666666666667	0.25916666666666666	0.38716666666666666	0.31816666666666665	0.2895	0.45766666666666667	0.3805	0.42783333333333334	0.48416666666666663	0.391	0.3903333333333333	0.414	0.42816666666666664	0.44566666666666666	0.6445	0.24416666666666667	0.6066666666666667	0.515	0.5423333333333333	0.42683333333333334	0.6238333333333334	0.44416666666666665
0.7406666666666667	0.36583333333333334	0.48683333333333334	0.5746666666666667	0.441	0.48116666666666663	0.5085	0.773	0.47	0.41333333333333333	0.3418333333333333	0.2853333333333333	0.497	0.6093333333333333	0.479	0.46299999999999997	0.5346666666666666	0.6948333333333333	0.4121666666666666	0.5941666666666666	0.8395	0.46499999999999997	0.3845	0.3845	0.358	0.3655	0.21616666666666665	0.9023333333333333	0.47483333333333333	0.527	0.2685	0.6265	0.5061666666666667	0.42666666666666664	0.6723333333333333	0.37866666666666665	0.36716666666666664	0.45449999999999996	0.2225	0.5465	0.3318333333333333	0.436	0.48233333333333334	0.609	0.426	0.3278333333333333	0.43366666666666664	0.43266666666666664	0.5951666666666666	0.8028333333333333	0.6606666666666666	0.45966666666666667	0.7043333333333333	0.3275	0.6695	0.4543333333333333	0.37016666666666664	0.2368333333333333	0.7166666666666667	0.39816666666666667	0.7526666666666666	0.5718333333333333	0.6051666666666666	0.5836666666666667	0.6593333333333333	0.495	0.35683333333333334	0.42333333333333334	0.569	0.4696666666666667	0.27849999999999997	0.6255	0.43216666666666664	0.38216666666666665	0.30833333333333335	0.5491666666666667	0.5088333333333334	0.4643333333333333	0.7681666666666667	0.305	0.5765	0.444	0.4736666666666666	0.499	0.8398333333333333	0.6071666666666666	0.43866666666666665	0.48183333333333334	0.5621666666666667	0.5313333333333333	0.346	0.5956666666666667	0.6635	0.5085	0.33316666666666667	0.6068333333333333	0.529	0.48966666666666664	0.47483333333333333	0.7341666666666666
0.6271666666666667	0.1765	0.586	0.3478333333333333	0.35433333333333333	0.45616666666666666	0.571	0.3833333333333333	0.6666666666666666	0.6475	0.32966666666666666	0.5273333333333333	0.5731666666666666	0.999	0.48583333333333334	0.45116666666666666	0.6483333333333333	0.29216666666666663	0.6113333333333333	0.5483333333333333	0.4978333333333333	0.4995	0.8458333333333333	0.4026666666666667	0.5203333333333333	0.3763333333333333	0.3838333333333333	0.6413333333333333	0.51	0.6668333333333333	0.4548333333333333	0.284	0.39966666666666667	0.5375	0.2995	0.5495	0.6034999999999999	0.2748333333333333	0.16116666666666665	0.323	0.253	0.6153333333333333	0.368	0.36216666666666664	0.8855	0.822	0.8009999999999999	0.6223333333333333	0.5176666666666666	0.382	0.4755	0.5963333333333333	0.48033333333333333	0.45066666666666666	0.5645	0.46166666666666667	0.5469999999999999	0.473	0.2891666666666667	0.5271666666666667	0.2935	0.3943333333333333	0.4563333333333333	1.0256666666666667	0.8986666666666666	0.48016666666666663	0.5798333333333333	0.31566666666666665	0.3423333333333333	0.5858333333333333	0.49866666666666665	0.25566666666666665	0.7833333333333333	0.5991666666666666	0.5983333333333333	0.29116666666666663	0.5453333333333333	0.3863333333333333	0.6356666666666666	0.412	0.5883333333333333	0.5938333333333333	0.3358333333333333	0.302	0.5543333333333333	0.5711666666666666	0.6328333333333334	0.4735	0.5098333333333334	0.3168333333333333	0.4953333333333333	0.7218333333333333	0.4673333333333333	0.6646666666666666	0.5436666666666666	0.533	0.4031666666666667	0.2625	0.5303333333333333	0.41483333333333333
0.7576666666666666	0.5231666666666667	0.4066666666666667	0.5513333333333333	0.6104999999999999	0.7364999999999999	0.474	0.49466666666666664	0.417	0.391	0.5776666666666667	0.3183333333333333	0.4721666666666666	0.3963333333333333	0.611	0.32016666666666665	0.4673333333333333	0.39	0.3085	0.4945	0.5403333333333333	0.5609999999999999	0.493	0.38816666666666666	0.5546666666666666	0.6066666666666667	0.6986666666666667	0.4855	0.2835	0.5285	0.519	0.7443333333333333	0.5475	0.3825	0.6186666666666667	0.37133333333333335	0.4058333333333333	0.48066666666666663	0.5626666666666666	0.5123333333333333	0.3808333333333333	0.44916666666666666	0.6395	0.5161666666666667	0.445	0.5695	0.3243333333333333	0.4673333333333333	0.6985	0.369	0.4646666666666667	0.5086666666666666	0.3318333333333333	0.4091666666666667	0.5895	0.3338333333333333	0.6928333333333333	0.6833333333333333	0.4395	0.45966666666666667	0.48583333333333334	0.42183333333333334	0.7083333333333333	0.7414999999999999	0.494	0.33749999999999997	0.4681666666666667	0.37616666666666665	0.7181666666666666	0.5275	0.5568333333333333	0.501	0.39466666666666667	0.49866666666666665	0.3135	0.6273333333333333	0.5086666666666666	0.29433333333333334	0.46049999999999996	0.5363333333333333	0.47483333333333333	0.7366666666666667	0.474	0.6028333333333333	0.4358333333333333	0.6285	0.25266666666666665	0.5278333333333333	0.33849999999999997	0.4671666666666667	0.45966666666666667	0.3228333333333333	0.6868333333333333	0.5206666666666666	0.4111666666666667	0.4613333333333333	0.4355	0.4835	0.4638333333333333	0.4985
0.6078333333333333	0.6228333333333333	0.376	0.4225	0.8821666666666667	0.44866666666666666	0.3358333333333333	0.42233333333333334	0.7741666666666667	0.5431666666666667	0.58	0.221	0.30866666666666664	0.4963333333333333	0.572	0.654	0.5826666666666667	0.48033333333333333	0.4573333333333333	0.5371666666666667	0.627	0.6428333333333333	0.48583333333333334	0.7496666666666666	0.39216666666666666	0.27299999999999996	0.27749999999999997	0.7808333333333333	0.5865	0.2573333333333333	0.4498333333333333	0.3928333333333333	0.6126666666666667	0.4465	0.30883333333333335	0.4091666666666667	0.49416666666666664	0.5018333333333334	0.5338333333333333	0.3635	0.5553333333333333	0.43266666666666664	0.41783333333333333	0.39666666666666667	0.423	0.5449999999999999	0.33066666666666666	0.6466666666666666	0.42416666666666664	0.5406666666666666	0.888	0.39799999999999996	0.5573333333333333	0.46599999999999997	0.6431666666666667	0.7306666666666667	0.5681666666666666	0.5081666666666667	0.43033333333333335	0.48033333333333333	0.517	0.45666666666666667	0.6126666666666667	0.522	0.44066666666666665	0.47966666666666663	0.283	0.3838333333333333	0.649	0.3778333333333333	0.5763333333333334	0.5046666666666666	0.4085	0.8893333333333333	0.542	0.474	0.3765	0.5025	0.5486666666666666	0.39849999999999997	0.36766666666666664	0.34983333333333333	0.36533333333333334	0.5543333333333333	0.48283333333333334	0.4038333333333333	0.44516666666666665	0.5871666666666666	0.7281666666666666	0.9293333333333333	0.6496666666666666	0.7501666666666666	0.37766666666666665	0.44216666666666665	0.579	0.506	0.49316666666666664	0.484	0.6633333333333333	0.5439999999999999
0.6525	0.33649999999999997	0.39416666666666667	0.5078333333333334	0.5806666666666667	0.5043333333333333	0.361	0.39899999999999997	0.4468333333333333	0.3413333333333333	0.5445	0.5393333333333333	0.6505	0.5745	0.4165	0.36833333333333335	0.4678333333333333	0.42133333333333334	0.5733333333333334	0.6426666666666666	0.33616666666666667	0.9986666666666666	0.6451666666666667	0.6066666666666667	0.42566666666666664	0.5813333333333334	0.3998333333333333	0.22183333333333333	0.612	0.4715	0.3458333333333333	0.7691666666666667	0.44566666666666666	0.3353333333333333	0.324	0.39816666666666667	0.4653333333333333	0.6726666666666666	0.2821666666666667	0.2806666666666667	0.4755	0.2925	0.5815	0.4393333333333333	0.5873333333333333	0.46599999999999997	0.5218333333333334	0.434	0.476	0.4165	0.318	0.491	0.42133333333333334	0.41783333333333333	0.6238333333333334	0.542	0.39549999999999996	0.6001666666666666	0.3401666666666667	0.4096666666666667	0.33199999999999996	0.4063333333333333	0.5595	0.435	0.2786666666666667	0.48783333333333334	0.4093333333333333	0.47383333333333333	0.6044999999999999	0.24266666666666667	0.5473333333333333	0.7863333333333333	0.4453333333333333	0.43616666666666665	0.3725	0.7206666666666667	0.7028333333333333	0.7683333333333333	0.3993333333333333	0.45266666666666666	0.43566666666666665	0.451	0.45416666666666666	0.7025	0.5381666666666667	0.6461666666666667	0.5315	0.4608333333333333	0.3918333333333333	0.4678333333333333	0.3938333333333333	0.6443333333333333	0.6098333333333333	0.17983333333333332	0.44016666666666665	0.6751666666666667	0.481	0.5065	0.7234999999999999	0.5006666666666667
0.41516666666666663	0.3565	0.5528333333333333	0.7376666666666667	0.5565	0.7206666666666667	0.584	0.35333333333333333	0.5481666666666667	0.33316666666666667	0.5143333333333333	0.39249999999999996	0.8176666666666667	0.4023333333333333	0.6828333333333333	0.3963333333333333	0.5123333333333333	0.4676666666666667	0.31966666666666665	0.5241666666666667	0.538	0.4318333333333333	0.39899999999999997	0.5125	0.5313333333333333	0.42916666666666664	0.6586666666666666	0.30533333333333335	0.4083333333333333	0.30566666666666664	0.18816666666666665	0.6631666666666667	0.365	0.8073333333333333	0.40016666666666667	0.5001666666666666	0.6701666666666667	0.6114999999999999	0.6298333333333334	0.527	0.5818333333333333	0.738	0.3685	0.5676666666666667	0.478	0.3973333333333333	0.33916666666666667	0.7076666666666667	0.4825	0.596	0.3403333333333333	0.4195	0.5376666666666666	0.3793333333333333	0.5893333333333333	0.2885	0.3555	0.6406666666666666	0.4661666666666667	0.6686666666666666	0.3893333333333333	0.6154999999999999	0.7723333333333333	0.3545	0.6208333333333333	0.6126666666666667	0.6146666666666667	0.5956666666666667	0.6511666666666667	0.6341666666666667	0.315	0.743	0.45216666666666666	0.4751666666666666	0.31216666666666665	0.35566666666666663	0.5579999999999999	0.6885	0.9386666666666666	0.3338333333333333	0.6136666666666667	0.19183333333333333	0.408	0.5926666666666667	0.5658333333333333	0.19166666666666665	0.5501666666666667	0.4285	0.40049999999999997	0.5105	0.5848333333333333	0.5315	0.47733333333333333	0.4048333333333333	0.5106666666666666	0.6785	0.5268333333333333	0.46166666666666667	0.5698333333333333	0.31666666666666665
0.42933333333333334	0.446	0.3898333333333333	0.4335	0.5806666666666667	0.4618333333333333	0.3233333333333333	0.41483333333333333	0.4395	0.8078333333333333	0.6006666666666667	0.29466666666666663	0.4683333333333333	0.37716666666666665	0.8378333333333333	0.48883333333333334	0.5496666666666666	0.3135	0.46266666666666667	0.24716666666666665	0.3263333333333333	0.45316666666666666	0.6321666666666667	0.3456666666666667	0.6054999999999999	0.3438333333333333	0.3208333333333333	0.577	0.4725	0.5756666666666667	0.637	0.46799999999999997	0.49166666666666664	0.38716666666666666	0.7146666666666667	0.5933333333333333	0.38	0.37766666666666665	0.39899999999999997	0.36666666666666664	0.6755	0.47583333333333333	0.39949999999999997	0.20249999999999999	0.5845	0.626	0.4945	0.8713333333333333	0.39716666666666667	0.2635	0.3275	0.5303333333333333	0.34199999999999997	0.3893333333333333	0.22949999999999998	0.473	0.423	0.5891666666666666	0.5208333333333334	0.49916666666666665	0.3358333333333333	0.362	0.307	0.44366666666666665	0.5178333333333334	0.7889999999999999	0.5018333333333334	0.39799999999999996	0.4995	0.2495	0.5625	0.3645	0.3368333333333333	0.29633333333333334	0.7126666666666667	0.4663333333333333	0.45816666666666667	0.45349999999999996	0.5875	0.575	0.47633333333333333	0.5176666666666666	0.474	0.42533333333333334	0.432	0.42466666666666664	0.763	0.449	0.33066666666666666	0.5833333333333333	0.3963333333333333	0.6258333333333334	0.39466666666666667	0.43033333333333335	0.40299999999999997	0.3188333333333333	0.37266666666666665	0.42466666666666664	0.4498333333333333	0.6789999999999999
0.38366666666666666	0.4285	0.4488333333333333	0.5323333333333333	0.6003333333333333	0.35316666666666663	0.5198333333333334	0.377	0.6998333333333333	0.4065	0.2125	0.9078333333333333	0.6551666666666667	0.5668333333333333	0.6846666666666666	0.446	0.4495	0.6826666666666666	0.46749999999999997	0.509	0.7203333333333333	0.5151666666666667	0.43033333333333335	0.41966666666666663	0.3845	0.40349999999999997	0.8423333333333333	0.3193333333333333	0.616	0.6659999999999999	0.36166666666666664	0.4728333333333333	0.7045	0.6728333333333333	0.41683333333333333	0.641	0.448	0.4041666666666667	0.8684999999999999	0.6348333333333334	0.6948333333333333	0.5886666666666667	0.5371666666666667	0.4775	0.3258333333333333	0.5668333333333333	0.6976666666666667	0.48116666666666663	0.36333333333333334	0.36016666666666663	0.358	0.5625	0.6413333333333333	0.5155	0.22849999999999998	0.62	0.7831666666666667	0.3283333333333333	0.35483333333333333	0.5528333333333333	0.367	0.41983333333333334	0.4105	0.5288333333333333	0.7141666666666666	0.4048333333333333	0.4683333333333333	0.30833333333333335	0.42833333333333334	0.3988333333333333	0.42633333333333334	0.4063333333333333	0.32616666666666666	0.37066666666666664	0.49033333333333334	0.2645	0.6301666666666667	0.5905	0.45216666666666666	0.48966666666666664	0.21083333333333332	0.32266666666666666	0.5773333333333334	0.24916666666666665	0.3845	0.4265	0.3255	0.5125	0.8598333333333333	0.18916666666666665	0.46366666666666667	0.4031666666666667	0.5648333333333333	0.4795	0.6121666666666666	0.42683333333333334	0.4081666666666667	0.35733333333333334	0.43166666666666664	0.29716666666666663
0.5126666666666666	0.42583333333333334	0.5055	0.3443333333333333	0.5225	0.37766666666666665	0.4703333333333333	0.4775	0.4593333333333333	0.19966666666666666	0.3725	0.7273333333333333	0.39566666666666667	0.35133333333333333	0.5095	0.5481666666666667	0.5496666666666666	0.7528333333333334	0.5233333333333333	0.604	0.2378333333333333	0.7645	0.582	0.271	0.5666666666666667	0.35416666666666663	0.6331666666666667	0.32166666666666666	0.3168333333333333	0.39699999999999996	0.4915	0.48633333333333334	0.662	0.305	0.5671666666666666	0.29633333333333334	0.24883333333333332	0.33666666666666667	0.5901666666666666	0.631	0.5336666666666666	0.438	0.728	0.478	0.5116666666666666	0.42616666666666664	0.5323333333333333	0.5753333333333334	0.30433333333333334	0.48	0.7324999999999999	0.4505	0.346	0.22699999999999998	0.5196666666666666	0.5173333333333333	0.36083333333333334	0.5015	0.2773333333333333	0.5023333333333333	0.472	0.35516666666666663	0.36816666666666664	0.8345	0.8726666666666666	0.5041666666666667	0.5615	0.5465	0.6173333333333333	0.48833333333333334	0.5416666666666666	0.607	0.6441666666666667	0.3408333333333333	0.5233333333333333	0.5579999999999999	0.4528333333333333	0.5253333333333333	0.317	0.306	0.6483333333333333	0.3433333333333333	0.3913333333333333	0.37416666666666665	0.6826666666666666	0.4845	0.45516666666666666	0.3295	0.5713333333333334	0.4065	0.389	0.5415	0.4028333333333333	0.5525	0.6706666666666666	0.436	0.6286666666666666	0.39316666666666666	0.40249999999999997	0.626
0.4713333333333333	0.48916666666666664	0.27216666666666667	0.5783333333333334	0.47533333333333333	0.5323333333333333	0.5568333333333333	0.5055	0.6725	0.2886666666666667	0.3988333333333333	0.5003333333333333	0.4333333333333333	0.37116666666666664	0.388	0.42116666666666663	0.6693333333333333	0.4031666666666667	0.5533333333333333	0.23316666666666666	0.5653333333333334	0.2835	0.6255	0.29316666666666663	0.7939999999999999	0.282	0.3411666666666667	0.5463333333333333	0.30233333333333334	0.7163333333333333	0.362	0.6631666666666667	0.5433333333333333	0.4998333333333333	0.45599999999999996	0.578	0.6661666666666667	0.5781666666666666	0.48016666666666663	0.3765	0.449	0.48266666666666663	0.5765	0.3368333333333333	0.47816666666666663	0.7035	0.4751666666666666	0.5636666666666666	0.5026666666666666	0.6685	0.6221666666666666	0.2558333333333333	0.8748333333333334	0.7003333333333334	0.4373333333333333	0.4315	0.5151666666666667	0.33449999999999996	0.4038333333333333	0.6276666666666666	0.489	0.39216666666666666	0.6224999999999999	0.42716666666666664	0.3118333333333333	0.33149999999999996	0.42383333333333334	0.37316666666666665	0.4633333333333333	0.365	0.7318333333333333	0.6054999999999999	0.6411666666666667	0.6503333333333333	0.633	0.5751666666666666	0.5011666666666666	0.45299999999999996	0.5785	0.4923333333333333	0.39116666666666666	0.3988333333333333	0.3468333333333333	0.4693333333333333	0.5536666666666666	0.4031666666666667	0.27466666666666667	0.36583333333333334	0.5116666666666666	0.564	0.5116666666666666	0.5281666666666667	0.3445	0.829	0.5175	0.5509999999999999	0.46799999999999997	0.5928333333333333	0.6573333333333333	0.2435
0.43916666666666665	0.7788333333333333	0.3755	0.5601666666666667	0.539	0.22683333333333333	0.36716666666666664	0.42083333333333334	0.7668333333333333	0.539	0.6388333333333334	0.6733333333333333	0.4093333333333333	0.2841666666666667	0.6851666666666666	0.3426666666666667	0.5071666666666667	0.587	0.9704999999999999	0.7316666666666667	0.45616666666666666	0.45949999999999996	0.263	0.5871666666666666	0.6786666666666666	0.348	0.6729999999999999	0.5043333333333333	0.7364999999999999	0.4041666666666667	0.32816666666666666	0.5603333333333333	0.5925	0.5955	0.4235	0.4388333333333333	0.6851666666666666	0.6131666666666666	0.4905	0.6495	0.4085	0.17633333333333331	0.46649999999999997	0.45299999999999996	0.5178333333333334	0.7191666666666666	0.4375	0.19566666666666666	0.6455	0.7978333333333333	0.22466666666666665	0.7343333333333333	0.4418333333333333	0.38966666666666666	0.5876666666666667	0.498	0.376	0.39916666666666667	0.40499999999999997	0.36616666666666664	0.27549999999999997	0.4328333333333333	0.27016666666666667	0.496	0.6428333333333333	0.529	0.3773333333333333	0.30933333333333335	0.7568333333333334	0.2705	0.5091666666666667	0.4713333333333333	0.2806666666666667	0.5018333333333334	0.6393333333333333	0.4623333333333333	0.4355	0.4905	1.0538333333333334	0.6413333333333333	0.357	0.5126666666666666	0.5589999999999999	0.5973333333333333	0.818	0.5785	0.42133333333333334	0.37366666666666665	0.4721666666666666	0.53	0.7025	0.576	0.5511666666666667	0.49866666666666665	0.6558333333333333	0.6763333333333333	0.6665	0.4036666666666667	0.5323333333333333	0.5223333333333333
0.4415	0.583	0.23249999999999998	0.45899999999999996	0.6338333333333334	0.9196666666666666	0.496	0.3253333333333333	0.4175	0.3445	0.5546666666666666	0.5306666666666666	0.6361666666666667	0.15716666666666665	0.36983333333333335	0.34349999999999997	0.379	0.5459999999999999	0.48933333333333334	0.36916666666666664	1.0346666666666666	0.565	0.5781666666666666	0.6865	0.7208333333333333	0.5723333333333334	0.471	0.6696666666666666	0.6088333333333333	0.49066666666666664	0.5813333333333334	0.8818333333333334	0.48916666666666664	0.7208333333333333	0.7211666666666666	0.39216666666666666	0.5376666666666666	0.5589999999999999	0.40449999999999997	0.5916666666666667	0.3278333333333333	0.6336666666666666	0.5559999999999999	0.6326666666666666	0.23966666666666667	0.47583333333333333	0.4751666666666666	0.4438333333333333	0.3183333333333333	0.419	0.7849999999999999	0.5255	0.43366666666666664	0.6546666666666666	0.327	0.6311666666666667	0.5756666666666667	0.6443333333333333	0.6473333333333333	0.572	0.24516666666666667	0.5901666666666666	0.4795	0.517	0.4825	0.6891666666666666	0.43716666666666665	0.3918333333333333	0.474	0.5778333333333333	0.5388333333333333	0.4706666666666667	0.49166666666666664	0.7243333333333333	0.2708333333333333	0.4048333333333333	0.6763333333333333	1.1593333333333333	0.352	0.487	0.6144999999999999	0.33266666666666667	0.604	0.576	0.3855	0.3411666666666667	0.507	0.6948333333333333	0.5618333333333333	0.3845	0.3765	0.41283333333333333	0.5053333333333333	0.6895	0.3675	0.5066666666666666	0.4443333333333333	0.506	0.46216666666666667	0.3273333333333333
0.6203333333333333	0.5356666666666666	0.3426666666666667	0.3868333333333333	0.4658333333333333	0.36883333333333335	0.29533333333333334	0.6858333333333333	0.5881666666666666	0.6669999999999999	0.41133333333333333	0.4056666666666667	0.5033333333333333	0.36816666666666664	0.4375	0.41816666666666663	0.8041666666666666	0.6008333333333333	0.5485	0.37083333333333335	0.49066666666666664	0.4023333333333333	0.5526666666666666	0.29533333333333334	0.476	0.3655	0.5076666666666666	0.37016666666666664	0.5151666666666667	0.42066666666666663	0.3948333333333333	0.6493333333333333	0.4718333333333333	0.5986666666666667	0.4105	0.6021666666666666	0.4656666666666667	0.5876666666666667	0.4101666666666667	0.3845	0.5701666666666666	0.35216666666666663	0.47816666666666663	0.5075	0.2235	0.44166666666666665	0.2851666666666667	0.47916666666666663	0.7648333333333333	0.5671666666666666	0.4588333333333333	0.49916666666666665	0.284	0.252	0.3838333333333333	0.3516666666666666	0.655	0.39066666666666666	0.388	0.7969999999999999	0.6896666666666667	0.3035	0.5508333333333333	0.39349999999999996	0.6161666666666666	0.6443333333333333	0.5025	0.409	0.5165	0.4528333333333333	0.624	0.5291666666666667	0.44166666666666665	0.6653333333333333	0.723	0.5191666666666667	0.7628333333333334	0.6313333333333333	0.5803333333333334	0.7676666666666666	0.4185	0.31966666666666665	0.45016666666666666	0.5921666666666666	0.379	0.5123333333333333	0.6103333333333333	0.40049999999999997	0.5571666666666667	0.5571666666666667	0.5596666666666666	0.5205	0.827	0.5743333333333334	0.5651666666666666	0.44	0.4691666666666667	0.2523333333333333	0.40549999999999997	0.2685
0.5235	0.5865	0.5445	0.45066666666666666	0.5896666666666667	0.3908333333333333	0.5115	0.7063333333333333	0.6068333333333333	0.3436666666666667	0.45966666666666667	0.4663333333333333	0.27399999999999997	0.578	0.5469999999999999	0.8836666666666666	0.4553333333333333	0.5941666666666666	0.469	0.5361666666666667	0.37116666666666664	0.6401666666666667	0.3893333333333333	0.5468333333333333	0.9928333333333333	0.6483333333333333	0.4598333333333333	0.8263333333333333	0.4105	0.529	0.5666666666666667	0.3695	0.38516666666666666	0.2791666666666667	0.3853333333333333	0.26566666666666666	0.5656666666666667	0.40049999999999997	0.8331666666666666	0.35333333333333333	0.47933333333333333	0.5155	0.5733333333333334	0.6728333333333333	0.504	0.3283333333333333	0.3215	0.5433333333333333	0.6688333333333333	0.42933333333333334	0.4021666666666667	0.5215	0.48333333333333334	0.4473333333333333	0.42766666666666664	0.5431666666666667	0.33566666666666667	0.3778333333333333	0.5593333333333333	0.2995	0.6739999999999999	0.35133333333333333	0.6455	1.1728333333333334	0.48466666666666663	0.6465	0.7026666666666667	0.5188333333333334	0.35416666666666663	0.4965	0.49	0.6605	0.35316666666666663	0.5928333333333333	0.9149999999999999	0.36233333333333334	0.4413333333333333	0.45	0.4101666666666667	0.5915	0.5471666666666667	0.40066666666666667	0.5241666666666667	0.41966666666666663	0.39749999999999996	0.718	0.42633333333333334	0.41966666666666663	0.6256666666666666	0.41333333333333333	0.4493333333333333	0.8723333333333333	0.6738333333333333	0.5006666666666667	0.43916666666666665	0.48666666666666664	0.6771666666666667	0.621	0.45866666666666667	0.6493333333333333
0.4043333333333333	0.639	0.376	0.48816666666666664	0.5733333333333334	0.3025	0.5136666666666666	0.4805	0.4623333333333333	0.6441666666666667	0.3918333333333333	0.5025	0.37366666666666665	0.46649999999999997	0.6301666666666667	0.35983333333333334	0.4728333333333333	0.30516666666666664	0.6636666666666666	0.5313333333333333	0.48966666666666664	0.5946666666666667	0.3285	0.6343333333333333	0.383	0.3595	0.5396666666666666	0.43766666666666665	0.8544999999999999	0.5531666666666667	0.2793333333333333	0.6621666666666667	0.3133333333333333	0.8453333333333333	0.41616666666666663	0.5358333333333333	0.39016666666666666	0.41766666666666663	0.5385	0.4095	0.6618333333333333	0.5888333333333333	0.26166666666666666	0.4588333333333333	0.40399999999999997	0.26116666666666666	0.41566666666666663	0.475	0.7148333333333333	0.697	0.9453333333333332	0.42783333333333334	0.5548333333333333	0.3908333333333333	0.45899999999999996	0.5956666666666667	0.427	0.411	0.4036666666666667	0.5956666666666667	0.563	0.5176666666666666	0.43866666666666665	0.7193333333333333	0.6405	0.6174999999999999	0.4965	0.22916666666666666	0.4726666666666666	0.37866666666666665	0.6054999999999999	0.3768333333333333	0.4693333333333333	0.7598333333333334	0.4065	0.3348333333333333	0.16416666666666666	0.528	0.41933333333333334	0.41766666666666663	0.4785	0.8446666666666667	0.6568333333333333	0.5943333333333333	0.30616666666666664	0.8241666666666666	0.5533333333333333	0.6956666666666667	0.6629999999999999	0.42266666666666663	0.5836666666666667	0.752	0.538	0.29833333333333334	0.45449999999999996	0.39699999999999996	0.424	0.6061666666666666	0.6201666666666666	0.48283333333333334
0.9744999999999999	0.7558333333333334	0.6446666666666666	0.441	0.494	0.42083333333333334	0.534	0.31616666666666665	0.4775	0.3565	0.502	0.5183333333333333	0.4661666666666667	0.4413333333333333	0.5896666666666667	0.32566666666666666	0.5978333333333333	0.298	0.5275	0.48466666666666663	0.4098333333333333	0.294	0.4715	0.695	0.5323333333333333	0.44966666666666666	0.3853333333333333	0.7436666666666666	0.57	0.59	0.9701666666666666	0.3675	0.5328333333333333	0.48133333333333334	0.2836666666666667	0.43016666666666664	0.8056666666666666	0.7423333333333333	0.7656666666666666	0.2643333333333333	0.27149999999999996	0.43816666666666665	0.5551666666666667	0.5468333333333333	0.3915	0.5706666666666667	0.5931666666666666	0.36766666666666664	0.48433333333333334	0.45749999999999996	0.5643333333333334	0.2613333333333333	0.4085	0.30516666666666664	0.45199999999999996	0.7725	0.49083333333333334	0.20483333333333334	0.6286666666666666	0.45749999999999996	0.4995	0.2748333333333333	0.493	0.46249999999999997	0.41716666666666663	0.4423333333333333	0.36216666666666664	0.4096666666666667	0.6845	0.3785	0.6033333333333333	0.6018333333333333	0.33016666666666666	0.42416666666666664	0.37316666666666665	0.5665	0.42416666666666664	0.409	0.4131666666666666	0.3255	0.498	0.295	0.6111666666666666	0.63	0.583	0.538	0.5208333333333334	0.5596666666666666	0.30216666666666664	0.6903333333333334	0.6888333333333333	0.43416666666666665	0.5785	0.241	0.4705	0.24833333333333332	0.6626666666666666	0.6303333333333333	0.3195	0.31966666666666665
0.5681666666666666	0.5599999999999999	0.7755	0.45116666666666666	0.5658333333333333	0.25666666666666665	0.36166666666666664	0.638	0.6791666666666667	0.22116666666666665	0.6963333333333334	0.36766666666666664	0.5519999999999999	0.42733333333333334	0.858	0.7696666666666666	0.29133333333333333	0.6378333333333334	0.30983333333333335	0.3968333333333333	0.41383333333333333	0.49666666666666665	0.34349999999999997	0.45599999999999996	0.629	0.30866666666666664	0.632	0.33516666666666667	0.47766666666666663	0.41616666666666663	0.43566666666666665	0.5016666666666667	0.6975	0.2843333333333333	0.42666666666666664	0.5503333333333333	0.4563333333333333	0.5088333333333334	0.45449999999999996	0.29533333333333334	0.518	0.21283333333333332	0.27749999999999997	0.48816666666666664	0.4428333333333333	0.4053333333333333	0.4661666666666667	0.29566666666666663	0.511	0.608	0.30833333333333335	0.5676666666666667	0.33249999999999996	0.8488333333333333	0.6033333333333333	0.30966666666666665	0.6608333333333333	0.41866666666666663	0.4455	0.6041666666666666	0.40399999999999997	0.4688333333333333	0.2738333333333333	0.48	0.3195	0.7551666666666667	0.23133333333333334	0.42233333333333334	0.5185	0.5315	0.34299999999999997	0.49516666666666664	0.5758333333333333	0.5313333333333333	0.29316666666666663	0.39899999999999997	0.58	0.46849999999999997	0.38516666666666666	0.6046666666666667	0.33349999999999996	0.35183333333333333	0.5293333333333333	0.5683333333333334	0.6216666666666667	0.44666666666666666	0.5846666666666667	0.6355	0.4398333333333333	0.6276666666666666	0.4766666666666666	0.4975	0.36483333333333334	0.5868333333333333	0.5196666666666666	0.4335	0.9656666666666667	0.6906666666666667	0.5528333333333333	0.5298333333333333
0.3898333333333333	0.289	0.5156666666666666	0.5031666666666667	0.5228333333333333	0.47833333333333333	0.2855	0.5126666666666666	0.24133333333333332	0.43166666666666664	0.40149999999999997	0.33599999999999997	0.5585	0.3491666666666667	0.506	0.7438333333333333	0.4398333333333333	0.3393333333333333	0.37666666666666665	0.408	0.474	0.8423333333333333	0.32366666666666666	0.605	0.6033333333333333	0.4255	0.698	0.4696666666666667	0.37716666666666665	0.4215	0.726	0.27349999999999997	0.5463333333333333	0.36266666666666664	0.536	0.5828333333333333	0.48266666666666663	0.381	0.5081666666666667	0.5098333333333334	0.6691666666666667	0.2763333333333333	0.4673333333333333	0.42166666666666663	0.6863333333333334	0.5935	0.3798333333333333	0.45649999999999996	0.5806666666666667	0.5261666666666667	0.5385	0.6846666666666666	0.32566666666666666	0.44166666666666665	0.609	0.45799999999999996	0.7463333333333333	0.5915	0.7458333333333333	0.419	0.39716666666666667	0.48016666666666663	0.4165	0.302	0.43166666666666664	0.7481666666666666	0.49866666666666665	0.574	0.3123333333333333	0.2375	0.45566666666666666	0.5131666666666667	0.5538333333333333	0.436	0.3918333333333333	0.5075	0.8798333333333334	0.45466666666666666	0.6191666666666666	0.49216666666666664	0.5911666666666666	0.5353333333333333	0.4126666666666666	0.8008333333333333	0.2635	0.4825	0.6606666666666666	0.583	0.45199999999999996	0.4026666666666667	0.35783333333333334	0.26416666666666666	0.30883333333333335	0.40549999999999997	0.5105	0.502	0.6818333333333333	0.5606666666666666	0.33416666666666667	0.35516666666666663
0.36983333333333335	0.631	0.6348333333333334	0.4205	0.5428333333333333	0.521	0.5565	0.32866666666666666	0.5548333333333333	0.3208333333333333	0.6986666666666667	0.43416666666666665	0.6151666666666666	0.6723333333333333	0.47883333333333333	0.588	0.3913333333333333	0.4493333333333333	0.4735	0.30016666666666664	0.61	0.49366666666666664	0.40249999999999997	0.4335	0.6026666666666667	0.481	0.30433333333333334	0.33866666666666667	0.662	0.3858333333333333	0.3401666666666667	0.4095	0.5906666666666667	0.5391666666666667	0.32216666666666666	0.47	0.5568333333333333	0.616	0.4955	0.389	0.38616666666666666	0.4736666666666666	0.42483333333333334	0.4445	0.7303333333333333	0.5373333333333333	0.3745	0.5271666666666667	0.37866666666666665	0.7771666666666667	0.42333333333333334	0.4855	0.39	0.3015	0.4056666666666667	0.4453333333333333	0.49916666666666665	0.4101666666666667	0.435	0.6986666666666667	0.3223333333333333	0.451	0.5171666666666667	0.39949999999999997	0.7796666666666666	0.29666666666666663	0.889	0.30516666666666664	0.5418333333333333	0.36383333333333334	0.49616666666666664	0.7111666666666666	0.488	0.6446666666666666	0.5581666666666667	0.5776666666666667	0.46149999999999997	0.6665	0.3848333333333333	0.5283333333333333	0.5455	0.7256666666666667	0.5833333333333333	0.8366666666666667	0.4155	0.5851666666666666	0.6896666666666667	0.3353333333333333	0.22033333333333333	0.5051666666666667	0.30533333333333335	0.4845	0.35533333333333333	0.5886666666666667	0.6346666666666666	0.39849999999999997	0.6841666666666666	0.5553333333333333	0.5838333333333333	0.4528333333333333
0.472	0.6563333333333333	0.6056666666666667	0.33749999999999997	0.6528333333333333	0.4731666666666666	0.247	0.515	0.4408333333333333	0.6313333333333333	0.41133333333333333	0.49166666666666664	0.6901666666666666	0.49416666666666664	0.4756666666666666	0.43033333333333335	0.24166666666666667	0.39849999999999997	0.2783333333333333	0.6835	0.5018333333333334	0.47583333333333333	0.6981666666666666	0.4775	0.6655	0.6143333333333333	0.6325	0.7979999999999999	0.5988333333333333	1.0713333333333332	0.31366666666666665	0.6234999999999999	0.46449999999999997	0.6191666666666666	0.37216666666666665	0.8666666666666666	0.45199999999999996	0.24966666666666665	0.26316666666666666	0.44216666666666665	0.34149999999999997	0.585	0.523	0.6845	0.44416666666666665	0.39166666666666666	0.21583333333333332	0.5853333333333333	0.43966666666666665	0.36466666666666664	0.4955	0.5301666666666667	0.5821666666666666	0.36116666666666664	0.711	0.29633333333333334	0.5585	0.32266666666666666	0.5316666666666666	0.31666666666666665	0.6265	0.52	0.6849999999999999	0.3978333333333333	0.5108333333333334	0.505	0.5081666666666667	0.381	0.625	0.5436666666666666	0.47633333333333333	0.6208333333333333	0.2886666666666667	0.49216666666666664	0.5876666666666667	0.35583333333333333	0.3895	0.5405	0.3448333333333333	0.6729999999999999	0.5236666666666666	0.3818333333333333	0.41666666666666663	0.3745	0.451	0.6471666666666667	0.47766666666666663	0.3843333333333333	0.30466666666666664	0.4093333333333333	0.7618333333333334	0.44566666666666666	0.4701666666666667	0.7336666666666667	0.6363333333333333	0.5103333333333333	0.294	0.4141666666666666	0.6191666666666666	0.33899999999999997
0.48733333333333334	0.5121666666666667	0.4453333333333333	0.7875	0.44016666666666665	0.33499999999999996	0.33616666666666667	0.5028333333333334	0.4185	0.611	0.25716666666666665	0.36016666666666663	0.6123333333333333	0.36883333333333335	0.7296666666666667	0.5523333333333333	0.7384999999999999	0.5589999999999999	0.8016666666666666	0.35616666666666663	0.9523333333333333	0.42816666666666664	0.6406666666666666	0.4285	0.5321666666666667	0.693	0.424	0.6271666666666667	0.767	0.31066666666666665	0.522	0.5488333333333333	0.3928333333333333	0.29866666666666664	0.38316666666666666	0.8823333333333333	0.42466666666666664	0.5785	0.7234999999999999	0.5001666666666666	0.41733333333333333	0.4618333333333333	0.753	0.5736666666666667	0.4598333333333333	0.5166666666666666	0.4711666666666667	0.6283333333333333	0.49916666666666665	0.45616666666666666	0.7276666666666667	0.5503333333333333	0.349	0.5515	0.6563333333333333	0.542	0.301	0.7656666666666666	0.3105	0.5698333333333333	0.3398333333333333	0.3948333333333333	0.58	0.43916666666666665	0.2831666666666667	0.43816666666666665	0.573	0.5486666666666666	0.46049999999999996	0.33399999999999996	0.26316666666666666	0.4751666666666666	0.9251666666666666	0.5691666666666666	0.39066666666666666	0.48533333333333334	0.4335	0.5258333333333333	0.5345	0.5853333333333333	0.5176666666666666	0.8088333333333333	0.364	0.38366666666666666	0.6013333333333333	0.5861666666666666	0.22166666666666665	0.408	0.35966666666666663	0.4135	0.5023333333333333	0.443	0.30166666666666664	0.5806666666666667	0.7383333333333333	0.5723333333333334	0.4975	0.5181666666666667	0.4121666666666666	0.6876666666666666
0.8558333333333333	0.5431666666666667	0.30083333333333334	0.5476666666666666	0.478	0.5875	0.8795	0.2653333333333333	0.6054999999999999	0.45499999999999996	0.5685	0.32766666666666666	0.733	0.6565	0.19716666666666666	0.6841666666666666	0.5035	0.658	0.4081666666666667	0.5925	0.44166666666666665	0.7673333333333333	0.4056666666666667	0.6808333333333333	0.36383333333333334	0.532	0.517	0.4835	0.46116666666666667	0.6723333333333333	0.27416666666666667	0.3445	0.5123333333333333	0.5023333333333333	0.3495	0.27366666666666667	0.3915	0.722	0.6163333333333333	0.6166666666666667	0.4086666666666667	0.432	0.48866666666666664	0.23666666666666666	0.586	0.5056666666666666	0.5345	0.39666666666666667	0.6605	0.2833333333333333	0.6938333333333333	0.24333333333333332	0.6495	0.5383333333333333	0.506	0.5526666666666666	0.22799999999999998	0.41233333333333333	0.44366666666666665	0.764	0.42166666666666663	0.5348333333333333	0.5846666666666667	0.4438333333333333	0.4455	0.4483333333333333	0.622	0.4473333333333333	0.40499999999999997	0.7808333333333333	0.353	0.5781666666666666	0.4508333333333333	0.5451666666666667	0.3905	0.416	0.46649999999999997	0.28683333333333333	0.3188333333333333	0.324	0.39599999999999996	0.41883333333333334	0.6918333333333333	0.6171666666666666	0.2733333333333333	0.4105	0.3763333333333333	0.505	0.5115	0.41616666666666663	0.19266666666666665	0.5638333333333333	0.45616666666666666	0.41533333333333333	0.5205	0.30333333333333334	0.6333333333333333	0.5135	0.3298333333333333	0.35433333333333333
0.4053333333333333	0.38316666666666666	0.5648333333333333	0.5731666666666666	0.5618333333333333	0.5343333333333333	0.4563333333333333	0.521	0.4691666666666667	0.7885	0.7438333333333333	0.37116666666666664	0.5818333333333333	0.45866666666666667	0.4513333333333333	0.45599999999999996	0.47533333333333333	0.4135	0.4145	0.4865	0.5148333333333334	0.5926666666666667	0.4068333333333333	0.2748333333333333	0.477	0.5936666666666667	0.4098333333333333	0.32816666666666666	0.49266666666666664	0.3808333333333333	0.5215	0.5155	0.45716666666666667	0.6705	0.5948333333333333	0.4415	0.6541666666666667	0.41	0.5573333333333333	0.6918333333333333	0.4435	0.44366666666666665	0.521	0.3943333333333333	0.417	0.5641666666666666	0.8185	0.29666666666666663	0.6341666666666667	0.3515	0.385	0.654	0.4485	0.324	0.48983333333333334	0.7758333333333333	0.5098333333333334	0.42133333333333334	0.7841666666666667	0.44066666666666665	0.29833333333333334	0.5101666666666667	0.37083333333333335	0.33416666666666667	0.35666666666666663	0.47583333333333333	0.383	0.3555	0.4568333333333333	0.23933333333333331	0.6263333333333333	0.39166666666666666	0.27299999999999996	0.3858333333333333	0.46366666666666667	0.8266666666666667	0.7586666666666666	0.6783333333333333	0.6283333333333333	0.6043333333333333	0.5051666666666667	0.6775	0.3343333333333333	0.6323333333333333	0.44516666666666665	0.22116666666666665	0.5165	0.3723333333333333	0.5248333333333333	0.48316666666666663	0.48933333333333334	0.45599999999999996	0.518	0.43466666666666665	0.5493333333333333	0.7955	0.372	0.5	0.3998333333333333	0.413
0.6343333333333333	0.8496666666666667	0.5935	0.34099999999999997	0.41783333333333333	0.5211666666666667	0.5986666666666667	0.5371666666666667	0.7278333333333333	0.6799999999999999	0.38866666666666666	0.29283333333333333	0.6266666666666666	0.5125	0.4965	0.2475	0.4975	0.71	0.7888333333333333	0.5456666666666666	0.32566666666666666	0.5166666666666666	0.5491666666666667	0.5141666666666667	0.7215	0.42066666666666663	0.20483333333333334	0.7841666666666667	0.3438333333333333	0.595	0.44116666666666665	0.5933333333333333	0.5906666666666667	0.5885	0.427	0.3278333333333333	0.2648333333333333	0.4696666666666667	0.7398333333333333	0.5526666666666666	0.5196666666666666	0.5463333333333333	0.8441666666666666	0.5386666666666666	0.3998333333333333	0.431	0.7506666666666666	0.6388333333333334	0.4673333333333333	0.3878333333333333	0.48066666666666663	0.525	0.6553333333333333	0.6166666666666667	0.5693333333333334	0.35433333333333333	0.5665	0.639	0.4131666666666666	0.491	0.3406666666666667	0.514	0.6255	0.471	0.5665	0.7753333333333333	0.365	0.3773333333333333	0.22799999999999998	0.265	0.8049999999999999	0.5776666666666667	0.833	0.6731666666666667	0.41083333333333333	0.2848333333333333	0.43516666666666665	0.367	0.6136666666666667	0.6128333333333333	0.6928333333333333	0.5041666666666667	0.2633333333333333	0.37033333333333335	0.5211666666666667	0.7053333333333333	0.7216666666666667	0.83	0.5978333333333333	0.31166666666666665	0.6965	0.4915	0.3265	0.8863333333333333	0.45599999999999996	0.47716666666666663	0.8133333333333334	0.6208333333333333	0.27949999999999997	0.315
0.3595	0.5813333333333334	0.49066666666666664	0.49866666666666665	0.5746666666666667	0.3511666666666667	0.367	0.5408333333333333	0.3466666666666667	0.40166666666666667	0.6275	0.5635	0.4885	0.4958333333333333	0.43716666666666665	0.45249999999999996	0.5698333333333333	0.4126666666666666	0.4115	0.5135	0.5591666666666667	0.5941666666666666	0.47933333333333333	0.41516666666666663	0.7681666666666667	0.5583333333333333	0.5213333333333333	0.23616666666666666	0.4653333333333333	0.5075	0.4475	0.42366666666666664	0.5738333333333333	0.5001666666666666	0.6126666666666667	0.8261666666666666	0.43816666666666665	0.38416666666666666	0.6138333333333333	0.27749999999999997	0.4135	0.7068333333333333	0.48633333333333334	0.44	0.6618333333333333	0.5428333333333333	0.5345	0.4895	0.4413333333333333	0.6491666666666667	0.384	0.5858333333333333	0.5311666666666667	0.8155	0.37716666666666665	0.5401666666666667	0.6596666666666666	0.5776666666666667	0.5515	0.5865	0.28049999999999997	0.4681666666666667	0.35083333333333333	0.4895	0.47816666666666663	0.46849999999999997	0.6416666666666666	0.6671666666666667	0.5548333333333333	0.49716666666666665	0.296	0.649	0.6071666666666666	0.5599999999999999	0.3125	0.45416666666666666	0.43966666666666665	0.36183333333333334	0.5273333333333333	0.5445	0.47716666666666663	0.43266666666666664	0.2796666666666667	0.3645	0.2905	0.5293333333333333	0.4741666666666666	0.39699999999999996	0.29083333333333333	0.30966666666666665	0.46416666666666667	0.47733333333333333	0.7693333333333333	0.33449999999999996	0.5001666666666666	0.5186666666666666	0.3738333333333333	0.36483333333333334	0.42016666666666663	0.593
0.3213333333333333	0.6573333333333333	0.498	0.5983333333333333	0.5328333333333333	0.31116666666666665	0.38266666666666665	0.3205	0.6271666666666667	0.6068333333333333	0.7406666666666667	0.41933333333333334	0.42683333333333334	0.5035	0.3973333333333333	0.422	0.16433333333333333	0.355	0.4478333333333333	0.6655	0.3426666666666667	0.4573333333333333	0.6629999999999999	0.6163333333333333	0.4656666666666667	0.33766666666666667	0.346	0.4623333333333333	0.6679999999999999	0.4473333333333333	0.33216666666666667	0.6054999999999999	0.36016666666666663	0.5953333333333333	0.418	0.5336666666666666	0.6163333333333333	0.49216666666666664	0.42983333333333335	0.5641666666666666	0.419	0.5048333333333334	0.32266666666666666	0.434	0.5316666666666666	0.49716666666666665	0.5973333333333333	0.6263333333333333	0.5075	0.4646666666666667	0.431	0.6536666666666666	0.3785	0.4721666666666666	0.5941666666666666	0.3413333333333333	0.7324999999999999	0.44516666666666665	0.8543333333333333	0.6465	0.4993333333333333	0.3085	0.41983333333333334	0.5985	0.3213333333333333	0.6885	0.47533333333333333	0.5185	0.5645	0.322	0.6748333333333333	0.6951666666666666	0.6221666666666666	0.24816666666666665	0.39416666666666667	0.5978333333333333	0.6141666666666666	0.6515	0.30066666666666664	0.4343333333333333	0.4538333333333333	0.45449999999999996	0.48766666666666664	0.4695	0.3665	0.7314999999999999	0.6868333333333333	0.5683333333333334	0.23816666666666667	0.4678333333333333	0.5499999999999999	0.44166666666666665	0.4475	0.5526666666666666	0.8608333333333333	0.44516666666666665	0.519	0.48483333333333334	0.3235	0.3845
0.8301666666666666	0.36866666666666664	0.5686666666666667	0.4775	0.30733333333333335	0.6463333333333333	0.4993333333333333	0.492	0.5703333333333334	0.5941666666666666	0.415	0.47816666666666663	0.30833333333333335	0.387	0.48933333333333334	0.4135	0.6911666666666666	0.6915	0.6306666666666666	0.3973333333333333	0.6411666666666667	0.5013333333333333	0.4711666666666667	0.6321666666666667	0.5248333333333333	0.3833333333333333	0.6611666666666667	0.4343333333333333	0.4083333333333333	0.4046666666666667	0.6094999999999999	0.6471666666666667	0.36683333333333334	0.4056666666666667	0.44866666666666666	0.31566666666666665	0.41866666666666663	0.38416666666666666	0.8045	0.3745	0.3525	0.48366666666666663	0.45249999999999996	0.33266666666666667	0.4648333333333333	0.5125	0.441	0.6086666666666667	0.39816666666666667	0.6563333333333333	0.7631666666666667	0.3763333333333333	0.38666666666666666	0.7596666666666666	0.3788333333333333	0.4165	0.42783333333333334	0.36516666666666664	0.46599999999999997	0.4663333333333333	0.34049999999999997	0.5355	0.6966666666666667	0.3486666666666667	0.2673333333333333	0.49033333333333334	0.43316666666666664	0.8213333333333334	0.4728333333333333	0.564	0.5628333333333333	0.24766666666666665	0.888	0.33366666666666667	0.361	0.5216666666666666	0.6961666666666666	0.3273333333333333	0.5471666666666667	0.5603333333333333	0.5063333333333333	0.44716666666666666	0.5396666666666666	0.3958333333333333	0.7821666666666667	0.3863333333333333	0.12716666666666665	0.7081666666666666	0.5328333333333333	0.4285	0.8601666666666666	0.5579999999999999	0.5551666666666667	0.6063333333333333	0.5995	0.4775	0.1805	0.46366666666666667	0.96	0.4485
0.4348333333333333	0.5569999999999999	0.7973333333333333	0.5068333333333334	0.5886666666666667	0.33866666666666667	0.5545	0.6839999999999999	0.4598333333333333	0.5965	0.704	0.6901666666666666	0.5943333333333333	0.7713333333333333	0.4325	0.6421666666666667	0.7521666666666667	0.5663333333333334	0.374	0.5426666666666666	0.49916666666666665	0.6736666666666666	0.524	0.609	0.5018333333333334	0.4721666666666666	0.5755	0.4731666666666666	0.8243333333333333	0.42183333333333334	0.695	0.6516666666666666	0.419	0.8213333333333334	0.41466666666666663	0.6261666666666666	0.6773333333333333	0.4983333333333333	0.5826666666666667	0.6583333333333333	0.42466666666666664	0.8448333333333333	0.4325	0.5568333333333333	0.7051666666666666	0.43266666666666664	0.5858333333333333	0.5825	0.4735	0.6233333333333333	0.2925	0.42333333333333334	0.49116666666666664	0.6064999999999999	0.5038333333333334	0.6405	0.26916666666666667	0.4423333333333333	0.6373333333333333	0.4318333333333333	0.48133333333333334	0.5165	0.6683333333333333	0.4096666666666667	0.4086666666666667	0.6011666666666666	0.5756666666666667	0.691	0.37366666666666665	0.445	0.6238333333333334	0.43016666666666664	0.5803333333333334	0.36016666666666663	0.3763333333333333	0.19633333333333333	0.39199999999999996	0.45999999999999996	0.3595	0.4106666666666667	0.566	0.39966666666666667	0.6273333333333333	0.4603333333333333	0.6438333333333333	0.5845	0.359	0.2748333333333333	0.4235	0.3903333333333333	0.9028333333333333	0.19666666666666666	0.329	0.5846666666666667	0.39866666666666667	0.365	0.42283333333333334	0.9113333333333333	0.5671666666666666	0.4715
0.4845	0.433	0.45866666666666667	0.5871666666666666	0.35616666666666663	0.3718333333333333	0.384	0.3575	0.595	0.608	0.5413333333333333	0.45566666666666666	0.659	0.5216666666666666	0.7441666666666666	0.18083333333333332	0.6998333333333333	0.48516666666666663	0.5733333333333334	0.5303333333333333	0.48716666666666664	0.6156666666666667	0.648	0.39916666666666667	0.5996666666666667	0.32966666666666666	0.381	0.5846666666666667	0.5459999999999999	0.4215	0.5815	0.5398333333333333	0.6285	0.38416666666666666	0.637	0.6198333333333333	0.39866666666666667	0.3135	0.25316666666666665	0.36883333333333335	0.6074999999999999	0.4101666666666667	0.42633333333333334	0.5816666666666667	0.3923333333333333	0.3815	0.4905	0.3875	0.9028333333333333	0.2668333333333333	0.5076666666666666	0.5033333333333333	0.42933333333333334	0.3123333333333333	0.5168333333333334	0.43116666666666664	0.42583333333333334	0.6241666666666666	0.8591666666666666	0.5545	0.4111666666666667	0.41666666666666663	0.4741666666666666	0.344	0.2538333333333333	0.5883333333333333	0.5025	0.49566666666666664	0.46699999999999997	0.5448333333333333	0.641	0.4215	0.5178333333333334	0.4295	0.6271666666666667	0.4805	0.6991666666666666	0.5753333333333334	0.5456666666666666	0.8018333333333333	0.6286666666666666	0.602	0.3953333333333333	0.37066666666666664	0.6383333333333333	0.3913333333333333	0.5305	0.4145	0.5466666666666666	0.7798333333333333	0.2845	0.5251666666666667	0.3406666666666667	0.3615	0.5943333333333333	0.23333333333333334	0.45999999999999996	0.6186666666666667	0.359	0.43916666666666665
0.5228333333333333	0.5531666666666667	0.329	0.6815	0.6106666666666667	0.6756666666666666	0.4681666666666667	0.5551666666666667	0.42916666666666664	0.43216666666666664	0.3265	0.4578333333333333	0.6528333333333333	0.5528333333333333	0.2373333333333333	0.6345	0.4225	0.4141666666666666	0.39349999999999996	0.40049999999999997	0.36533333333333334	0.3343333333333333	0.1555	0.5576666666666666	0.3473333333333333	0.3813333333333333	0.6244999999999999	0.7001666666666666	0.3718333333333333	0.5885	0.33599999999999997	0.2965	0.16266666666666665	0.36633333333333334	0.3775	0.5245	0.4723333333333333	0.7436666666666666	0.45666666666666667	0.6188333333333333	0.6893333333333334	0.5381666666666667	0.5569999999999999	0.41333333333333333	0.4513333333333333	0.36333333333333334	0.5931666666666666	0.6113333333333333	0.32566666666666666	0.4661666666666667	0.5686666666666667	0.4365	0.42716666666666664	0.5421666666666667	0.8203333333333334	0.6988333333333333	0.4658333333333333	0.658	0.5778333333333333	0.477	0.5085	0.58	0.605	0.3225	0.6611666666666667	0.354	0.6526666666666666	0.2823333333333333	0.4668333333333333	0.5691666666666666	0.43966666666666665	0.39616666666666667	0.49366666666666664	0.259	0.8706666666666666	0.308	0.3423333333333333	0.6709999999999999	0.5148333333333334	0.39566666666666667	0.4033333333333333	0.49066666666666664	0.427	0.20983333333333332	0.4728333333333333	0.6325	0.6226666666666666	0.49816666666666665	0.578	0.47983333333333333	0.363	0.845	0.528	0.45166666666666666	0.3393333333333333	0.4723333333333333	0.358	0.30983333333333335	0.605	0.7454999999999999
0.4026666666666667	0.5265	0.5	0.647	0.45999999999999996	0.724	0.6538333333333333	0.5143333333333333	0.33599999999999997	0.6618333333333333	0.65	0.30683333333333335	0.41633333333333333	0.9433333333333334	0.47933333333333333	0.42	0.24816666666666665	0.22799999999999998	0.41	0.5848333333333333	0.19966666666666666	0.3085	0.48066666666666663	0.4728333333333333	0.33799999999999997	0.473	0.29916666666666664	0.6114999999999999	0.40249999999999997	0.7466666666666666	0.5545	0.5589999999999999	0.1885	0.479	0.585	0.29916666666666664	0.22083333333333333	0.5973333333333333	0.49566666666666664	0.766	0.5171666666666667	0.5963333333333333	0.539	0.4095	0.3718333333333333	0.2876666666666667	0.7918333333333333	0.5336666666666666	0.5023333333333333	0.3793333333333333	0.6779999999999999	0.39199999999999996	0.5371666666666667	0.49816666666666665	0.8006666666666666	0.5971666666666666	0.7133333333333333	0.4676666666666667	0.346	0.5373333333333333	0.6385	0.2845	0.3393333333333333	0.4141666666666666	0.4405	0.378	0.5918333333333333	0.6005	0.7871666666666667	0.5815	0.5936666666666667	0.6955	0.475	0.5878333333333333	0.5676666666666667	0.5188333333333334	0.6295	0.5508333333333333	0.39249999999999996	0.378	0.45216666666666666	0.30733333333333335	0.6536666666666666	0.4855	0.502	0.5216666666666666	0.49116666666666664	0.528	0.363	0.52	0.5318333333333333	0.8818333333333334	0.41433333333333333	0.20299999999999999	0.3275	0.4558333333333333	0.4845	0.5218333333333334	0.41666666666666663	0.6789999999999999
0.5195	0.9966666666666666	0.5353333333333333	0.6071666666666666	0.7018333333333333	0.5025	0.5771666666666666	0.6536666666666666	0.42333333333333334	0.5293333333333333	0.42466666666666664	0.712	0.354	0.7583333333333333	0.2345	0.49316666666666664	0.413	0.5351666666666667	0.5563333333333333	0.376	0.19116666666666665	0.39966666666666667	0.4131666666666666	0.47866666666666663	0.282	0.2955	0.2573333333333333	0.4473333333333333	0.5519999999999999	0.5696666666666667	0.7583333333333333	0.5213333333333333	0.6363333333333333	0.29316666666666663	0.3485	0.5278333333333333	0.3258333333333333	0.49516666666666664	0.4938333333333333	0.27449999999999997	0.3113333333333333	0.6648333333333333	0.26966666666666667	0.4875	0.4683333333333333	0.7013333333333334	0.30333333333333334	0.49916666666666665	0.5398333333333333	0.3575	0.9826666666666667	0.6074999999999999	0.4855	0.565	0.1725	0.19666666666666666	0.5165	0.7518333333333334	0.6453333333333333	0.4731666666666666	0.5281666666666667	0.38616666666666666	0.3715	0.48	0.6138333333333333	0.6116666666666667	0.3855	0.36666666666666664	0.31116666666666665	0.5063333333333333	0.2853333333333333	0.5765	0.41133333333333333	0.42433333333333334	0.5385	0.5243333333333333	0.4051666666666667	0.7758333333333333	0.46699999999999997	0.642	0.735	0.5561666666666667	0.5005	0.35633333333333334	0.762	0.6941666666666666	0.8038333333333333	0.5735	0.3675	0.3445	0.6398333333333334	0.5425	0.3413333333333333	0.4185	0.32466666666666666	0.3993333333333333	0.3185	0.4415	0.39599999999999996	0.19466666666666665
0.6041666666666666	0.49716666666666665	0.4335	0.8156666666666667	0.5666666666666667	0.6738333333333333	0.3283333333333333	0.5538333333333333	0.477	0.6853333333333333	0.5469999999999999	0.4445	0.29716666666666663	0.4043333333333333	0.49016666666666664	0.6355	0.4023333333333333	0.47483333333333333	0.3238333333333333	0.64	0.4968333333333333	0.5636666666666666	0.5901666666666666	0.41583333333333333	0.5331666666666667	0.4666666666666667	0.407	0.43416666666666665	0.42933333333333334	0.603	0.3733333333333333	0.6163333333333333	0.37516666666666665	0.4375	0.36283333333333334	0.6405	0.595	0.7585	0.5321666666666667	0.6325	0.5498333333333333	0.28883333333333333	0.522	0.5395	0.5708333333333333	0.5281666666666667	0.875	0.41783333333333333	0.40199999999999997	0.3928333333333333	0.2835	0.6036666666666667	0.4388333333333333	0.615	0.3466666666666667	0.6451666666666667	0.7343333333333333	0.32966666666666666	0.4413333333333333	0.7105	0.47	0.41533333333333333	0.39949999999999997	0.4423333333333333	0.28783333333333333	0.3983333333333333	0.5183333333333333	0.3803333333333333	0.48133333333333334	0.5683333333333334	0.48416666666666663	0.4073333333333333	0.5078333333333334	0.3441666666666667	0.5328333333333333	0.29083333333333333	0.4523333333333333	0.317	0.42583333333333334	0.851	0.6506666666666666	0.36116666666666664	0.5918333333333333	0.24533333333333332	0.4358333333333333	0.5103333333333333	0.37566666666666665	0.7166666666666667	0.4988333333333333	0.415	0.518	0.5123333333333333	0.4155	0.19216666666666665	0.371	0.6403333333333333	0.489	0.6876666666666666	0.4661666666666667	0.6223333333333333
0.5966666666666667	0.637	0.443	0.38866666666666666	0.47433333333333333	0.2595	0.35616666666666663	0.4548333333333333	0.5088333333333334	0.596	0.4696666666666667	0.29433333333333334	0.2835	0.48766666666666664	0.5785	0.5361666666666667	0.3516666666666666	0.3635	0.3451666666666667	0.602	0.4513333333333333	0.47483333333333333	0.46749999999999997	0.49183333333333334	0.39366666666666666	0.5183333333333333	0.4165	0.5905	0.5918333333333333	0.38466666666666666	0.3793333333333333	0.4136666666666666	0.5605	0.6828333333333333	0.31416666666666665	0.5815	0.46199999999999997	0.4485	0.5449999999999999	0.6763333333333333	0.6496666666666666	0.448	0.49133333333333334	0.36833333333333335	0.4935	0.259	0.4051666666666667	0.33816666666666667	0.2846666666666667	0.25666666666666665	0.4435	0.49116666666666664	0.602	1.03	0.5081666666666667	0.5469999999999999	0.9176666666666666	0.24116666666666667	0.20883333333333332	0.4765	0.6183333333333333	0.5918333333333333	0.7021666666666666	0.4686666666666667	0.49133333333333334	0.645	0.5241666666666667	0.325	0.8343333333333333	0.6856666666666666	0.36983333333333335	0.6176666666666667	0.4325	0.5031666666666667	0.36083333333333334	0.6561666666666667	0.42333333333333334	0.35733333333333334	0.45466666666666666	0.42283333333333334	0.3763333333333333	0.434	0.5509999999999999	0.2836666666666667	0.6084999999999999	0.7454999999999999	0.5506666666666666	0.6873333333333334	0.31966666666666665	0.8096666666666666	0.6645	0.7378333333333333	0.41666666666666663	0.4448333333333333	0.38316666666666666	0.47716666666666663	0.2743333333333333	0.531	0.2856666666666667	0.6483333333333333
0.6448333333333333	0.5858333333333333	0.5908333333333333	0.5575	0.35733333333333334	0.4598333333333333	0.6839999999999999	0.2165	0.27466666666666667	0.581	0.6074999999999999	0.6689999999999999	0.4598333333333333	0.6048333333333333	0.6638333333333333	0.47866666666666663	0.44116666666666665	0.441	0.24066666666666667	0.42133333333333334	0.47833333333333333	0.2836666666666667	0.42516666666666664	0.43566666666666665	0.565	0.4085	0.49183333333333334	0.7058333333333333	0.34199999999999997	0.5461666666666667	0.6203333333333333	0.40399999999999997	0.3085	0.526	0.3885	0.4056666666666667	0.5101666666666667	0.7055	0.36616666666666664	0.5626666666666666	0.3105	0.5175	0.42916666666666664	0.5735	0.364	0.5745	0.2763333333333333	0.4373333333333333	0.24066666666666667	0.5721666666666666	0.39066666666666666	0.5996666666666667	0.5463333333333333	0.4988333333333333	0.5101666666666667	0.3913333333333333	0.5436666666666666	0.7978333333333333	0.3148333333333333	0.45416666666666666	0.6226666666666666	0.583	0.8226666666666667	0.3893333333333333	0.39349999999999996	0.7969999999999999	0.5221666666666667	0.35266666666666663	0.5441666666666667	0.46749999999999997	0.4423333333333333	0.5426666666666666	0.41866666666666663	0.49516666666666664	0.5449999999999999	0.41933333333333334	0.45299999999999996	0.588	0.4815	0.6913333333333334	0.5066666666666666	0.4083333333333333	0.7811666666666667	0.45399999999999996	0.305	0.42866666666666664	0.6083333333333333	0.515	0.31966666666666665	0.28583333333333333	0.429	0.45799999999999996	0.366	0.6244999999999999	0.49716666666666665	0.4463333333333333	0.4518333333333333	0.9944999999999999	0.5026666666666666	0.44766666666666666
0.45399999999999996	0.42133333333333334	0.38216666666666665	0.7065	0.317	0.5345	0.8523333333333333	0.6638333333333333	0.6326666666666666	0.5981666666666666	0.7681666666666667	0.5338333333333333	0.29366666666666663	0.49183333333333334	0.47433333333333333	0.4895	0.5356666666666666	0.46549999999999997	0.3635	0.39616666666666667	0.46799999999999997	0.527	0.5493333333333333	0.30133333333333334	0.45516666666666666	0.5628333333333333	0.6658333333333333	0.6951666666666666	0.5615	0.474	0.6306666666666666	0.30533333333333335	0.3788333333333333	0.41333333333333333	0.2618333333333333	0.4741666666666666	0.4923333333333333	0.49216666666666664	0.38	0.5646666666666667	0.5236666666666666	0.48566666666666664	0.25466666666666665	0.6673333333333333	0.4275	0.6073333333333333	0.8901666666666667	0.5893333333333333	0.49366666666666664	0.4443333333333333	0.24916666666666665	0.3401666666666667	0.2841666666666667	0.5785	0.4115	0.43166666666666664	0.5376666666666666	0.7221666666666666	0.3455	0.5075	0.5283333333333333	0.2675	0.6176666666666667	0.5226666666666666	0.6313333333333333	0.6795	0.6163333333333333	0.30116666666666664	0.5353333333333333	0.48133333333333334	0.30633333333333335	0.6104999999999999	0.484	0.41916666666666663	0.566	0.41683333333333333	0.42733333333333334	0.521	0.286	0.49216666666666664	0.7046666666666667	0.7175	0.43133333333333335	0.6631666666666667	0.5148333333333334	0.4603333333333333	0.48016666666666663	0.5391666666666667	0.611	0.4275	0.22716666666666666	0.46199999999999997	0.523	0.4103333333333333	0.28099999999999997	0.44866666666666666	0.39566666666666667	0.7949999999999999	0.45816666666666667	0.47783333333333333
0.6306666666666666	0.40549999999999997	0.7231666666666666	0.5111666666666667	0.5633333333333334	0.304	0.6789999999999999	0.47583333333333333	0.493	0.47933333333333333	0.4633333333333333	0.621	0.4023333333333333	0.37666666666666665	0.5113333333333333	0.36816666666666664	0.2768333333333333	0.3398333333333333	0.35783333333333334	0.6991666666666666	0.525	0.26816666666666666	0.5673333333333334	0.4965	0.42183333333333334	0.6371666666666667	0.8118333333333333	0.5215	0.19633333333333333	0.3775	0.3075	0.5046666666666666	0.4678333333333333	0.4405	0.6781666666666667	0.6515	0.476	0.5609999999999999	0.707	0.43516666666666665	0.5375	0.7211666666666666	0.418	0.26366666666666666	0.9318333333333333	0.5493333333333333	0.44816666666666666	0.30716666666666664	0.4673333333333333	0.4983333333333333	0.29133333333333333	0.5761666666666666	0.508	0.5405	0.5143333333333333	0.6871666666666666	0.44966666666666666	0.44466666666666665	0.5151666666666667	0.4756666666666666	0.41866666666666663	0.496	0.7005	0.389	0.5988333333333333	0.2776666666666667	0.3575	0.45466666666666666	0.426	0.4705	0.5516666666666666	0.4338333333333333	0.48316666666666663	0.6096666666666667	0.6413333333333333	0.5135	0.6118333333333333	0.8201666666666666	0.6741666666666667	0.7061666666666666	0.7501666666666666	0.35966666666666663	0.3723333333333333	0.5241666666666667	0.2608333333333333	0.33649999999999997	0.4475	0.7444999999999999	0.6505	0.7628333333333334	0.49466666666666664	0.6985	0.6826666666666666	0.6041666666666666	0.24433333333333332	0.43866666666666665	0.5063333333333333	0.364	0.34883333333333333	0.5731666666666666
0.4755	0.3815	0.36166666666666664	0.7135	0.40299999999999997	0.5441666666666667	0.13699999999999998	0.6321666666666667	0.47383333333333333	0.30916666666666665	0.6186666666666667	0.32116666666666666	0.45416666666666666	0.3865	0.3565	0.315	0.595	0.43666666666666665	0.7028333333333333	0.48716666666666664	0.6633333333333333	0.36183333333333334	0.48416666666666663	0.7076666666666667	0.5031666666666667	0.39349999999999996	0.45666666666666667	0.4676666666666667	0.3516666666666666	0.44666666666666666	0.5646666666666667	0.5746666666666667	0.6551666666666667	0.43216666666666664	0.48216666666666663	0.768	0.41766666666666663	0.329	0.48866666666666664	0.7949999999999999	0.3978333333333333	0.23716666666666666	0.62	0.4098333333333333	0.38466666666666666	0.5703333333333334	0.6456666666666666	0.6056666666666667	0.366	0.48466666666666663	0.41566666666666663	0.31566666666666665	0.8483333333333333	0.477	0.348	0.6221666666666666	0.413	0.45649999999999996	0.4663333333333333	0.7071666666666666	0.419	0.35183333333333333	0.501	0.47983333333333333	0.2513333333333333	0.5035	0.21916666666666665	0.46066666666666667	0.46266666666666667	0.5826666666666667	0.44516666666666665	0.42783333333333334	0.621	0.5126666666666666	0.37016666666666664	0.2525	0.5833333333333333	0.5433333333333333	0.6766666666666666	0.48083333333333333	0.5723333333333334	0.6456666666666666	0.3705	0.6068333333333333	0.36133333333333334	0.41916666666666663	0.3908333333333333	0.592	0.3913333333333333	0.46316666666666667	0.2763333333333333	0.6431666666666667	0.5503333333333333	0.2603333333333333	0.46416666666666667	0.5963333333333333	0.3873333333333333	0.7968333333333333	0.5805	0.3835
0.4633333333333333	0.3738333333333333	0.6673333333333333	0.45199999999999996	0.40166666666666667	0.20783333333333331	0.3885	0.6048333333333333	0.46166666666666667	0.6961666666666666	0.35666666666666663	0.6358333333333334	0.52	0.3408333333333333	0.542	0.441	0.3253333333333333	0.8025	0.8243333333333333	0.7066666666666667	0.4503333333333333	0.4353333333333333	0.48016666666666663	0.2685	0.5905	0.20249999999999999	0.7364999999999999	0.35216666666666663	0.4315	0.36816666666666664	0.5283333333333333	0.4568333333333333	0.4646666666666667	0.29766666666666663	0.566	0.6406666666666666	0.45566666666666666	0.3465	0.7111666666666666	0.38616666666666666	0.6425	0.29516666666666663	0.4046666666666667	0.49033333333333334	0.261	0.5083333333333333	0.47333333333333333	0.6795	0.29133333333333333	0.507	0.43166666666666664	0.3175	0.5816666666666667	0.5825	0.5435	0.737	0.35483333333333333	0.4448333333333333	0.38666666666666666	0.5248333333333333	0.6263333333333333	0.5025	0.4603333333333333	0.6248333333333334	0.42016666666666663	0.5343333333333333	0.5566666666666666	0.36133333333333334	0.6513333333333333	0.5566666666666666	0.5196666666666666	0.7965	0.534	0.27616666666666667	0.2528333333333333	0.6005	0.5993333333333333	0.5956666666666667	0.45999999999999996	0.46399999999999997	0.447	0.4003333333333333	0.48966666666666664	0.48216666666666663	0.24133333333333332	0.31916666666666665	0.39849999999999997	0.5451666666666667	0.424	0.624	0.4661666666666667	0.5495	0.523	0.6516666666666666	0.4443333333333333	0.30833333333333335	0.6395	0.6094999999999999	0.47633333333333333	0.7318333333333333
0.27199999999999996	0.5253333333333333	0.4468333333333333	0.5553333333333333	0.2663333333333333	0.2846666666666667	0.8258333333333333	0.42	0.368	0.24566666666666667	0.7745	0.2363333333333333	0.6116666666666667	0.48983333333333334	0.4895	0.8434999999999999	0.6183333333333333	0.8583333333333333	0.3398333333333333	0.6376666666666666	0.6146666666666667	0.47683333333333333	0.6061666666666666	0.6485	0.29583333333333334	0.4275	0.5391666666666667	0.42216666666666663	0.5598333333333333	0.6798333333333333	0.48833333333333334	0.8096666666666666	1.0538333333333334	0.427	0.46416666666666667	0.4935	0.8544999999999999	0.3585	0.6033333333333333	0.45999999999999996	0.5475	0.36933333333333335	0.5185	0.5961666666666666	0.4126666666666666	0.42133333333333334	0.5655	0.46849999999999997	0.634	0.37516666666666665	0.39716666666666667	0.4405	0.36133333333333334	0.4598333333333333	0.42733333333333334	0.5446666666666666	0.9473333333333332	0.6471666666666667	0.5666666666666667	0.7776666666666666	0.5101666666666667	0.362	0.421	0.6258333333333334	0.3458333333333333	0.4681666666666667	0.612	0.30633333333333335	0.4106666666666667	0.30216666666666664	0.5663333333333334	0.6703333333333333	0.49266666666666664	0.5518333333333333	0.49516666666666664	0.7033333333333333	0.592	0.407	0.3853333333333333	0.6581666666666667	0.6243333333333333	0.6233333333333333	0.43816666666666665	0.435	0.6244999999999999	0.6071666666666666	0.4465	0.5935	0.5579999999999999	0.5866666666666667	0.42683333333333334	0.6698333333333333	0.2643333333333333	0.5175	0.426	0.37416666666666665	0.4845	0.4403333333333333	0.49466666666666664	0.4766666666666666
0.6655	0.5266666666666666	0.576	0.48283333333333334	0.354	0.578	0.5543333333333333	0.6023333333333333	0.6859999999999999	0.5371666666666667	0.2655	0.34099999999999997	0.5206666666666666	0.41866666666666663	0.3923333333333333	0.5528333333333333	0.48633333333333334	0.5906666666666667	0.592	0.564	0.5073333333333333	0.6575	0.5433333333333333	0.48766666666666664	0.9095	0.7035	0.6251666666666666	0.7246666666666667	0.5211666666666667	0.30133333333333334	0.29	0.4235	0.43516666666666665	0.219	0.38666666666666666	0.6293333333333333	0.5363333333333333	0.5576666666666666	0.6138333333333333	0.5033333333333333	0.7633333333333333	0.48616666666666664	0.4523333333333333	0.3416666666666667	0.6178333333333333	0.4101666666666667	0.3148333333333333	0.8283333333333333	0.19066666666666665	0.4731666666666666	0.3565	0.36116666666666664	0.5313333333333333	0.43916666666666665	0.588	0.36233333333333334	0.4646666666666667	0.5695	0.35916666666666663	0.41133333333333333	0.6114999999999999	0.6548333333333333	0.3401666666666667	0.48283333333333334	0.7061666666666666	0.26666666666666666	0.5516666666666666	0.564	0.44566666666666666	0.46799999999999997	0.4928333333333333	0.4755	0.48383333333333334	0.502	0.5301666666666667	0.8431666666666666	0.418	0.5458333333333333	0.6853333333333333	0.5361666666666667	0.47783333333333333	0.6053333333333333	0.6488333333333333	0.6545	0.46049999999999996	0.5585	0.45816666666666667	0.5341666666666667	0.5573333333333333	0.5321666666666667	0.9111666666666667	0.5865	0.4726666666666666	0.5746666666666667	0.44666666666666666	0.5995	0.5523333333333333	0.39399999999999996	0.426	0.639
0.33549999999999996	0.36133333333333334	0.5196666666666666	0.48166666666666663	0.37916666666666665	0.5456666666666666	0.4638333333333333	0.5521666666666667	0.5403333333333333	0.6173333333333333	0.6638333333333333	0.6641666666666667	0.5395	0.40249999999999997	0.42866666666666664	0.4958333333333333	0.48933333333333334	0.37616666666666665	0.443	0.5105	0.2085	0.6064999999999999	0.7006666666666667	0.42683333333333334	0.6146666666666667	0.419	0.42783333333333334	0.6308333333333334	0.5693333333333334	0.7761666666666667	0.8508333333333333	0.3238333333333333	0.8398333333333333	0.6553333333333333	0.5141666666666667	0.39849999999999997	0.41516666666666663	0.45749999999999996	0.5413333333333333	0.35866666666666663	0.6995	0.5403333333333333	0.45066666666666666	0.34933333333333333	0.6011666666666666	0.2855	0.7253333333333333	0.5705	0.7244999999999999	0.39716666666666667	0.305	0.7725	0.5875	0.26816666666666666	0.48916666666666664	0.3203333333333333	0.6071666666666666	0.6605	0.4708333333333333	0.4505	0.41466666666666663	0.591	0.49133333333333334	0.702	0.34933333333333333	0.5148333333333334	0.48916666666666664	0.4691666666666667	0.29916666666666664	0.424	0.4815	0.15833333333333333	0.4785	0.619	0.5883333333333333	0.4855	0.37266666666666665	0.6261666666666666	0.259	0.36766666666666664	0.5081666666666667	0.418	0.437	0.8346666666666667	0.3363333333333333	0.7273333333333333	0.6336666666666666	0.3885	0.5549999999999999	0.7274999999999999	0.5473333333333333	0.5768333333333333	0.5041666666666667	0.5549999999999999	0.747	0.49666666666666665	0.3913333333333333	0.7391666666666666	0.35433333333333333	0.41383333333333333
0.49416666666666664	0.45849999999999996	0.6034999999999999	0.5888333333333333	0.5186666666666666	0.5616666666666666	0.376	0.6921666666666666	0.39266666666666666	0.37866666666666665	0.42566666666666664	0.4403333333333333	0.7531666666666667	0.47933333333333333	0.7326666666666667	0.38716666666666666	0.47983333333333333	0.38466666666666666	0.41516666666666663	0.6116666666666667	0.5943333333333333	0.4725	0.3115	0.35483333333333333	0.47433333333333333	0.4053333333333333	0.7676666666666666	0.533	0.4563333333333333	0.6541666666666667	0.6438333333333333	0.6066666666666667	0.43416666666666665	0.40549999999999997	0.5108333333333334	0.6516666666666666	0.597	0.44916666666666666	1.0235	0.5448333333333333	0.5966666666666667	0.6796666666666666	0.527	0.6438333333333333	0.5011666666666666	0.38816666666666666	0.39166666666666666	0.47833333333333333	0.8381666666666666	0.4106666666666667	0.5085	0.6961666666666666	0.3545	0.4115	0.6038333333333333	0.6476666666666666	0.6473333333333333	0.3245	0.5628333333333333	0.612	0.7331666666666666	0.25916666666666666	0.5403333333333333	0.47883333333333333	0.3203333333333333	0.42116666666666663	0.38916666666666666	0.3825	0.7288333333333333	0.36083333333333334	0.6535	0.4661666666666667	0.7925	0.5441666666666667	1.0146666666666666	0.3515	0.4423333333333333	0.431	0.318	0.47883333333333333	0.3501666666666667	0.39299999999999996	0.3401666666666667	0.35783333333333334	0.4713333333333333	0.6745	0.47483333333333333	0.8518333333333333	0.33716666666666667	0.45816666666666667	0.736	0.302	0.5773333333333334	0.39899999999999997	0.871	0.6378333333333334	0.48466666666666663	0.35983333333333334	0.45416666666666666	0.7651666666666667
0.2803333333333333	0.20916666666666667	0.7571666666666667	0.3455	0.6543333333333333	0.3408333333333333	0.47733333333333333	0.47383333333333333	0.3075	0.24916666666666665	0.47816666666666663	0.5171666666666667	0.4623333333333333	0.5041666666666667	0.6525	0.7053333333333333	0.521	0.48216666666666663	0.6776666666666666	0.5005	0.4398333333333333	0.5328333333333333	0.533	0.4103333333333333	0.2846666666666667	0.27266666666666667	0.48366666666666663	0.4338333333333333	0.29833333333333334	0.34299999999999997	0.4716666666666667	0.6783333333333333	0.36583333333333334	0.6453333333333333	0.5883333333333333	0.5321666666666667	0.33516666666666667	0.4453333333333333	0.6278333333333334	0.6759999999999999	0.48016666666666663	0.44566666666666666	0.5621666666666667	0.4865	0.46199999999999997	0.3773333333333333	0.64	0.5075	0.6578333333333333	0.59	0.30866666666666664	0.4698333333333333	0.5493333333333333	0.64	0.47683333333333333	0.5755	0.41483333333333333	0.6041666666666666	0.627	0.5878333333333333	0.6586666666666666	0.6928333333333333	0.4943333333333333	0.3478333333333333	0.5251666666666667	0.6121666666666666	0.2658333333333333	0.5286666666666666	0.2573333333333333	0.774	0.46166666666666667	0.47783333333333333	0.7416666666666667	0.29283333333333333	0.33866666666666667	0.45666666666666667	0.41683333333333333	0.6315	0.77	0.33566666666666667	0.4405	0.3828333333333333	0.5586666666666666	0.6003333333333333	0.4425	0.31016666666666665	0.26216666666666666	0.58	0.7566666666666666	0.451	0.5331666666666667	0.48733333333333334	0.6184999999999999	0.5373333333333333	0.41966666666666663	0.5196666666666666	0.42683333333333334	0.26966666666666667	0.6749999999999999	0.8521666666666666
0.48166666666666663	0.3501666666666667	0.40499999999999997	0.8165	0.31816666666666665	0.5536666666666666	0.9279999999999999	0.538	0.39766666666666667	0.6786666666666666	0.497	0.42933333333333334	0.5633333333333334	0.1915	0.4295	0.4618333333333333	0.4573333333333333	0.6481666666666667	0.7008333333333333	0.5555	0.5976666666666667	0.6625	0.7284999999999999	0.345	0.23933333333333331	0.5251666666666667	0.4463333333333333	0.4315	0.4975	0.827	0.4708333333333333	0.3065	0.5431666666666667	0.3903333333333333	0.6756666666666666	0.6191666666666666	0.5358333333333333	0.5126666666666666	0.39366666666666666	0.5341666666666667	0.5458333333333333	0.4355	0.27299999999999996	0.6933333333333334	0.47533333333333333	0.513	0.29483333333333334	0.38016666666666665	0.32	0.5021666666666667	1.0748333333333333	0.4028333333333333	0.6118333333333333	0.2895	0.5823333333333333	0.37166666666666665	0.8766666666666666	0.3773333333333333	0.6351666666666667	0.6156666666666667	0.45616666666666666	0.4063333333333333	0.266	0.5148333333333334	0.41833333333333333	0.6008333333333333	0.8781666666666667	0.389	0.5758333333333333	0.7016666666666667	0.3416666666666667	0.3878333333333333	0.3858333333333333	0.48816666666666664	0.38366666666666666	0.6308333333333334	0.978	0.33166666666666667	0.5403333333333333	0.3973333333333333	0.46066666666666667	0.4473333333333333	0.7603333333333333	0.3665	0.437	0.5901666666666666	0.5301666666666667	0.3348333333333333	0.6713333333333333	0.4473333333333333	0.3913333333333333	0.703	0.6716666666666666	0.3318333333333333	0.42783333333333334	0.6435	0.6093333333333333	0.3285	0.33016666666666666	0.27749999999999997
0.47833333333333333	0.24133333333333332	0.4925	0.5601666666666667	0.5768333333333333	0.39649999999999996	0.3423333333333333	0.33349999999999996	0.885	0.4613333333333333	0.30733333333333335	0.33149999999999996	0.442	0.49766666666666665	0.43266666666666664	0.5021666666666667	0.5173333333333333	0.5795	0.5541666666666667	0.424	0.41516666666666663	0.7101666666666666	0.89	0.4681666666666667	0.369	0.4656666666666667	0.4088333333333333	0.4116666666666666	0.602	0.5198333333333334	0.29316666666666663	0.5535	0.39766666666666667	0.5451666666666667	0.5035	0.6525	0.47816666666666663	0.29216666666666663	0.5565	0.469	0.432	0.49066666666666664	0.45466666666666666	0.598	0.309	0.5573333333333333	0.44416666666666665	0.3865	0.5011666666666666	0.4488333333333333	0.41816666666666663	0.5006666666666667	0.5341666666666667	0.23883333333333331	0.3411666666666667	0.5913333333333333	0.6836666666666666	0.7106666666666667	0.518	0.6811666666666667	0.572	0.4673333333333333	0.4736666666666666	0.8221666666666666	0.4925	0.5865	0.42466666666666664	0.5166666666666666	0.3715	0.5726666666666667	0.7396666666666667	0.384	0.30933333333333335	0.4746666666666666	0.27549999999999997	0.36133333333333334	0.425	0.3768333333333333	0.6005	0.5421666666666667	0.5015	0.7328333333333333	0.41683333333333333	0.8049999999999999	0.7156666666666667	0.43	0.45249999999999996	0.6646666666666666	0.609	0.696	0.16433333333333333	0.5991666666666666	0.602	0.2846666666666667	0.46116666666666667	0.5786666666666667	0.35233333333333333	0.5018333333333334	0.5201666666666667	0.26266666666666666
0.4513333333333333	0.5108333333333334	0.5485	0.7718333333333333	0.4968333333333333	0.3406666666666667	0.579	0.47883333333333333	0.6478333333333333	0.7741666666666667	0.20433333333333334	0.6795	0.5758333333333333	0.7856666666666666	0.5006666666666667	0.6436666666666666	0.5098333333333334	0.3733333333333333	0.4165	0.6386666666666666	0.42266666666666663	0.731	0.469	0.46416666666666667	0.5188333333333334	0.36416666666666664	0.7065	0.5995	0.691	0.30283333333333334	0.3383333333333333	0.48666666666666664	0.49066666666666664	0.6381666666666667	0.3878333333333333	0.2803333333333333	0.44216666666666665	0.4305	0.30733333333333335	0.6081666666666666	0.5571666666666667	0.49516666666666664	0.6288333333333334	0.6368333333333334	0.4703333333333333	0.4648333333333333	0.35333333333333333	0.3233333333333333	0.6283333333333333	0.426	0.43866666666666665	0.5681666666666666	0.5375	0.7581666666666667	0.35483333333333333	0.46166666666666667	0.317	0.30516666666666664	0.4533333333333333	0.7201666666666666	0.5459999999999999	0.45749999999999996	0.7558333333333334	0.478	0.5628333333333333	0.42133333333333334	0.606	0.38166666666666665	0.5888333333333333	0.475	0.5368333333333333	0.29383333333333334	0.4478333333333333	0.39	0.46599999999999997	0.44816666666666666	0.2831666666666667	0.4815	0.37266666666666665	0.32916666666666666	0.358	0.5245	0.5533333333333333	0.49366666666666664	0.6908333333333333	0.5888333333333333	0.36083333333333334	0.6906666666666667	0.585	0.5766666666666667	0.5235	0.46499999999999997	0.5431666666666667	0.713	0.5463333333333333	0.818	0.5005	0.47783333333333333	0.5885	0.5638333333333333
0.48033333333333333	0.4088333333333333	0.39	0.3468333333333333	0.37116666666666664	0.18283333333333332	0.30433333333333334	0.4855	0.6268333333333334	0.5678333333333333	0.773	0.48016666666666663	0.6651666666666667	0.26616666666666666	0.32516666666666666	0.7883333333333333	0.39549999999999996	0.4475	0.492	0.36933333333333335	0.599	0.44166666666666665	0.361	0.5618333333333333	0.6808333333333333	0.36183333333333334	0.6456666666666666	0.43166666666666664	0.30566666666666664	0.4295	0.4408333333333333	0.6616666666666666	0.6056666666666667	0.14966666666666667	0.532	0.4098333333333333	0.5253333333333333	0.702	0.6401666666666667	0.5361666666666667	0.5815	0.20716666666666667	0.5243333333333333	0.5666666666666667	0.39316666666666666	0.44966666666666666	0.5445	0.4076666666666667	0.32666666666666666	0.6041666666666666	0.5933333333333333	0.6508333333333333	0.7181666666666666	0.28633333333333333	0.43966666666666665	0.5456666666666666	0.4558333333333333	0.2945	0.7344999999999999	0.9603333333333333	0.7545	0.6084999999999999	0.46749999999999997	0.6688333333333333	0.6993333333333334	0.36416666666666664	0.5056666666666666	0.5533333333333333	0.4195	0.6955	0.29283333333333333	0.5515	0.5483333333333333	0.1875	0.32616666666666666	0.4713333333333333	0.4651666666666667	0.5295	0.3875	0.37916666666666665	0.5641666666666666	0.3203333333333333	0.2728333333333333	0.5413333333333333	0.4638333333333333	0.6161666666666666	0.511	0.7018333333333333	0.439	0.6709999999999999	0.7839999999999999	0.5183333333333333	0.6024999999999999	0.47383333333333333	0.299	0.4433333333333333	0.38666666666666666	0.7625	0.5195	0.6836666666666666
0.3795	0.6118333333333333	0.5656666666666667	0.5086666666666666	0.6198333333333333	0.5836666666666667	0.36466666666666664	0.49066666666666664	0.5901666666666666	0.6733333333333333	0.22483333333333333	0.5308333333333333	0.5445	0.5328333333333333	0.7324999999999999	0.4523333333333333	0.5055	0.49116666666666664	0.35766666666666663	0.5426666666666666	0.6701666666666667	0.4383333333333333	0.4945	0.2965	0.5723333333333334	0.3215	0.3165	0.575	0.4081666666666667	0.39816666666666667	0.5448333333333333	0.6961666666666666	0.408	0.4328333333333333	0.6755	0.5363333333333333	0.532	0.3665	0.526	0.5483333333333333	0.3135	0.3938333333333333	0.7631666666666667	0.41983333333333334	0.42633333333333334	0.366	0.3783333333333333	0.5509999999999999	0.4983333333333333	0.573	0.4703333333333333	0.6351666666666667	0.655	0.6348333333333334	0.42033333333333334	0.473	0.6186666666666667	0.6905	0.5846666666666667	0.7878333333333333	0.5476666666666666	0.31566666666666665	0.5549999999999999	0.7765	0.38516666666666666	0.5088333333333334	0.6218333333333333	0.42133333333333334	0.5465	0.5743333333333334	0.6054999999999999	0.436	0.5028333333333334	0.6073333333333333	0.64	0.6669999999999999	0.6901666666666666	0.347	0.4373333333333333	0.5205	0.5743333333333334	0.389	0.5569999999999999	0.6691666666666667	0.33249999999999996	0.481	0.5956666666666667	0.7006666666666667	0.8059999999999999	0.46399999999999997	0.41883333333333334	0.3968333333333333	0.5595	0.4746666666666666	0.44816666666666666	0.5758333333333333	0.5271666666666667	0.31083333333333335	0.6983333333333334	0.41833333333333333
0.4593333333333333	0.6655	0.43416666666666665	0.573	0.4145	0.624	0.5328333333333333	0.6028333333333333	0.43083333333333335	0.3285	0.38716666666666666	0.4755	0.4538333333333333	0.4723333333333333	0.8218333333333333	0.37	0.4785	0.373	0.39749999999999996	0.4013333333333333	0.7613333333333333	0.5873333333333333	0.2565	0.381	0.2841666666666667	0.6365	0.3228333333333333	0.36683333333333334	0.7035	0.29716666666666663	0.6555	0.6956666666666667	0.3773333333333333	0.4528333333333333	0.6243333333333333	0.5723333333333334	0.6851666666666666	0.32566666666666666	0.6256666666666666	0.6134999999999999	0.42866666666666664	0.6178333333333333	0.9693333333333333	0.5891666666666666	0.518	0.4553333333333333	0.4041666666666667	0.6936666666666667	0.44966666666666666	0.39549999999999996	0.48833333333333334	0.41466666666666663	0.5088333333333334	0.3128333333333333	0.4518333333333333	0.4068333333333333	0.36016666666666663	0.5658333333333333	0.5925	0.6659999999999999	0.4935	0.621	0.36083333333333334	0.9495	0.3105	0.6595	0.95	0.33249999999999996	0.2876666666666667	0.40299999999999997	0.8723333333333333	0.7771666666666667	0.9636666666666667	0.35883333333333334	0.773	0.3455	0.2615	0.534	0.4741666666666666	0.43716666666666665	0.2891666666666667	0.4066666666666667	0.5788333333333333	0.26716666666666666	0.4103333333333333	0.5545	0.5221666666666667	0.3645	0.5418333333333333	0.7558333333333334	0.3858333333333333	0.5313333333333333	0.315	0.868	0.31316666666666665	0.7735	0.36233333333333334	0.8371666666666666	0.48166666666666663	0.3193333333333333
0.23316666666666666	0.501	0.6936666666666667	0.3765	0.5163333333333333	0.251	0.5501666666666667	0.8101666666666666	0.429	0.5148333333333334	0.7043333333333333	0.49366666666666664	0.4905	0.3491666666666667	0.5176666666666666	0.36666666666666664	0.515	0.4295	0.389	0.8691666666666666	0.32566666666666666	0.39016666666666666	0.38516666666666666	0.4083333333333333	0.44516666666666665	0.4495	0.35583333333333333	0.5166666666666666	0.42333333333333334	0.7051666666666666	0.5106666666666666	0.8396666666666667	0.5975	0.29183333333333333	0.48516666666666663	0.6076666666666667	0.30533333333333335	0.5603333333333333	0.5063333333333333	0.2583333333333333	0.5333333333333333	0.7563333333333333	0.39316666666666666	0.6375	0.4058333333333333	0.5608333333333333	0.3998333333333333	0.6166666666666667	0.5519999999999999	0.39349999999999996	0.40199999999999997	0.7226666666666667	0.2703333333333333	0.86	0.49116666666666664	0.7055	0.3733333333333333	0.44716666666666666	0.42366666666666664	0.4265	0.3505	0.6008333333333333	0.5805	0.46799999999999997	0.3738333333333333	0.35666666666666663	0.6786666666666666	0.6258333333333334	0.3765	0.2563333333333333	0.43016666666666664	0.3635	0.5425	0.7388333333333333	0.4705	0.7983333333333333	0.47	0.479	0.487	0.5609999999999999	0.47483333333333333	0.3755	0.5676666666666667	0.469	0.5158333333333334	0.5385	0.4285	0.5371666666666667	0.2693333333333333	0.5276666666666666	0.2811666666666667	0.626	0.4335	0.2538333333333333	0.426	0.7304999999999999	0.45816666666666667	0.5328333333333333	0.6026666666666667	0.8341666666666666
0.447	0.489	0.5233333333333333	0.6353333333333333	0.6451666666666667	0.46016666666666667	0.5118333333333334	0.271	0.6228333333333333	0.6635	0.6608333333333333	0.4948333333333333	0.6401666666666667	0.44416666666666665	0.37516666666666665	0.2865	0.5551666666666667	0.5429999999999999	0.729	0.17683333333333331	0.5068333333333334	0.5768333333333333	0.632	0.35233333333333333	0.38166666666666665	0.5371666666666667	0.4488333333333333	0.33066666666666666	0.5093333333333333	0.4593333333333333	0.5913333333333333	0.6563333333333333	0.45066666666666666	0.4255	0.412	0.5996666666666667	0.6503333333333333	0.5568333333333333	0.36266666666666664	0.5256666666666666	0.37866666666666665	0.3285	0.509	0.4255	0.40449999999999997	0.5636666666666666	0.43016666666666664	0.4058333333333333	0.442	0.6413333333333333	0.5201666666666667	0.38416666666666666	0.5815	0.495	0.391	0.3195	0.49816666666666665	0.37216666666666665	0.23433333333333334	0.262	0.22066666666666665	0.3128333333333333	0.47866666666666663	0.4985	0.45899999999999996	0.4528333333333333	0.36816666666666664	0.5278333333333333	0.29633333333333334	0.6326666666666666	0.6138333333333333	0.5525	0.48366666666666663	0.6986666666666667	0.44016666666666665	0.6541666666666667	0.34299999999999997	0.6676666666666666	0.5278333333333333	0.46649999999999997	0.838	0.6759999999999999	0.5511666666666667	0.6094999999999999	0.481	0.44466666666666665	0.6738333333333333	0.5953333333333333	0.4061666666666667	0.37366666666666665	0.18583333333333332	0.3485	0.4968333333333333	0.9179999999999999	0.412	0.4988333333333333	0.331	0.34299999999999997	0.5451666666666667	0.502
0.41916666666666663	0.36166666666666664	0.3885	0.5521666666666667	0.2615	0.376	0.4718333333333333	0.5476666666666666	0.45916666666666667	0.5688333333333333	0.5145	0.7208333333333333	0.4475	0.48483333333333334	0.5781666666666666	0.37	0.439	0.6915	0.4111666666666667	0.9155	0.5726666666666667	0.36466666666666664	0.646	0.5483333333333333	0.5593333333333333	0.4646666666666667	0.593	0.6863333333333334	0.4023333333333333	0.5553333333333333	0.6791666666666667	0.6114999999999999	0.716	0.573	0.46299999999999997	0.41083333333333333	0.16749999999999998	0.5835	0.8065	0.43216666666666664	0.5268333333333333	0.353	0.501	0.5546666666666666	0.40549999999999997	0.5328333333333333	0.5983333333333333	0.44116666666666665	0.4028333333333333	0.6445	0.6623333333333333	0.566	0.42733333333333334	0.6236666666666666	0.6258333333333334	0.5033333333333333	0.43466666666666665	0.5346666666666666	0.5468333333333333	0.6649999999999999	0.3303333333333333	0.207	0.5453333333333333	0.587	0.529	0.4043333333333333	0.5966666666666667	0.4058333333333333	0.49816666666666665	0.4686666666666667	0.593	0.5596666666666666	0.299	0.604	0.5073333333333333	0.49866666666666665	0.7051666666666666	0.33466666666666667	0.46549999999999997	0.36983333333333335	0.5838333333333333	0.32766666666666666	0.49616666666666664	0.8001666666666667	0.3235	0.42416666666666664	0.5336666666666666	0.3436666666666667	0.32616666666666666	0.6218333333333333	0.5713333333333334	0.44716666666666666	0.3413333333333333	0.3165	0.625	0.658	0.5368333333333333	0.5805	0.7324999999999999	0.42
0.3225	0.6156666666666667	0.5323333333333333	0.537	0.6223333333333333	0.3411666666666667	0.6148333333333333	0.5345	0.44116666666666665	0.47383333333333333	0.5111666666666667	0.5333333333333333	0.5601666666666667	0.36283333333333334	0.7478333333333333	0.3431666666666667	0.302	0.4013333333333333	0.6018333333333333	0.48366666666666663	0.4323333333333333	0.6856666666666666	0.5468333333333333	0.2823333333333333	0.4741666666666666	0.142	0.39499999999999996	0.39866666666666667	0.09266666666666666	0.6281666666666667	0.32	0.36533333333333334	0.619	0.28983333333333333	0.2365	0.5156666666666666	0.6961666666666666	0.418	0.8928333333333333	0.4165	0.6595	0.7308333333333333	0.4651666666666667	0.3813333333333333	0.43216666666666664	0.4923333333333333	0.36733333333333335	0.43116666666666664	0.43866666666666665	0.4383333333333333	0.5589999999999999	0.4498333333333333	0.5589999999999999	0.46449999999999997	0.7234999999999999	0.5533333333333333	0.47883333333333333	0.5636666666666666	0.7006666666666667	0.5333333333333333	0.32466666666666666	0.49416666666666664	0.4568333333333333	0.596	0.43466666666666665	0.5785	0.2708333333333333	0.5161666666666667	0.7048333333333333	0.4068333333333333	0.624	0.36166666666666664	0.4728333333333333	0.4638333333333333	0.3208333333333333	0.39666666666666667	0.506	0.41433333333333333	0.652	0.5485	0.5611666666666667	0.5481666666666667	0.5913333333333333	0.5375	0.49416666666666664	0.38716666666666666	0.5653333333333334	0.30716666666666664	0.4368333333333333	0.42066666666666663	0.4038333333333333	0.5445	0.41866666666666663	0.3545	0.5765	0.4395	0.6983333333333334	0.4478333333333333	0.5931666666666666	0.4725
0.6571666666666667	0.6511666666666667	0.4305	0.45966666666666667	0.5088333333333334	0.4855	0.26966666666666667	0.3913333333333333	0.6316666666666666	0.4145	0.6253333333333333	0.22233333333333333	0.6698333333333333	0.4795	0.5348333333333333	0.29566666666666663	0.625	0.482	0.4078333333333333	0.5535	0.46499999999999997	0.7586666666666666	0.442	0.5801666666666666	0.7076666666666667	0.3845	0.5456666666666666	0.3735	0.4068333333333333	0.53	0.6421666666666667	0.48666666666666664	0.5998333333333333	0.5988333333333333	0.3205	0.4598333333333333	0.707	0.3993333333333333	0.2545	0.5146666666666666	0.5521666666666667	0.4088333333333333	0.6443333333333333	0.5968333333333333	0.48433333333333334	0.384	0.6291666666666667	0.5275	0.6603333333333333	0.8283333333333333	0.5036666666666666	0.4995	0.4963333333333333	0.6173333333333333	0.3448333333333333	0.5226666666666666	0.431	0.709	0.41816666666666663	0.5006666666666667	0.4031666666666667	0.6913333333333334	0.5183333333333333	0.29383333333333334	0.3213333333333333	0.351	0.3491666666666667	0.49166666666666664	0.596	0.6103333333333333	0.5883333333333333	0.48116666666666663	0.32466666666666666	0.21833333333333332	0.4363333333333333	0.48483333333333334	0.6846666666666666	0.7351666666666666	0.4588333333333333	0.48916666666666664	0.33816666666666667	0.5548333333333333	0.5276666666666666	0.388	0.49466666666666664	0.40149999999999997	0.36033333333333334	0.6298333333333334	0.205	0.29333333333333333	0.5308333333333333	0.3348333333333333	0.5975	0.2678333333333333	0.6103333333333333	0.5325	0.5706666666666667	0.3175	0.5343333333333333	0.5401666666666667
0.5538333333333333	0.36516666666666664	0.7531666666666667	0.33799999999999997	0.507	0.5795	0.6681666666666667	0.542	0.27449999999999997	0.32166666666666666	0.7688333333333333	0.46199999999999997	0.6296666666666666	0.8826666666666666	0.36666666666666664	0.3795	0.4053333333333333	0.3406666666666667	0.5308333333333333	0.8201666666666666	0.479	0.4046666666666667	0.5325	0.5028333333333334	0.48516666666666663	0.41816666666666663	0.4503333333333333	0.8011666666666667	0.224	0.445	0.6386666666666666	0.5838333333333333	0.45216666666666666	0.651	0.6573333333333333	0.3915	0.2846666666666667	0.415	0.581	0.365	0.43133333333333335	0.4335	0.6661666666666667	0.7338333333333333	0.7043333333333333	0.7713333333333333	0.4995	0.48433333333333334	0.30933333333333335	0.5619999999999999	0.5828333333333333	0.5443333333333333	0.8916666666666666	0.37366666666666665	0.57	0.6556666666666666	0.6118333333333333	0.28683333333333333	0.8301666666666666	0.5403333333333333	0.5881666666666666	0.6283333333333333	0.587	0.5068333333333334	0.6108333333333333	0.5385	0.47816666666666663	0.3705	0.5135	0.36066666666666664	0.694	0.31	0.6295	0.477	0.5528333333333333	0.4608333333333333	0.5459999999999999	0.32816666666666666	0.5579999999999999	0.5153333333333333	0.8498333333333333	0.6413333333333333	0.6733333333333333	0.1755	0.7831666666666667	0.7411666666666666	0.3473333333333333	0.6413333333333333	0.6643333333333333	0.5911666666666666	0.49366666666666664	0.5321666666666667	0.4643333333333333	0.42533333333333334	0.24166666666666667	0.4498333333333333	0.7218333333333333	0.5118333333333334	0.6485	0.5548333333333333
0.42666666666666664	0.586	0.4483333333333333	0.5499999999999999	0.6015	0.6108333333333333	0.33766666666666667	0.3773333333333333	0.4483333333333333	0.7175	0.4998333333333333	0.5653333333333334	0.47683333333333333	0.6108333333333333	0.47633333333333333	0.526	0.504	0.6531666666666667	0.6021666666666666	0.531	0.5658333333333333	0.7986666666666666	0.35333333333333333	0.5418333333333333	0.6759999999999999	0.5951666666666666	0.509	0.4325	0.6053333333333333	0.4066666666666667	0.33249999999999996	0.5811666666666666	0.39249999999999996	0.5273333333333333	0.6181666666666666	0.47916666666666663	0.7263333333333333	0.3918333333333333	0.3258333333333333	0.5046666666666666	0.758	0.5575	0.6951666666666666	0.5431666666666667	0.751	0.4588333333333333	0.3853333333333333	0.445	0.5583333333333333	0.42966666666666664	0.3025	0.534	0.41783333333333333	0.47916666666666663	0.3463333333333333	0.5583333333333333	0.30233333333333334	0.5198333333333334	0.3465	0.4973333333333333	0.514	0.6381666666666667	0.48083333333333333	0.3778333333333333	0.4751666666666666	0.37316666666666665	0.40199999999999997	0.49766666666666665	0.5146666666666666	0.5315	0.5971666666666666	0.433	0.7426666666666667	0.745	0.26366666666666666	0.4041666666666667	0.4335	0.449	0.426	0.36166666666666664	0.12033333333333333	0.6853333333333333	0.5701666666666666	0.5951666666666666	0.4335	0.48333333333333334	0.5173333333333333	0.2648333333333333	0.39866666666666667	0.4435	0.5171666666666667	0.4553333333333333	0.5651666666666666	0.5555	0.45699999999999996	0.5425	0.4026666666666667	0.566	0.31016666666666665	0.2648333333333333
0.7671666666666667	0.6856666666666666	0.6653333333333333	0.5823333333333333	0.291	0.8411666666666666	0.6573333333333333	0.41816666666666663	0.33616666666666667	0.6965	0.3273333333333333	0.45449999999999996	0.5506666666666666	0.39116666666666666	0.4973333333333333	0.39349999999999996	0.6655	0.759	0.33449999999999996	0.598	0.5601666666666667	0.5551666666666667	0.2846666666666667	0.39016666666666666	0.592	0.37133333333333335	0.37566666666666665	0.47733333333333333	0.8716666666666666	0.7033333333333333	0.7695	0.4718333333333333	0.42833333333333334	0.3973333333333333	0.3778333333333333	0.429	0.6451666666666667	0.36183333333333334	0.5271666666666667	0.41183333333333333	0.5933333333333333	0.244	0.33749999999999997	0.49916666666666665	0.5543333333333333	0.4185	0.6186666666666667	0.4968333333333333	0.5001666666666666	0.5806666666666667	0.3803333333333333	0.49366666666666664	0.6823333333333333	0.444	0.65	0.5171666666666667	0.49183333333333334	0.5746666666666667	0.5845	0.2573333333333333	0.4388333333333333	0.39416666666666667	0.4608333333333333	0.4363333333333333	0.4493333333333333	0.4405	0.46349999999999997	0.6608333333333333	0.45216666666666666	0.383	0.4948333333333333	0.41633333333333333	0.5686666666666667	0.30266666666666664	0.5421666666666667	0.5656666666666667	0.3095	0.5723333333333334	0.6044999999999999	0.7545	0.41766666666666663	0.385	0.33399999999999996	0.43033333333333335	0.749	0.4623333333333333	0.43616666666666665	0.4741666666666666	0.4498333333333333	0.5433333333333333	0.828	0.5316666666666666	0.6978333333333333	0.5445	0.6181666666666666	0.37866666666666665	0.31316666666666665	0.7283333333333333	0.7875	0.4038333333333333
0.6758333333333333	0.24783333333333332	0.2823333333333333	0.4368333333333333	0.4528333333333333	0.2698333333333333	0.613	0.6188333333333333	0.5053333333333333	0.49116666666666664	0.6433333333333333	0.4098333333333333	0.5736666666666667	0.4683333333333333	0.5823333333333333	0.7848333333333333	0.4978333333333333	0.33349999999999996	0.4453333333333333	0.4335	0.5111666666666667	0.194	0.504	0.43316666666666664	0.6705	0.2838333333333333	0.5461666666666667	0.5589999999999999	0.33466666666666667	0.5539999999999999	0.5086666666666666	0.595	0.5078333333333334	0.3755	0.40349999999999997	0.4355	0.47	0.345	0.36016666666666663	0.4098333333333333	0.4465	0.6596666666666666	0.38666666666666666	0.5468333333333333	0.298	0.5988333333333333	0.608	0.4033333333333333	0.46799999999999997	0.5565	0.44716666666666666	0.5741666666666666	0.6321666666666667	0.5233333333333333	0.654	0.3418333333333333	0.5223333333333333	0.36083333333333334	0.6343333333333333	0.6153333333333333	0.6528333333333333	0.6083333333333333	0.45366666666666666	0.44416666666666665	0.473	0.41516666666666663	0.4493333333333333	0.5243333333333333	0.5828333333333333	0.381	0.615	0.7075	0.5489999999999999	0.7931666666666667	0.9193333333333333	0.5916666666666667	0.5623333333333334	0.5023333333333333	0.6706666666666666	0.4333333333333333	0.647	0.3275	0.2583333333333333	0.578	0.5843333333333333	0.535	0.5193333333333333	0.6451666666666667	0.7796666666666666	0.4135	0.4305	0.6406666666666666	0.46499999999999997	0.8316666666666667	0.5845	0.5493333333333333	0.754	0.5073333333333333	0.328	0.5093333333333333
0.4681666666666667	0.21216666666666667	0.351	0.6303333333333333	0.37316666666666665	0.3085	0.6286666666666666	0.7351666666666666	0.48033333333333333	0.473	0.36183333333333334	0.4126666666666666	0.3775	0.43716666666666665	0.36483333333333334	0.44766666666666666	0.7264999999999999	0.2738333333333333	0.6218333333333333	0.5696666666666667	0.8606666666666667	0.39749999999999996	0.4463333333333333	0.41866666666666663	0.4711666666666667	0.4651666666666667	0.5	0.42066666666666663	0.6701666666666667	0.44566666666666666	0.5013333333333333	0.7865	0.38816666666666666	0.322	0.36066666666666664	0.752	0.3295	0.6233333333333333	0.407	0.5905	0.6248333333333334	0.23149999999999998	0.4775	0.5151666666666667	0.27149999999999996	0.951	0.5033333333333333	0.6508333333333333	0.5038333333333334	0.6396666666666666	0.7373333333333333	0.36016666666666663	0.48133333333333334	0.6601666666666667	0.29316666666666663	0.6076666666666667	0.29	0.3535	0.48333333333333334	0.5893333333333333	0.5181666666666667	0.5098333333333334	0.9038333333333333	0.32966666666666666	0.3473333333333333	0.41916666666666663	0.5268333333333333	0.9988333333333334	0.3595	0.5935	0.476	0.508	0.6765	0.5466666666666666	0.349	0.27399999999999997	0.5086666666666666	0.5311666666666667	0.37716666666666665	0.6731666666666667	0.23483333333333334	0.48183333333333334	0.47916666666666663	0.6023333333333333	0.5501666666666667	0.4855	0.4353333333333333	0.6806666666666666	0.3898333333333333	0.46016666666666667	0.38666666666666666	0.7955	0.479	0.49116666666666664	0.3485	0.9381666666666666	0.433	0.5093333333333333	0.3993333333333333	0.5166666666666666
0.6441666666666667	0.47883333333333333	0.5236666666666666	0.40166666666666667	0.43316666666666664	0.5431666666666667	0.626	0.48333333333333334	0.7498333333333334	0.6508333333333333	0.5788333333333333	0.28049999999999997	0.6091666666666666	0.4548333333333333	0.45299999999999996	0.44516666666666665	0.6481666666666667	0.331	0.8256666666666667	0.3743333333333333	0.35216666666666663	0.6375	0.3473333333333333	0.42816666666666664	0.40099999999999997	0.6595	0.15183333333333332	0.31116666666666665	0.2703333333333333	0.5415	0.4093333333333333	0.656	0.5623333333333334	0.7823333333333333	0.39566666666666667	0.4953333333333333	0.40099999999999997	0.4558333333333333	0.48766666666666664	0.5685	0.42533333333333334	0.6024999999999999	0.6708333333333333	0.538	0.45749999999999996	0.38316666666666666	0.29833333333333334	0.3473333333333333	0.6201666666666666	0.5943333333333333	0.5721666666666666	0.7453333333333333	0.6275	0.4845	0.4051666666666667	0.5041666666666667	0.21983333333333333	0.5966666666666667	0.29233333333333333	0.39916666666666667	0.39716666666666667	0.4696666666666667	0.5048333333333334	0.6061666666666666	0.40399999999999997	0.49616666666666664	0.4943333333333333	0.42533333333333334	0.254	0.4091666666666667	0.636	0.43416666666666665	0.33599999999999997	0.40066666666666667	0.5458333333333333	0.5098333333333334	0.6305	0.45716666666666667	0.3248333333333333	0.45916666666666667	0.45666666666666667	1.0761666666666667	0.5408333333333333	0.7138333333333333	0.5013333333333333	0.42183333333333334	0.35133333333333333	0.426	0.646	0.414	0.589	0.5855	0.3848333333333333	0.43366666666666664	0.42083333333333334	0.44116666666666665	0.5433333333333333	0.45816666666666667	0.6448333333333333	0.5666666666666667
0.345	0.2806666666666667	0.3	0.42866666666666664	0.2811666666666667	0.3105	0.5185	0.5091666666666667	0.44316666666666665	0.5215	0.4318333333333333	0.4443333333333333	0.5655	0.6005	0.4338333333333333	0.29416666666666663	0.36683333333333334	0.30416666666666664	0.5468333333333333	0.5001666666666666	0.3465	0.34349999999999997	0.4933333333333333	0.7326666666666667	0.3803333333333333	0.40199999999999997	0.5505	0.6116666666666667	0.5648333333333333	0.37966666666666665	0.6305	0.391	0.4096666666666667	0.519	0.5255	0.497	0.5365	0.7121666666666666	0.5545	0.2855	0.5166666666666666	0.5268333333333333	0.6341666666666667	0.516	0.5978333333333333	0.657	0.5953333333333333	0.5765	0.5641666666666666	0.9078333333333333	0.5045	0.6043333333333333	0.3235	0.39916666666666667	0.7015	0.5565	0.438	0.28633333333333333	0.43766666666666665	0.6761666666666667	0.41633333333333333	0.5345	0.5166666666666666	0.8048333333333333	0.44366666666666665	0.43366666666666664	0.4423333333333333	0.4598333333333333	0.5353333333333333	0.5133333333333333	0.5313333333333333	0.5821666666666666	0.5213333333333333	0.4338333333333333	0.6204999999999999	0.409	0.5691666666666666	0.7585	0.5321666666666667	0.49466666666666664	0.371	0.5576666666666666	0.5691666666666666	0.28883333333333333	0.5498333333333333	0.45816666666666667	0.3585	0.4623333333333333	0.387	0.585	0.4673333333333333	0.573	0.4656666666666667	0.5516666666666666	0.7374999999999999	0.35716666666666663	0.387	0.24483333333333332	0.5091666666666667	0.5053333333333333
0.33699999999999997	0.25466666666666665	0.6855	0.9423333333333334	0.40499999999999997	0.5066666666666666	0.29816666666666664	0.6068333333333333	0.4503333333333333	0.3978333333333333	0.6258333333333334	0.307	0.45799999999999996	0.4593333333333333	0.5966666666666667	0.49133333333333334	0.6166666666666667	0.5156666666666666	0.6789999999999999	0.5258333333333333	0.33716666666666667	0.6685	0.5183333333333333	0.5838333333333333	0.5248333333333333	0.6056666666666667	0.4688333333333333	0.578	0.4433333333333333	0.8125	0.61	0.4115	0.319	0.4661666666666667	0.6709999999999999	0.35	0.46266666666666667	0.3138333333333333	0.4368333333333333	0.6166666666666667	0.18683333333333332	0.6778333333333333	0.5116666666666666	0.5215	0.49516666666666664	0.21516666666666667	0.3455	0.42566666666666664	0.7555	0.40049999999999997	0.6723333333333333	0.20249999999999999	0.41966666666666663	0.42916666666666664	0.5355	0.3933333333333333	0.4215	0.8805	0.5311666666666667	0.2495	0.662	0.32266666666666666	0.569	0.1775	0.33649999999999997	0.33766666666666667	0.2891666666666667	0.815	0.48783333333333334	0.6463333333333333	0.6551666666666667	0.6121666666666666	0.3343333333333333	0.4713333333333333	0.312	0.5588333333333333	0.7045	0.3905	0.5188333333333334	0.4101666666666667	0.2853333333333333	0.40066666666666667	0.471	0.6188333333333333	0.39649999999999996	0.487	0.4041666666666667	0.511	0.5448333333333333	0.518	0.7911666666666667	0.21266666666666667	0.4383333333333333	0.58	0.9768333333333333	0.4423333333333333	0.4948333333333333	0.42233333333333334	0.4648333333333333	0.29033333333333333
0.41466666666666663	0.854	0.5793333333333334	0.4686666666666667	0.6719999999999999	0.5571666666666667	0.5206666666666666	0.4865	0.6955	0.42716666666666664	0.6001666666666666	0.6276666666666666	0.6953333333333334	0.45449999999999996	0.4165	0.3993333333333333	0.3903333333333333	0.8574999999999999	0.6938333333333333	0.39916666666666667	0.31916666666666665	0.569	0.283	0.42633333333333334	0.5918333333333333	0.35283333333333333	0.365	0.45966666666666667	0.6153333333333333	0.7213333333333333	0.6711666666666667	0.44666666666666666	0.37083333333333335	0.3803333333333333	0.4048333333333333	0.7343333333333333	0.6659999999999999	0.41733333333333333	0.5898333333333333	0.6086666666666667	0.479	0.2811666666666667	0.5135	0.39916666666666667	0.28099999999999997	0.5515	0.47866666666666663	0.46399999999999997	0.27316666666666667	0.3123333333333333	0.5429999999999999	0.489	0.3918333333333333	0.6156666666666667	0.5518333333333333	0.429	0.5736666666666667	0.31866666666666665	0.49066666666666664	0.429	0.3655	0.778	0.4498333333333333	0.839	0.5411666666666667	0.4935	0.45649999999999996	0.43216666666666664	0.6156666666666667	0.36066666666666664	0.5791666666666666	0.5658333333333333	0.7115	0.3363333333333333	0.5211666666666667	0.5599999999999999	0.4355	0.5688333333333333	0.30783333333333335	0.7061666666666666	0.35216666666666663	0.6076666666666667	0.4993333333333333	0.33849999999999997	0.4713333333333333	0.36816666666666664	0.45116666666666666	0.49216666666666664	0.6036666666666667	0.4395	0.5101666666666667	0.7511666666666666	1.0103333333333333	0.39649999999999996	0.3481666666666667	0.8471666666666666	0.5308333333333333	0.7671666666666667	0.3845	0.414
0.42383333333333334	0.25666666666666665	0.37266666666666665	0.4755	0.4485	0.42316666666666664	0.4935	0.717	0.44	0.33816666666666667	0.5449999999999999	0.7376666666666667	0.7123333333333333	0.605	0.4295	0.42866666666666664	0.5408333333333333	0.568	0.5376666666666666	0.3685	0.6728333333333333	0.7506666666666666	0.45999999999999996	0.45999999999999996	0.39066666666666666	0.5479999999999999	0.6114999999999999	0.7036666666666667	0.4315	0.6591666666666667	0.5548333333333333	0.5733333333333334	0.7228333333333333	0.424	0.5133333333333333	0.4393333333333333	0.5881666666666666	0.5376666666666666	0.5941666666666666	0.6545	0.5001666666666666	0.46316666666666667	0.2385	0.4698333333333333	0.4895	0.4608333333333333	0.504	0.21083333333333332	0.45649999999999996	0.4458333333333333	0.446	0.4453333333333333	0.36266666666666664	0.39549999999999996	0.5266666666666666	0.4075	0.5121666666666667	0.5465	0.5265	0.2535	0.6478333333333333	0.5061666666666667	0.49666666666666665	0.41733333333333333	0.6001666666666666	0.48733333333333334	0.517	0.7483333333333333	0.3198333333333333	0.6893333333333334	0.6411666666666667	0.5363333333333333	0.5275	0.42983333333333335	0.6688333333333333	0.4365	0.36383333333333334	0.42833333333333334	0.6839999999999999	0.6448333333333333	0.7243333333333333	0.6113333333333333	0.4661666666666667	0.385	0.2648333333333333	0.30366666666666664	0.6835	0.4688333333333333	0.42783333333333334	0.30016666666666664	0.4428333333333333	0.5375	0.6948333333333333	0.34349999999999997	0.5469999999999999	0.6629999999999999	0.7148333333333333	0.602	0.6084999999999999	0.654
0.30933333333333335	0.46699999999999997	0.2905	0.16949999999999998	0.5963333333333333	0.4661666666666667	0.5668333333333333	0.4745	0.36333333333333334	0.2796666666666667	0.47683333333333333	0.3333333333333333	0.8458333333333333	0.5616666666666666	0.36866666666666664	0.5548333333333333	0.6485	0.6508333333333333	0.39566666666666667	0.26116666666666666	0.5735	0.3615	0.31016666666666665	0.5511666666666667	0.7244999999999999	0.3715	0.27466666666666667	0.471	0.20366666666666666	0.44516666666666665	0.2545	0.39299999999999996	0.5181666666666667	0.4538333333333333	0.44116666666666665	0.6048333333333333	0.36833333333333335	0.4021666666666667	0.429	0.2185	0.586	0.4785	0.29716666666666663	0.4845	0.45699999999999996	0.4393333333333333	0.4953333333333333	0.3285	0.44016666666666665	0.44466666666666665	0.5378333333333333	0.363	0.6236666666666666	0.6416666666666666	0.7061666666666666	0.6406666666666666	0.44916666666666666	0.45566666666666666	0.3228333333333333	0.36466666666666664	0.3268333333333333	0.371	0.385	0.3328333333333333	0.28583333333333333	0.5758333333333333	0.5265	0.4678333333333333	0.48733333333333334	0.5125	0.5018333333333334	0.4653333333333333	0.9738333333333333	0.7246666666666667	0.7141666666666666	0.36066666666666664	0.36316666666666664	0.44966666666666666	0.626	0.8089999999999999	0.8788333333333334	0.44866666666666666	0.432	0.3565	0.5429999999999999	0.4628333333333333	0.5275	0.7818333333333333	0.5961666666666666	0.636	0.45816666666666667	0.38716666666666666	0.4543333333333333	0.5755	0.5016666666666667	0.357	0.33566666666666667	0.5331666666666667	0.23483333333333334	0.4765
0.5526666666666666	0.692	0.4338333333333333	0.818	0.5261666666666667	0.42566666666666664	0.5458333333333333	0.42066666666666663	0.6773333333333333	0.39549999999999996	0.46549999999999997	0.386	0.5723333333333334	0.4623333333333333	0.36566666666666664	0.32966666666666666	0.23566666666666666	0.43516666666666665	0.3933333333333333	0.7653333333333333	0.6986666666666667	0.48866666666666664	0.5503333333333333	0.4696666666666667	0.3461666666666667	0.44166666666666665	0.5368333333333333	0.8406666666666667	0.6415	0.6081666666666666	0.29383333333333334	0.291	0.3798333333333333	0.5468333333333333	0.4988333333333333	0.5013333333333333	0.48466666666666663	0.711	0.5293333333333333	0.3085	0.5415	0.5666666666666667	0.3838333333333333	0.611	0.6351666666666667	0.5468333333333333	0.5136666666666666	0.8025	0.5885	0.653	0.30583333333333335	0.9139999999999999	0.45949999999999996	0.4071666666666667	0.39849999999999997	0.4785	0.31616666666666665	0.3913333333333333	0.27799999999999997	0.43166666666666664	0.35783333333333334	0.568	0.6506666666666666	0.5236666666666666	0.7001666666666666	0.47866666666666663	0.5638333333333333	0.30733333333333335	0.4088333333333333	0.574	0.36516666666666664	0.6178333333333333	0.5443333333333333	0.42566666666666664	0.484	0.4348333333333333	0.5853333333333333	0.521	0.5815	0.5238333333333333	0.4343333333333333	0.42766666666666664	0.43316666666666664	0.31816666666666665	0.294	0.31566666666666665	0.49216666666666664	0.5571666666666667	0.5048333333333334	0.4091666666666667	0.5263333333333333	0.5671666666666666	0.4111666666666667	0.451	0.326	0.5398333333333333	0.49366666666666664	0.2578333333333333	0.638	0.4503333333333333
0.5135	0.5085	0.5395	0.5866666666666667	0.5145	0.5615	0.601	0.29883333333333334	0.502	0.5076666666666666	0.443	0.6829999999999999	0.35966666666666663	0.5983333333333333	0.5636666666666666	0.4285	0.514	0.41716666666666663	0.477	0.6793333333333333	0.5458333333333333	0.33266666666666667	0.36966666666666664	0.37766666666666665	0.4695	0.4835	0.48833333333333334	0.191	0.5191666666666667	0.31466666666666665	0.3575	0.7283333333333333	0.259	0.49116666666666664	0.4096666666666667	0.33816666666666667	0.6695	0.5145	0.6689999999999999	0.9285	0.43616666666666665	0.7136666666666667	0.5138333333333334	0.6358333333333334	0.317	0.47883333333333333	0.5113333333333333	0.47833333333333333	0.38416666666666666	0.4255	0.4085	0.363	0.39499999999999996	0.4145	0.501	0.3328333333333333	0.5429999999999999	0.4048333333333333	0.24283333333333332	0.6141666666666666	0.3333333333333333	0.5431666666666667	0.243	0.5053333333333333	0.6721666666666667	0.41616666666666663	0.8696666666666666	0.4698333333333333	0.491	0.7568333333333334	0.5678333333333333	0.7533333333333333	0.5148333333333334	0.5195	0.3446666666666667	0.5586666666666666	0.5619999999999999	0.5668333333333333	0.6216666666666667	0.48233333333333334	0.7303333333333333	0.8453333333333333	0.6033333333333333	0.423	0.6575	0.6976666666666667	0.7678333333333333	0.5866666666666667	0.4295	0.6034999999999999	0.4145	0.309	0.6708333333333333	0.36083333333333334	0.4468333333333333	0.6986666666666667	0.688	0.5469999999999999	0.3833333333333333	0.33
0.4583333333333333	0.6091666666666666	0.4751666666666666	0.6313333333333333	0.5576666666666666	0.3778333333333333	0.38916666666666666	0.31966666666666665	0.5771666666666666	0.5405	0.35416666666666663	0.38716666666666666	0.5228333333333333	0.3908333333333333	0.5111666666666667	0.31	0.6213333333333333	0.5391666666666667	0.5235	0.5561666666666667	0.6928333333333333	0.7628333333333334	0.388	0.2831666666666667	0.4003333333333333	0.4115	0.5576666666666666	0.5368333333333333	0.44466666666666665	1.2638333333333334	0.4958333333333333	0.45416666666666666	0.5615	0.47766666666666663	0.5925	0.34299999999999997	0.4046666666666667	0.4475	0.15516666666666667	0.35233333333333333	0.6465	0.44366666666666665	0.8216666666666667	0.28633333333333333	0.6921666666666666	0.45949999999999996	0.43016666666666664	0.313	0.3838333333333333	0.3198333333333333	0.34883333333333333	0.39849999999999997	0.5609999999999999	0.6688333333333333	0.3575	0.42983333333333335	0.5291666666666667	0.40116666666666667	0.25083333333333335	0.6181666666666666	0.632	0.33016666666666666	0.8661666666666666	0.46649999999999997	0.2395	0.8306666666666667	0.5285	0.24533333333333332	0.6006666666666667	0.7341666666666666	0.3755	0.4923333333333333	0.4125	0.5868333333333333	0.474	0.3438333333333333	0.4945	0.5588333333333333	0.35616666666666663	0.39899999999999997	0.4968333333333333	0.3873333333333333	0.4775	0.3928333333333333	0.2415	0.527	0.5615	0.631	0.431	0.85	0.3328333333333333	0.582	0.6468333333333333	0.8425	0.4345	0.6266666666666666	0.5008333333333334	0.4413333333333333	0.295	0.381
0.4696666666666667	0.36416666666666664	0.6116666666666667	0.5171666666666667	0.48933333333333334	0.32716666666666666	0.36733333333333335	0.7141666666666666	0.5643333333333334	1.169	0.707	0.6171666666666666	0.5873333333333333	0.5403333333333333	0.6441666666666667	0.6461666666666667	0.30083333333333334	0.37616666666666665	0.362	0.5065	0.41866666666666663	0.5983333333333333	0.23583333333333334	0.5766666666666667	0.5131666666666667	0.3798333333333333	0.6036666666666667	0.84	0.37966666666666665	0.5905	0.7671666666666667	0.485	0.516	0.5316666666666666	0.18466666666666667	0.5268333333333333	0.4365	0.48133333333333334	0.21766666666666665	0.41866666666666663	0.5915	0.7899999999999999	0.413	0.48666666666666664	0.5235	0.3373333333333333	0.5371666666666667	0.5073333333333333	0.4485	0.27749999999999997	0.31066666666666665	0.6878333333333333	0.5291666666666667	0.42433333333333334	0.6691666666666667	0.5051666666666667	0.4063333333333333	0.5285	0.2673333333333333	0.5505	0.4318333333333333	0.30783333333333335	0.5655	0.45916666666666667	0.27399999999999997	0.653	0.3808333333333333	0.3795	0.6111666666666666	0.5323333333333333	0.6718333333333333	0.41433333333333333	0.6743333333333333	0.4106666666666667	0.2975	0.4755	0.3148333333333333	0.41133333333333333	0.5363333333333333	0.35466666666666663	0.4723333333333333	0.5296666666666666	0.8198333333333333	0.5188333333333334	0.6256666666666666	0.836	0.7404999999999999	0.8958333333333333	0.40099999999999997	0.46416666666666667	0.4061666666666667	0.33666666666666667	0.541	0.40499999999999997	0.702	0.5908333333333333	0.3338333333333333	0.6184999999999999	0.3225	0.5781666666666666
0.6136666666666667	0.5275	0.42966666666666664	0.6271666666666667	0.6938333333333333	0.8986666666666666	0.3465	0.729	0.43083333333333335	0.5881666666666666	0.4065	0.5928333333333333	0.347	0.5498333333333333	0.2703333333333333	0.38216666666666665	0.5316666666666666	0.4673333333333333	0.3358333333333333	0.5433333333333333	0.2495	0.5176666666666666	0.5298333333333333	0.7741666666666667	0.24316666666666667	0.5761666666666666	0.48733333333333334	0.45766666666666667	0.615	0.5091666666666667	0.2816666666666667	0.714	0.844	0.29083333333333333	0.6278333333333334	0.43566666666666665	0.5728333333333333	0.5403333333333333	0.6013333333333333	0.41233333333333333	0.49466666666666664	0.5941666666666666	0.5008333333333334	0.5203333333333333	0.644	0.44666666666666666	0.4081666666666667	0.3853333333333333	0.5786666666666667	0.3273333333333333	0.492	0.6156666666666667	0.47783333333333333	0.5238333333333333	0.23016666666666666	0.4928333333333333	0.4515	0.3595	0.6031666666666666	0.6698333333333333	0.8426666666666667	0.39566666666666667	0.5738333333333333	0.689	0.3393333333333333	0.3143333333333333	0.33166666666666667	0.8201666666666666	0.6391666666666667	0.5948333333333333	0.3408333333333333	0.47783333333333333	0.42516666666666664	0.6713333333333333	0.9253333333333333	0.426	0.294	0.5151666666666667	0.39116666666666666	0.44066666666666665	0.4666666666666667	0.575	0.5565	0.5499999999999999	0.4028333333333333	0.3555	0.4393333333333333	0.5135	0.48116666666666663	0.5001666666666666	0.5198333333333334	0.5495	0.5619999999999999	0.4058333333333333	0.4388333333333333	0.4328333333333333	0.41516666666666663	0.6473333333333333	0.26466666666666666	0.6316666666666666
0.6193333333333333	0.6523333333333333	0.7274999999999999	0.5125	0.47683333333333333	0.7001666666666666	0.6116666666666667	0.5216666666666666	0.3368333333333333	0.4463333333333333	0.7795	0.30966666666666665	0.4795	0.5391666666666667	0.6533333333333333	0.35516666666666663	0.42083333333333334	0.514	0.4106666666666667	0.3865	0.727	0.44816666666666666	0.424	0.745	0.5223333333333333	0.5813333333333334	0.6726666666666666	0.48283333333333334	0.39799999999999996	0.40299999999999997	0.6118333333333333	0.648	0.6441666666666667	0.7628333333333334	0.5595	0.31816666666666665	0.212	0.3491666666666667	0.6453333333333333	0.5358333333333333	0.49366666666666664	0.5766666666666667	0.49716666666666665	0.3516666666666666	0.5011666666666666	0.43266666666666664	0.5531666666666667	0.6206666666666667	0.4136666666666666	0.3755	0.6385	0.5011666666666666	0.5231666666666667	0.35583333333333333	0.8063333333333333	0.5676666666666667	0.6328333333333334	0.5141666666666667	0.6363333333333333	0.6071666666666666	0.5973333333333333	0.30866666666666664	0.328	0.6433333333333333	0.8781666666666667	0.9021666666666667	0.28733333333333333	0.6211666666666666	0.6166666666666667	0.5346666666666666	0.4423333333333333	0.5986666666666667	0.2583333333333333	1.0566666666666666	0.33149999999999996	0.5801666666666666	0.5535	0.507	0.5408333333333333	0.49716666666666665	0.3268333333333333	0.222	0.4433333333333333	0.565	0.6513333333333333	0.3263333333333333	0.635	0.4335	0.3763333333333333	0.269	0.29983333333333334	0.42116666666666663	0.4026666666666667	0.43066666666666664	0.5028333333333334	0.48316666666666663	0.36566666666666664	0.38766666666666666	0.6638333333333333	0.8401666666666666
0.6986666666666667	0.38716666666666666	0.5666666666666667	0.8001666666666667	0.5193333333333333	0.4953333333333333	0.45949999999999996	0.43966666666666665	0.39516666666666667	0.87	0.4865	0.47983333333333333	0.618	0.5656666666666667	0.3295	0.4726666666666666	0.6531666666666667	0.5355	0.445	0.23866666666666667	0.4433333333333333	0.6176666666666667	0.3456666666666667	0.5429999999999999	0.6745	0.36066666666666664	0.48766666666666664	0.5868333333333333	0.45699999999999996	0.3918333333333333	0.37033333333333335	0.6869999999999999	0.318	0.45366666666666666	0.5823333333333333	0.42666666666666664	0.6448333333333333	0.528	0.2465	0.26916666666666667	0.7583333333333333	0.45466666666666666	0.34883333333333333	0.48016666666666663	0.586	0.6224999999999999	0.5486666666666666	0.523	0.5638333333333333	0.4031666666666667	0.531	0.43066666666666664	0.4305	0.45499999999999996	0.5771666666666666	0.5508333333333333	0.6756666666666666	0.6166666666666667	0.3748333333333333	0.9128333333333333	0.4925	0.6088333333333333	0.3348333333333333	0.3778333333333333	0.3735	0.30033333333333334	0.39416666666666667	0.4705	0.4938333333333333	0.35316666666666663	0.7706666666666666	0.414	0.5948333333333333	0.4075	0.37	0.4695	0.33066666666666666	0.5643333333333334	0.3865	0.42616666666666664	0.2583333333333333	0.873	0.5469999999999999	0.36666666666666664	0.7256666666666667	0.4325	0.7853333333333333	0.43616666666666665	0.5846666666666667	0.6809999999999999	0.6198333333333333	0.7116666666666667	0.5201666666666667	0.5643333333333334	0.5038333333333334	0.3835	0.6265	0.5016666666666667	0.4905	0.2818333333333333
0.23066666666666666	0.4463333333333333	0.30183333333333334	0.29333333333333333	0.6868333333333333	0.8871666666666667	0.46216666666666667	0.5081666666666667	0.5165	0.42066666666666663	0.6955	0.305	0.591	0.3378333333333333	0.5459999999999999	0.5916666666666667	0.45899999999999996	0.4815	0.5518333333333333	0.565	0.4973333333333333	0.5328333333333333	0.7	0.5619999999999999	0.5489999999999999	0.38816666666666666	0.4353333333333333	0.5735	0.5915	0.367	0.36716666666666664	0.5171666666666667	0.39799999999999996	0.5413333333333333	0.6765	0.6545	0.6701666666666667	0.5681666666666666	0.5365	0.6068333333333333	0.526	0.7561666666666667	0.283	0.6798333333333333	0.3645	0.4418333333333333	0.40149999999999997	0.4895	0.9221666666666667	0.503	0.578	0.46266666666666667	0.43766666666666665	0.217	0.42766666666666664	0.5306666666666666	0.4438333333333333	0.7621666666666667	0.579	0.5561666666666667	0.6083333333333333	0.606	0.45949999999999996	0.47733333333333333	0.6116666666666667	0.658	0.7484999999999999	0.5678333333333333	0.48683333333333334	0.693	0.475	0.40166666666666667	0.6391666666666667	0.42916666666666664	0.6283333333333333	0.6661666666666667	0.3725	0.5431666666666667	0.5598333333333333	0.29316666666666663	0.42383333333333334	0.30966666666666665	0.25033333333333335	0.4653333333333333	0.7221666666666666	0.45449999999999996	0.4066666666666667	0.7608333333333334	0.5579999999999999	0.3278333333333333	0.42583333333333334	0.5841666666666666	0.7056666666666667	0.46099999999999997	0.30366666666666664	0.4325	0.4338333333333333	0.27466666666666667	0.6305	0.6495
0.834	0.6513333333333333	0.5026666666666666	0.5981666666666666	0.4533333333333333	0.27349999999999997	0.46849999999999997	0.22166666666666665	0.4668333333333333	0.3873333333333333	0.3481666666666667	0.6528333333333333	0.6581666666666667	0.24916666666666665	0.42566666666666664	0.4745	0.35366666666666663	0.6483333333333333	0.40166666666666667	0.5686666666666667	0.744	0.5321666666666667	0.30083333333333334	0.6054999999999999	0.6338333333333334	0.4925	0.412	0.7725	0.43816666666666665	0.5581666666666667	0.5548333333333333	0.7698333333333333	0.4096666666666667	0.6735	0.42183333333333334	0.7783333333333333	0.4318333333333333	0.7065	0.634	0.5723333333333334	0.6561666666666667	0.6044999999999999	0.5955	0.35516666666666663	0.2935	0.4855	0.6901666666666666	0.7396666666666667	0.356	0.4368333333333333	0.4048333333333333	0.451	0.6303333333333333	0.4701666666666667	0.5725	0.4028333333333333	0.363	0.7398333333333333	0.522	0.5703333333333334	0.41966666666666663	0.6511666666666667	0.5755	0.5058333333333334	0.8353333333333333	0.4225	0.49766666666666665	0.6788333333333333	0.436	0.3768333333333333	0.5116666666666666	0.426	0.5793333333333334	0.28683333333333333	0.4563333333333333	0.6068333333333333	0.3421666666666667	0.45916666666666667	0.43866666666666665	0.33916666666666667	0.6391666666666667	0.357	0.5548333333333333	0.33999999999999997	0.37083333333333335	0.4096666666666667	0.5848333333333333	0.45066666666666666	0.49016666666666664	0.38466666666666666	0.389	0.3195	0.6016666666666667	0.5233333333333333	0.42283333333333334	0.8473333333333333	0.568	0.4701666666666667	0.5928333333333333	0.37766666666666665
0.46149999999999997	0.5348333333333333	0.7206666666666667	0.6268333333333334	0.522	0.46066666666666667	0.48683333333333334	0.5035	0.7125	0.6593333333333333	0.5531666666666667	0.6916666666666667	0.5588333333333333	0.4725	0.48883333333333334	0.6799999999999999	0.59	0.2465	0.6853333333333333	0.4583333333333333	0.33716666666666667	0.49066666666666664	0.2718333333333333	0.4905	0.48483333333333334	0.489	0.41633333333333333	0.8925	0.7716666666666666	0.39999999999999997	0.4985	0.436	0.4215	0.5786666666666667	0.38816666666666666	0.1945	0.29366666666666663	0.14616666666666667	0.5698333333333333	0.29416666666666663	0.6146666666666667	0.39816666666666667	0.244	0.5453333333333333	0.29366666666666663	0.38516666666666666	0.657	0.46549999999999997	0.2808333333333333	0.39249999999999996	0.5331666666666667	0.5555	0.5406666666666666	0.28583333333333333	0.5046666666666666	0.5813333333333334	0.42166666666666663	0.4765	0.567	0.7513333333333333	0.33916666666666667	0.5333333333333333	0.4706666666666667	0.3431666666666667	0.49	0.5548333333333333	0.5391666666666667	0.489	0.6935	0.6273333333333333	0.5536666666666666	0.45749999999999996	0.479	0.5905	0.7128333333333333	0.592	0.47633333333333333	0.18266666666666667	0.5581666666666667	0.5585	0.8353333333333333	0.7288333333333333	0.2593333333333333	0.3113333333333333	0.6108333333333333	0.46649999999999997	0.5233333333333333	0.6381666666666667	0.5535	0.519	0.25466666666666665	0.41966666666666663	0.44716666666666666	0.4061666666666667	0.3466666666666667	0.38916666666666666	0.725	0.30816666666666664	0.6114999999999999	0.44216666666666665
0.41733333333333333	0.3155	0.48933333333333334	0.5198333333333334	0.4065	0.7133333333333333	0.19749999999999998	0.5961666666666666	0.7836666666666666	0.3416666666666667	0.4755	0.38116666666666665	0.48316666666666663	0.4348333333333333	0.6325	0.5658333333333333	0.33599999999999997	0.512	0.36833333333333335	0.30916666666666665	0.3258333333333333	0.5446666666666666	0.5518333333333333	0.5231666666666667	0.5086666666666666	0.373	0.4003333333333333	0.6366666666666666	0.40016666666666667	0.4245	0.39316666666666666	0.45949999999999996	0.7281666666666666	0.4666666666666667	0.3443333333333333	0.27166666666666667	0.3423333333333333	0.587	0.6391666666666667	0.35216666666666663	0.49766666666666665	0.348	0.3833333333333333	0.4933333333333333	0.6625	0.46849999999999997	0.3753333333333333	0.596	0.4061666666666667	0.5255	0.3396666666666667	0.6513333333333333	0.4053333333333333	0.4051666666666667	0.4505	0.45766666666666667	0.4573333333333333	0.6891666666666666	0.46066666666666667	0.5016666666666667	0.22816666666666666	0.44166666666666665	0.5486666666666666	0.3193333333333333	0.526	0.239	0.3135	0.48933333333333334	0.4493333333333333	0.6528333333333333	0.48516666666666663	0.6721666666666667	0.244	0.41483333333333333	0.8173333333333334	0.41866666666666663	0.4716666666666667	0.31466666666666665	0.413	0.3455	0.3755	0.5011666666666666	0.6278333333333334	0.4923333333333333	0.8775	0.6321666666666667	0.5351666666666667	0.3486666666666667	0.32516666666666666	0.3188333333333333	0.4945	0.502	0.37	0.41583333333333333	0.5579999999999999	0.4495	0.46199999999999997	0.5423333333333333	0.48216666666666663	0.18283333333333332
0.425	0.6018333333333333	0.4065	0.49816666666666665	0.3476666666666667	0.39666666666666667	0.3446666666666667	0.8186666666666667	0.48533333333333334	0.5563333333333333	0.6706666666666666	0.3893333333333333	0.3155	0.5425	0.5061666666666667	0.3505	0.6673333333333333	0.45849999999999996	0.8041666666666666	0.4063333333333333	0.34933333333333333	0.313	0.7118333333333333	0.4905	0.4948333333333333	0.3125	0.47816666666666663	0.3426666666666667	0.5275	0.42983333333333335	0.7263333333333333	0.33416666666666667	0.36066666666666664	0.4543333333333333	0.5083333333333333	0.37066666666666664	0.3883333333333333	0.416	0.5171666666666667	0.46299999999999997	0.46366666666666667	0.3085	0.5775	0.48916666666666664	0.45599999999999996	0.5008333333333334	0.7705	0.6603333333333333	0.39166666666666666	0.5506666666666666	0.3825	0.733	0.409	0.44016666666666665	0.46449999999999997	0.41466666666666663	0.2806666666666667	0.6503333333333333	0.5841666666666666	0.2518333333333333	0.29666666666666663	0.47733333333333333	0.8624999999999999	0.449	0.48133333333333334	0.48666666666666664	0.4955	0.514	0.326	0.322	0.44766666666666666	0.3958333333333333	0.7666666666666666	0.6213333333333333	0.5418333333333333	0.43466666666666665	0.3923333333333333	0.418	0.35416666666666663	0.43116666666666664	0.5511666666666667	0.25116666666666665	0.6546666666666666	0.8065	0.6538333333333333	0.581	0.3675	0.40349999999999997	0.6313333333333333	0.40499999999999997	0.4051666666666667	0.6829999999999999	0.4865	0.6841666666666666	0.6501666666666667	0.3803333333333333	0.4026666666666667	0.48633333333333334	0.642	0.37816666666666665
0.6131666666666666	0.43866666666666665	0.30916666666666665	0.46349999999999997	0.4825	0.5043333333333333	0.2518333333333333	0.33799999999999997	0.6596666666666666	0.5493333333333333	0.6186666666666667	0.43466666666666665	0.38416666666666666	0.36166666666666664	0.3025	0.634	0.4325	0.4628333333333333	0.6116666666666667	0.44516666666666665	0.5635	0.47	0.4683333333333333	0.5256666666666666	0.3695	0.4085	0.5358333333333333	0.5433333333333333	0.5586666666666666	0.8871666666666667	0.7148333333333333	0.35466666666666663	0.36283333333333334	0.5293333333333333	0.3433333333333333	0.6375	0.5641666666666666	0.39366666666666666	0.86	0.38	0.2853333333333333	0.5066666666666666	0.477	0.5908333333333333	0.43716666666666665	0.595	0.7678333333333333	0.5011666666666666	0.5611666666666667	0.6825	0.6418333333333334	0.5285	0.2768333333333333	0.4125	0.6826666666666666	0.542	0.6386666666666666	0.3605	0.5208333333333334	0.36133333333333334	0.5511666666666667	0.17033333333333334	0.36016666666666663	0.448	0.42416666666666664	0.39599999999999996	0.8306666666666667	0.4473333333333333	0.48483333333333334	0.5168333333333334	0.37466666666666665	0.33249999999999996	0.6243333333333333	0.4573333333333333	0.42666666666666664	0.531	0.35533333333333333	0.7298333333333333	0.5175	0.6876666666666666	0.4245	0.4673333333333333	0.5733333333333334	0.43066666666666664	0.6346666666666666	0.6746666666666666	0.7226666666666667	0.5336666666666666	0.5288333333333333	0.35283333333333333	0.5205	0.606	0.26466666666666666	0.4353333333333333	0.4111666666666667	0.5171666666666667	0.6453333333333333	0.2803333333333333	0.6385	0.3918333333333333
0.7996666666666666	0.38416666666666666	0.36033333333333334	0.6506666666666666	0.47816666666666663	0.4465	0.568	0.31366666666666665	0.524	0.6831666666666666	0.38716666666666666	0.6875	0.44316666666666665	0.5418333333333333	0.45316666666666666	0.3293333333333333	0.5691666666666666	0.4795	0.39699999999999996	0.3908333333333333	0.7111666666666666	0.4488333333333333	0.358	0.35383333333333333	0.6673333333333333	0.6576666666666666	0.4988333333333333	0.6493333333333333	0.39766666666666667	0.3505	0.5353333333333333	0.4503333333333333	0.26916666666666667	0.3373333333333333	0.436	0.20366666666666666	0.4938333333333333	0.41966666666666663	0.5203333333333333	0.4648333333333333	0.6565	0.43966666666666665	0.2783333333333333	0.6113333333333333	0.6993333333333334	0.4106666666666667	0.5466666666666666	0.36683333333333334	0.38366666666666666	0.4923333333333333	0.6701666666666667	0.3413333333333333	0.5851666666666666	0.41616666666666663	0.2658333333333333	0.5811666666666666	0.8009999999999999	0.2595	0.4915	0.23333333333333334	0.363	0.6406666666666666	0.5206666666666666	0.5385	0.5126666666666666	0.39299999999999996	0.5691666666666666	0.6903333333333334	0.37616666666666665	0.42083333333333334	0.5506666666666666	0.8121666666666666	0.494	0.42816666666666664	0.48866666666666664	0.5243333333333333	0.2635	0.6286666666666666	0.6861666666666666	0.49166666666666664	0.3388333333333333	0.39316666666666666	0.5735	0.5186666666666666	0.46549999999999997	0.4125	0.4656666666666667	0.41983333333333334	0.578	0.29533333333333334	0.6475	0.6709999999999999	0.8066666666666666	0.42533333333333334	0.6938333333333333	0.5529999999999999	0.5781666666666666	0.6556666666666666	0.5666666666666667	0.49616666666666664
0.7284999999999999	0.3403333333333333	0.37716666666666665	0.5246666666666666	0.6976666666666667	0.3275	0.5976666666666667	0.3421666666666667	0.46799999999999997	0.48133333333333334	0.438	0.33549999999999996	0.6806666666666666	0.45999999999999996	0.6463333333333333	0.6236666666666666	0.25566666666666665	0.5215	0.36883333333333335	0.6096666666666667	0.4093333333333333	0.582	0.6298333333333334	0.41816666666666663	0.45516666666666666	0.5711666666666666	0.7323333333333333	0.38816666666666666	0.45416666666666666	0.49316666666666664	0.256	0.5383333333333333	0.585	0.3718333333333333	0.695	0.45499999999999996	0.6955	0.32966666666666666	0.52	0.29166666666666663	0.7538333333333334	0.741	0.7358333333333333	0.49266666666666664	0.48466666666666663	0.733	0.5161666666666667	0.5388333333333333	0.7525	0.4723333333333333	0.2553333333333333	0.4523333333333333	0.3565	0.5068333333333334	0.533	0.38216666666666665	0.586	0.407	0.38766666666666666	0.3501666666666667	0.25016666666666665	0.5141666666666667	0.5858333333333333	0.498	0.42416666666666664	0.7268333333333333	0.32116666666666666	0.5006666666666667	0.701	0.42133333333333334	0.33316666666666667	0.3115	0.5491666666666667	0.5688333333333333	0.5765	0.3768333333333333	0.4943333333333333	0.3923333333333333	0.7336666666666667	0.7771666666666667	0.5543333333333333	0.5213333333333333	0.4705	0.426	0.7383333333333333	0.6036666666666667	0.7003333333333334	0.478	0.6436666666666666	0.6106666666666667	0.5291666666666667	0.443	0.43116666666666664	0.47766666666666663	0.8551666666666666	0.535	0.42016666666666663	0.41	0.2865	0.3883333333333333
0.5855	0.5093333333333333	0.4938333333333333	0.42533333333333334	0.5501666666666667	0.3258333333333333	0.8765	0.3773333333333333	0.512	0.4008333333333333	0.321	0.4716666666666667	0.7028333333333333	0.4963333333333333	0.5795	0.5608333333333333	0.36016666666666663	0.2798333333333333	0.44666666666666666	0.6436666666666666	0.37966666666666665	0.5865	0.46049999999999996	0.36333333333333334	0.5105	0.36133333333333334	0.7278333333333333	0.8178333333333333	0.20099999999999998	0.5106666666666666	0.6853333333333333	0.46366666666666667	0.4658333333333333	0.42766666666666664	0.6005	0.3035	0.519	0.5713333333333334	0.5746666666666667	0.40599999999999997	0.9341666666666666	0.6356666666666666	0.7446666666666666	0.2723333333333333	0.27616666666666667	0.5041666666666667	0.433	0.4013333333333333	0.36483333333333334	0.4363333333333333	0.4515	0.7451666666666666	0.4578333333333333	0.6793333333333333	0.4388333333333333	0.42983333333333335	0.8188333333333333	0.4985	0.6728333333333333	0.5073333333333333	0.47833333333333333	0.5648333333333333	0.8283333333333333	0.3555	0.4708333333333333	0.3485	0.37966666666666665	0.493	0.5033333333333333	0.658	0.417	0.48316666666666663	0.3393333333333333	0.72	0.6388333333333334	0.3515	0.5006666666666667	0.6738333333333333	0.5485	0.7474999999999999	0.4968333333333333	0.3958333333333333	0.21466666666666667	0.4668333333333333	0.6629999999999999	0.6283333333333333	0.4053333333333333	0.25666666666666665	0.772	0.704	0.48183333333333334	0.501	0.48733333333333334	0.6991666666666666	0.4185	0.318	0.5018333333333334	0.4413333333333333	0.583	0.388
0.4315	0.5018333333333334	0.6308333333333334	0.5578333333333333	0.46366666666666667	0.4678333333333333	0.3475	0.4815	0.5003333333333333	0.643	0.7065	0.3015	0.6905	0.658	0.39416666666666667	0.7191666666666666	0.5351666666666667	0.4618333333333333	0.2595	0.47766666666666663	0.59	0.5161666666666667	0.36916666666666664	0.295	0.4785	0.5133333333333333	0.4708333333333333	0.5955	0.6118333333333333	0.33616666666666667	0.7045	0.6713333333333333	0.3185	0.40599999999999997	0.45616666666666666	0.309	0.6233333333333333	0.5223333333333333	0.5891666666666666	0.22816666666666666	0.36433333333333334	0.53	0.3168333333333333	0.45599999999999996	0.5288333333333333	0.6111666666666666	0.3793333333333333	0.584	0.4968333333333333	0.6313333333333333	0.41933333333333334	0.4175	0.6759999999999999	0.22833333333333333	0.5703333333333334	0.7441666666666666	0.22216666666666665	0.448	0.5545	0.6916666666666667	0.5071666666666667	0.6053333333333333	0.44416666666666665	0.3398333333333333	0.26316666666666666	0.6321666666666667	0.5486666666666666	0.573	0.24866666666666665	0.7358333333333333	0.39916666666666667	0.43133333333333335	0.476	0.36383333333333334	0.4085	0.21533333333333332	0.293	0.3465	0.5113333333333333	0.3448333333333333	0.444	0.5619999999999999	0.2975	0.29716666666666663	0.5619999999999999	0.7221666666666666	0.24533333333333332	0.5493333333333333	0.7979999999999999	0.6123333333333333	0.4255	0.2835	0.6116666666666667	0.3416666666666667	0.6048333333333333	0.41733333333333333	0.5145	0.4098333333333333	0.379	0.8066666666666666
0.358	0.3285	0.605	0.32616666666666666	0.42266666666666663	0.5733333333333334	0.3461666666666667	0.41133333333333333	0.3486666666666667	0.35933333333333334	0.5748333333333333	0.4765	0.5265	0.5333333333333333	0.4165	0.5183333333333333	0.47933333333333333	0.35816666666666663	0.4745	0.5341666666666667	0.5851666666666666	0.40249999999999997	0.6513333333333333	0.47816666666666663	0.36783333333333335	0.45949999999999996	0.6803333333333333	0.508	0.7061666666666666	0.5935	0.4413333333333333	0.6378333333333334	0.2886666666666667	0.6866666666666666	0.35666666666666663	0.4583333333333333	0.3153333333333333	0.5321666666666667	0.4723333333333333	0.45716666666666667	0.6825	0.514	0.46299999999999997	0.474	0.5801666666666666	0.6986666666666667	0.6171666666666666	0.5963333333333333	0.5235	0.4086666666666667	0.39416666666666667	0.5825	0.5918333333333333	0.41333333333333333	0.6705	0.4475	0.7003333333333334	0.33566666666666667	0.5271666666666667	0.42483333333333334	0.45466666666666666	0.7161666666666666	0.38566666666666666	0.5898333333333333	0.588	0.597	0.6401666666666667	0.3983333333333333	0.7056666666666667	0.3163333333333333	0.5821666666666666	0.45616666666666666	0.39016666666666666	0.4895	0.4131666666666666	0.5105	0.625	0.6936666666666667	0.485	0.3535	1.0271666666666666	0.4643333333333333	0.6301666666666667	0.6665	0.4485	0.321	0.7358333333333333	0.5018333333333334	0.7618333333333334	0.42183333333333334	0.4698333333333333	0.4543333333333333	0.6151666666666666	0.4088333333333333	0.3441666666666667	0.3865	0.765	0.5243333333333333	0.5158333333333334	0.49016666666666664
0.4715	0.4425	0.422	0.37516666666666665	0.5191666666666667	0.3793333333333333	0.40116666666666667	0.3445	0.6535	0.26416666666666666	0.46349999999999997	0.2688333333333333	0.5818333333333333	0.3471666666666667	0.514	0.6721666666666667	0.5376666666666666	0.5656666666666667	0.359	0.40249999999999997	0.39899999999999997	0.26566666666666666	0.29716666666666663	0.3775	0.32316666666666666	0.866	0.3535	0.29883333333333334	0.5773333333333334	0.5985	0.46049999999999996	0.6313333333333333	0.45	0.42266666666666663	0.44666666666666666	0.6381666666666667	0.4063333333333333	0.206	0.36583333333333334	0.4598333333333333	0.36983333333333335	0.4086666666666667	0.44266666666666665	0.6158333333333333	0.38016666666666665	0.5121666666666667	0.694	0.38516666666666666	0.6665	0.377	0.45499999999999996	0.6131666666666666	0.45216666666666666	0.5025	0.49266666666666664	0.4725	0.4155	0.29216666666666663	0.5741666666666666	0.43	0.4715	0.4445	0.2771666666666667	0.36616666666666664	0.5883333333333333	0.7841666666666667	0.5738333333333333	0.45966666666666667	0.888	0.7568333333333334	0.6074999999999999	0.3868333333333333	0.5021666666666667	0.7185	0.5599999999999999	0.5136666666666666	0.6256666666666666	0.3075	0.3095	0.6194999999999999	0.8025	0.6074999999999999	0.4993333333333333	0.4285	0.6615	0.3465	0.43916666666666665	0.764	0.3953333333333333	0.3835	0.503	0.47816666666666663	0.4766666666666666	0.5335	0.4558333333333333	0.4403333333333333	0.4498333333333333	0.36133333333333334	0.4708333333333333	0.30866666666666664
0.5506666666666666	0.7515	0.38516666666666666	0.5449999999999999	0.7286666666666667	0.49916666666666665	0.6103333333333333	0.5301666666666667	0.4398333333333333	0.7665	0.49266666666666664	0.6176666666666667	0.5371666666666667	0.436	0.5603333333333333	0.45766666666666667	0.34149999999999997	0.39349999999999996	0.414	0.5473333333333333	0.8528333333333333	0.35966666666666663	0.43866666666666665	0.48583333333333334	0.4731666666666666	0.5716666666666667	0.353	0.6541666666666667	0.43566666666666665	0.6763333333333333	0.739	0.5688333333333333	0.421	0.5221666666666667	0.409	0.3875	0.6343333333333333	0.43	0.3445	0.30066666666666664	0.518	0.532	0.5559999999999999	0.864	0.7346666666666667	0.5468333333333333	0.6373333333333333	0.31	0.5548333333333333	0.5043333333333333	0.359	0.5218333333333334	0.45016666666666666	0.5611666666666667	0.448	0.47833333333333333	0.36316666666666664	0.31566666666666665	0.37816666666666665	0.5718333333333333	0.4051666666666667	0.44816666666666666	0.3908333333333333	0.3615	0.5023333333333333	0.29616666666666663	0.8023333333333333	0.5013333333333333	0.475	0.3948333333333333	0.765	0.4643333333333333	0.577	0.5068333333333334	0.6066666666666667	0.5396666666666666	0.4711666666666667	0.411	0.42433333333333334	0.516	0.703	0.2881666666666667	0.5683333333333334	0.5096666666666666	0.7175	0.5111666666666667	0.43866666666666665	0.48683333333333334	0.5738333333333333	0.45866666666666667	0.5509999999999999	0.609	0.5035	0.3845	0.493	0.4086666666666667	0.3933333333333333	0.9388333333333333	0.6778333333333333	0.6371666666666667
0.5985	0.4023333333333333	0.5393333333333333	0.611	0.5198333333333334	0.7131666666666666	0.5018333333333334	0.7711666666666667	0.39199999999999996	0.4245	0.6651666666666667	0.831	0.626	0.39266666666666666	0.6523333333333333	0.49966666666666665	0.35633333333333334	0.512	0.6756666666666666	0.44616666666666666	0.42566666666666664	0.427	0.3803333333333333	0.2565	0.3978333333333333	0.8371666666666666	0.48283333333333334	0.5888333333333333	0.19933333333333333	0.629	0.3988333333333333	0.6771666666666667	0.41	0.43116666666666664	0.5695	0.5771666666666666	0.8023333333333333	0.3233333333333333	0.615	0.4483333333333333	0.6243333333333333	0.6386666666666666	0.538	0.6921666666666666	0.38266666666666665	0.36716666666666664	0.6188333333333333	0.322	0.622	0.36083333333333334	0.8245	0.4093333333333333	0.42266666666666663	0.3218333333333333	0.375	0.7486666666666666	0.5053333333333333	0.6228333333333333	0.4078333333333333	0.5876666666666667	0.3373333333333333	0.45616666666666666	0.27166666666666667	0.4965	0.7686666666666666	0.503	0.4985	0.422	0.30583333333333335	0.4103333333333333	0.23883333333333331	0.3833333333333333	0.46549999999999997	0.4385	0.3313333333333333	0.39499999999999996	0.3188333333333333	0.29333333333333333	0.3745	0.48166666666666663	0.3511666666666667	0.3695	0.5105	0.6768333333333333	0.45499999999999996	0.5301666666666667	0.6603333333333333	0.602	0.6735	0.4705	0.8218333333333333	0.3585	0.6418333333333334	0.47383333333333333	0.4523333333333333	0.49266666666666664	0.5073333333333333	0.2723333333333333	0.6435	0.39649999999999996
0.39549999999999996	0.4755	0.4885	0.49316666666666664	0.7661666666666667	0.4033333333333333	0.6148333333333333	0.5013333333333333	0.6171666666666666	0.5721666666666666	0.4718333333333333	0.5768333333333333	0.3431666666666667	0.5038333333333334	0.5941666666666666	0.6748333333333333	0.5565	0.5166666666666666	0.49416666666666664	0.437	0.5478333333333333	0.3193333333333333	0.7023333333333334	0.7813333333333333	0.40016666666666667	0.475	0.6706666666666666	0.502	0.9191666666666667	0.5551666666666667	0.4756666666666666	0.4405	0.4056666666666667	0.5645	0.6551666666666667	0.3868333333333333	0.46749999999999997	0.372	0.8295	0.5145	0.6373333333333333	0.6216666666666667	0.4726666666666666	0.6116666666666667	0.45166666666666666	1.0128333333333333	0.39899999999999997	0.582	0.6806666666666666	0.407	0.597	0.22649999999999998	0.8768333333333334	0.2538333333333333	0.6488333333333333	0.6308333333333334	0.3138333333333333	0.7805	0.48716666666666664	0.7141666666666666	0.43316666666666664	0.2748333333333333	0.6315	0.33649999999999997	0.6666666666666666	0.6893333333333334	0.6533333333333333	0.7035	0.6613333333333333	0.4448333333333333	0.4713333333333333	0.3873333333333333	0.7541666666666667	0.6503333333333333	0.6198333333333333	0.4593333333333333	0.5528333333333333	0.6315	0.4701666666666667	0.3665	0.6251666666666666	0.2588333333333333	0.6691666666666667	0.4375	0.656	0.4018333333333333	0.26816666666666666	0.5016666666666667	0.5058333333333334	0.3585	0.248	0.42916666666666664	0.5853333333333333	0.6338333333333334	0.5908333333333333	0.4493333333333333	0.4068333333333333	0.3465	0.42533333333333334	0.616
0.25066666666666665	0.3045	0.5108333333333334	0.31033333333333335	0.7296666666666667	0.4716666666666667	0.7008333333333333	0.8561666666666666	0.41183333333333333	0.7898333333333333	0.7028333333333333	0.7066666666666667	0.2525	0.4428333333333333	0.43016666666666664	0.6048333333333333	0.49133333333333334	0.6903333333333334	0.40349999999999997	0.447	0.487	0.5245	0.42683333333333334	0.388	0.46316666666666667	0.5175	0.6088333333333333	0.5306666666666666	0.5841666666666666	0.46266666666666667	0.4398333333333333	0.5505	0.5686666666666667	0.3778333333333333	0.7216666666666667	0.4033333333333333	0.523	0.33649999999999997	0.33016666666666666	0.613	0.72	0.5905	0.7748333333333333	0.5445	0.5861666666666666	0.5031666666666667	0.38816666666666666	0.1745	0.2688333333333333	0.5163333333333333	0.6466666666666666	0.5863333333333333	0.3808333333333333	0.6276666666666666	0.24416666666666667	0.6535	0.20183333333333334	0.5221666666666667	0.7511666666666666	0.41133333333333333	0.33549999999999996	0.22166666666666665	0.5151666666666667	0.4175	0.42133333333333334	0.8213333333333334	0.7483333333333333	0.689	0.3963333333333333	0.8288333333333333	0.5076666666666666	0.3188333333333333	0.24233333333333332	0.29666666666666663	0.6301666666666667	0.5401666666666667	0.4658333333333333	0.48766666666666664	0.7348333333333333	0.387	0.4455	0.31066666666666665	0.4063333333333333	0.4418333333333333	0.6431666666666667	0.6003333333333333	0.478	0.6373333333333333	0.2965	0.62	0.5916666666666667	0.6076666666666667	0.4155	0.5591666666666667	0.6505	0.43716666666666665	0.422	0.6603333333333333	0.372	0.5746666666666667
